playerID,primary_pos,,,,,,
aardsda01,P,,,,,canoro01,2B
aaronha01,OF,,,,,renteed01,SS
aaronto01,1B,,,,,ramired01,P
aasedo01,P,,,,,fernato01,SS
abadan01,1B,,,,,martivi01,C
abadfe01,P,,,,,cedence01,OF
abadijo01,1B,,,,,gonzaad01,1B
abbated01,2B,,,,,ordonma01,OF
abbeybe01,P,,,,,stantmi03,OF
abbeych01,OF,,,,,gonzaju03,OF
abbotan01,P,,,,,ramirha01,SS
abbotco01,P,,,,,ramirjo01,3B
abbotda01,P,,,,,vanslan01,OF
abbotfr01,C,,,,,tovarce01,OF
abbotgl01,P,,,,,drewjd01,OF
abbotje01,OF,,,,,lopezja01,C
abbotji01,P,,,,,avilabo01,2B
abbotji02,OF,,,,,foutsda01,
abbotku01,SS,,,,,youkike01,
abbotky01,P,,,,,acunaro01,OF
abbotod01,OF,,,,,joesm01,
abbotpa01,P,,,,,joebu01,
abelmi01,P,,,,,boxic01,
aberal01,P,,,,,hernali01,P
abercda01,SS,,,,,cuppyge01,
abercre01,OF,,,,,crowdge01,
abernbi01,P,,,,,vazquja01,P
abernbr01,2B,,,,,martide01,P
abernro01,OF,,,,,sanchan01,P
abernte01,P,,,,,colonba01,P
abernte02,P,,,,,garcifr02,P
abernwo01,P,,,,,hernafe01,P
aberscl01,OF,,,,,keppiji01,
ablesha01,P,,,,,aaronha01,OF
abnerph01,P,,,,,perezto01,1B
abnersh01,OF,,,,,rodríiv01,
abramca01,OF,,,,,weepe01,
abramcj01,SS,,,,,o'rouji01,
abramge01,P,,,,,martíed01,
abregjo01,P,,,,,miñosmi01,
abreual01,P,,,,,runho01,
abreubo01,OF,,,,,papaco01,
abreubr01,P,,,,,steartu01,
abreueu01,C,,,,,charlos01,
abreujo01,3B,,,,,suttlmu01,
abreujo02,1B,,,,,wilsoju01,
abreuju01,P,,,,,hossol01,
abreuto01,2B,,,,,leonabu01,
abreuwi01,P,,,,,gibsojo01,
abreuwi02,OF,,,,,roganbu01,
abstebi01,1B,,,,,alexagr01,
accarje01,P,,,,,breitth01,
acea01,OF,,,,,fostebi01,
aceveal01,P,,,,,martípe01,
acevedo01,P,,,,,surhob.01,
acevejo01,P,,,,,vange01,
aceveju01,P,,,,,o'neipa01,
achteaj01,P,,,,,martij.01,
ackerji01,P,,,,,hardyj.01,
ackerto01,P,,,,,dollba01,
ackledu01,2B,,,,,realmj.01,
acklefr01,P,,,,,samsa01,
acostcy01,P,,,,,burnea.01,
acosted01,P,,,,,,
acostjo01,P,,,,,,
acostma01,P,,,,,,
acostma02,3B,,,,,,
acostme01,OF,,,,,,
acrema01,P,,,,,,
actonga01,P,,,,,,
acunalu01,2B,,,,,,
acunaro01,OF,,,,,,
adairje01,2B,,,,,,
adairji01,SS,,,,,,
adamecr01,SS,,,,,,
adamewi01,SS,,,,,,
adamja01,P,,,,,,
adams01,C,,,,,,
adamsac01,P,,,,,,
adamsau01,P,,,,,,
adamsau02,P,,,,,,
adamsba01,P,,,,,,
adamsbe01,C,,,,,,
adamsbo01,P,,,,,,
adamsbo02,P,,,,,,
adamsbo03,3B,,,,,,
adamsbo04,1B,,,,,,
adamsbu01,OF,,,,,,
adamsch01,P,,,,,,
adamsda01,P,,,,,,
adamsda02,3B,,,,,,
adamsdi01,1B,,,,,,
adamsdo01,C,,,,,,
adamsem01,P,,,,,,
adamsge01,1B,,,,,,
adamsgl01,OF,,,,,,
adamshe01,OF,,,,,,
adamsji01,C,,,,,,
adamsjo01,P,,,,,,
adamsjo02,P,,,,,,
adamsjo03,OF,,,,,,
adamska01,P,,,,,,
adamsla01,OF,,,,,,
adamsma01,1B,,,,,,
adamsmi01,P,,,,,,
adamsmi02,OF,,,,,,
adamsmi03,P,,,,,,
adamspa01,SS,,,,,,
adamsre01,P,,,,,,
adamsri01,P,,,,,,
adamsri02,SS,,,,,,
adamsri03,C,,,,,,
adamsru01,SS,,,,,,
adamsry01,2B,,,,,,
adamssp01,2B,,,,,,
adamssp02,2B,,,,,,
adamste01,P,,,,,,
adamstr01,P,,,,,,
adamswi01,P,,,,,,
adamswi02,P,,,,,,
adcocjo01,1B,,,,,,
adcocna01,P,,,,,,
adcocty01,P,,,,,,
addisbo01,OF,,,,,,
addiske01,OF,,,,,,
addisto01,SS,,,,,,
adducji01,OF,,,,,,
adducji02,OF,,,,,,
addybo01,OF,,,,,,
adelljo01,OF,,,,,,
adenhni01,P,,,,,,
aderhmo01,OF,,,,,,
adkinde01,P,,,,,,
adkindi01,SS,,,,,,
adkindo01,P,,,,,,
adkingr01,P,,,,,,
adkinhe01,OF,,,,,,
adkinjo01,P,,,,,,
adkinst01,P,,,,,,
adlemti01,P,,,,,,
adlesda01,C,,,,,,
adonjo01,P,,,,,,
adriaeh01,SS,,,,,,
afenitr01,C,,,,,,
affelje01,P,,,,,,
agbaybe01,OF,,,,,,
ageeto01,OF,,,,,,
agganha01,1B,,,,,,
aglerjo01,1B,,,,,,
agnewsa01,C,,,,,,
agnosza01,P,,,,,,
agostju01,P,,,,,,
agrazda01,P,,,,,,
aguaylu01,SS,,,,,,
aguiaju01,P,,,,,,
aguilch01,OF,,,,,,
aguilje01,1B,,,,,,
aguilmi01,P,,,,,,
aguilri01,P,,,,,,
aguilry01,OF,,,,,,
aguirha01,P,,,,,,
ahearch01,C,,,,,,
ahearpa01,P,,,,,,
ahmedni01,SS,,,,,,
aikenwi01,1B,,,,,,
aingeda01,2B,,,,,,
ainsmed01,C,,,,,,
ainswku01,P,,,,,,
aitchra01,P,,,,,,
aitonge01,OF,,,,,,
akejo01,3B,,,,,,
akerfda01,P,,,,,,
akerja01,P,,,,,,
akersbi01,SS,,,,,,
akersje01,P,,,,,,
akinke01,P,,,,,,
akiyash01,OF,,,,,,
alanirj01,P,,,,,,
albagi01,P,,,,,,
albaljo01,P,,,,,,
albanjo01,P,,,,,,
alberan01,P,,,,,,
albercy01,P,,,,,,
albergu01,3B,,,,,,
alberha01,2B,,,,,,
alberjo01,P,,,,,,
alberjo02,3B,,,,,,
alberma01,P,,,,,,
albieoz01,2B,,,,,,
albosed01,P,,,,,,
albreed01,P,,,,,,
albrial01,P,,,,,,
albrija01,SS,,,,,,
albrith01,P,,,,,,
albural01,P,,,,,,
alburvi01,P,,,,,,
alcaljo01,P,,,,,,
alcalsa01,P,,,,,,
alcanar01,OF,,,,,,
alcanis01,OF,,,,,,
alcanke01,OF,,,,,,
alcanra01,P,,,,,,
alcansa01,P,,,,,,
alcanse01,SS,,,,,,
alcanvi01,P,,,,,,
alcarlu01,2B,,,,,,
alcocsc01,3B,,,,,,
aldegsa01,P,,,,,,
alderda01,P,,,,,,
aldremi01,OF,,,,,,
aldresc01,P,,,,,,
aldrico01,OF,,,,,,
aldrija01,P,,,,,,
aldrivi01,P,,,,,,
alenoch01,3B,,,,,,
alexabl01,3B,,,,,,
alexabo01,P,,,,,,
alexabu01,P,,,,,,
alexach01,OF,,,,,,
alexacj01,3B,,,,,,
alexada01,1B,,,,,,
alexado01,P,,,,,,
alexaga01,C,,,,,,
alexage01,P,,,,,,
alexahu01,OF,,,,,,
alexaja01,P,,,,,,
alexako01,OF,,,,,,
alexama01,OF,,,,,,
alexama02,SS,,,,,,
alexani01,C,,,,,,
alexape01,P,,,,,,
alexasc01,P,,,,,,
alexasp01,OF,,,,,,
alexate01,P,,,,,,
alexaty01,P,,,,,,
alexawa01,C,,,,,,
alexyaj01,P,,,,,,
alfarja01,SS,,,,,,
alfarjo01,C,,,,,,
alfonan01,P,,,,,,
alfonan02,2B,,,,,,
alfoned01,3B,,,,,,
alfonel01,C,,,,,,
alforan01,OF,,,,,,
alicelu01,2B,,,,,,
allanan01,C,,,,,,
allarbr01,P,,,,,,
allarko01,P,,,,,,
alldrca01,P,,,,,,
allen01,P,,,,,,
allenal01,OF,,,,,,
allenau01,C,,,,,,
allenbe01,2B,,,,,,
allenbo01,SS,,,,,,
allenbo02,OF,,,,,,
allenbo03,P,,,,,,
allenbo04,P,,,,,,
allenbr01,1B,,,,,,
allenbu01,OF,,,,,,
allench01,OF,,,,,,
allencl01,P,,,,,,
allencl02,P,,,,,,
allenco01,P,,,,,,
allendi01,1B,,,,,,
allendu01,1B,,,,,,
allenet01,OF,,,,,,
allenfr01,P,,,,,,
allenga01,C,,,,,,
allengr01,OF,,,,,,
allenha01,OF,,,,,,
allenha02,OF,,,,,,
allenha03,P,,,,,,
allenhe01,C,,,,,,
allenho01,OF,,,,,,
allenho02,P,,,,,,
allenja01,3B,,,,,,
allenja02,3B,,,,,,
allenje01,OF,,,,,,
allenjo01,P,,,,,,
allenjo02,P,,,,,,
allenki01,2B,,,,,,
allenll01,P,,,,,,
allenlo01,P,,,,,,
allenlo02,P,,,,,,
allenlu01,OF,,,,,,
allenma01,2B,,,,,,
allenmy01,OF,,,,,,
allenne01,P,,,,,,
allenne02,2B,,,,,,
allenni01,C,,,,,,
allenni02,SS,,,,,,
allenpe01,C,,,,,,
allenro01,1B,,,,,,
allenro02,OF,,,,,,
allensl01,C,,,,,,
allento01,3B,,,,,,
allento02,1B,,,,,,
alleyge01,SS,,,,,,
allgeni01,P,,,,,,
alliebo01,C,,,,,,
alliega01,SS,,,,,,
allis01,P,,,,,,
allisan01,1B,,,,,,
allisar01,OF,,,,,,
allisbi01,1B,,,,,,
allisbo01,OF,,,,,,
allisda01,P,,,,,,
allisdo01,C,,,,,,
allisma01,P,,,,,,
allismi01,OF,,,,,,
allismo01,2B,,,,,,
allrebe01,OF,,,,,,
almadme01,OF,,,,,,
almanar01,P,,,,,,
almanca01,P,,,,,,
almeira01,3B,,,,,,
almonab01,OF,,,,,,
almonbi01,SS,,,,,,
almoned01,P,,,,,,
almoner01,SS,,,,,,
almonhe01,P,,,,,,
almonmi01,P,,,,,,
almonye01,P,,,,,,
almonzo01,OF,,,,,,
almoral01,OF,,,,,,
alomalu01,P,,,,,,
alomaro01,2B,,,,,,
alomasa01,2B,,,,,,
alomasa02,C,,,,,,
alonspe01,1B,,,,,,
alonsro01,OF,,,,,,
alonsyo01,1B,,,,,,
aloufe01,OF,,,,,,
alouje01,OF,,,,,,
alouma01,OF,,,,,,
aloumo01,OF,,,,,,
alperwh01,2B,,,,,,
alstode01,OF,,,,,,
alstoga01,P,,,,,,
alstoto01,1B,,,,,,
alstowa01,1B,,,,,,
altampo01,P,,,,,,
altavda01,P,,,,,,
altener01,P,,,,,,
altenje01,OF,,,,,,
altheaa01,OF,,,,,,
altizda01,SS,,,,,,
altmage01,OF,,,,,,
altobjo01,1B,,,,,,
altroni01,P,,,,,,
altuvjo01,2B,,,,,,
aluja01,OF,,,,,,
alusige01,OF,,,,,,
alvarab01,P,,,,,,
alvaran01,P,,,,,,
alvarar01,3B,,,,,,
alvarcl01,C,,,,,,
alvarda01,P,,,,,,
alvarda02,OF,,,,,,
alvared01,3B,,,,,,
alvarel01,P,,,,,,
alvarfr01,C,,,,,,
alvarga01,3B,,,,,,
alvarhe01,P,,,,,,
alvarjo01,P,,,,,,
alvarjo02,P,,,,,,
alvarjo03,P,,,,,,
alvarju01,P,,,,,,
alvarlu01,SS,,,,,,
alvarna01,3B,,,,,,
alvaror01,OF,,,,,,
alvaros01,SS,,,,,,
alvarpe01,3B,,,,,,
alvarra01,P,,,,,,
alvarrj01,P,,,,,,
alvarro01,1B,,,,,,
alvarta01,P,,,,,,
alvarto01,OF,,,,,,
alvarvi01,P,,,,,,
alvarwi01,P,,,,,,
alvaryo01,OF,,,,,,
alvisma01,3B,,,,,,
alvorbi01,3B,,,,,,
alyeabr01,OF,,,,,,
alzolad01,P,,,,,,
amadoad01,2B,,,,,,
amalfjo01,2B,,,,,,
amarari01,OF,,,,,,
amarial01,SS,,,,,,
amaroru01,SS,,,,,,
amaroru02,OF,,,,,,
amayaja01,SS,,,,,,
amayami01,C,,,,,,
amblewa01,SS,,,,,,
ambrech01,OF,,,,,,
ambrihe01,P,,,,,,
amburtr01,OF,,,,,,
amelued01,OF,,,,,,
amesre01,P,,,,,,
amesst01,P,,,,,,
amezaal01,OF,,,,,,
amoledo01,P,,,,,,
amorosa01,OF,,,,,,
amorvi01,P,,,,,,
anckewa01,P,,,,,,
ander01,P,,,,,,
anderal01,SS,,,,,,
anderal02,P,,,,,,
anderan01,SS,,,,,,
anderbi01,P,,,,,,
anderbi02,P,,,,,,
anderbi03,OF,,,,,,
anderbo01,P,,,,,,
anderbo02,2B,,,,,,
anderbr01,OF,,,,,,
anderbr02,P,,,,,,
anderbr03,OF,,,,,,
anderbr04,P,,,,,,
anderbr05,C,,,,,,
anderbr06,3B,,,,,,
anderbu01,P,,,,,,
anderbu02,2B,,,,,,
anderc01,OF,,,,,,
anderch01,P,,,,,,
anderco01,P,,,,,,
andercr01,P,,,,,,
anderda01,P,,,,,,
anderda02,SS,,,,,,
anderdr01,OF,,,,,,
anderdr02,P,,,,,,
anderdw01,SS,,,,,,
anderfa01,P,,,,,,
anderfe01,C,,,,,,
anderfr01,P,,,,,,
anderga01,OF,,,,,,
anderge01,OF,,,,,,
andergo01,OF,,,,,,
andergr01,P,,,,,,
anderha01,OF,,,,,,
anderha02,OF,,,,,,
anderia01,P,,,,,,
anderja01,P,,,,,,
anderji01,SS,,,,,,
anderji02,P,,,,,,
anderjo01,OF,,,,,,
anderjo02,P,,,,,,
anderjo03,OF,,,,,,
anderju01,P,,,,,,
anderke01,SS,,,,,,
anderla01,P,,,,,,
anderla02,P,,,,,,
anderla03,1B,,,,,,
anderle01,C,,,,,,
anderma01,P,,,,,,
anderma02,2B,,,,,,
andermi01,OF,,,,,,
andermi02,P,,,,,,
anderni01,P,,,,,,
anderor01,OF,,,,,,
anderre01,P,,,,,,
anderri01,P,,,,,,
anderri02,P,,,,,,
anderro01,P,,,,,,
andersc01,P,,,,,,
andersh01,P,,,,,,
andersp01,2B,,,,,,
anderta01,P,,,,,,
anderti01,SS,,,,,,
anderty01,P,,,,,,
anderva01,P,,,,,,
anderwa01,P,,,,,,
anderwi01,P,,,,,,
andinro01,2B,,,,,,
andrast01,P,,,,,,
andre01,P,,,,,,
andre02,2B,,,,,,
andrecl01,P,,,,,,
andrecl02,P,,,,,,
andrecu01,3B,,,,,,
andreed01,OF,,,,,,
andreel01,P,,,,,,
andreer01,3B,,,,,,
andrefr01,2B,,,,,,
andrehu01,P,,,,,,
andreiv01,P,,,,,,
andreja01,OF,,,,,,
andreji01,OF,,,,,,
andrejo01,P,,,,,,
andrejo02,P,,,,,,
andrejo03,OF,,,,,,
andreki01,2B,,,,,,
andremi01,2B,,,,,,
andrena01,P,,,,,,
andrepo01,P,,,,,,
andrero01,2B,,,,,,
andresh01,3B,,,,,,
andrest01,C,,,,,,
andrewa01,1B,,,,,,
andrima01,P,,,,,,
andrubi01,3B,,,,,,
andruel01,SS,,,,,,
andrufr01,OF,,,,,,
andruwi01,3B,,,,,,
andujjo01,P,,,,,,
andujlu01,P,,,,,,
andujmi01,OF,,,,,,
angelno01,P,,,,,,
anglema01,OF,,,,,,
angleto01,C,,,,,,
ankenpa01,2B,,,,,,
ankieri01,OF,,,,,,
annade01,SS,,,,,,
annisbi01,OF,,,,,,
ansonca01,1B,,,,,,
anthoer01,OF,,,,,,
anthoro01,OF,,,,,,
antoldu01,P,,,,,,
antoljo01,C,,,,,,
antonbi01,OF,,,,,,
antonjo01,3B,,,,,,
antonjo02,P,,,,,,
antonma01,2B,,,,,,
antonte01,P,,,,,,
aokino01,OF,,,,,,
aparilu01,SS,,,,,,
apodabo01,P,,,,,,
apontlu01,P,,,,,,
apostsh01,1B,,,,,,
appelma01,P,,,,,,
appieke01,P,,,,,,
appleed01,P,,,,,,
applefr01,P,,,,,,
applegi01,3B,,,,,,
applepe01,P,,,,,,
applere01,P,,,,,,
applilu01,SS,,,,,,
aquinar01,OF,,,,,,
aquingr01,P,,,,,,
aquinja01,P,,,,,,
aquinlu01,P,,,,,,
aragoan01,3B,,,,,,
arandjo01,1B,,,,,,
arangpe01,3B,,,,,,
aranovi01,P,,,,,,
araujel01,P,,,,,,
araujpe01,P,,,,,,
arauzjo01,2B,,,,,,
archdma01,OF,,,,,,
archech01,P,,,,,,
archefr01,P,,,,,,
archeji01,C,,,,,,
archeji02,P,,,,,,
archelu01,P,,,,,,
archige01,3B,,,,,,
arciafr01,C,,,,,,
arciajo01,SS,,,,,,
arciaor01,SS,,,,,,
arciaos01,OF,,,,,,
ardelda01,1B,,,,,,
ardizru01,P,,,,,,
ardnejo01,2B,,,,,,
ardoida01,C,,,,,,
arellfr01,P,,,,,,
arenano01,3B,,,,,,
arencjp01,C,,,,,,
arencma01,OF,,,,,,
arftha01,1B,,,,,,
ariasal01,SS,,,,,,
ariasal02,P,,,,,,
ariasga01,SS,,,,,,
ariasge01,3B,,,,,,
ariasjo01,3B,,,,,,
ariaslu01,P,,,,,,
ariasru01,P,,,,,,
arihako01,P,,,,,,
ariosma01,OF,,,,,,
arletbu01,OF,,,,,,
arlicdo01,P,,,,,,
arlinst01,P,,,,,,
armasfe01,P,,,,,,
armasma01,1B,,,,,,
armasto01,OF,,,,,,
armasto02,P,,,,,,
armbrch01,C,,,,,,
armbred01,OF,,,,,,
armbrha01,OF,,,,,,
armbror01,P,,,,,,
armenpa01,P,,,,,,
armenro01,P,,,,,,
armou01,PH,,,,,,
armoubu01,OF,,,,,,
armstbo01,OF,,,,,,
armstge01,C,,,,,,
armstho01,P,,,,,,
armstja01,P,,,,,,
armstji01,OF,,,,,,
armstmi01,P,,,,,,
armstmu01,C,,,,,,
armstsh01,P,,,,,,
arndtha01,2B,,,,,,
arndtla01,1B,,,,,,
arnolbi01,OF,,,,,,
arnolch01,2B,,,,,,
arnolja01,P,,,,,,
arnolpa01,OF,,,,,,
arnolsc01,P,,,,,,
arnolto01,P,,,,,,
arnovmo01,OF,,,,,,
arnsbbr01,P,,,,,,
arntzor01,P,,,,,,
arochre01,P,,,,,,
arojo01,P,,,,,,
arozara01,OF,,,,,,
arraelu01,2B,,,,,,
arredjo01,P,,,,,,
arrieja01,P,,,,,,
arrigge01,P,,,,,,
arrigsp01,P,,,,,,
arrojro01,P,,,,,,
arroybr01,P,,,,,,
arroych01,2B,,,,,,
arroyfe01,P,,,,,,
arroylu01,P,,,,,,
arroyru01,P,,,,,,
arrueer01,SS,,,,,,
arteahu01,SS,,,,,,
artez01,OF,,,,,,
arthu01,P,,,,,,
arumijo01,2B,,,,,,
arundha01,P,,,,,,
arundtu01,C,,,,,,
asadora01,3B,,,,,,
asbelji01,OF,,,,,,
asbjoca01,C,,,,,,
asburor01,P,,,,,,
ascanca01,1B,,,,,,
ascanjo01,P,,,,,,
ascheco01,3B,,,,,,
asencmi01,P,,,,,,
ashburi01,OF,,,,,,
ashbyaa01,P,,,,,,
ashbyal01,C,,,,,,
ashbyan01,P,,,,,,
ashbyea01,C,,,,,,
ashcrbr01,P,,,,,,
ashcrgr01,P,,,,,,
asheral01,P,,,,,,
ashfotu01,3B,,,,,,
ashke01,P,,,,,,
ashlebi01,OF,,,,,,
ashlene01,C,,,,,,
ashru01,OF,,,,,,
asmusto01,C,,,,,,
asprobo01,3B,,,,,,
asproke01,2B,,,,,,
assadja01,P,,,,,,
asselbr01,OF,,,,,,
assenpa01,P,,,,,,
astacez01,P,,,,,,
astacpe01,P,,,,,,
astinba01,P,,,,,,
astrojo01,C,,,,,,
astudwi01,3B,,,,,,
asuajca01,2B,,,,,,
atchisc01,P,,,,,,
atchlju01,P,,,,,,
atherch01,3B,,,,,,
atherke01,P,,,,,,
atilalu01,P,,,,,,
atkin01,P,,,,,,
atkinab01,3B,,,,,,
atkinal01,P,,,,,,
atkinbi01,P,,,,,,
atkined01,OF,,,,,,
atkinga01,3B,,,,,,
atkinja01,P,,,,,,
atkinjo01,3B,,,,,,
atkinmi01,P,,,,,,
atkinto01,P,,,,,,
attredi01,1B,,,,,,
atwelto01,C,,,,,,
atwoobi01,C,,,,,,
atzja01,2B,,,,,,
aubreha01,SS,,,,,,
aubremi01,1B,,,,,,
aucoide01,P,,,,,,
auderi01,1B,,,,,,
auerbri01,SS,,,,,,
augenbr01,P,,,,,,
auguscl01,P,,,,,,
augusco01,P,,,,,,
augusda01,OF,,,,,,
augusdo01,P,,,,,,
augusje01,P,,,,,,
aukerel01,P,,,,,,
auldsle01,C,,,,,,
aultdo01,1B,,,,,,
aumonph01,P,,,,,,
aurilri01,SS,,,,,,
ausanjo01,P,,,,,,
ausmubr01,C,,,,,,
austde01,P,,,,,,
austi01,P,,,,,,
austifr01,SS,,,,,,
austihe01,OF,,,,,,
austije01,P,,,,,,
austiji01,3B,,,,,,
austiji02,P,,,,,,
austios01,2B,,,,,,
austira01,P,,,,,,
austiri01,P,,,,,,
austity01,1B,,,,,,
autryal01,P,,,,,,
autrych01,1B,,,,,,
autrych02,C,,,,,,
avansdr01,OF,,,,,,
aveliab01,SS,,,,,,
avenbr01,OF,,,,,,
averiea01,OF,,,,,,
averiea02,C,,,,,,
averysk01,PH,,,,,,
averyst01,P,,,,,,
averyxa01,OF,,,,,,
avilaal01,C,,,,,,
avilabo01,2B,,,,,,
avilalu01,P,,,,,,
avilalu02,P,,,,,,
avilani01,P,,,,,,
avilape01,P,,,,,,
avilemi01,SS,,,,,,
avilera01,2B,,,,,,
avreaja01,P,,,,,,
awkarru01,OF,,,,,,
axelrdy01,P,,,,,,
axforjo01,P,,,,,,
ayalabe01,OF,,,,,,
ayalabo01,P,,,,,,
ayalalu01,P,,,,,,
aybarer01,SS,,,,,,
aybarma01,P,,,,,,
aybarwi01,3B,,,,,,
aydelja01,P,,,,,,
ayersbi01,P,,,,,,
ayersdo01,P,,,,,,
aylwadi01,C,,,,,,
ayraubo01,P,,,,,,
ayraujo01,C,,,,,,
azcuejo01,C,,,,,,
azocajo01,OF,,,,,,
azocaos01,OF,,,,,,
babbch01,SS,,,,,,
babcobo01,P,,,,,,
babelo01,3B,,,,,,
babicjo01,P,,,,,,
babinch01,OF,,,,,,
babitsh01,2B,,,,,,
bachala01,P,,,,,,
bachmsa01,P,,,,,,
backebr01,P,,,,,,
backhky01,P,,,,,,
backmle01,P,,,,,,
backmwa01,2B,,,,,,
baconed01,P,,,,,,
bacsimi01,P,,,,,,
bacsimi02,P,,,,,,
bacusda01,P,,,,,,
baczefr01,P,,,,,,
baddoak01,OF,,,,,,
badenbu01,P,,,,,,
baderar01,OF,,,,,,
baderha01,OF,,,,,,
baderlo01,P,,,,,,
badgrre01,OF,,,,,,
baeched01,P,,,,,,
baeji01,OF,,,,,,
baekch01,P,,,,,,
baergca01,2B,,,,,,
baezbe01,P,,,,,,
baezda01,P,,,,,,
baezja01,SS,,,,,,
baezjo01,2B,,,,,,
baezju01,P,,,,,,
baezke01,SS,,,,,,
baezmi01,P,,,,,,
baezpe01,P,,,,,,
baezsa01,P,,,,,,
bagbyba01,C,,,,,,
bagbyji01,P,,,,,,
bagbyji02,P,,,,,,
bagwebi01,OF,,,,,,
bagweje01,1B,,,,,,
bahnsst01,P,,,,,,
bahred01,P,,,,,,
bahrefr01,OF,,,,,,
baichgr01,P,,,,,,
baile01,SS,,,,,,
baileal01,P,,,,,,
bailean01,P,,,,,,
bailebi01,P,,,,,,
bailebi02,OF,,,,,,
bailebo01,3B,,,,,,
bailebr01,P,,,,,,
baileco01,P,,,,,,
bailed01,OF,,,,,,
baileed01,C,,,,,,
bailefr01,OF,,,,,,
bailege01,OF,,,,,,
baileha01,P,,,,,,
baileho01,P,,,,,,
baileho02,P,,,,,,
baileje01,1B,,,,,,
baileji01,P,,,,,,
baileki01,P,,,,,,
bailema01,C,,,,,,
bailepa01,C,,,,,,
bailepe01,P,,,,,,
bailero01,P,,,,,,
bailesc01,P,,,,,,
bailest01,P,,,,,,
bailesw01,P,,,,,,
bailobo01,OF,,,,,,
baineha01,OF,,,,,,
bainlo01,P,,,,,,
baird01,PH,,,,,,
bairdal01,2B,,,,,,
bairdbo01,P,,,,,,
bairddo01,3B,,,,,,
bairdo01,P,,,,,,
baislje01,3B,,,,,,
bajenje01,P,,,,,,
bakelje01,P,,,,,,
bakenda01,P,,,,,,
bakeral01,P,,,,,,
bakerbi01,C,,,,,,
bakerbo01,P,,,,,,
bakerbr01,P,,,,,,
bakerch01,OF,,,,,,
bakerch02,SS,,,,,,
bakerda01,3B,,,,,,
bakerda02,2B,,,,,,
bakerde01,C,,,,,,
bakerdo01,SS,,,,,,
bakerdu01,OF,,,,,,
bakered01,P,,,,,,
bakerer01,P,,,,,,
bakerfl01,3B,,,,,,
bakerfr01,3B,,,,,,
bakerfr02,OF,,,,,,
bakerfr03,SS,,,,,,
bakerge01,C,,,,,,
bakerge02,2B,,,,,,
bakerhe01,OF,,,,,,
bakerho01,3B,,,,,,
bakerja01,1B,,,,,,
bakerje01,P,,,,,,
bakerje02,SS,,,,,,
bakerje03,2B,,,,,,
bakerjo01,C,,,,,,
bakerki01,P,,,,,,
bakerlu01,1B,,,,,,
bakerne01,P,,,,,,
bakerno01,P,,,,,,
bakerph01,1B,,,,,,
bakerru01,SS,,,,,,
bakersc01,P,,,,,,
bakersc02,P,,,,,,
bakerst01,P,,,,,,
bakerto01,P,,,,,,
bakerto02,P,,,,,,
bakertr01,1B,,,,,,
bakopa01,C,,,,,,
balasmi01,P,,,,,,
balazjo01,OF,,,,,,
balazjo02,P,,,,,,
balbost01,1B,,,,,,
balcebo01,OF,,,,,,
baldero01,OF,,,,,,
baldoal01,P,,,,,,
baldsja01,P,,,,,,
baldw01,PH,,,,,,
baldwbi01,OF,,,,,,
baldwbr01,OF,,,,,,
baldwda01,P,,,,,,
baldwdr01,C,,,,,,
baldwfr01,C,,,,,,
baldwha01,P,,,,,,
baldwhe01,SS,,,,,,
baldwja01,P,,,,,,
baldwje01,OF,,,,,,
baldwki01,C,,,,,,
baldwla01,P,,,,,,
baldwma01,P,,,,,,
baldwof01,P,,,,,,
baldwre01,C,,,,,,
baldwri01,P,,,,,,
baldwti01,2B,,,,,,
balejo01,P,,,,,,
balenmi01,SS,,,,,,
balenwl01,OF,,,,,,
balesco01,P,,,,,,
balesle01,2B,,,,,,
balfogr01,P,,,,,,
ballaje01,P,,,,,,
ballar01,3B,,,,,,
balleja01,P,,,,,,
ballemo01,1B,,,,,,
ballepe01,3B,,,,,,
ballepe02,SS,,,,,,
ballima01,P,,,,,,
ballje01,1B,,,,,,
ballji01,C,,,,,,
ballne01,SS,,,,,,
ballowi01,P,,,,,,
ballwa01,P,,,,,,
balsato01,P,,,,,,
bambege01,P,,,,,,
bambeha01,OF,,,,,,
banckst01,C,,,,,,
bancrda01,SS,,,,,,
bandaan01,P,,,,,,
bandoch01,C,,,,,,
bandosa01,3B,,,,,,
bandyje01,C,,,,,,
baneed01,P,,,,,,
baneydi01,P,,,,,,
banfiwi01,C,,,,,,
bankhda01,P,,,,,,
bankhfr01,2B,,,,,,
bankhsa01,SS,,,,,,
bankhsc01,P,,,,,,
banksbi01,P,,,,,,
banksbr01,1B,,,,,,
banksch01,3B,,,,,,
bankser01,1B,,,,,,
banksev01,OF,,,,,,
banksf01,P,,,,,,
banksg01,C,,,,,,
banksge01,3B,,,,,,
banksjo01,P,,,,,,
banksno01,3B,,,,,,
banksta01,P,,,,,,
bankswe01,1B,,,,,,
bankswi01,P,,,,,,
bannial01,OF,,,,,,
bannibr01,P,,,,,,
bannifl01,P,,,,,,
banniji01,C,,,,,,
bannoji01,OF,,,,,,
bannory01,3B,,,,,,
bannoto01,OF,,,,,,
bantaja01,P,,,,,,
bantzbr01,C,,,,,,
banuema01,P,,,,,,
baptitr01,P,,,,,,
baragca01,P,,,,,,
barajro01,C,,,,,,
baranma01,1B,,,,,,
barbajo01,P,,,,,,
barbawa01,3B,,,,,,
barbebr01,2B,,,,,,
barbebr02,P,,,,,,
barbebu01,1B,,,,,,
barbech01,3B,,,,,,
barbeda01,OF,,,,,,
barbefr01,P,,,,,,
barbeja01,3B,,,,,,
barbeje01,OF,,,,,,
barbela01,OF,,,,,,
barbesa01,P,,,,,,
barbest01,P,,,,,,
barbest02,P,,,,,,
barbetu01,OF,,,,,,
barbiji01,OF,,,,,,
barbobu01,1B,,,,,,
barcelo01,P,,,,,,
barclcu01,P,,,,,,
barclge01,OF,,,,,,
barcohu01,P,,,,,,
bardda01,P,,,,,,
bardebr01,3B,,,,,,
bardjo01,C,,,,,,
bardlu01,P,,,,,,
barera01,P,,,,,,
barfije01,OF,,,,,,
barfijo01,P,,,,,,
barfijo02,2B,,,,,,
barfocl01,P,,,,,,
bargagr01,P,,,,,,
bargead01,3B,,,,,,
bargecy01,P,,,,,,
barkbr01,P,,,,,,
barkeal01,OF,,,,,,
barkean01,OF,,,,,,
barkegl01,OF,,,,,,
barkeke01,1B,,,,,,
barkele01,P,,,,,,
barkelu01,P,,,,,,
barkema01,OF,,,,,,
barkera01,1B,,,,,,
barkeri01,P,,,,,,
barkese01,OF,,,,,,
barklbr01,P,,,,,,
barklje01,P,,,,,,
barklre01,2B,,,,,,
barklsa01,2B,,,,,,
barlojo01,P,,,,,,
barlomi01,P,,,,,,
barlosc01,P,,,,,,
barloto01,C,,,,,,
barmebr01,OF,,,,,,
barmecl01,SS,,,,,,
barnaba01,OF,,,,,,
barnach01,P,,,,,,
barneau01,C,,,,,,
barnebi01,OF,,,,,,
barnebi02,P,,,,,,
barnebo01,P,,,,,,
barnebr01,P,,,,,,
barnebr02,OF,,,,,,
barnech01,P,,,,,,
barneda01,2B,,,,,,
barneda02,P,,,,,,
barneed01,OF,,,,,,
barneep01,1B,,,,,,
barnefr01,P,,,,,,
barnefr02,P,,,,,,
barnefr03,P,,,,,,
barneha01,C,,,,,,
barneho01,C,,,,,,
barneja01,P,,,,,,
barneje01,P,,,,,,
barnejo01,OF,,,,,,
barnejo02,C,,,,,,
barneju01,P,,,,,,
barnela01,1B,,,,,,
barnelu01,2B,,,,,,
barnema01,P,,,,,,
barnema02,P,,,,,,
barnere01,OF,,,,,,
barnere02,P,,,,,,
barneri01,P,,,,,,
barnero01,2B,,,,,,
barnesa01,2B,,,,,,
barnesc01,P,,,,,,
barnesk01,3B,,,,,,
barneto01,P,,,,,,
barneve01,P,,,,,,
barnevi01,P,,,,,,
barnevi02,OF,,,,,,
barnhcl01,OF,,,,,,
barnhda01,P,,,,,,
barnhed01,P,,,,,,
barnhhe01,C,,,,,,
barnhja01,OF,,,,,,
barnhle01,P,,,,,,
barnhtu01,C,,,,,,
barnhvi01,SS,,,,,,
barnibi01,C,,,,,,
barnige01,P,,,,,,
barnoed01,P,,,,,,
barnwch01,SS,,,,,,
barobe01,OF,,,,,,
barojsa01,P,,,,,,
baronda01,P,,,,,,
barondi01,SS,,,,,,
baronst01,C,,,,,,
barracu01,C,,,,,,
barrage01,2B,,,,,,
barraky01,P,,,,,,
barrbo01,P,,,,,,
barrbo02,P,,,,,,
barre01,OF,,,,,,
barreaa01,P,,,,,,
barrebi01,C,,,,,,
barrebi02,OF,,,,,,
barrebo01,3B,,,,,,
barredi01,P,,,,,,
barrefr01,P,,,,,,
barrefr02,2B,,,,,,
barreja01,P,,,,,,
barreji01,OF,,,,,,
barrejo01,OF,,,,,,
barrelu01,OF,,,,,,
barrema01,C,,,,,,
barrema02,2B,,,,,,
barrema03,P,,,,,,
barremi01,C,,,,,,
barrere01,P,,,,,,
barreti01,P,,,,,,
barreto01,2B,,,,,,
barretr01,C,,,,,,
barrifr01,P,,,,,,
barrija01,P,,,,,,
barrijo01,1B,,,,,,
barrima01,P,,,,,,
barriyh01,P,,,,,,
barrji01,P,,,,,,
barrocu01,OF,,,,,,
barrofr01,OF,,,,,,
barrofr02,P,,,,,,
barrojo01,OF,,,,,,
barrore01,OF,,,,,,
barroto01,OF,,,,,,
barrsc01,OF,,,,,,
barrst01,P,,,,,,
barryed01,P,,,,,,
barryha01,P,,,,,,
barryja01,SS,,,,,,
barryje01,OF,,,,,,
barryke01,P,,,,,,
barryri01,OF,,,,,,
barrysh01,OF,,,,,,
barryto01,P,,,,,,
bartedi01,SS,,,,,,
barteki01,OF,,,,,,
barthbo01,P,,,,,,
barthji01,P,,,,,,
barthjo01,P,,,,,,
barthle01,P,,,,,,
bartito01,1B,,,,,,
bartjo01,C,,,,,,
bartlbi01,P,,,,,,
bartlbo01,SS,,,,,,
bartlho01,P,,,,,,
bartlir01,SS,,,,,,
bartlja01,SS,,,,,,
bartlsa01,P,,,,,,
bartobo01,C,,,,,,
bartobr01,OF,,,,,,
bartocl01,P,,,,,,
bartoda01,OF,,,,,,
bartoda02,1B,,,,,,
bartoeu01,OF,,,,,,
bartoha01,C,,,,,,
bartosh01,P,,,,,,
bartosh02,OF,,,,,,
bartovi01,OF,,,,,,
bartowi01,OF,,,,,,
bartsch01,P,,,,,,
barziph01,P,,,,,,
basablu01,OF,,,,,,
basabos01,SS,,,,,,
basakch01,3B,,,,,,
basalsa01,C,,,,,,
basgamo01,2B,,,,,,
bashaal01,OF,,,,,,
bashlty01,P,,,,,,
bashowa01,OF,,,,,,
basined01,SS,,,,,,
baskeji01,P,,,,,,
bassan01,P,,,,,,
bassbr01,P,,,,,,
bassdi01,P,,,,,,
bassech01,2B,,,,,,
bassepe01,C,,,,,,
basshra01,C,,,,,,
bassich01,P,,,,,,
bassjo01,SS,,,,,,
basske01,OF,,,,,,
bassle01,C,,,,,,
bassljo01,C,,,,,,
bassno01,P,,,,,,
bassobr01,P,,,,,,
bassra01,1B,,,,,,
bastaan01,P,,,,,,
bastich01,SS,,,,,,
batchem01,3B,,,,,,
batchjo01,P,,,,,,
batchri01,P,,,,,,
batemjo01,C,,,,,,
batesaa01,1B,,,,,,
batesbi01,2B,,,,,,
batesbu01,OF,,,,,,
batesch01,OF,,,,,,
batesde01,C,,,,,,
batesdi01,P,,,,,,
batesfr01,P,,,,,,
batesja01,2B,,,,,,
batesjo01,P,,,,,,
batesjo02,OF,,,,,,
batesra01,3B,,,,,,
bathebi01,C,,,,,,
batiske01,OF,,,,,,
batiski01,3B,,,,,,
batismi01,P,,,,,,
batisra01,1B,,,,,,
batisto01,3B,,,,,,
batsoch01,OF,,,,,,
battala01,3B,,,,,,
batteea01,C,,,,,,
battege01,2B,,,,,,
battema01,3B,,,,,,
battepe01,P,,,,,,
battijo01,3B,,,,,,
battlal01,OF,,,,,,
battlho01,3B,,,,,,
battlji01,3B,,,,,,
battlra01,3B,,,,,,
battlru01,C,,,,,,
battoch01,P,,,,,,
battsma01,C,,,,,,
batybr01,3B,,,,,,
bauchha01,2B,,,,,,
baueral01,P,,,,,,
bauerha01,OF,,,,,,
bauerja01,1B,,,,,,
bauerlo01,P,,,,,,
bauerri01,P,,,,,,
bauerru01,P,,,,,,
bauertr01,P,,,,,,
baughju01,2B,,,,,,
baumabu01,P,,,,,,
baumafr01,P,,,,,,
baumami01,P,,,,,,
baumapa01,2B,,,,,,
baumeji01,2B,,,,,,
baumgge01,P,,,,,,
baumgha01,P,,,,,,
baumgjo01,3B,,,,,,
baumgro01,P,,,,,,
baumgst01,P,,,,,,
baumhfr01,OF,,,,,,
bausege01,P,,,,,,
bautaed01,P,,,,,,
bautida01,OF,,,,,,
bautide01,P,,,,,,
bautife01,P,,,,,,
bautige01,P,,,,,,
bautijo01,P,,,,,,
bautijo02,OF,,,,,,
bautira01,OF,,,,,,
bauzama01,SS,,,,,,
baxesji01,2B,,,,,,
baxesmi01,SS,,,,,,
baxtemi01,OF,,,,,,
baxtemo01,1B,,,,,,
bayha01,OF,,,,,,
bayja01,OF,,,,,,
bayledi01,OF,,,,,,
baylihe01,3B,,,,,,
baylijo01,P,,,,,,
baylo01,P,,,,,,
baylodo01,OF,,,,,,
baynawi01,OF,,,,,,
baynebi01,P,,,,,,
bazared01,P,,,,,,
bazaryo01,P,,,,,,
bazsh01,P,,,,,,
beachbr01,P,,,,,,
beachja01,OF,,,,,,
beada01,OF,,,,,,
bealegi01,1B,,,,,,
beallbo01,1B,,,,,,
bealljo01,OF,,,,,,
beallwa01,P,,,,,,
bealsto01,OF,,,,,,
beamal01,P,,,,,,
beamer01,P,,,,,,
beamoch01,P,,,,,,
beamoch02,1B,,,,,,
beamotr01,OF,,,,,,
beamtj01,P,,,,,,
beanbe01,P,,,,,,
beanbi01,OF,,,,,,
beanco01,P,,,,,,
beanebi01,OF,,,,,,
beanjo01,SS,,,,,,
beardda01,P,,,,,,
beardge01,P,,,,,,
beardmi01,P,,,,,,
beardol01,SS,,,,,,
beardra01,P,,,,,,
beardte01,OF,,,,,,
bearega01,P,,,,,,
bearnla01,P,,,,,,
bearske01,P,,,,,,
beaslch01,P,,,,,,
beaslje01,P,,,,,,
beaslle01,OF,,,,,,
beatied01,P,,,,,,
beatlda01,C,,,,,,
beatope01,P,,,,,,
beattbl01,P,,,,,,
beattde01,3B,,,,,,
beattji01,P,,,,,,
beatyma01,OF,,,,,,
beaucji01,1B,,,,,,
beaumgi01,OF,,,,,,
beavabl01,P,,,,,,
beavedy01,OF,,,,,,
beaveed01,2B,,,,,,
beazljo01,P,,,,,,
becanbu01,P,,,,,,
bechlst01,P,,,,,,
bechtge01,OF,,,,,,
beckbo01,P,,,,,,
beckch01,P,,,,,,
beckch02,P,,,,,,
beckcl01,3B,,,,,,
beckebe01,OF,,,,,,
beckebo01,P,,,,,,
beckech01,P,,,,,,
beckegl01,2B,,,,,,
beckehe01,C,,,,,,
beckehe02,1B,,,,,,
beckejo01,C,,,,,,
beckejo02,P,,,,,,
beckema01,OF,,,,,,
becker01,2B,,,,,,
beckeri01,OF,,,,,,
beckero01,P,,,,,,
beckfr01,P,,,,,,
beckfr02,1B,,,,,,
beckge01,P,,,,,,
beckhgo01,2B,,,,,,
beckhti01,SS,,,,,,
beckjo01,OF,,,,,,
becklja01,1B,,,,,,
beckmbi01,P,,,,,,
beckmji01,P,,,,,,
beckri01,P,,,,,,
beckro01,P,,,,,,
becktr01,P,,,,,,
beckwjo01,P,,,,,,
beckwjo02,3B,,,,,,
beckzi01,3B,,,,,,
becquju01,1B,,,,,,
bedarer01,P,,,,,,
bedelho01,OF,,,,,,
bedfoge01,2B,,,,,,
bedgoph01,P,,,,,,
bediehu01,P,,,,,,
bednaan01,P,,,,,,
bednada01,P,,,,,,
bedroca01,P,,,,,,
bedrost01,P,,,,,,
beebefr01,P,,,,,,
beeched01,OF,,,,,,
beeched02,OF,,,,,,
beechma01,P,,,,,,
beechro01,P,,,,,,
beedety01,P,,,,,,
beeksja01,P,,,,,,
beeleda01,P,,,,,,
beelejo01,2B,,,,,,
beenean01,P,,,,,,
beenefr01,P,,,,,,
beerscl01,P,,,,,,
beerse01,1B,,,,,,
beetecl01,P,,,,,,
beggsjo01,P,,,,,,
begleed01,P,,,,,,
beglege01,C,,,,,,
begleji01,2B,,,,,,
behanpe01,P,,,,,,
behelst01,OF,,,,,,
behenri01,P,,,,,,
behneme01,P,,,,,,
behrmha01,P,,,,,,
beimejo01,P,,,,,,
beirnke01,P,,,,,,
bejerag01,OF,,,,,,
bejmaol01,2B,,,,,,
belanma01,SS,,,,,,
belarwa01,1B,,,,,,
belchke01,OF,,,,,,
belchti01,P,,,,,,
beldeir01,OF,,,,,,
belfimi01,P,,,,,,
belfisk01,PH,,,,,,
belinbo01,P,,,,,,
belinst01,P,,,,,,
belisma01,P,,,,,,
belisro01,P,,,,,,
belitto01,P,,,,,,
belivje01,P,,,,,,
belkti01,1B,,,,,,
bellaan01,P,,,,,,
bellab01,P,,,,,,
bellast01,3B,,,,,,
bellaze01,OF,,,,,,
bellbe01,OF,,,,,,
bellbi01,P,,,,,,
bellbu01,3B,,,,,,
bellch01,P,,,,,,
bellch02,P,,,,,,
bellcl01,P,,,,,,
bellco99,OF,,,,,,
bellda01,3B,,,,,,
bellde01,OF,,,,,,
belleal01,OF,,,,,,
beller01,P,,,,,,
bellfe01,OF,,,,,,
bellfr01,C,,,,,,
bellfr02,OF,,,,,,
bellfr03,P,,,,,,
bellga01,P,,,,,,
bellge01,P,,,,,,
bellge02,OF,,,,,,
bellgu01,OF,,,,,,
bellhe01,P,,,,,,
bellhe02,C,,,,,,
bellhi01,P,,,,,,
bellhma01,2B,,,,,,
bellicl01,OF,,,,,,
bellico01,OF,,,,,,
bellira01,SS,,,,,,
belliro01,2B,,,,,,
bellja01,SS,,,,,,
bellja02,3B,,,,,,
bellje01,P,,,,,,
belljo01,3B,,,,,,
belljo02,1B,,,,,,
belljo03,OF,,,,,,
bellju01,2B,,,,,,
bellju02,P,,,,,,
bellke01,3B,,,,,,
bellle01,3B,,,,,,
bellle02,P,,,,,,
bellmi01,1B,,,,,,
bellmi02,3B,,,,,,
bellmja01,C,,,,,,
bellobr01,P,,,,,,
belloed01,C,,,,,,
belloro01,SS,,,,,,
bellova01,P,,,,,,
bellra01,P,,,,,,
bellro01,P,,,,,,
bellru01,OF,,,,,,
bellte01,C,,,,,,
belltr01,P,,,,,,
bellw01,C,,,,,,
bellwi01,P,,,,,,
bellwi02,P,,,,,,
belowdu01,P,,,,,,
beltbr01,1B,,,,,,
beltrad01,3B,,,,,,
beltrca01,OF,,,,,,
beltren01,OF,,,,,,
beltres01,SS,,,,,,
beltrfr01,P,,,,,,
beltrom01,P,,,,,,
beltrri01,P,,,,,,
bemboan01,C,,,,,,
bemisha01,C,,,,,,
benarma01,OF,,,,,,
benavfr01,SS,,,,,,
benchjo01,C,,,,,,
bendean01,P,,,,,,
bendech01,P,,,,,,
benedar01,2B,,,,,,
benedbr01,C,,,,,,
benesal01,P,,,,,,
benesan01,P,,,,,,
benesjo01,SS,,,,,,
bengera01,P,,,,,,
bengobe01,C,,,,,,
beninan01,OF,,,,,,
beniqju01,OF,,,,,,
benitar01,P,,,,,,
benitya01,OF,,,,,,
benjaje01,OF,,,,,,
benjami01,SS,,,,,,
benjast01,OF,,,,,,
benjawe01,P,,,,,,
benne01,OF,,,,,,
bennebr01,OF,,,,,,
bennech01,C,,,,,,
benneda01,P,,,,,,
bennede01,P,,,,,,
bennedo01,PH,,,,,,
benneer01,P,,,,,,
bennefr01,P,,,,,,
bennefr02,OF,,,,,,
bennega01,C,,,,,,
bennege01,OF,,,,,,
bennehe01,OF,,,,,,
benneik01,OF,,,,,,
benneje01,P,,,,,,
benneji01,P,,,,,,
bennejo01,3B,,,,,,
bennejo02,P,,,,,,
bennepu01,2B,,,,,,
bennesa01,OF,,,,,,
bennesh01,P,,,,,,
bennhe01,P,,,,,,
benoijo01,P,,,,,,
bensoal01,P,,,,,,
bensocl01,C,,,,,,
bensoge01,OF,,,,,,
bensojo01,OF,,,,,,
bensokr01,P,,,,,,
bensove01,3B,,,,,,
bensowi01,OF,,,,,,
bentlcy01,P,,,,,,
bentlja01,P,,,,,,
bentoal01,P,,,,,,
bentobu01,C,,,,,,
bentola01,P,,,,,,
bentora01,2B,,,,,,
bentoru01,P,,,,,,
bentosi01,P,,,,,,
bentzch01,P,,,,,,
benzito01,1B,,,,,,
benzjo01,P,,,,,,
berarjo01,2B,,,,,,
berbelo01,C,,,,,,
berblje01,2B,,,,,,
bereja01,P,,,,,,
berenbr01,P,,,,,,
berenju01,P,,,,,,
beresja01,1B,,,,,,
bergaau01,OF,,,,,,
bergda01,2B,,,,,,
bergebi01,C,,,,,,
bergebo01,2B,,,,,,
bergebr01,OF,,,,,,
bergebr02,P,,,,,,
bergecl01,OF,,,,,,
bergehe01,P,,,,,,
bergejo01,2B,,,,,,
bergejo02,C,,,,,,
bergema01,C,,,,,,
bergepe01,OF,,,,,,
bergery01,P,,,,,,
bergetr01,P,,,,,,
bergetu01,SS,,,,,,
bergewa01,OF,,,,,,
berghjo01,C,,,,,,
berghma01,SS,,,,,,
bergju01,P,,,,,,
bergmal01,2B,,,,,,
bergmch01,P,,,,,,
bergmda01,1B,,,,,,
bergmdu01,P,,,,,,
bergmja01,P,,,,,,
bergmo01,C,,,,,,
bergmse01,P,,,,,,
bergowi01,2B,,,,,,
berkefr01,OF,,,,,,
berkeja01,P,,,,,,
berkena01,OF,,,,,,
berkmla01,OF,,,,,,
berlyja01,P,,,,,,
bermabo01,C,,,,,,
bermujo01,P,,,,,,
bernabr01,P,,,,,,
bernacu01,OF,,,,,,
bernadw01,P,,,,,,
bernajo01,P,,,,,,
bernapl01,P,,,,,,
bernaro01,OF,,,,,,
bernato01,2B,,,,,,
bernavi01,P,,,,,,
bernawa01,1B,,,,,,
bernawy01,OF,,,,,,
bernead01,P,,,,,,
bernhbi01,P,,,,,,
bernhju01,3B,,,,,,
bernhwa01,P,,,,,,
bernica01,OF,,,,,,
bernido01,SS,,,,,,
berojo01,SS,,,,,,
berrada01,SS,,,,,,
berrade01,OF,,,,,,
berrayo01,C,,,,,,
berrera01,C,,,,,,
berrijo01,P,,,,,,
berroan01,SS,,,,,,
berroge01,OF,,,,,,
berropr01,P,,,,,,
berrost01,OF,,,,,,
berry01,C,,,,,,
berryca01,P,,,,,,
berrych01,2B,,,,,,
berrych02,C,,,,,,
berrycl01,C,,,,,,
berryda01,C,,,,,,
berryed01,P,,,,,,
berryjo01,C,,,,,,
berryjo02,2B,,,,,,
berryjo03,P,,,,,,
berryke01,OF,,,,,,
berryne01,SS,,,,,,
berryqu01,OF,,,,,,
berryse01,3B,,,,,,
berrysl01,SS,,,,,,
berryto01,OF,,,,,,
bertafr01,P,,,,,,
bertedi01,C,,,,,,
berteha01,2B,,,,,,
berthha01,OF,,,,,,
bertijo01,3B,,,,,,
bertomi01,P,,,,,,
bertore01,3B,,,,,,
bertrle01,P,,,,,,
beruman01,P,,,,,,
besanfr01,P,,,,,,
beschbo01,OF,,,,,,
bessedo01,P,,,,,,
bessehe01,P,,,,,,
besti01,C,,,,,,
bestka01,P,,,,,,
beswiji01,OF,,,,,,
betande01,P,,,,,,
betanra01,P,,,,,,
betanyu01,SS,,,,,,
betchfr01,SS,,,,,,
betemwi01,3B,,,,,,
bethach01,C,,,,,,
bethebi01,2B,,,,,,
bethkji01,P,,,,,,
betteje01,P,,,,,,
bettela01,OF,,,,,,
bettial01,P,,,,,,
bettich01,P,,,,,,
betts01,OF,,,,,,
bettsha01,P,,,,,,
bettshu01,P,,,,,,
bettsmo01,OF,,,,,,
betzebr01,2B,,,,,,
bevacku01,3B,,,,,,
bevanha01,3B,,,,,,
bevenbi01,P,,,,,,
beverch01,P,,,,,,
beverja01,P,,,,,,
bevilbe01,P,,,,,,
bevilbr01,P,,,,,,
bevillo01,P,,,,,,
bevilmo01,C,,,,,,
biagijo01,P,,,,,,
biancbu01,SS,,,,,,
biancje01,3B,,,,,,
biancto01,3B,,,,,,
biasaha01,1B,,,,,,
bibbsra01,2B,,,,,,
bibbyji01,P,,,,,,
bibeeta01,P,,,,,,
bibenau01,P,,,,,,
bichebo01,SS,,,,,,
bicheda01,OF,,,,,,
bickfph01,P,,,,,,
bickfve01,P,,,,,,
bickhda01,P,,,,,,
bicknch01,P,,,,,,
biddlje01,P,,,,,,
biddlro01,P,,,,,,
bidoos01,P,,,,,,
biebesh01,P,,,,,,
bielabr01,P,,,,,,
bielaos01,OF,,,,,,
bielemi01,P,,,,,,
biemiha01,P,,,,,,
bierblo01,2B,,,,,,
bierbni01,P,,,,,,
bierdra01,P,,,,,,
biermch01,1B,,,,,,
biesest01,OF,,,,,,
bigbeca01,OF,,,,,,
bigbely01,P,,,,,,
bigbila01,OF,,,,,,
bigelel01,OF,,,,,,
biggehu01,P,,,,,,
biggica01,2B,,,,,,
biggicr01,2B,,,,,,
biggsch01,P,,,,,,
bignege01,C,,,,,,
biittla01,OF,,,,,,
bilarda01,C,,,,,,
bilbrji01,P,,,,,,
bildiem01,P,,,,,,
bilkost01,1B,,,,,,
billibr01,P,,,,,,
billibr02,P,,,,,,
billich01,P,,,,,,
billidi01,C,,,,,,
billiha01,P,,,,,,
billija01,P,,,,,,
billijo01,C,,,,,,
billijo02,P,,,,,,
bindeji01,3B,,,,,,
bingawi01,3B,,,,,,
binghbi01,OF,,,,,,
binksge01,OF,,,,,,
binso01,SS,,,,,,
biotch01,OF,,,,,,
biranja01,2B,,,,,,
birasst01,2B,,,,,,
birchju01,OF,,,,,,
birddo01,P,,,,,,
birdfr01,C,,,,,,
birdge01,OF,,,,,,
birdgr01,1B,,,,,,
birdile01,P,,,,,,
birdja01,P,,,,,,
birdky01,P,,,,,,
birdre01,P,,,,,,
birdsda01,OF,,,,,,
birdsha01,P,,,,,,
birkbmi01,P,,,,,,
birkiku01,P,,,,,,
birkora01,P,,,,,,
birmijo01,OF,,,,,,
birreba01,P,,,,,,
birtsti01,P,,,,,,
biscafr01,P,,,,,,
bischjo01,C,,,,,,
bisenjo01,P,,,,,,
bishobi01,P,,,,,,
bishobi02,P,,,,,,
bishobr01,OF,,,,,,
bishoch01,P,,,,,,
bishofr01,3B,,,,,,
bishoji01,P,,,,,,
bisholl01,P,,,,,,
bishoma01,2B,,,,,,
bishomi01,C,,,,,,
bislari01,SS,,,,,,
bissajo01,OF,,,,,,
bissode01,1B,,,,,,
bithohi01,P,,,,,,
bitkejo01,P,,,,,,
bittije01,P,,,,,,
bittmre01,2B,,,,,,
bivensp01,P,,,,,,
bivinji01,P,,,,,,
bixlebr01,SS,,,,,,
bizzlja01,OF,,,,,,
bjorkge01,C,,,,,,
blachty01,P,,,,,,
black01,OF,,,,,,
black02,P,,,,,,
black03,PH,,,,,,
blackbi01,2B,,,,,,
blackbo01,OF,,,,,,
blackbu01,P,,,,,,
blackbu02,P,,,,,,
blackch01,P,,,,,,
blackch02,OF,,,,,,
blackch03,OF,,,,,,
blackcl01,P,,,,,,
blackda01,P,,,,,,
blackdo01,P,,,,,,
blackea01,C,,,,,,
blacket01,OF,,,,,,
blackew01,P,,,,,,
blackfr01,C,,,,,,
blackge01,P,,,,,,
blackge02,OF,,,,,,
blackhe01,3B,,,,,,
blackho01,P,,,,,,
blackhu01,P,,,,,,
blackji01,P,,,,,,
blackjo01,1B,,,,,,
blackjo02,P,,,,,,
blackle01,SS,,,,,,
blackma01,P,,,,,,
blackni01,P,,,,,,
blackpa01,P,,,,,,
blackra01,P,,,,,,
blackro01,P,,,,,,
blackti01,C,,,,,,
blacktr01,P,,,,,,
blackty01,1B,,,,,,
blackvi01,P,,,,,,
bladera01,OF,,,,,,
bladtri01,OF,,,,,,
blaehge01,P,,,,,,
blaemra01,C,,,,,,
blairaa01,P,,,,,,
blairbi01,P,,,,,,
blairbi02,P,,,,,,
blairbu01,3B,,,,,,
blairca01,C,,,,,,
blairde01,P,,,,,,
blairfo01,2B,,,,,,
blairga01,P,,,,,,
blairlo01,PR,,,,,,
blairpa01,OF,,,,,,
blairwa01,C,,,,,,
blairwi01,P,,,,,,
blaisdi01,P,,,,,,
blakeca01,3B,,,,,,
blakeed01,P,,,,,,
blakefr01,P,,,,,,
blakeha01,OF,,,,,,
blakeli01,OF,,,,,,
blakesh01,P,,,,,,
blakibo01,OF,,,,,,
blalobr01,P,,,,,,
blaloha01,3B,,,,,,
blancal01,P,,,,,,
blancan01,2B,,,,,,
blancca01,1B,,,,,,
blancch01,SS,,,,,,
blancda01,3B,,,,,,
blancda02,OF,,,,,,
blancgi01,P,,,,,,
blancgr01,OF,,,,,,
blanche01,C,,,,,,
blanche02,2B,,,,,,
blancjo01,OF,,,,,,
blancos01,1B,,,,,,
blancro01,P,,,,,,
blancto01,OF,,,,,,
blandal01,2B,,,,,,
blandal02,C,,,,,,
blandfr01,P,,,,,,
blandna01,P,,,,,,
blank01,PH,,,,,,
blankcl01,C,,,,,,
blankco01,C,,,,,,
blankfr01,P,,,,,,
blankho01,P,,,,,,
blankke01,P,,,,,,
blankky01,OF,,,,,,
blankla01,SS,,,,,,
blankla02,OF,,,,,,
blankma01,P,,,,,,
blankte01,P,,,,,,
blanktr01,OF,,,,,,
blantcy01,P,,,,,,
blantjo01,P,,,,,,
blashja01,OF,,,,,,
blasido01,2B,,,,,,
blasiwa01,P,,,,,,
blassst01,P,,,,,,
blatest01,P,,,,,,
blatnjo01,OF,,,,,,
blattbu01,2B,,,,,,
blattfr01,1B,,,,,,
blausje01,SS,,,,,,
blauvhe01,P,,,,,,
blaylbo01,P,,,,,,
blaylfr01,P,,,,,,
blaylga01,P,,,,,,
blaylma01,1B,,,,,,
blazemi01,P,,,,,,
blaziro01,P,,,,,,
bleacla01,2B,,,,,,
bledajj01,OF,,,,,,
bleds01,PH,,,,,,
blefacu01,OF,,,,,,
bleicje01,P,,,,,,
bleieri01,P,,,,,,
blemkra01,P,,,,,,
blessik01,OF,,,,,,
blethcl01,P,,,,,,
blevifo01,3B,,,,,,
blevije01,P,,,,,,
blewebo01,P,,,,,,
blewesc01,P,,,,,,
blighne01,C,,,,,,
blissel01,OF,,,,,,
blissfr01,3B,,,,,,
blissja01,C,,,,,,
blissry01,2B,,,,,,
block01,P,,,,,,
blockbr01,C,,,,,,
blockcy01,3B,,,,,,
blockte01,OF,,,,,,
bloggwe01,C,,,,,,
blombro01,1B,,,,,,
blomdbe01,P,,,,,,
blongjo01,OF,,,,,,
bloodji01,2B,,,,,,
bloombu01,2B,,,,,,
bloomwi01,OF,,,,,,
blossgr01,OF,,,,,,
blossja01,P,,,,,,
blottja01,C,,,,,,
blowemi01,3B,,,,,,
blubaaj01,P,,,,,,
bluebe01,C,,,,,,
bluegos01,3B,,,,,,
bluegot01,SS,,,,,,
bluejji01,P,,,,,,
bluelu01,1B,,,,,,
bluevi01,P,,,,,,
blumaja01,P,,,,,,
blumecl01,P,,,,,,
blumge01,3B,,,,,,
blylebe01,P,,,,,,
blyzkmi01,P,,,,,,
boadalu01,P,,,,,,
boakch01,2B,,,,,,
boanebe01,2B,,,,,,
boardch01,P,,,,,,
boardfr01,OF,,,,,,
bobbra01,C,,,,,,
bobowi01,1B,,,,,,
bocachi01,OF,,,,,,
boccajo01,C,,,,,,
bocekmi01,OF,,,,,,
bochtbr01,1B,,,,,,
bochtdo01,P,,,,,,
bochybr01,C,,,,,,
bochybr02,P,,,,,,
bockmed01,3B,,,,,,
bockura01,P,,,,,,
bococbr01,SS,,,,,,
boddimi01,P,,,,,,
bodiepi01,OF,,,,,,
boeckto01,3B,,,,,,
boehlge01,P,,,,,,
boehljo01,P,,,,,,
boehmle01,1B,,,,,,
boehrbr01,P,,,,,,
boernla01,P,,,,,,
boescbr01,OF,,,,,,
boevejo01,P,,,,,,
bogaexa01,SS,,,,,,
bogarjo01,P,,,,,,
bogarti01,SS,,,,,,
bogente01,OF,,,,,,
boggsbr01,OF,,,,,,
boggsge01,P,,,,,,
boggsmi01,P,,,,,,
boggsra01,P,,,,,,
boggsto01,P,,,,,,
boggswa01,3B,,,,,,
boglewa01,P,,,,,,
bogusbr01,OF,,,,,,
bohanbr01,P,,,,,,
bohenpa01,P,,,,,,
bohmal01,3B,,,,,,
bohnch01,OF,,,,,,
bohnejo01,P,,,,,,
bohnesa01,2B,,,,,,
bohntj01,OF,,,,,,
boiscbr01,OF,,,,,,
boitada01,P,,,,,,
bokeldi01,P,,,,,,
bokenbo01,2B,,,,,,
bokinjo01,P,,,,,,
bolan01,3B,,,,,,
bolanbe01,P,,,,,,
bolaned01,OF,,,,,,
bolanro01,P,,,,,,
boldch01,1B,,,,,,
boldebi01,P,,,,,,
boldeot01,C,,,,,,
bolenst01,P,,,,,,
bolesca01,OF,,,,,,
boleyjo01,SS,,,,,,
bolgeji01,OF,,,,,,
bolicfr01,1B,,,,,,
bolinbo01,P,,,,,,
bollifr01,2B,,,,,,
bollija01,1B,,,,,,
bollimi01,SS,,,,,,
bollogr01,P,,,,,,
bollwdo01,1B,,,,,,
bolsimi01,P,,,,,,
boltoce01,1B,,,,,,
boltocl01,C,,,,,,
boltoco01,P,,,,,,
boltoro01,P,,,,,,
boltoto01,P,,,,,,
boltsk01,OF,,,,,,
bombama01,P,,,,,,
bondeje01,P,,,,,,
bondsba01,OF,,,,,,
bondsbo01,OF,,,,,,
bondte01,3B,,,,,,
bondto01,P,,,,,,
bondwa01,OF,,,,,,
bonege01,SS,,,,,,
bonesri01,P,,,,,,
bonetju01,P,,,,,,
boneyha01,P,,,,,,
bongini01,OF,,,,,,
bongju01,P,,,,,,
bonhabi01,P,,,,,,
bonhati01,P,,,,,,
bonifem01,OF,,,,,,
bonifjo01,OF,,,,,,
bonikjo01,P,,,,,,
bonilbo01,3B,,,,,,
bonilju01,2B,,,,,,
bonilli01,P,,,,,,
bonined01,P,,,,,,
boninlu01,OF,,,,,,
bonneba01,OF,,,,,,
bonnebi01,P,,,,,,
bonnebo01,SS,,,,,,
bonnefr01,2B,,,,,,
bonnero01,1B,,,,,,
bonogu01,P,,,,,,
bonsebo01,P,,,,,,
bonurze01,1B,,,,,,
booeev01,OF,,,,,,
bookebu01,C,,,,,,
bookech01,P,,,,,,
bookegr01,P,,,,,,
bookepe01,C,,,,,,
bookero01,SS,,,,,,
bookm01,P,,,,,,
boolal01,C,,,,,,
boolere01,P,,,,,,
booneaa01,3B,,,,,,
booneal01,P,,,,,,
boonebo01,C,,,,,,
boonebr01,2B,,,,,,
booneda01,P,,,,,,
booneda02,P,,,,,,
boonege01,P,,,,,,
booneik01,OF,,,,,,
boonele01,P,,,,,,
boonelu01,2B,,,,,,
booneos01,C,,,,,,
boonera01,3B,,,,,,
boonero01,OF,,,,,,
booseca01,P,,,,,,
bootcch01,P,,,,,,
booth01,SS,,,,,,
bootham01,C,,,,,,
boothed01,OF,,,,,,
bootski01,OF,,,,,,
bootyjo01,3B,,,,,,
boozejo01,P,,,,,,
borboju01,OF,,,,,,
borbope01,P,,,,,,
borbope02,P,,,,,,
borchge01,P,,,,,,
borchjo01,OF,,,,,,
bordafr01,OF,,,,,,
bordejo01,P,,,,,,
bordejo02,3B,,,,,,
bordepa01,C,,,,,,
bordimi01,SS,,,,,,
bordiri01,P,,,,,,
bordlbi01,P,,,,,,
borgejo01,2B,,,,,,
borgmgl01,C,,,,,,
borispa01,P,,,,,,
borkfr01,P,,,,,,
borkobo01,OF,,,,,,
borkoda01,P,,,,,,
borlato01,P,,,,,,
borlato02,P,,,,,,
boromre01,2B,,,,,,
borosst01,3B,,,,,,
borowha01,P,,,,,,
borowjo01,P,,,,,,
borroma01,C,,,,,,
bortoba01,1B,,,,,,
borucry01,P,,,,,,
boscajc01,C,,,,,,
boscawi01,P,,,,,,
boschdo01,OF,,,,,,
bosetri01,OF,,,,,,
boshebu01,P,,,,,,
bosioch01,P,,,,,,
boskish01,P,,,,,,
bosleth01,OF,,,,,,
bosmadi01,P,,,,,,
bosseme01,P,,,,,,
bossha01,1B,,,,,,
bosti01,1B,,,,,,
bostiak01,P,,,,,,
bostich01,2B,,,,,,
bostifr01,OF,,,,,,
bostihe01,3B,,,,,,
bostobo01,OF,,,,,,
bostoda01,OF,,,,,,
bostoly01,OF,,,,,,
bostoly02,1B,,,,,,
boswean01,P,,,,,,
bosweda01,P,,,,,,
bosweke01,2B,,,,,,
boteda01,3B,,,,,,
botelde01,P,,,,,,
bottajo01,C,,,,,,
bottari01,P,,,,,,
botteke01,P,,,,,,
bottira01,P,,,,,,
bottoji01,1B,,,,,,
bottsja01,OF,,,,,,
botzbo01,P,,,,,,
bouchal01,3B,,,,,,
bouchde01,P,,,,,,
bouched01,1B,,,,,,
bouchme01,C,,,,,,
bouchse01,OF,,,,,,
boudrlo01,SS,,,,,,
bouldca01,P,,,,,,
boultja01,P,,,,,,
bourgja01,OF,,,,,,
bourgst01,P,,,,,,
bourjch01,OF,,,,,,
bourjpe01,OF,,,,,,
bourju01,1B,,,,,,
bournmi01,OF,,,,,,
bournra01,SS,,,,,,
bourqja01,P,,,,,,
bourqpa01,1B,,,,,,
boushca01,P,,,,,,
boutoji01,P,,,,,,
boveemi01,P,,,,,,
bowala01,SS,,,,,,
bowcobe01,2B,,,,,,
bowdebe01,P,,,,,,
bowdemi01,P,,,,,,
bowdeti01,OF,,,,,,
bowele01,P,,,,,,
bowench01,OF,,,,,,
bowench02,OF,,,,,,
bowency01,P,,,,,,
bowenro01,C,,,,,,
bowenry01,P,,,,,,
bowensa01,OF,,,,,,
bowensa02,OF,,,,,,
bowerbi01,OF,,,,,,
bowerbr01,OF,,,,,,
bowerce01,P,,,,,,
bowerfr01,C,,,,,,
bowerju01,C,,,,,,
bowerle01,P,,,,,,
bowersh01,P,,,,,,
bowerst01,P,,,,,,
bowesfr01,C,,,,,,
bowieji01,1B,,,,,,
bowiemi01,P,,,,,,
bowkejo01,1B,,,,,,
bowlajo01,P,,,,,,
bowlebr01,P,,,,,,
bowlech01,P,,,,,,
bowleem01,P,,,,,,
bowlegr01,P,,,,,,
bowlist01,OF,,,,,,
bowliwe01,3B,,,,,,
bowma01,C,,,,,,
bowmaab01,P,,,,,,
bowmabi01,C,,,,,,
bowmabo01,P,,,,,,
bowmabo02,OF,,,,,,
bowmaem01,OF,,,,,,
bowmaer01,SS,,,,,,
bowmajo01,P,,,,,,
bowmama01,P,,,,,,
bowmaro01,P,,,,,,
bowmasu01,P,,,,,,
bowsere01,OF,,,,,,
bowsfte01,P,,,,,,
bowyetr01,P,,,,,,
boxbebr01,P,,,,,,
boydbe01,OF,,,,,,
boydbi01,3B,,,,,,
boydbo01,1B,,,,,,
boyded01,OF,,,,,,
boydfr01,C,,,,,,
boydfr02,OF,,,,,,
boydga01,P,,,,,,
boydja01,OF,,,,,,
boydja02,P,,,,,,
boydji01,P,,,,,,
boydma01,P,,,,,,
boydoi01,P,,,,,,
boydol01,P,,,,,,
boydra01,P,,,,,,
boyerbl01,P,,,,,,
boyercl01,P,,,,,,
boyercl02,3B,,,,,,
boyerke01,3B,,,,,,
boylado01,1B,,,,,,
boylebu01,OF,,,,,,
boyleed01,C,,,,,,
boyleha01,P,,,,,,
boylehe01,P,,,,,,
boyleja01,C,,,,,,
boyleja02,3B,,,,,,
boyleji01,C,,,,,,
boylejo01,P,,,,,,
bozema01,P,,,,,,
brabege01,P,,,,,,
brachbr01,P,,,,,,
brachsi01,P,,,,,,
brackan01,P,,,,,,
brackdo01,P,,,,,,
brackgi01,OF,,,,,,
brackja01,P,,,,,,
brackjo01,P,,,,,,
braddza01,P,,,,,,
bradeda01,P,,,,,,
bradedo01,P,,,,,,
bradfbi01,P,,,,,,
bradfbi02,OF,,,,,,
bradfbu01,OF,,,,,,
bradfch01,P,,,,,,
bradfch02,P,,,,,,
bradfch03,P,,,,,,
bradfco01,P,,,,,,
bradfla01,P,,,,,,
bradfvi01,OF,,,,,,
bradiky01,P,,,,,,
bradl01,1B,,,,,,
bradlal01,OF,,,,,,
bradlar01,P,,,,,,
bradlbe01,P,,,,,,
bradlbi01,3B,,,,,,
bradlbo01,1B,,,,,,
bradlfo01,P,,,,,,
bradlfr01,P,,,,,,
bradlfr02,P,,,,,,
bradlge01,P,,,,,,
bradlge02,OF,,,,,,
bradlhe01,P,,,,,,
bradlhu01,1B,,,,,,
bradlja01,C,,,,,,
bradlja02,OF,,,,,,
bradlje01,P,,,,,,
bradlma01,OF,,,,,,
bradlmi01,OF,,,,,,
bradlph01,OF,,,,,,
bradlph02,C,,,,,,
bradlpr01,P,,,,,,
bradlre01,P,,,,,,
bradlry01,P,,,,,,
bradlsc01,C,,,,,,
bradlta01,P,,,,,,
bradlto01,P,,,,,,
bradsda01,2B,,,,,,
bradsge01,C,,,,,,
bradsjo01,P,,,,,,
bradste01,OF,,,,,,
brady01,OF,,,,,,
bradybi01,P,,,,,,
bradybo01,C,,,,,,
bradybr01,OF,,,,,,
bradycl01,2B,,,,,,
bradydo01,2B,,,,,,
bradyfa01,PR,,,,,,
bradyji01,P,,,,,,
bradyki01,P,,,,,,
bradymi01,P,,,,,,
bradyne01,P,,,,,,
bradyst01,OF,,,,,,
bragabo01,SS,,,,,,
bragara01,OF,,,,,,
braggda01,OF,,,,,,
braggdi01,P,,,,,,
bragggl01,OF,,,,,,
braggje01,3B,,,,,,
brainas01,P,,,,,,
brainda01,3B,,,,,,
brainfr01,1B,,,,,,
braital01,P,,,,,,
brameer01,P,,,,,,
bramhar01,3B,,,,,,
bramm01,C,,,,,,
brancal01,SS,,,,,,
brancha01,P,,,,,,
brancno01,P,,,,,,
brancra01,P,,,,,,
brancro01,P,,,,,,
brandbi01,P,,,,,,
brandbu01,P,,,,,,
brandch01,P,,,,,,
branded01,P,,,,,,
brandja01,OF,,,,,,
brandma01,P,,,,,,
brandro01,C,,,,,,
branhsl01,P,,,,,,
branige01,P,,,,,,
brannmi01,3B,,,,,,
brannot01,2B,,,,,,
branodu01,1B,,,,,,
bransje01,3B,,,,,,
branski01,1B,,,,,,
brantcl01,P,,,,,,
brantje01,P,,,,,,
brantma01,1B,,,,,,
brantmi01,OF,,,,,,
brantmi02,OF,,,,,,
brantro01,C,,,,,,
branyru01,3B,,,,,,
brashki01,P,,,,,,
brashma01,P,,,,,,
brashro01,1B,,,,,,
brasiry01,P,,,,,,
bratcjo01,OF,,,,,,
brathar01,OF,,,,,,
bratsfr01,OF,,,,,,
braulst01,P,,,,,,
braunjo01,P,,,,,,
braunry01,P,,,,,,
braunry02,OF,,,,,,
braunst01,OF,,,,,,
bravoan01,OF,,,,,,
braxtga01,P,,,,,,
braybi01,P,,,,,,
braybu01,OF,,,,,,
brayja01,C,,,,,,
braymbe01,P,,,,,,
brazecl01,C,,,,,,
brazecr01,1B,,,,,,
brazede01,P,,,,,,
brazifr01,1B,,,,,,
brazlal01,P,,,,,,
brazohu01,P,,,,,,
brazoyh01,P,,,,,,
breale01,P,,,,,,
breamsi01,1B,,,,,,
breazji01,1B,,,,,,
brebbjo01,P,,,,,,
brechha01,P,,,,,,
breckbi01,P,,,,,,
bredebr01,OF,,,,,,
breedda01,C,,,,,,
breedha01,1B,,,,,,
breedma01,2B,,,,,,
brees01,PH,,,,,,
bregmal01,3B,,,,,,
breinfr01,P,,,,,,
breital01,P,,,,,,
breitte01,P,,,,,,
bremeeu01,P,,,,,,
bremehe01,C,,,,,,
brenesa01,C,,,,,,
brenlbo01,C,,,,,,
brennad01,P,,,,,,
brennbe01,P,,,,,,
brennbr01,P,,,,,,
brenndo01,P,,,,,,
brennji01,C,,,,,,
brennji02,P,,,,,,
brennto01,P,,,,,,
brennwi01,P,,,,,,
brennwi02,OF,,,,,,
brentbr01,OF,,,,,,
brentja01,P,,,,,,
brently01,P,,,,,,
brenzbi01,C,,,,,,
breslcr01,P,,,,,,
bresnro01,C,,,,,,
bressed01,SS,,,,,,
bressru01,OF,,,,,,
bretoji01,3B,,,,,,
brettge01,3B,,,,,,
bretthe01,P,,,,,,
brettke01,P,,,,,,
brettry01,2B,,,,,,
breuema01,P,,,,,,
brewebi01,P,,,,,,
brewech01,P,,,,,,
brewech02,P,,,,,,
breweco01,P,,,,,,
breweja01,P,,,,,,
breweji01,P,,,,,,
brewemc01,OF,,,,,,
brewemi01,OF,,,,,,
brewero01,1B,,,,,,
brewesh01,2B,,,,,,
breweto01,P,,,,,,
breweto02,OF,,,,,,
brewija01,P,,,,,,
brews01,P,,,,,,
brewsch01,SS,,,,,,
briceal01,P,,,,,,
briceau01,P,,,,,,
bricejo01,C,,,,,,
brickfr01,OF,,,,,,
brickfr02,SS,,,,,,
brickge01,OF,,,,,,
brickra01,P,,,,,,
brideji01,SS,,,,,,
bridejo01,3B,,,,,,
bridgma01,P,,,,,,
bridgro01,SS,,,,,,
bridgto01,P,,,,,,
bridwal01,SS,,,,,,
bridwpa01,P,,,,,,
briefbu01,1B,,,,,,
briesbe01,P,,,,,,
briggbo01,SS,,,,,,
briggbu01,P,,,,,,
briggch01,OF,,,,,,
briggda01,1B,,,,,,
brigggr01,C,,,,,,
briggjo01,P,,,,,,
briggjo02,OF,,,,,,
briggot01,OF,,,,,,
brighha01,1B,,,,,,
brighja01,P,,,,,,
brighje01,P,,,,,,
brighjo01,P,,,,,,
brignre01,SS,,,,,,
brilegr01,OF,,,,,,
brilene01,P,,,,,,
brillfr01,P,,,,,,
brillji01,P,,,,,,
brinkbi01,3B,,,,,,
brinkbr01,P,,,,,,
brinkch01,C,,,,,,
brinked01,SS,,,,,,
brinkle01,SS,,,,,,
brins01,OF,,,,,,
brinsle01,OF,,,,,,
briodfa01,C,,,,,,
briscje01,OF,,,,,,
briscjo01,P,,,,,,
brisslo01,P,,,,,,
bristbr01,P,,,,,,
bristge01,OF,,,,,,
britobe01,OF,,,,,,
britoeu01,P,,,,,,
britojh01,P,,,,,,
britojo01,C,,,,,,
britoju01,C,,,,,,
britoso01,OF,,,,,,
britoti01,2B,,,,,,
brittch01,P,,,,,,
brittdr01,P,,,,,,
brittge01,P,,,,,,
brittgi01,SS,,,,,,
brittgu01,C,,,,,,
brittja01,P,,,,,,
brittji01,P,,,,,,
brittji02,P,,,,,,
brittjo01,3B,,,,,,
brittza01,P,,,,,,
brizzto01,P,,,,,,
broacjo01,P,,,,,,
broadla01,P,,,,,,
broadmi01,P,,,,,,
broadwi01,P,,,,,,
brobepe01,P,,,,,,
brocado01,P,,,,,,
brockch01,P,,,,,,
brockgr01,1B,,,,,,
brockjo01,C,,,,,,
brockle01,P,,,,,,
brocklo01,OF,,,,,,
brockta01,OF,,,,,,
brodebr01,P,,,,,,
brodema01,2B,,,,,,
brodist01,OF,,,,,,
brododi01,P,,,,,,
brogdco01,P,,,,,,
brogler01,P,,,,,,
brognri01,1B,,,,,,
brohaja01,2B,,,,,,
brohatr01,P,,,,,,
brokafr01,2B,,,,,,
brondke01,P,,,,,,
bronkhe01,3B,,,,,,
bronkje01,P,,,,,,
brons01,PR,,,,,,
bronsji01,P,,,,,,
brook01,P,,,,,,
brookaa01,P,,,,,,
brookam01,C,,,,,,
brookbo01,OF,,,,,,
brookfr01,P,,,,,,
brookha01,OF,,,,,,
brookhu01,OF,,,,,,
brookik01,P,,,,,,
brookir01,OF,,,,,,
brookje01,OF,,,,,,
brookje02,3B,,,,,,
brookjo01,P,,,,,,
brookma01,OF,,,,,,
brooksi01,OF,,,,,,
brookto01,3B,,,,,,
brooktr01,1B,,,,,,
broomal01,P,,,,,,
broomjb01,OF,,,,,,
brosisc01,3B,,,,,,
brosksi01,C,,,,,,
brosnji01,P,,,,,,
brossfr01,P,,,,,,
brossmi01,3B,,,,,,
brosste01,P,,,,,,
brothre01,P,,,,,,
brottto01,C,,,,,,
brougca01,C,,,,,,
brouhma01,OF,,,,,,
brousbe01,1B,,,,,,
broutar01,3B,,,,,,
broutda01,1B,,,,,,
browebo01,OF,,,,,,
browefr01,OF,,,,,,
broweji01,P,,,,,,
browelo01,SS,,,,,,
brown01,SS,,,,,,
brown02,P,,,,,,
brown03,C,,,,,,
brown04,OF,,,,,,
brown05,3B,,,,,,
brown06,C,,,,,,
brown07,P,,,,,,
brownad01,OF,,,,,,
brownal01,P,,,,,,
brownan01,P,,,,,,
brownan02,OF,,,,,,
brownb01,P,,,,,,
brownb02,OF,,,,,,
brownba01,P,,,,,,
brownba02,P,,,,,,
brownbe01,P,,,,,,
brownbe02,SS,,,,,,
brownbi01,OF,,,,,,
brownbl01,OF,,,,,,
brownbo01,P,,,,,,
brownbo02,P,,,,,,
brownbo03,3B,,,,,,
brownbo04,OF,,,,,,
brownbr01,OF,,,,,,
brownbr02,P,,,,,,
brownbu01,P,,,,,,
brownby01,OF,,,,,,
brownca01,P,,,,,,
brownch01,P,,,,,,
brownch02,3B,,,,,,
browncl01,P,,,,,,
browncl02,P,,,,,,
browncl03,P,,,,,,
brownco01,OF,,,,,,
brownco02,OF,,,,,,
browncu01,P,,,,,,
browncu02,OF,,,,,,
browncu03,P,,,,,,
browncu04,1B,,,,,,
brownda01,OF,,,,,,
brownda02,P,,,,,,
brownde02,OF,,,,,,
browndi01,C,,,,,,
browndo01,OF,,,,,,
browndr01,C,,,,,,
browndu01,C,,,,,,
brownea01,OF,,,,,,
brownea02,P,,,,,,
browned01,3B,,,,,,
browned02,OF,,,,,,
brownel01,P,,,,,,
brownem01,OF,,,,,,
brownfr01,OF,,,,,,
brownfr02,P,,,,,,
brownfr03,OF,,,,,,
brownga01,OF,,,,,,
brownga02,OF,,,,,,
brownge01,OF,,,,,,
brownge02,OF,,,,,,
brownge03,P,,,,,,
brownge04,OF,,,,,,
brownha01,P,,,,,,
brownha02,3B,,,,,,
brownhu01,P,,,,,,
brownik01,2B,,,,,,
brownj01,C,,,,,,
brownja01,P,,,,,,
brownja02,OF,,,,,,
brownja03,OF,,,,,,
brownja04,P,,,,,,
brownja05,OF,,,,,,
brownje01,2B,,,,,,
brownje02,C,,,,,,
brownje03,P,,,,,,
brownji01,P,,,,,,
brownji02,OF,,,,,,
brownji03,2B,,,,,,
brownji04,C,,,,,,
brownjo01,P,,,,,,
brownjo02,P,,,,,,
brownjo03,P,,,,,,
brownjo04,P,,,,,,
brownjo05,1B,,,,,,
brownjo06,C,,,,,,
brownjo07,P,,,,,,
brownju01,P,,,,,,
brownke01,P,,,,,,
brownke02,P,,,,,,
brownke03,P,,,,,,
brownke04,C,,,,,,
brownla01,SS,,,,,,
brownla02,C,,,,,,
brownle01,C,,,,,,
brownle02,OF,,,,,,
brownli01,SS,,,,,,
brownll01,P,,,,,,
brownma01,P,,,,,,
brownma02,P,,,,,,
brownma03,3B,,,,,,
brownma04,P,,,,,,
brownma05,3B,,,,,,
brownma06,P,,,,,,
brownmc01,P,,,,,,
brownmi01,P,,,,,,
brownmi02,OF,,,,,,
brownmi03,OF,,,,,,
brownmo01,P,,,,,,
brownmy01,P,,,,,,
brownno01,P,,,,,,
brownol01,OF,,,,,,
brownol02,OF,,,,,,
brownos01,OF,,,,,,
brownos02,P,,,,,,
brownpa01,P,,,,,,
brownpe01,OF,,,,,,
brownph01,P,,,,,,
brownpi01,1B,,,,,,
brownra01,P,,,,,,
brownra02,C,,,,,,
brownra99,P,,,,,,
brownro01,OF,,,,,,
brownro02,1B,,,,,,
brownsa01,C,,,,,,
brownsc01,P,,,,,,
brownsc02,SS,,,,,,
brownse01,OF,,,,,,
brownst01,P,,,,,,
brownst02,P,,,,,,
brownte01,SS,,,,,,
browntj01,SS,,,,,,
brownto01,OF,,,,,,
brownto02,SS,,,,,,
brownto03,OF,,,,,,
brownto04,P,,,,,,
brownto05,P,,,,,,
browntr01,C,,,,,,
brownwa01,P,,,,,,
brownwi01,1B,,,,,,
brownwi02,OF,,,,,,
browsc01,P,,,,,,
broxtjo01,P,,,,,,
broxtke01,OF,,,,,,
broylle01,P,,,,,,
brubabi01,3B,,,,,,
brubabr01,P,,,,,,
brubajt01,P,,,,,,
brucebo01,P,,,,,,
brucecl01,2B,,,,,,
bruceja01,OF,,,,,,
brucell01,P,,,,,,
brucelo01,OF,,,,,,
bruckan01,P,,,,,,
bruckea01,C,,,,,,
bruckea02,C,,,,,,
bruckfr01,P,,,,,,
bruetjt01,OF,,,,,,
bruggfr01,C,,,,,,
brugmja01,OF,,,,,,
bruhemi01,P,,,,,,
bruihju01,P,,,,,,
brujavi01,2B,,,,,,
brumbcl01,OF,,,,,,
brumfja01,OF,,,,,,
brumldu01,P,,,,,,
brumlmi01,C,,,,,,
brumlmi02,SS,,,,,,
brummgl01,C,,,,,,
brummgr01,P,,,,,,
brummty01,P,,,,,,
brunato01,OF,,,,,,
brunebr01,P,,,,,,
brunege01,P,,,,,,
bruneja01,P,,,,,,
bruneju01,P,,,,,,
brunero01,P,,,,,,
brunoto01,P,,,,,,
brunsar01,C,,,,,,
brunswi01,P,,,,,,
brunter01,SS,,,,,,
brushbo01,1B,,,,,,
bruskji01,P,,,,,,
brusswa01,P,,,,,,
brutobi01,OF,,,,,,
brutoja01,P,,,,,,
bruyeed01,OF,,,,,,
bryanal01,P,,,,,,
bryanbi01,C,,,,,,
bryancl01,P,,,,,,
bryande01,OF,,,,,,
bryando01,C,,,,,,
bryange01,2B,,,,,,
bryankr01,3B,,,,,,
bryanra01,OF,,,,,,
bryanrb01,P,,,,,,
bryanro01,P,,,,,,
brydetr01,P,,,,,,
bryest01,OF,,,,,,
brynato01,P,,,,,,
brysocl01,2B,,,,,,
brzykza01,P,,,,,,
bubelja01,OF,,,,,,
bubickr01,P,,,,,,
buchabo01,P,,,,,,
buchabr01,OF,,,,,,
buchach01,P,,,,,,
buchada01,P,,,,,,
buchaja01,P,,,,,,
buchaji01,P,,,,,,
buchajo01,C,,,,,,
bucheje01,2B,,,,,,
bucheji01,3B,,,,,,
buchhcl01,P,,,,,,
buchhta01,P,,,,,,
buchtry01,P,,,,,,
buck01,P,,,,,,
buckega01,P,,,,,,
buckega02,P,,,,,,
buckied01,P,,,,,,
buckjo01,C,,,,,,
bucklco01,1B,,,,,,
buckldi01,C,,,,,,
bucklje01,P,,,,,,
buckljo01,P,,,,,,
bucknbi01,1B,,,,,,
bucknbi02,P,,,,,,
bucknha01,OF,,,,,,
bucktr01,OF,,,,,,
budasma01,OF,,,,,,
budd01,OF,,,,,,
buddery01,C,,,,,,
buddido01,SS,,,,,,
buddimi01,P,,,,,,
budnimi01,P,,,,,,
budzima01,OF,,,,,,
buechst01,3B,,,,,,
buehlwa01,P,,,,,,
buehrma01,P,,,,,,
bueloch01,3B,,,,,,
buelofr01,C,,,,,,
buenofr01,P,,,,,,
buentja01,P,,,,,,
buesar01,3B,,,,,,
buffich01,P,,,,,,
buforan01,C,,,,,,
buforda01,OF,,,,,,
bufordo01,OF,,,,,,
buforja01,2B,,,,,,
buhlbo01,P,,,,,,
buhneja01,OF,,,,,,
buicede01,P,,,,,,
bukaujb01,P,,,,,,
bukercy01,P,,,,,,
bukerha01,SS,,,,,,
bukviry01,P,,,,,,
bulgeja01,P,,,,,,
bullage01,SS,,,,,,
bullasi01,C,,,,,,
bullesc01,OF,,,,,,
bullibr01,P,,,,,,
bullibu01,C,,,,,,
bulliji01,P,,,,,,
bulliki01,P,,,,,,
bulloer01,OF,,,,,,
bullore01,P,,,,,,
bumbral01,OF,,,,,,
bumgama01,P,,,,,,
bummeaa01,P,,,,,,
bumpna01,P,,,,,,
bumpuea01,OF,,,,,,
buncejo01,OF,,,,,,
bunchme01,P,,,,,,
bundydy01,P,,,,,,
bunkewa01,P,,,,,,
bunniji01,P,,,,,,
bunnwi01,P,,,,,,
burawda01,P,,,,,,
burba01,PH,,,,,,
burbabi01,P,,,,,,
burbabu01,OF,,,,,,
burbada01,P,,,,,,
burbrne01,C,,,,,,
burchal01,OF,,,,,,
burched01,P,,,,,,
burcher01,OF,,,,,,
burchfr01,P,,,,,,
burchla01,P,,,,,,
burchwa01,C,,,,,,
burdabo01,1B,,,,,,
burdefr01,P,,,,,,
burdele01,P,,,,,,
burdibi01,P,,,,,,
burdini01,P,,,,,,
burdipe01,OF,,,,,,
burdiza01,P,,,,,,
burdoja01,2B,,,,,,
burge01,1B,,,,,,
burgeja01,3B,,,,,,
burgep01,P,,,,,,
burgep02,C,,,,,,
burgesm01,C,,,,,,
burgeto01,1B,,,,,,
burgira01,OF,,,,,,
burgjo01,3B,,,,,,
burgmto01,P,,,,,,
burgoam01,P,,,,,,
burgobi01,OF,,,,,,
burgoen01,P,,,,,,
burgoen02,P,,,,,,
burgohi01,P,,,,,,
burgoju01,P,,,,,,
burgora01,P,,,,,,
buricbi01,SS,,,,,,
burkael01,P,,,,,,
burkebi01,P,,,,,,
burkebi02,P,,,,,,
burkebo01,P,,,,,,
burkebr01,P,,,,,,
burkech01,OF,,,,,,
burkeda01,OF,,,,,,
burkeed01,OF,,,,,,
burkeer01,OF,,,,,,
burkeer02,P,,,,,,
burkefr01,OF,,,,,,
burkegl01,OF,,,,,,
burkegr01,P,,,,,,
burkeja01,P,,,,,,
burkeja02,C,,,,,,
burkeje01,OF,,,,,,
burkeji01,3B,,,,,,
burkejo01,3B,,,,,,
burkejo02,OF,,,,,,
burkejo03,P,,,,,,
burkejo04,P,,,,,,
burkejo05,OF,,,,,,
burkele01,2B,,,,,,
burkele02,OF,,,,,,
burkemi01,SS,,,,,,
burkepa01,3B,,,,,,
burkese01,P,,,,,,
burkest01,P,,,,,,
burketi01,P,,,,,,
burkhke01,P,,,,,,
burkhmo01,1B,,,,,,
burkma01,C,,,,,,
burksa01,P,,,,,,
burksel01,OF,,,,,,
burleal01,OF,,,,,,
burleri01,SS,,,,,,
burneaj01,P,,,,,,
burneal01,P,,,,,,
burneco01,P,,,,,,
burnehe01,OF,,,,,,
burneja01,OF,,,,,,
burnejo01,SS,,,,,,
burnese01,P,,,,,,
burnete01,C,,,,,,
burnewa01,P,,,,,,
burnhwi01,P,,,,,,
burnije01,OF,,,,,,
burnsan01,3B,,,,,,
burnsbi01,P,,,,,,
burnsbi02,OF,,,,,,
burnsbr01,P,,,,,,
burnsch01,P,,,,,,
burnsco01,P,,,,,,
burnsde01,P,,,,,,
burnsdi01,OF,,,,,,
burnsed01,C,,,,,,
burnsfa01,P,,,,,,
burnsge01,OF,,,,,,
burnsge02,1B,,,,,,
burnsja01,2B,,,,,,
burnsja02,1B,,,,,,
burnsji01,OF,,,,,,
burnsjo01,OF,,,,,,
burnsjo02,C,,,,,,
burnsjo03,3B,,,,,,
burnsmi01,P,,,,,,
burnsoy01,OF,,,,,,
burnspa01,1B,,,,,,
burnspe01,P,,,,,,
burnspe02,C,,,,,,
burnssh01,P,,,,,,
burnsto01,3B,,,,,,
burnsto02,P,,,,,,
burnswi01,P,,,,,,
burpoge01,P,,,,,,
burral01,OF,,,,,,
burrebr01,P,,,,,,
burrebu01,C,,,,,,
burreha01,P,,,,,,
burrepa01,OF,,,,,,
burrial01,P,,,,,,
burriem01,2B,,,,,,
burrila01,2B,,,,,,
burripa01,C,,,,,,
burrira01,P,,,,,,
burrisa01,P,,,,,,
burrobe01,P,,,,,,
burrohe01,OF,,,,,,
burroje01,OF,,,,,,
burrojo01,P,,,,,,
burromi01,P,,,,,,
burrose01,3B,,,,,,
burrote01,P,,,,,,
burrry01,P,,,,,,
burrudi01,1B,,,,,,
burtfr01,OF,,,,,,
burtobi01,OF,,,,,,
burtodi01,P,,,,,,
burtoel01,OF,,,,,,
burtoja01,P,,,,,,
burtoji01,P,,,,,,
burtosa01,3B,,,,,,
burtsmo01,P,,,,,,
burttde01,P,,,,,,
burwebi01,P,,,,,,
burwedi01,P,,,,,,
busbyji01,OF,,,,,,
busbyji02,3B,,,,,,
busbyma01,P,,,,,,
busbymi01,P,,,,,,
busbypa01,OF,,,,,,
busbyst01,P,,,,,,
buschbr01,3B,,,,,,
buschdo01,P,,,,,,
busched01,SS,,,,,,
buschma01,P,,,,,,
buschmi01,3B,,,,,,
buschmi02,1B,,,,,,
busenal01,P,,,,,,
bushda01,P,,,,,,
bushdo01,SS,,,,,,
bushefr01,P,,,,,,
busheja01,P,,,,,,
bushgu01,P,,,,,,
bushho01,2B,,,,,,
bushich01,P,,,,,,
bushjo01,P,,,,,,
bushky01,P,,,,,,
bushma01,P,,,,,,
bushodo01,C,,,,,,
bushra01,OF,,,,,,
buskejo01,SS,,,,,,
buskemi01,SS,,,,,,
busketo01,P,,,,,,
bussera01,SS,,,,,,
bussni01,OF,,,,,,
bustalu01,SS,,,,,,
bustehe01,2B,,,,,,
butchha01,OF,,,,,,
butchjo01,P,,,,,,
butchma01,P,,,,,,
butchmi01,P,,,,,,
buterdr01,C,,,,,,
butersa01,C,,,,,,
butkaed01,1B,,,,,,
butlabi01,P,,,,,,
butle01,OF,,,,,,
butle02,3B,,,,,,
butlead01,P,,,,,,
butlear01,SS,,,,,,
butlebi01,OF,,,,,,
butlebi02,P,,,,,,
butlebi03,1B,,,,,,
butlebr01,OF,,,,,,
butlebr02,2B,,,,,,
butlece01,P,,,,,,
butlech01,P,,,,,,
butleda01,C,,,,,,
butledi01,C,,,,,,
butleed01,P,,,,,,
butleed02,SS,,,,,,
butlefr01,OF,,,,,,
butleik01,P,,,,,,
butlejo01,C,,,,,,
butlejo02,SS,,,,,,
butlejo03,P,,,,,,
butlejo04,OF,,,,,,
butleke01,P,,,,,,
butleki01,OF,,,,,,
butleki02,2B,,,,,,
butlela01,OF,,,,,,
butleri01,OF,,,,,,
butlero01,OF,,,,,,
buttefr01,OF,,,,,,
butteto01,P,,,,,,
buttojo01,P,,,,,,
buttrty01,P,,,,,,
buttsto01,SS,,,,,,
buxtoby01,OF,,,,,,
buxtora01,P,,,,,,
buzasjo01,SS,,,,,,
buzhajo01,P,,,,,,
byassu01,C,,,,,,
byerlbu01,P,,,,,,
byersbi01,C,,,,,,
byersbu01,SS,,,,,,
byersra01,OF,,,,,,
bynumfr01,SS,,,,,,
bynummi01,P,,,,,,
byrdati01,P,,,,,,
byrdbi01,P,,,,,,
byrdha01,P,,,,,,
byrdje01,P,,,,,,
byrdma01,OF,,,,,,
byrdol01,1B,,,,,,
byrdpa01,P,,,,,,
byrdsa01,OF,,,,,,
byrnebo01,3B,,,,,,
byrneer01,OF,,,,,,
byrneje01,P,,,,,,
byrneji01,C,,,,,,
byrnemi01,OF,,,,,,
byrneto01,P,,,,,,
byroncy01,C,,,,,,
bystrma01,P,,,,,,
cabaljo01,SS,,,,,,
cabalpu01,2B,,,,,,
cabanar01,2B,,,,,,
cabbatr01,OF,,,,,,
cabelen01,3B,,,,,,
cabrace01,P,,,,,,
cabreal01,SS,,,,,,
cabreal02,1B,,,,,,
cabreal03,P,,,,,,
cabreas01,SS,,,,,,
cabreda01,P,,,,,,
cabreed01,P,,,,,,
cabreed02,P,,,,,,
cabreev01,SS,,,,,,
cabrefe01,P,,,,,,
cabrefr01,1B,,,,,,
cabrege01,P,,,,,,
cabrejo01,P,,,,,,
cabrejo02,OF,,,,,,
cabrelo01,1B,,,,,,
cabrelu01,P,,,,,,
cabrema01,P,,,,,,
cabreme01,OF,,,,,,
cabremi01,1B,,,,,,
cabreor01,SS,,,,,,
cabreos01,OF,,,,,,
cabrera01,C,,,,,,
cabrera02,OF,,,,,,
cacekcr01,1B,,,,,,
cacered01,2B,,,,,,
cacerke01,P,,,,,,
cadargr01,P,,,,,,
cadejo01,P,,,,,,
cadorle01,P,,,,,,
cadych01,P,,,,,,
cadyhi01,C,,,,,,
cafegto01,OF,,,,,,
caffijo01,OF,,,,,,
caffybe01,OF,,,,,,
cagewa01,1B,,,,,,
caglija01,OF,,,,,,
cahiljo01,OF,,,,,,
cahilto01,C,,,,,,
cahiltr01,P,,,,,,
cainbo01,P,,,,,,
cainle01,P,,,,,,
cainlo01,OF,,,,,,
cainma01,P,,,,,,
cainma02,P,,,,,,
cainsu01,P,,,,,,
cairnca01,P,,,,,,
cairomi01,2B,,,,,,
caissow01,OF,,,,,,
caithge01,C,,,,,,
caldebe01,C,,,,,,
caldeev01,P,,,,,,
caldeiv01,OF,,,,,,
caldesa01,C,,,,,,
caldwbr01,OF,,,,,,
caldwch01,P,,,,,,
caldwea01,P,,,,,,
caldwmi01,P,,,,,,
caldwra01,P,,,,,,
caldwra02,P,,,,,,
calerki01,P,,,,,,
calhobi01,1B,,,,,,
calhoja01,3B,,,,,,
calhoje01,P,,,,,,
calhoko01,OF,,,,,,
calhole01,P,,,,,,
calhoro01,P,,,,,,
calhowi01,OF,,,,,,
calica01,P,,,,,,
caligfr01,P,,,,,,
calihwi01,P,,,,,,
calixor01,OF,,,,,,
callaal01,3B,,,,,,
callabe01,P,,,,,,
callada01,OF,,,,,,
callaed01,OF,,,,,,
callafr01,SS,,,,,,
callaja01,P,,,,,,
callaji01,OF,,,,,,
callajo01,P,,,,,,
callajo02,P,,,,,,
callal01,OF,,,,,,
callale01,OF,,,,,,
callama01,OF,,,,,,
callami01,P,,,,,,
callani01,OF,,,,,,
callapa01,3B,,,,,,
callara01,P,,,,,,
callawe01,SS,,,,,,
callijo01,OF,,,,,,
callity01,OF,,,,,,
calloro01,OF,,,,,,
calmudi01,P,,,,,,
calvema01,P,,,,,,
calvepa01,P,,,,,,
calvobl01,P,,,,,,
calvoja01,OF,,,,,,
calzana01,OF,,,,,,
camacer01,P,,,,,,
camarda01,P,,,,,,
camarja01,C,,,,,,
camarjo01,3B,,,,,,
cambrfr01,P,,,,,,
camelha01,C,,,,,,
camerda01,OF,,,,,,
camerja01,OF,,,,,,
camerke01,P,,,,,,
camermi01,OF,,,,,,
camerno01,P,,,,,,
camildo01,1B,,,,,,
camildo02,C,,,,,,
camillo01,SS,,,,,,
caminar01,P,,,,,,
caminju01,3B,,,,,,
caminke01,3B,,,,,,
cammaer01,P,,,,,,
camniha01,P,,,,,,
camniho01,P,,,,,,
campaal01,2B,,,,,,
campabe01,SS,,,,,,
campaco01,OF,,,,,,
campaji01,C,,,,,,
camparo01,C,,,,,,
campato01,OF,,,,,,
campban01,C,,,,,,
campbar01,P,,,,,,
campbbi01,P,,,,,,
campbbi02,P,,,,,,
campbbo01,C,,,,,,
campbbr01,OF,,,,,,
campbbr02,P,,,,,,
campbbu01,P,,,,,,
campbda01,2B,,,,,,
campbda02,P,,,,,,
campbda03,2B,,,,,,
campbem01,3B,,,,,,
campber01,3B,,,,,,
campbgi01,C,,,,,,
campbhu01,P,,,,,,
campbhu02,SS,,,,,,
campbis01,P,,,,,,
campbji01,C,,,,,,
campbji03,P,,,,,,
campbjo01,P,,,,,,
campbjo02,OF,,,,,,
campbke01,P,,,,,,
campbkr01,2B,,,,,,
campbmi01,P,,,,,,
campbmi02,1B,,,,,,
campbpa01,1B,,,,,,
campbpa02,P,,,,,,
campbro01,2B,,,,,,
campbsa01,2B,,,,,,
campbso01,OF,,,,,,
campbvi01,OF,,,,,,
campeca01,P,,,,,,
campegu01,OF,,,,,,
campfsa01,P,,,,,,
campho01,OF,,,,,,
campijo01,P,,,,,,
campijo02,C,,,,,,
campisa01,P,,,,,,
campki01,P,,,,,,
cample01,3B,,,,,,
campofr01,OF,,,,,,
campojo01,P,,,,,,
campole01,P,,,,,,
camporo01,OF,,,,,,
campota01,OF,,,,,,
campri01,P,,,,,,
campsge01,OF,,,,,,
campsh01,P,,,,,,
campulu01,C,,,,,,
campusi01,OF,,,,,,
canadji01,1B,,,,,,
canalge01,1B,,,,,,
canaral01,OF,,,,,,
canatwi01,OF,,,,,,
canavhu01,P,,,,,,
canavji01,OF,,,,,,
cancero01,C,,,,,,
candaca01,2B,,,,,,
candeje01,3B,,,,,,
candejo01,P,,,,,,
candimi01,P,,,,,,
candito01,P,,,,,,
caneijo01,P,,,,,,
cangejo01,OF,,,,,,
canhama01,OF,,,,,,
canizav01,SS,,,,,,
canizba01,1B,,,,,,
canizja01,2B,,,,,,
cannawa01,2B,,,,,,
canneri01,OF,,,,,,
cannian01,SS,,,,,,
cannich01,C,,,,,,
cannigr01,P,,,,,,
cannojo01,OF,,,,,,
cannojo02,P,,,,,,
cannori01,P,,,,,,
canojo01,P,,,,,,
canoro01,2B,,,,,,
canoye01,P,,,,,,
cansejo01,OF,,,,,,
canseoz01,OF,,,,,,
cantijo01,P,,,,,,
cantode01,P,,,,,,
cantrgu01,P,,,,,,
cantujo01,3B,,,,,,
cantwbe01,P,,,,,,
cantwmi01,P,,,,,,
cantwto01,P,,,,,,
cantzba01,C,,,,,,
canzlru01,OF,,,,,,
canzodo01,OF,,,,,,
capelco01,OF,,,,,,
capeljo01,P,,,,,,
capelmi01,P,,,,,,
caperle01,P,,,,,,
capildo01,P,,,,,,
cappsca01,P,,,,,,
cappsma01,P,,,,,,
cappuge01,P,,,,,,
caprabu01,P,,,,,,
caprani01,OF,,,,,,
capravi01,3B,,,,,,
capripa01,2B,,,,,,
caprora01,OF,,,,,,
capuach01,P,,,,,,
carabes01,OF,,,,,,
carabra01,2B,,,,,,
carasma01,P,,,,,,
caratvi01,C,,,,,,
carawpa01,P,,,,,,
carbijo01,1B,,,,,,
carbobe01,OF,,,,,,
cardead01,2B,,,,,,
cardefr01,C,,,,,,
cardejo01,P,,,,,,
cardejo02,OF,,,,,,
cardele01,SS,,,,,,
cardico01,P,,,,,,
cardobe01,P,,,,,,
cardoja01,C,,,,,,
cardust01,1B,,,,,,
cardwdo01,P,,,,,,
carewro01,1B,,,,,,
careyan01,3B,,,,,,
careyma01,OF,,,,,,
careypa01,1B,,,,,,
careyro01,2B,,,,,,
careysc01,1B,,,,,,
careyto01,SS,,,,,,
careyto02,2B,,,,,,
carfred01,SS,,,,,,
cargobo01,SS,,,,,,
carides01,P,,,,,,
carigan01,P,,,,,,
carisfr01,C,,,,,,
carleji01,1B,,,,,,
carlesh01,P,,,,,,
carlete01,P,,,,,,
carlfr01,OF,,,,,,
carliji01,OF,,,,,,
carlilu01,C,,,,,,
carlima01,2B,,,,,,
carlisy01,2B,,,,,,
carliwa01,OF,,,,,,
carlle01,C,,,,,,
carloci01,P,,,,,,
carlsda01,P,,,,,,
carlsdo01,P,,,,,,
carlsdy01,OF,,,,,,
carlsha01,P,,,,,,
carlsje01,P,,,,,,
carlsle01,P,,,,,,
carlssw01,SS,,,,,,
carltdr01,P,,,,,,
carltst01,P,,,,,,
carlybu01,P,,,,,,
carlycl01,OF,,,,,,
carlyro01,OF,,,,,,
carmado01,P,,,,,,
carmage01,SS,,,,,,
carmedu01,OF,,,,,,
carmich01,P,,,,,,
carmofa01,P,,,,,,
carmora01,P,,,,,,
carnebi01,OF,,,,,,
carneed01,OF,,,,,,
carnejo01,1B,,,,,,
carnepa01,OF,,,,,,
carpe01,P,,,,,,
carpean01,P,,,,,,
carpebo01,P,,,,,,
carpebu01,OF,,,,,,
carpech01,P,,,,,,
carpech02,P,,,,,,
carpecl01,OF,,,,,,
carpecr01,P,,,,,,
carpeda01,P,,,,,,
carpeda02,P,,,,,,
carpehi01,3B,,,,,,
carpeke01,OF,,,,,,
carpele01,P,,,,,,
carpema01,3B,,,,,,
carpepa01,P,,,,,,
carpery01,P,,,,,,
carpifr01,P,,,,,,
carpmi01,1B,,,,,,
carraal01,P,,,,,,
carraca01,P,,,,,,
carrach01,SS,,,,,,
carradj01,P,,,,,,
carragi01,P,,,,,,
carrahe01,P,,,,,,
carrch01,1B,,,,,,
carrch02,OF,,,,,,
carrcl01,OF,,,,,,
carream01,P,,,,,,
carreca01,C,,,,,,
carrecl01,3B,,,,,,
carreez01,OF,,,,,,
carrejo01,P,,,,,,
carrema01,OF,,,,,,
carrge01,1B,,,,,,
carrial01,P,,,,,,
carribe01,1B,,,,,,
carribi01,P,,,,,,
carribi02,C,,,,,,
carrice01,P,,,,,,
carrido01,P,,,,,,
carrima01,OF,,,,,,
carrjo01,OF,,,,,,
carrle01,SS,,,,,,
carrobr01,OF,,,,,,
carroch01,OF,,,,,,
carrocl01,OF,,,,,,
carrocl02,P,,,,,,
carroco01,P,,,,,,
carroco02,OF,,,,,,
carrodi01,P,,,,,,
carrodi02,OF,,,,,,
carrodo01,C,,,,,,
carroed01,P,,,,,,
carrofr01,C,,,,,,
carroja01,2B,,,,,,
carroow01,P,,,,,,
carropa01,C,,,,,,
carrosc01,OF,,,,,,
carrosc02,P,,,,,,
carroto01,3B,,,,,,
carroto02,P,,,,,,
carrwa01,P,,,,,,
carseki01,P,,,,,,
carso01,3B,,,,,,
carsoal01,P,,,,,,
carsoki01,OF,,,,,,
carsoma01,OF,,,,,,
carsoro01,P,,,,,,
carswfr01,OF,,,,,,
carswfr02,P,,,,,,
carte01,SS,,,,,,
carte02,SS,,,,,,
carte03,P,,,,,,
carteal01,OF,,,,,,
cartean01,P,,,,,,
cartear01,P,,,,,,
cartebi01,1B,,,,,,
cartebl01,OF,,,,,,
cartech01,OF,,,,,,
cartech02,1B,,,,,,
cartech03,P,,,,,,
cartecl01,P,,,,,,
carteev01,OF,,,,,,
cartega01,C,,,,,,
carteho01,2B,,,,,,
carteje01,P,,,,,,
carteji01,P,,,,,,
cartejo01,OF,,,,,,
carteki01,P,,,,,,
cartela01,P,,,,,,
cartela02,P,,,,,,
cartele01,SS,,,,,,
cartema01,3B,,,,,,
carteni01,P,,,,,,
cartepa01,P,,,,,,
cartepa02,P,,,,,,
carteso01,P,,,,,,
cartesp01,P,,,,,,
cartest01,OF,,,,,,
cartewi01,C,,,,,,
cartwed01,1B,,,,,,
cartyri01,OF,,,,,,
carusmi01,SS,,,,,,
carut01,1B,,,,,,
carutbo01,OF,,,,,,
carvama01,P,,,,,,
carych01,P,,,,,,
caryki01,3B,,,,,,
carysc01,P,,,,,,
casalcu01,C,,,,,,
casalje01,P,,,,,,
casanpa01,C,,,,,,
casanra01,C,,,,,,
casastr01,1B,,,,,,
cascajo01,P,,,,,,
case01,OF,,,,,,
casech01,P,,,,,,
casege01,OF,,,,,,
caseybi01,P,,,,,,
caseybi02,C,,,,,,
caseybo01,3B,,,,,,
caseyda01,P,,,,,,
caseyde01,OF,,,,,,
caseydo01,3B,,,,,,
caseyhu01,P,,,,,,
caseyjo01,C,,,,,,
caseyjo02,P,,,,,,
caseyse01,1B,,,,,,
cashbi01,C,,,,,,
cashda01,2B,,,,,,
cashica01,P,,,,,,
cashke01,C,,,,,,
cashnan01,P,,,,,,
cashno01,1B,,,,,,
cashro01,1B,,,,,,
casiala01,P,,,,,,
casilal01,2B,,,,,,
caskecr01,P,,,,,,
caskied01,SS,,,,,,
casoned01,C,,,,,,
casonjo01,C,,,,,,
caspabe01,P,,,,,,
cassaha01,OF,,,,,,
cassebo01,P,,,,,,
casseja01,P,,,,,,
cassied01,P,,,,,,
cassijo01,OF,,,,,,
cassijo02,SS,,,,,,
cassipe01,1B,,,,,,
cassisc01,P,,,,,,
castabl01,P,,,,,,
castada01,P,,,,,,
casteal01,OF,,,,,,
castege01,P,,,,,,
castehu01,P,,,,,,
casteni01,OF,,,,,,
castepe01,3B,,,,,,
castery01,P,,,,,,
castial01,C,,,,,,
castial02,P,,,,,,
castibo01,P,,,,,,
castibr01,OF,,,,,,
castica01,OF,,,,,,
castica02,P,,,,,,
castidi01,P,,,,,,
castidi02,SS,,,,,,
castier01,C,,,,,,
castifa01,P,,,,,,
castifr01,P,,,,,,
castiiv01,2B,,,,,,
castiji01,C,,,,,,
castijo01,3B,,,,,,
castijo02,2B,,,,,,
castijo03,P,,,,,,
castiju01,2B,,,,,,
castiju02,P,,,,,,
castiju03,1B,,,,,,
castile01,P,,,,,,
castilu01,2B,,,,,,
castilu02,P,,,,,,
castilu03,P,,,,,,
castima01,3B,,,,,,
castima02,3B,,,,,,
castima03,P,,,,,,
castipe01,3B,,,,,,
castiru01,OF,,,,,,
castito01,C,,,,,,
castito02,P,,,,,,
castivi01,C,,,,,,
castivi02,3B,,,,,,
castiwe01,C,,,,,,
castiwi01,OF,,,,,,
castlfo01,3B,,,,,,
castljo01,OF,,,,,,
castlro01,P,,,,,,
castlsl01,P,,,,,,
castnpa01,P,,,,,,
castoko01,1B,,,,,,
castran01,P,,,,,,
castran02,P,,,,,,
castrbe01,2B,,,,,,
castrbi01,P,,,,,,
castrda01,2B,,,,,,
castrfa01,P,,,,,,
castrha01,2B,,,,,,
castrja01,C,,,,,,
castrju01,SS,,,,,,
castrke01,P,,,,,,
castrlu01,2B,,,,,,
castrlu02,C,,,,,,
castrmi01,P,,,,,,
castrra01,C,,,,,,
castrra02,3B,,,,,,
castrro01,2B,,,,,,
castrsi01,P,,,,,,
castrst01,SS,,,,,,
castrwi01,OF,,,,,,
catalfr01,OF,,,,,,
caterda01,1B,,,,,,
catesel01,P,,,,,,
catesjo01,SS,,,,,,
catetr01,P,,,,,,
catheha01,P,,,,,,
cathemi01,P,,,,,,
cathete01,OF,,,,,,
cathewi01,P,,,,,,
catoke01,P,,,,,,
catonho01,SS,,,,,,
cattajo01,P,,,,,,
catteto01,OF,,,,,,
cattoha01,OF,,,,,,
caudibi01,P,,,,,,
caulfja01,SS,,,,,,
causere01,P,,,,,,
causewa01,SS,,,,,,
cavalca01,P,,,,,,
cavanjo01,3B,,,,,,
cavarph01,1B,,,,,,
cavazan01,P,,,,,,
caveja01,OF,,,,,,
cavenik01,SS,,,,,,
cavetpu01,P,,,,,,
ceasedy01,P,,,,,,
ceccaar01,P,,,,,,
cecchga01,3B,,,,,,
cecchga02,2B,,,,,,
ceccosl01,P,,,,,,
cecenjo01,P,,,,,,
cecilbr01,P,,,,,,
cecilda01,OF,,,,,,
cecilre01,P,,,,,,
cedajo01,P,,,,,,
cedenan01,SS,,,,,,
cedence01,OF,,,,,,
cedendo01,2B,,,,,,
cedenro01,OF,,,,,,
cedenro02,SS,,,,,,
cedenxa01,P,,,,,,
cederbl01,P,,,,,,
celadar01,SS,,,,,,
celesgi01,OF,,,,,,
centeju01,C,,,,,,
centepe01,P,,,,,,
cepedor01,1B,,,,,,
cephugo01,PH,,,,,,
cepicma01,OF,,,,,,
cerdaja01,P,,,,,,
cermaed01,OF,,,,,,
ceronri01,C,,,,,,
cerroju01,P,,,,,,
cerutjo01,P,,,,,,
cervbo01,OF,,,,,,
cervefr01,C,,,,,,
cervehu01,P,,,,,,
cervemi01,3B,,,,,,
cespeyo01,OF,,,,,,
cessalu01,P,,,,,,
ceyro01,3B,,,,,,
chacial01,P,,,,,,
chacigu01,P,,,,,,
chacijh01,P,,,,,,
chacoel01,SS,,,,,,
chacope01,SS,,,,,,
chacosh01,P,,,,,,
chadbch01,OF,,,,,,
chadwra01,P,,,,,,
chafian01,P,,,,,,
chagnle01,P,,,,,,
chakabo01,P,,,,,,
chalkda01,3B,,,,,,
chalmge01,P,,,,,,
chambad01,OF,,,,,,
chambal01,OF,,,,,,
chambbi01,P,,,,,,
chambbi02,P,,,,,,
chambch01,1B,,,,,,
chambcl01,P,,,,,,
chambcr01,P,,,,,,
chambed01,1B,,,,,,
chambel01,P,,,,,,
chambji01,3B,,,,,,
chambjo01,SS,,,,,,
chambjo02,P,,,,,,
chambjo03,P,,,,,,
chambro01,P,,,,,,
chambru01,P,,,,,,
chambwe01,OF,,,,,,
champbi01,P,,,,,,
champmi01,2B,,,,,,
chancbo01,1B,,,,,,
chancde01,P,,,,,,
chancfr01,1B,,,,,,
chandbu01,P,,,,,,
chanded01,P,,,,,,
chandsp01,P,,,,,,
chaneda01,SS,,,,,,
chanees01,P,,,,,,
changyu01,SS,,,,,,
channle01,OF,,,,,,
chantch01,OF,,,,,,
chapaan01,1B,,,,,,
chape01,OF,,,,,,
chapida01,P,,,,,,
chapl01,SS,,,,,,
chapled01,C,,,,,,
chaplti01,P,,,,,,
chapmar01,P,,,,,,
chapmbe01,OF,,,,,,
chapmca01,OF,,,,,,
chapmed01,P,,,,,,
chapmed02,P,,,,,,
chapmfr01,P,,,,,,
chapmfr02,SS,,,,,,
chapmgl01,OF,,,,,,
chapmha01,C,,,,,,
chapmja01,OF,,,,,,
chapmja02,P,,,,,,
chapmjo01,SS,,,,,,
chapmke01,2B,,,,,,
chapmke02,P,,,,,,
chapmle01,1B,,,,,,
chapmma01,3B,,,,,,
chapmra01,SS,,,,,,
chapmsa01,OF,,,,,,
chapmtr01,3B,,,,,,
chappbi01,P,,,,,,
chappha01,SS,,,,,,
chappla01,OF,,,,,,
charbjo01,OF,,,,,,
chargjt01,P,,,,,,
charlbe01,OF,,,,,,
charlch01,2B,,,,,,
charled01,3B,,,,,,
charlfr01,C,,,,,,
charlno01,P,,,,,,
charlos99,OF,,,,,,
charlpo01,P,,,,,,
charlre01,C,,,,,,
chartba01,1B,,,,,,
chartmi01,OF,,,,,,
chartpe01,P,,,,,,
chase01,P,,,,,,
chaseha01,1B,,,,,,
chaseke01,P,,,,,,
chathbu01,3B,,,,,,
chatm01,P,,,,,,
chatmed01,P,,,,,,
chattji01,1B,,,,,,
chatwty01,P,,,,,,
chavaos01,2B,,,,,,
chavean01,P,,,,,,
chavean02,2B,,,,,,
chaveen01,OF,,,,,,
chaveer01,3B,,,,,,
chaveje01,P,,,,,,
chavene01,P,,,,,,
chavera01,C,,,,,,
chavimi01,1B,,,,,,
cheadda01,P,,,,,,
cheatge01,P,,,,,,
chechch01,P,,,,,,
checoro01,P,,,,,,
cheekha01,C,,,,,,
cheevvi01,P,,,,,,
cheliit01,P,,,,,,
chenbr01,P,,,,,,
chench01,OF,,,,,,
chenela01,P,,,,,,
cheneto01,P,,,,,,
chengts01,SS,,,,,,
chenwe02,P,,,,,,
cherrro01,P,,,,,,
chervpa01,C,,,,,,
chesbja01,P,,,,,,
chesnbo01,P,,,,,,
chestda01,OF,,,,,,
chetkmi01,P,,,,,,
cheveto01,P,,,,,,
chiamsc01,P,,,,,,
chiassc01,P,,,,,,
chicktr01,P,,,,,,
chicoma01,P,,,,,,
chifffl01,P,,,,,,
childan01,2B,,,,,,
childbi01,P,,,,,,
childch01,P,,,,,,
childcu01,2B,,,,,,
childha01,P,,,,,,
childja01,P,,,,,,
childma01,P,,,,,,
childos01,P,,,,,,
childpe01,2B,,,,,,
childro01,P,,,,,,
childsa01,1B,,,,,,
chilepe01,OF,,,,,,
chileri01,OF,,,,,,
chiozdi01,SS,,,,,,
chiozlo01,2B,,,,,,
chipmbo01,P,,,,,,
chippwa01,OF,,,,,,
chiriro01,C,,,,,,
chiriyo01,P,,,,,,
chiselo01,3B,,,,,,
chishja01,2B,,,,,,
chismel01,OF,,,,,,
chismto01,1B,,,,,,
chisujo01,3B,,,,,,
chitiha01,C,,,,,,
chitrst01,P,,,,,,
chittne01,P,,,,,,
chivian01,P,,,,,,
chlupbo01,P,,,,,,
choatdo01,P,,,,,,
choatra01,P,,,,,,
choicmi01,OF,,,,,,
choihe01,1B,,,,,,
choiji01,1B,,,,,,
choji01,P,,,,,,
choosh01,OF,,,,,,
chouibo01,P,,,,,,
chouife01,OF,,,,,,
chounch01,P,,,,,,
chourja01,OF,,,,,,
chozeha01,C,,,,,,
chrisbo01,OF,,,,,,
chrisbr01,SS,,,,,,
chriscl01,P,,,,,,
chriscu01,OF,,,,,,
chrisga01,P,,,,,,
chrisja01,P,,,,,,
chrisjo01,OF,,,,,,
chrisjo02,OF,,,,,,
chrisju01,OF,,,,,,
chrisla01,P,,,,,,
chrisll01,OF,,,,,,
chrislo01,OF,,,,,,
chrisma01,3B,,,,,,
chrismc01,OF,,,,,,
chrismi01,P,,,,,,
chrismi02,P,,,,,,
chrisne01,OF,,,,,,
chrisni01,P,,,,,,
chrisru01,P,,,,,,
chrisry01,OF,,,,,,
chrisst01,C,,,,,,
christh01,OF,,,,,,
christi01,P,,,,,,
chulkvi01,P,,,,,,
churcbu01,P,,,,,,
churchi01,OF,,,,,,
churcle01,P,,,,,,
churcma01,P,,,,,,
churcna01,OF,,,,,,
churcry01,OF,,,,,,
churnch01,P,,,,,,
churrjo01,C,,,,,,
ciaffla01,OF,,,,,,
cianfar01,1B,,,,,,
ciardma01,P,,,,,,
ciasda01,C,,,,,,
cicerjo01,OF,,,,,,
cicotal01,P,,,,,,
cicoted01,P,,,,,,
cieslte01,3B,,,,,,
cihocal01,SS,,,,,,
cihoced01,SS,,,,,,
cimbead01,P,,,,,,
ciminpe01,P,,,,,,
cimolgi01,OF,,,,,,
cimorfr01,P,,,,,,
cingrto01,P,,,,,,
cintral01,SS,,,,,,
ciolalo01,P,,,,,,
ciprifr01,OF,,,,,,
ciriape01,3B,,,,,,
cirilje01,3B,,,,,,
cisarge01,OF,,,,,,
ciscoga01,P,,,,,,
cishest01,P,,,,,,
cisnejo01,P,,,,,,
cissebi01,2B,,,,,,
citarra01,P,,,,,,
ciuffni01,C,,,,,,
civalaa01,P,,,,,,
clabamo01,OF,,,,,,
clackbo01,OF,,,,,,
claggan01,P,,,,,,
claibpr01,P,,,,,,
clairda01,SS,,,,,,
clancal01,3B,,,,,,
clancbi01,1B,,,,,,
clancbu01,1B,,,,,,
clancji01,P,,,,,,
clantuk01,1B,,,,,,
clapich01,2B,,,,,,
clappaa01,1B,,,,,,
clappjo01,C,,,,,,
clappst01,2B,,,,,,
clarede01,2B,,,,,,
claredo01,2B,,,,,,
clark01,P,,,,,,
clark02,PR,,,,,,
clarkal01,OF,,,,,,
clarkal02,SS,,,,,,
clarkar01,C,,,,,,
clarkbi01,P,,,,,,
clarkbi02,OF,,,,,,
clarkbo01,C,,,,,,
clarkbo02,C,,,,,,
clarkbo03,P,,,,,,
clarkbo04,OF,,,,,,
clarkbo05,C,,,,,,
clarkbr01,P,,,,,,
clarkbr02,OF,,,,,,
clarkbu01,SS,,,,,,
clarkca01,C,,,,,,
clarkca02,OF,,,,,,
clarkcl01,OF,,,,,,
clarkco01,C,,,,,,
clarkda01,P,,,,,,
clarkda02,P,,,,,,
clarkda03,1B,,,,,,
clarkda04,3B,,,,,,
clarkda05,OF,,,,,,
clarkda06,P,,,,,,
clarkde01,2B,,,,,,
clarkde02,OF,,,,,,
clarkdo01,OF,,,,,,
clarkea01,OF,,,,,,
clarked01,P,,,,,,
clarkfr01,OF,,,,,,
clarkge01,P,,,,,,
clarkgi01,P,,,,,,
clarkgr01,3B,,,,,,
clarkha01,OF,,,,,,
clarkhe01,P,,,,,,
clarkho01,2B,,,,,,
clarkho02,OF,,,,,,
clarkja01,OF,,,,,,
clarkje01,OF,,,,,,
clarkje02,OF,,,,,,
clarkji01,OF,,,,,,
clarkji02,3B,,,,,,
clarkji03,OF,,,,,,
clarkjo01,P,,,,,,
clarkjo02,OF,,,,,,
clarkle01,P,,,,,,
clarkma01,P,,,,,,
clarkma02,1B,,,,,,
clarkma03,P,,,,,,
clarkme01,OF,,,,,,
clarkmi01,P,,,,,,
clarkmo01,SS,,,,,,
clarkni01,C,,,,,,
clarkot01,P,,,,,,
clarkpe01,3B,,,,,,
clarkph01,P,,,,,,
clarkph02,OF,,,,,,
clarkra01,P,,,,,,
clarkri01,P,,,,,,
clarkro01,OF,,,,,,
clarkro02,3B,,,,,,
clarkru01,P,,,,,,
clarkse01,P,,,,,,
clarksp01,OF,,,,,,
clarkst01,SS,,,,,,
clarkst02,P,,,,,,
clarksu01,OF,,,,,,
clarkta01,P,,,,,,
clarkte01,P,,,,,,
clarkto01,C,,,,,,
clarkto02,1B,,,,,,
clarkwa01,P,,,,,,
clarkwa02,P,,,,,,
clarkwe01,P,,,,,,
clarkwi01,1B,,,,,,
clarkwi02,1B,,,,,,
clarkwi03,2B,,,,,,
clarkza01,P,,,,,,
claryel01,3B,,,,,,
claryma01,P,,,,,,
claseem01,P,,,,,,
clasego01,P,,,,,,
clasejo01,OF,,,,,,
claudal01,P,,,,,,
clausal01,P,,,,,,
clausbr01,P,,,,,,
clausfr01,P,,,,,,
claxtji01,P,,,,,,
clay01,C,,,,,,
clay02,OF,,,,,,
claybi01,OF,,,,,,
clayda01,OF,,,,,,
clayda02,P,,,,,,
clayke01,P,,,,,,
clayle01,P,,,,,,
claysa01,P,,,,,,
claytro01,SS,,,,,,
claytza01,1B,,,,,,
cleagra01,OF,,,,,,
clearjo01,P,,,,,,
clearma01,P,,,,,,
cleavga01,P,,,,,,
clemebi01,P,,,,,,
clemebo01,OF,,,,,,
clemech01,OF,,,,,,
clemecl01,C,,,,,,
clemedo01,OF,,,,,,
clemeed01,SS,,,,,,
clemeed02,OF,,,,,,
clemeer01,3B,,,,,,
clemeja01,C,,,,,,
clemeje01,1B,,,,,,
clemeko01,1B,,,,,,
clemema01,P,,,,,,
clemepa01,P,,,,,,
clemepa02,P,,,,,,
clemero01,OF,,,,,,
clemero02,P,,,,,,
clemewa01,OF,,,,,,
clemoch01,P,,,,,,
clemola01,P,,,,,,
clemove01,C,,,,,,
clenddo01,1B,,,,,,
cletoma01,P,,,,,,
clevedu01,OF,,,,,,
cleveel01,3B,,,,,,
clevere01,P,,,,,,
clevest01,C,,,,,,
clevete01,P,,,,,,
clevimi01,P,,,,,,
clevlbr01,OF,,,,,,
clibust01,C,,,,,,
clibust02,P,,,,,,
clifflu01,C,,,,,,
cliftfl01,3B,,,,,,
cliftha01,3B,,,,,,
clinege01,OF,,,,,,
clinemo01,OF,,,,,,
clinety01,OF,,,,,,
clingbi01,3B,,,,,,
clintji01,OF,,,,,,
clintlo01,OF,,,,,,
clippty01,P,,,,,,
clonito01,P,,,,,,
clontbr01,P,,,,,,
clossjd01,C,,,,,,
clostal01,P,,,,,,
cloudke01,P,,,,,,
clouged01,OF,,,,,,
clowebi01,P,,,,,,
cloydty01,P,,,,,,
cluttbr01,P,,,,,,
clybuda01,OF,,,,,,
clydeda01,P,,,,,,
clydeto01,P,,,,,,
clymebi01,SS,,,,,,
clymeot01,OF,,,,,,
coachja01,C,,,,,,
coachpe01,3B,,,,,,
coaklan01,P,,,,,,
coangi01,OF,,,,,,
coateji01,P,,,,,,
coatsbu01,OF,,,,,,
coatsja01,OF,,,,,,
cobbal01,P,,,,,,
cobbge01,P,,,,,,
cobbhe01,P,,,,,,
cobblo01,C,,,,,,
cobbru01,C,,,,,,
cobbty01,OF,,,,,,
cobbw01,PH,,,,,,
cobleda01,C,,,,,,
cocanja01,P,,,,,,
cochrda01,OF,,,,,,
cochrge01,3B,,,,,,
cochrgo01,P,,,,,,
cochrmi01,C,,,,,,
cockeji01,C,,,,,,
cockmji01,3B,,,,,,
cockral01,OF,,,,,,
cockrph01,P,,,,,,
cocopa01,P,,,,,,
cocrege01,P,,,,,,
codirch01,P,,,,,,
codyky01,P,,,,,,
coellro01,P,,,,,,
coffeja01,SS,,,,,,
coffeto01,P,,,,,,
coffiiv01,3B,,,,,,
coffmdi01,P,,,,,,
coffmke01,P,,,,,,
coffmsl01,P,,,,,,
cogandi01,P,,,,,,
coganto01,P,,,,,,
coggida01,P,,,,,,
coggifr01,2B,,,,,,
coggiri01,OF,,,,,,
coghlch01,OF,,,,,,
cogswed01,1B,,,,,,
cohenal01,OF,,,,,,
cohenan01,2B,,,,,,
cohenhy01,P,,,,,,
cohenji01,P,,,,,,
cohensy01,P,,,,,,
coimbpa01,OF,,,,,,
cokeph01,P,,,,,,
cokerji01,C,,,,,,
colabch01,1B,,,,,,
colanmi01,OF,,,,,,
colasca01,C,,,,,,
colasjo01,OF,,,,,,
colasos01,OF,,,,,,
colavro01,OF,,,,,,
colbecr01,C,,,,,,
colbemi01,C,,,,,,
colbena01,1B,,,,,,
colbevi01,P,,,,,,
colboji01,P,,,,,,
colbrgr01,1B,,,,,,
colcoto01,P,,,,,,
coleaj01,P,,,,,,
coleal01,OF,,,,,,
colear01,P,,,,,,
colebe01,P,,,,,,
colece01,P,,,,,,
coleda01,P,,,,,,
coledi01,SS,,,,,,
coleed01,P,,,,,,
colege01,P,,,,,,
coleki01,P,,,,,,
colemar01,P,,,,,,
colembo01,C,,,,,,
colemca01,P,,,,,,
colemch01,C,,,,,,
colemcl01,C,,,,,,
colemcu01,3B,,,,,,
colemda01,OF,,,,,,
colemdu01,SS,,,,,,
colemdy01,P,,,,,,
colemed01,OF,,,,,,
colemgi01,OF,,,,,,
colemgo01,1B,,,,,,
colemje01,2B,,,,,,
colemjo01,OF,,,,,,
colemjo02,P,,,,,,
colemjo03,P,,,,,,
colemjo04,P,,,,,,
colemjo05,P,,,,,,
colemlo01,P,,,,,,
colemme01,SS,,,,,,
colemmi01,OF,,,,,,
colempe01,P,,,,,,
colemra01,OF,,,,,,
colemri01,P,,,,,,
colemvi01,OF,,,,,,
colesca01,OF,,,,,,
colesch01,OF,,,,,,
colesda01,3B,,,,,,
colesra01,OF,,,,,,
colest01,2B,,,,,,
coleta01,P,,,,,,
coletch01,OF,,,,,,
colevi01,P,,,,,,
colewi01,OF,,,,,,
coleza01,OF,,,,,,
colgaed01,C,,,,,,
colinal01,C,,,,,,
colined01,P,,,,,,
collaal01,P,,,,,,
collaha01,P,,,,,,
collawi01,P,,,,,,
collebo01,C,,,,,,
colli01,P,,,,,,
colliat01,P,,,,,,
collibi01,C,,,,,,
collibi02,OF,,,,,,
collich01,2B,,,,,,
collida01,OF,,,,,,
collida02,OF,,,,,,
collido01,P,,,,,,
collied01,2B,,,,,,
collied02,OF,,,,,,
collied03,OF,,,,,,
collige01,P,,,,,,
collige02,OF,,,,,,
colliha01,P,,,,,,
collihu01,2B,,,,,,
colliis01,OF,,,,,,
colliji01,3B,,,,,,
collijo01,1B,,,,,,
collike01,3B,,,,,,
collilo01,SS,,,,,,
collina01,3B,,,,,,
collior01,OF,,,,,,
collior02,P,,,,,,
collipa01,C,,,,,,
colliph01,P,,,,,,
collira01,P,,,,,,
colliri01,P,,,,,,
colliri02,1B,,,,,,
colliri03,C,,,,,,
collish01,OF,,,,,,
colliso01,P,,,,,,
colliti01,P,,,,,,
collity01,OF,,,,,,
colliwi01,OF,,,,,,
colliza01,C,,,,,,
collizi01,OF,,,,,,
collmjo01,P,,,,,,
colluja01,P,,,,,,
collvbi01,OF,,,,,,
colmafr01,OF,,,,,,
colomal01,P,,,,,,
colomje01,P,,,,,,
colonba01,P,,,,,,
colonch01,2B,,,,,,
coloncr01,SS,,,,,,
colonjo01,P,,,,,,
colonro01,P,,,,,,
colpadi01,P,,,,,,
colsolo01,P,,,,,,
colthal01,SS,,,,,,
coltola01,P,,,,,,
colucbo01,OF,,,,,,
colvity01,OF,,,,,,
colyest01,P,,,,,,
colziji01,P,,,,,,
combege01,P,,,,,,
combsea01,OF,,,,,,
combsja01,P,,,,,,
combsme01,SS,,,,,,
combspa01,P,,,,,,
comeljo01,P,,,,,,
comerst01,P,,,,,,
comerwa01,OF,,,,,,
comisch01,1B,,,,,,
commaji01,3B,,,,,,
comorad01,OF,,,,,,
comptcl01,P,,,,,,
comptja01,P,,,,,,
comptmi01,C,,,,,,
comptpe01,OF,,,,,,
comstke01,P,,,,,,
comstra01,P,,,,,,
conatcl01,OF,,,,,,
conceda01,SS,,,,,,
concege01,P,,,,,,
concemo01,P,,,,,,
conceon01,SS,,,,,,
condera01,3B,,,,,,
condrcl01,P,,,,,,
conebo01,P,,,,,,
coneda01,P,,,,,,
conefr01,OF,,,,,,
confomi01,OF,,,,,,
congabu01,OF,,,,,,
congedi01,P,,,,,,
congeha01,C,,,,,,
conigbi01,OF,,,,,,
conigto01,OF,,,,,,
coningr01,OF,,,,,,
coninje01,1B,,,,,,
conkwal01,P,,,,,,
conlajo01,OF,,,,,,
conlead01,P,,,,,,
conlebo01,P,,,,,,
conleed01,P,,,,,,
conlege01,P,,,,,,
conlesn01,P,,,,,,
conlojo01,2B,,,,,,
conlopj01,P,,,,,,
connabr01,1B,,,,,,
connafr01,SS,,,,,,
connafr02,3B,,,,,,
connasa01,P,,,,,,
connbe01,2B,,,,,,
connebi01,P,,,,,,
connege01,C,,,,,,
connepe01,3B,,,,,,
connest01,P,,,,,,
connete01,C,,,,,,
conneto01,OF,,,,,,
connobi01,P,,,,,,
connobu01,SS,,,,,,
connoch01,1B,,,,,,
connoed01,C,,,,,,
connoed02,P,,,,,,
connoje01,OF,,,,,,
connoji01,2B,,,,,,
connojo01,OF,,,,,,
connojo02,P,,,,,,
connojo03,C,,,,,,
connojo04,OF,,,,,,
connojo05,OF,,,,,,
connome01,3B,,,,,,
connone01,1B,,,,,,
connore01,OF,,,,,,
connoro01,1B,,,,,,
connoto01,3B,,,,,,
conovte01,P,,,,,,
conrabr01,3B,,,,,,
conrobe01,SS,,,,,,
conrobi01,3B,,,,,,
conrobi02,C,,,,,,
conroti01,P,,,,,,
conrowi01,3B,,,,,,
consobi01,SS,,,,,,
constji01,P,,,,,,
constjo01,OF,,,,,,
consusa01,P,,,,,,
contija01,OF,,,,,,
contrca01,P,,,,,,
contrjo01,P,,,,,,
contrlu01,P,,,,,,
contrma01,OF,,,,,,
contrna01,P,,,,,,
contrro01,P,,,,,,
contrwi01,C,,,,,,
contrwi02,C,,,,,,
conveji01,P,,,,,,
conwabi01,C,,,,,,
conwach01,OF,,,,,,
conwadi01,P,,,,,,
conwaja01,2B,,,,,,
conwaje01,P,,,,,,
conwaji01,P,,,,,,
conwaow01,3B,,,,,,
conwape01,P,,,,,,
conwari01,2B,,,,,,
conweed01,3B,,,,,,
conyehe01,1B,,,,,,
conzejo01,P,,,,,,
coogada01,SS,,,,,,
coogada02,1B,,,,,,
cookaa01,P,,,,,,
cookan01,P,,,,,,
cookbi01,OF,,,,,,
cookcl01,3B,,,,,,
cookco01,P,,,,,,
cookde01,P,,,,,,
cookdo01,OF,,,,,,
cookea01,P,,,,,,
cookedu01,OF,,,,,,
cookefr01,OF,,,,,,
cookeji01,P,,,,,,
cookest01,P,,,,,,
cookgl01,P,,,,,,
cookji01,OF,,,,,,
cookmi01,P,,,,,,
cookpa01,C,,,,,,
cookro01,P,,,,,,
cookro02,P,,,,,,
cookry01,P,,,,,,
cooksbr01,OF,,,,,,
coolbmi01,3B,,,,,,
coolbsc01,3B,,,,,,
cooledu01,OF,,,,,,
coombbo01,P,,,,,,
coombce01,OF,,,,,,
coombda01,P,,,,,,
coombja01,P,,,,,,
coomero01,1B,,,,,,
coonebi01,P,,,,,,
coonebo01,P,,,,,,
cooneji01,SS,,,,,,
cooneji02,SS,,,,,,
coonejo01,OF,,,,,,
cooneph01,3B,,,,,,
cooneti01,P,,,,,,
coonrsa01,P,,,,,,
coonwi01,OF,,,,,,
coopean01,SS,,,,,,
coopean99,P,,,,,,
coopear01,P,,,,,,
coopebi01,C,,,,,,
coopebr01,P,,,,,,
coopeca01,P,,,,,,
coopece01,1B,,,,,,
coopech01,1B,,,,,,
coopecl01,OF,,,,,,
coopeda01,1B,,,,,,
coopeda02,P,,,,,,
coopedo01,P,,,,,,
coopega01,OF,,,,,,
coopega02,3B,,,,,,
coopega03,1B,,,,,,
coopegu01,P,,,,,,
coopeja01,P,,,,,,
coopemo01,P,,,,,,
coopepa01,1B,,,,,,
coopesa01,P,,,,,,
coopesc01,3B,,,,,,
coopeto01,OF,,,,,,
coopewa01,C,,,,,,
coopewi01,P,,,,,,
copelma01,P,,,,,,
copelsc01,P,,,,,,
coppiro01,P,,,,,,
coppohe01,P,,,,,,
coquitr01,3B,,,,,,
coraal01,SS,,,,,,
corajo01,2B,,,,,,
corbech01,P,,,,,,
corbedo01,P,,,,,,
corbege01,1B,,,,,,
corbejo01,P,,,,,,
corbesh01,P,,,,,,
corbiar01,P,,,,,,
corbicl01,SS,,,,,,
corbipa01,P,,,,,,
corbira01,P,,,,,,
corcida01,P,,,,,,
corcoar01,3B,,,,,,
corcoja01,C,,,,,,
corcojo01,SS,,,,,,
corcola01,P,,,,,,
corcomi01,P,,,,,,
corcomi02,2B,,,,,,
corcoro01,P,,,,,,
corcoti01,1B,,,,,,
corcoti02,P,,,,,,
corcoto01,SS,,,,,,
cordech01,P,,,,,,
cordefr01,P,,,,,,
cordefr02,OF,,,,,,
cordeji01,P,,,,,,
cordery01,OF,,,,,,
cordewi01,OF,,,,,,
cordier01,P,,,,,,
cordoal01,OF,,,,,,
cordofr01,P,,,,,,
cordoma01,OF,,,,,,
cordope01,3B,,,,,,
coreybr01,P,,,,,,
coreyed01,P,,,,,,
coreyfr01,3B,,,,,,
coreyma01,OF,,,,,,
coreyma02,P,,,,,,
corgach01,SS,,,,,,
corharo01,SS,,,,,,
corkhpo01,OF,,,,,,
corkimi01,P,,,,,,
cormila01,P,,,,,,
cormirh01,P,,,,,,
cornebr01,P,,,,,,
corneje01,P,,,,,,
cornejo01,P,,,,,,
cornema01,P,,,,,,
cornena01,P,,,,,,
cornere01,P,,,,,,
cornewi01,P,,,,,,
cornijo01,P,,,,,,
cornute01,P,,,,,,
coronke01,OF,,,,,,
corpama01,P,,,,,,
corpoca01,C,,,,,,
corrapa01,C,,,,,,
correca01,SS,,,,,,
correed01,P,,,,,,
correfr01,SS,,,,,,
correke01,P,,,,,,
correro01,SS,,,,,,
correvi01,C,,,,,,
corrifr01,P,,,,,,
corriph01,2B,,,,,,
corrire01,SS,,,,,,
corsiji01,P,,,,,,
cortba01,P,,,,,,
corte01,PH,,,,,,
corteau01,C,,,,,,
corteca01,OF,,,,,,
corteda01,P,,,,,,
corteda02,P,,,,,,
cortefe01,2B,,,,,,
cortene01,P,,,,,,
corwial01,P,,,,,,
cosarja01,P,,,,,,
coscajo01,3B,,,,,,
coscape01,2B,,,,,,
cosgrmi01,P,,,,,,
cosgrto01,P,,,,,,
cosmaji01,P,,,,,,
cossro01,OF,,,,,,
costami01,1B,,,,,,
costash01,OF,,,,,,
costech01,C,,,,,,
costeda01,OF,,,,,,
costejo01,P,,,,,,
costoti01,OF,,,,,,
cotahu01,C,,,,,,
cotehe01,C,,,,,,
cothaca01,P,,,,,,
cotteda01,P,,,,,,
cottedi01,C,,,,,,
cotteed01,3B,,,,,,
cotteho01,1B,,,,,,
cotteto01,C,,,,,,
cottich01,2B,,,,,,
cottohe01,OF,,,,,,
cottojh01,P,,,,,,
cottren01,P,,,,,,
cottsne01,P,,,,,,
couchjo01,P,,,,,,
couchmi01,P,,,,,,
coughbi01,3B,,,,,,
coughde01,OF,,,,,,
coughed01,OF,,,,,,
coughma01,2B,,,,,,
coughro01,P,,,,,,
couloda01,P,,,,,,
coulsbo01,OF,,,,,,
coultch01,2B,,,,,,
coumbfr01,P,,,,,,
counscr01,2B,,,,,,
courtcl01,C,,,,,,
courter01,3B,,,,,,
courtha01,P,,,,,,
courtjo01,P,,,,,,
courtry01,1B,,,,,,
couside01,C,,,,,,
cousija01,P,,,,,,
cousisc01,OF,,,,,,
coutljo01,P,,,,,,
covelha01,P,,,,,,
covelst01,P,,,,,,
covenja01,C,,,,,,
coveydy01,P,,,,,,
covinch01,P,,,,,,
covinsa01,1B,,,,,,
covinte01,P,,,,,,
covinwe01,OF,,,,,,
cowanbi01,OF,,,,,,
cowanjo01,2B,,,,,,
cowarka01,3B,,,,,,
cowenal01,OF,,,,,,
cowgico01,OF,,,,,,
cowlejo01,P,,,,,,
cowseco01,OF,,,,,,
coxal01,P,,,,,,
coxau01,P,,,,,,
coxbi01,P,,,,,,
coxbi02,3B,,,,,,
coxbo01,3B,,,,,,
coxca01,P,,,,,,
coxco01,OF,,,,,,
coxda01,P,,,,,,
coxda02,C,,,,,,
coxdi01,OF,,,,,,
coxer01,P,,,,,,
coxfr01,SS,,,,,,
coxge01,P,,,,,,
coxgl01,P,,,,,,
coxja01,P,,,,,,
coxje01,2B,,,,,,
coxji01,2B,,,,,,
coxla01,C,,,,,,
coxle01,P,,,,,,
coxre01,P,,,,,,
coxro01,3B,,,,,,
coxst01,1B,,,,,,
coxte01,P,,,,,,
coxte02,3B,,,,,,
coxto01,P,,,,,,
coylebi01,P,,,,,,
coyneto01,3B,,,,,,
cozarch01,P,,,,,,
cozarha01,P,,,,,,
cozarza01,SS,,,,,,
cozendy01,OF,,,,,,
crabbca01,2B,,,,,,
crabbro01,P,,,,,,
crablge01,P,,,,,,
crabtes01,OF,,,,,,
crabtti01,P,,,,,,
craddwa01,P,,,,,,
craddwi01,OF,,,,,,
cradlri01,OF,,,,,,
craftha01,OF,,,,,,
craftmo01,P,,,,,,
craghho01,P,,,,,,
craigal01,OF,,,,,,
craigch01,P,,,,,,
craigge01,P,,,,,,
craigho01,P,,,,,,
craigjo01,OF,,,,,,
craigpe01,P,,,,,,
craigro01,P,,,,,,
craigro02,OF,,,,,,
craigwi01,1B,,,,,,
crainje01,P,,,,,,
crainjo01,C,,,,,,
cramebi01,P,,,,,,
cramebo01,P,,,,,,
cramedi01,OF,,,,,,
cramedo01,OF,,,,,,
cramje01,P,,,,,,
crandde01,C,,,,,,
cranddo01,P,,,,,,
craneed01,P,,,,,,
cranefr01,1B,,,,,,
cranesa01,2B,,,,,,
cranesa02,SS,,,,,,
cravaga01,OF,,,,,,
cravebi01,2B,,,,,,
cravyty01,P,,,,,,
crawfbr01,SS,,,,,,
crawfca01,P,,,,,,
crawfca02,OF,,,,,,
crawfev01,P,,,,,,
crawffo01,SS,,,,,,
crawfge01,OF,,,,,,
crawfgl01,OF,,,,,,
crawfhu01,SS,,,,,,
crawfja01,OF,,,,,,
crawfji01,P,,,,,,
crawfjo01,P,,,,,,
crawfjp01,SS,,,,,,
crawfke01,1B,,,,,,
crawfku01,P,,,,,,
crawfla01,P,,,,,,
crawfpa01,2B,,,,,,
crawfpa02,P,,,,,,
crawfsa01,OF,,,,,,
crawfsa02,P,,,,,,
crawfst01,P,,,,,,
crawfwi01,OF,,,,,,
creacde01,3B,,,,,,
creamge01,2B,,,,,,
credejo01,3B,,,,,,
creebi01,OF,,,,,,
creedpa01,2B,,,,,,
creegma01,OF,,,,,,
creekdo01,P,,,,,,
creekwi01,C,,,,,,
creelgu01,SS,,,,,,
creelja01,P,,,,,,
creelke01,P,,,,,,
cregape01,OF,,,,,,
cregebe01,SS,,,,,,
cremibo01,P,,,,,,
crespal01,OF,,,,,,
crespce01,2B,,,,,,
crespcr01,2B,,,,,,
crespfe01,OF,,,,,,
crespro01,2B,,,,,,
cressja01,P,,,,,,
cresswa01,P,,,,,,
crewsdy01,OF,,,,,,
crewsti01,P,,,,,,
crichst01,P,,,,,,
crickky01,P,,,,,,
crideje01,P,,,,,,
crigelo01,C,,,,,,
crigl01,1B,,,,,,
crimbl01,1B,,,,,,
crimch01,P,,,,,,
crimija01,P,,,,,,
cripeda01,3B,,,,,,
criscda01,C,,,,,,
criscto01,OF,,,,,,
crishpa01,1B,,,,,,
crismna01,P,,,,,,
crispco01,OF,,,,,,
crispjo01,C,,,,,,
crissdo01,P,,,,,,
cristbi01,P,,,,,,
cristch01,C,,,,,,
cristle01,P,,,,,,
criswco01,P,,,,,,
criswje01,P,,,,,,
critcmo01,P,,,,,,
critt01,1B,,,,,,
critzhu01,2B,,,,,,
crochga01,P,,,,,,
crockcl01,P,,,,,,
crockda01,1B,,,,,,
crockfr01,OF,,,,,,
crockky01,P,,,,,,
croftar01,1B,,,,,,
croftha01,OF,,,,,,
crolifr01,OF,,,,,,
cromale01,2B,,,,,,
cromawa01,OF,,,,,,
cromedt01,1B,,,,,,
crometr01,SS,,,,,,
cromphe01,C,,,,,,
crompne01,OF,,,,,,
cronch01,1B,,,,,,
croncj01,1B,,,,,,
croneja01,2B,,,,,,
cronera01,P,,,,,,
cronibi01,C,,,,,,
cronida01,2B,,,,,,
cronide01,P,,,,,,
cronija01,P,,,,,,
croniji01,2B,,,,,,
cronijo01,SS,,,,,,
cronke01,1B,,,,,,
crookja01,2B,,,,,,
crookji01,C,,,,,,
crookna01,OF,,,,,,
crookto01,1B,,,,,,
croplty01,C,,,,,,
crosbbo01,SS,,,,,,
crosbbu01,OF,,,,,,
crosbca01,P,,,,,,
crosbed01,SS,,,,,,
crosbge01,P,,,,,,
crosbke01,P,,,,,,
crosbwa01,C,,,,,,
crosefr01,SS,,,,,,
crossam01,C,,,,,,
crosscl01,SS,,,,,,
crossfr01,OF,,,,,,
crossfr02,C,,,,,,
crossje01,SS,,,,,,
crossjo01,OF,,,,,,
crossla01,3B,,,,,,
crossle01,P,,,,,,
crossmo01,SS,,,,,,
crossno01,P,,,,,,
crothdo01,P,,,,,,
crottjo01,C,,,,,,
crottmi01,P,,,,,,
croucbi01,P,,,,,,
croucbi02,P,,,,,,
croucfr01,SS,,,,,,
croucja01,C,,,,,,
croucza01,P,,,,,,
crousbu01,C,,,,,,
crousha01,P,,,,,,
crousri01,P,,,,,,
crowaa01,P,,,,,,
crowape01,OF,,,,,,
crowdal01,P,,,,,,
crowde01,P,,,,,,
crowdo01,C,,,,,,
crowdwi01,P,,,,,,
crowebi01,P,,,,,,
croweca01,P,,,,,,
crowege01,1B,,,,,,
croweji01,P,,,,,,
crowetr01,OF,,,,,,
crowewi01,P,,,,,,
crowlbi01,OF,,,,,,
crowled01,3B,,,,,,
crowljo01,C,,,,,,
crowlte01,OF,,,,,,
crowswo01,P,,,,,,
crozier01,1B,,,,,,
crucefr01,P,,,,,,
crudami01,P,,,,,,
cruema01,P,,,,,,
cruiswa01,OF,,,,,,
crumbal01,OF,,,,,,
crumca01,P,,,,,,
crumlge01,C,,,,,,
crumpbu01,OF,,,,,,
crumpja01,2B,,,,,,
crumpro01,P,,,,,,
crutcdi01,P,,,,,,
crutcji01,OF,,,,,,
cruthpr01,2B,,,,,,
cruzde01,SS,,,,,,
cruzen01,SS,,,,,,
cruzfa01,SS,,,,,,
cruzfe01,P,,,,,,
cruzhe01,OF,,,,,,
cruzhe02,OF,,,,,,
cruziv01,1B,,,,,,
cruzja01,OF,,,,,,
cruzje01,P,,,,,,
cruzjo01,OF,,,,,,
cruzjo02,OF,,,,,,
cruzju01,2B,,,,,,
cruzju02,P,,,,,,
cruzlu01,3B,,,,,,
cruzne01,P,,,,,,
cruzne02,OF,,,,,,
cruzom01,P,,,,,,
cruzon01,SS,,,,,,
cruzra01,P,,,,,,
cruzrh01,P,,,,,,
cruzst01,P,,,,,,
cruzto01,OF,,,,,,
cruzto02,SS,,,,,,
cruzto03,C,,,,,,
cruzvi01,P,,,,,,
cuasjo01,P,,,,,,
cubbami01,3B,,,,,,
cubilda01,P,,,,,,
cuccial01,2B,,,,,,
cuccito01,2B,,,,,,
cuccuco01,P,,,,,,
cuddymi01,OF,,,,,,
cudwoji01,1B,,,,,,
cuellbo01,P,,,,,,
cuellch01,P,,,,,,
cuellmi01,P,,,,,,
cueriba01,1B,,,,,,
cuetobe01,P,,,,,,
cuetojo01,P,,,,,,
cuetoma01,OF,,,,,,
cuevano01,OF,,,,,,
cuevawi01,P,,,,,,
cuffjo01,C,,,,,,
culbech01,3B,,,,,,
culbele01,OF,,,,,,
culledi01,SS,,,,,,
culleja01,P,,,,,,
cullejo01,OF,,,,,,
cullero01,OF,,,,,,
culleti01,2B,,,,,,
cullobu01,P,,,,,,
culloni01,P,,,,,,
culloni02,OF,,,,,,
culmewi01,OF,,,,,,
culp01,2B,,,,,,
culpbe01,C,,,,,,
culpbi01,P,,,,,,
culpra01,P,,,,,,
culvech01,OF,,,,,,
culvege01,P,,,,,,
cumbejo01,P,,,,,,
cummi01,C,,,,,,
cummica01,P,,,,,,
cummich01,1B,,,,,,
cummija01,C,,,,,,
cummijo01,P,,,,,,
cummimi01,OF,,,,,,
cummist01,P,,,,,,
cumptbr01,P,,,,,,
cunnawi01,P,,,,,,
cunni01,P,,,,,,
cunni02,P,,,,,,
cunni03,P,,,,,,
cunniaa01,OF,,,,,,
cunnibe01,P,,,,,,
cunnibi01,2B,,,,,,
cunnibi02,OF,,,,,,
cunnibr01,P,,,,,,
cunnibr02,P,,,,,,
cunnige01,P,,,,,,
cunniha01,P,,,,,,
cunnijo01,1B,,,,,,
cunnijo02,SS,,,,,,
cunnima01,1B,,,,,,
cunnimi01,P,,,,,,
cunnira01,3B,,,,,,
cunnito01,OF,,,,,,
cunnive01,OF,,,,,,
cuppyni01,P,,,,,,
curledo01,2B,,,,,,
currasa01,P,,,,,,
currela01,P,,,,,,
currepe01,C,,,,,,
curribi01,P,,,,,,
curricl01,P,,,,,,
currimu01,P,,,,,,
curripe01,SS,,,,,,
curryge01,P,,,,,,
currygo01,OF,,,,,,
curryji01,2B,,,,,,
curryru01,P,,,,,,
curryst01,P,,,,,,
curryto01,OF,,,,,,
currywe01,P,,,,,,
curryxz01,P,,,,,,
curti01,C,,,,,,
curtich01,OF,,,,,,
curticl01,P,,,,,,
curtico01,OF,,,,,,
curtier01,OF,,,,,,
curtifr01,1B,,,,,,
curtige01,OF,,,,,,
curtiha01,C,,,,,,
curtija01,P,,,,,,
curtije01,OF,,,,,,
curtijo01,P,,,,,,
curtijo02,P,,,,,,
curtive01,P,,,,,,
curtiwi01,1B,,,,,,
curtiza01,P,,,,,,
curtrgu01,OF,,,,,,
curvelu01,P,,,,,,
cushmed01,P,,,,,,
cushmha01,P,,,,,,
cusicja01,SS,,,,,,
cusicto01,C,,,,,,
custja01,OF,,,,,,
cuthbch01,3B,,,,,,
cuthbne01,OF,,,,,,
cutshge01,2B,,,,,,
cuyleki01,OF,,,,,,
cuylemi01,OF,,,,,,
cvengmi01,P,,,,,,
cyperal01,3B,,,,,,
cyrer01,P,,,,,,
cyrty01,P,,,,,,
czajkji01,P,,,,,,
daalom01,P,,,,,,
dacqujo01,P,,,,,,
dadepa01,OF,,,,,,
dagenjo01,P,,,,,,
daglipe01,P,,,,,,
dagrean01,OF,,,,,,
dahlda01,OF,,,,,,
dahlebi01,SS,,,,,,
dahlgba01,1B,,,,,,
dahlja01,P,,,,,,
dahlkje01,P,,,,,,
daiglca01,P,,,,,,
dailebi01,P,,,,,,
daileja01,1B,,,,,,
dailejo01,SS,,,,,,
dailesa01,P,,,,,,
dailevi01,OF,,,,,,
dailyco01,C,,,,,,
dailyed01,OF,,,,,,
dailyhu01,P,,,,,,
daisege01,OF,,,,,,
dalbebo01,1B,,,,,,
dalcabr01,P,,,,,,
daleca01,P,,,,,,
dalege01,P,,,,,,
dalesma01,C,,,,,,
daleybi01,P,,,,,,
daleybu01,P,,,,,,
daleyjo01,SS,,,,,,
daleyju01,OF,,,,,,
daleyma01,P,,,,,,
daleype01,C,,,,,,
daleyto01,OF,,,,,,
dallaeg01,1B,,,,,,
dallapo01,3B,,,,,,
dalledo01,OF,,,,,,
dallibr01,2B,,,,,,
dalryab01,OF,,,,,,
dalrybi01,3B,,,,,,
dalrycl01,C,,,,,,
daltoja01,OF,,,,,,
daltomi01,P,,,,,,
dalybe01,2B,,,,,,
dalyge01,P,,,,,,
dalyjo01,OF,,,,,,
dalysu01,OF,,,,,,
dalyto01,2B,,,,,,
dalyto02,C,,,,,,
damasja01,2B,,,,,,
dambi01,OF,,,,,,
damicje01,P,,,,,,
damicje02,P,,,,,,
dammabi01,P,,,,,,
damonjo01,OF,,,,,,
damraha01,3B,,,,,,
danaca01,P,,,,,,
danaglu01,2B,,,,,,
dandrra99,3B,,,,,,
dandrri01,SS,,,,,,
dandrtr01,SS,,,,,,
dandyge01,P,,,,,,
danekpa01,P,,,,,,
daneyar01,P,,,,,,
danfoda01,P,,,,,,
danie01,P,,,,,,
danie02,OF,,,,,,
daniebe01,OF,,,,,,
daniebe02,P,,,,,,
daniech01,P,,,,,,
daniech02,P,,,,,,
danieda01,P,,,,,,
danieed01,P,,,,,,
daniefr01,OF,,,,,,
daniege01,P,,,,,,
danieja01,1B,,,,,,
danieja02,OF,,,,,,
danieji01,P,,,,,,
danieka01,OF,,,,,,
daniela01,C,,,,,,
daniepe01,P,,,,,,
daniepe02,C,,,,,,
danieto01,2B,,,,,,
danisty01,P,,,,,,
danksjo01,P,,,,,,
danksjo02,OF,,,,,,
dannebu01,SS,,,,,,
danneha01,P,,,,,,
danniha01,C,,,,,,
danniik01,C,,,,,,
dantofa01,C,,,,,,
dantoja01,1B,,,,,,
danziba01,1B,,,,,,
dappecl01,C,,,,,,
darbyge01,P,,,,,,
darcypa01,P,,,,,,
darenvi01,P,,,,,,
darincl01,SS,,,,,,
darinro01,SS,,,,,,
darkal01,SS,,,,,,
darlide01,C,,,,,,
darliro01,P,,,,,,
darnach01,SS,,,,,,
darnatr01,C,,,,,,
darnebo01,P,,,,,,
darnedu01,P,,,,,,
darneja01,3B,,,,,,
darnelo01,P,,,,,,
darraja01,1B,,,,,,
darremi01,P,,,,,,
darrmi01,P,,,,,,
darrmi02,OF,,,,,,
darroge01,P,,,,,,
darviyu01,P,,,,,,
darwibo01,OF,,,,,,
darwida01,P,,,,,,
darwije01,P,,,,,,
dascedo01,OF,,,,,,
dashiwa01,SS,,,,,,
dashnle01,P,,,,,,
dasle01,PR,,,,,,
dassofr01,P,,,,,,
datzje01,C,,,,,,
daubabr01,1B,,,,,,
daubda01,P,,,,,,
daubeja01,1B,,,,,,
dauerri01,2B,,,,,,
daughja01,OF,,,,,,
daultda01,C,,,,,,
daussho01,P,,,,,,
davalvi01,OF,,,,,,
davalyo01,SS,,,,,,
davanje01,SS,,,,,,
davanje02,OF,,,,,,
davencl01,P,,,,,,
davenda01,P,,,,,,
davenji01,3B,,,,,,
davenjo01,P,,,,,,
davenll01,OF,,,,,,
davenlu01,P,,,,,,
daveymi01,P,,,,,,
daveyto01,P,,,,,,
daviara01,P,,,,,,
david01,PH,,,,,,
davidan01,OF,,,,,,
davidbi01,OF,,,,,,
davidbo01,P,,,,,,
davidch01,P,,,,,,
davidcl01,2B,,,,,,
davidcl02,2B,,,,,,
davidda01,P,,,,,,
davidda02,P,,,,,,
davidho01,C,,,,,,
davidlo01,1B,,,,,,
davidma01,OF,,,,,,
davidma02,3B,,,,,,
davidte01,P,,,,,,
davidtu01,P,,,,,,
daviech01,P,,,,,,
daviege01,P,,,,,,
davieje01,P,,,,,,
davieky01,P,,,,,,
davieza01,P,,,,,,
davis01,P,,,,,,
davis02,SS,,,,,,
davis03,2B,,,,,,
davis04,C,,,,,,
davis05,SS,,,,,,
davisal01,1B,,,,,,
davisal02,P,,,,,,
davisam01,OF,,,,,,
davisau01,P,,,,,,
davisau02,3B,,,,,,
davisba01,OF,,,,,,
davisbe01,C,,,,,,
davisbi01,1B,,,,,,
davisbl01,2B,,,,,,
davisbo01,P,,,,,,
davisbo02,C,,,,,,
davisbr01,OF,,,,,,
davisbr02,OF,,,,,,
davisbr03,C,,,,,,
davisbr04,OF,,,,,,
davisbu01,P,,,,,,
davisbu02,OF,,,,,,
davisbu03,SS,,,,,,
davisbu04,OF,,,,,,
davisch01,OF,,,,,,
davisch02,1B,,,,,,
daviscr01,2B,,,,,,
daviscu01,P,,,,,,
davisda01,P,,,,,,
davisdi01,P,,,,,,
davisdi02,OF,,,,,,
davisdo01,C,,,,,,
davisdo02,P,,,,,,
davisea01,2B,,,,,,
daviser01,OF,,,,,,
daviser02,P,,,,,,
davisfr01,P,,,,,,
davisg01,C,,,,,,
davisge01,SS,,,,,,
davisge02,P,,,,,,
davisge03,OF,,,,,,
davisgl01,1B,,,,,,
davisgo01,OF,,,,,,
davisha01,1B,,,,,,
davisha02,1B,,,,,,
davishe01,C,,,,,,
davisho01,2B,,,,,,
davisik01,SS,,,,,,
davisik02,1B,,,,,,
davisir01,SS,,,,,,
davisja01,OF,,,,,,
davisja02,P,,,,,,
davisja03,OF,,,,,,
davisja04,C,,,,,,
davisjd01,3B,,,,,,
davisji01,P,,,,,,
davisji02,3B,,,,,,
davisjj01,OF,,,,,,
davisjo01,3B,,,,,,
davisjo02,C,,,,,,
davisjo03,P,,,,,,
davisjo04,P,,,,,,
davisjo05,OF,,,,,,
davisjo06,OF,,,,,,
davisjo07,OF,,,,,,
davisjo08,P,,,,,,
davisju01,3B,,,,,,
daviska01,P,,,,,,
daviskh01,OF,,,,,,
daviski01,OF,,,,,,
davisla01,P,,,,,,
davisla02,OF,,,,,,
davisle01,OF,,,,,,
davisle02,P,,,,,,
davisle03,P,,,,,,
davisma01,P,,,,,,
davisma02,OF,,,,,,
davismi01,P,,,,,,
davismi02,OF,,,,,,
davisno01,P,,,,,,
davisod01,SS,,,,,,
davisos01,OF,,,,,,
davispe01,P,,,,,,
davispe02,P,,,,,,
davispi01,1B,,,,,,
davispr01,3B,,,,,,
davisqu01,OF,,,,,,
davisra01,OF,,,,,,
davisro01,OF,,,,,,
davisro02,P,,,,,,
davisro03,P,,,,,,
davisro04,P,,,,,,
davisro05,P,,,,,,
davisru01,3B,,,,,,
davissa01,P,,,,,,
davissa02,SS,,,,,,
davissc01,P,,,,,,
davissh01,3B,,,,,,
davissp01,C,,,,,,
davissp02,3B,,,,,,
davisst01,2B,,,,,,
davisst02,P,,,,,,
davisst03,P,,,,,,
davisst04,OF,,,,,,
davista01,C,,,,,,
davisti01,P,,,,,,
davisto01,SS,,,,,,
davisto02,OF,,,,,,
davisto03,C,,,,,,
davistr01,OF,,,,,,
daviswa01,P,,,,,,
daviswi01,P,,,,,,
daviswi02,OF,,,,,,
daviswi03,OF,,,,,,
daviswi04,P,,,,,,
daviswo01,P,,,,,,
dawkitr01,SS,,,,,,
dawlebi01,P,,,,,,
dawlejo01,P,,,,,,
dawsoan01,OF,,,,,,
dawsojo01,P,,,,,,
dawsojo02,C,,,,,,
dawsole01,PH,,,,,,
dawsore01,P,,,,,,
daybi01,P,,,,,,
daybo01,OF,,,,,,
dayco01,2B,,,,,,
dayde01,P,,,,,,
dayetbr01,OF,,,,,,
dayle99,P,,,,,,
dayleke01,P,,,,,,
daype01,P,,,,,,
daytogr01,P,,,,,,
dayza01,P,,,,,,
dazayo01,OF,,,,,,
deaglre01,P,,,,,,
deagoro01,P,,,,,,
dealch01,3B,,,,,,
dealco01,P,,,,,,
dealjo01,OF,,,,,,
dealli01,OF,,,,,,
dealsn01,1B,,,,,,
dealypa01,C,,,,,,
deanau01,OF,,,,,,
deanbi01,C,,,,,,
deanbo01,3B,,,,,,
deanch01,P,,,,,,
deanch02,C,,,,,,
deandi01,P,,,,,,
deando01,P,,,,,,
deaneal01,P,,,,,,
deaneha01,OF,,,,,,
deanha01,P,,,,,,
deanju01,OF,,,,,,
deanne01,P,,,,,,
deanpa01,P,,,,,,
deanpa02,P,,,,,,
deanro01,P,,,,,,
deanto01,SS,,,,,,
deanwa01,P,,,,,,
dearbu01,2B,,,,,,
dearmch01,3B,,,,,,
deasljo01,SS,,,,,,
deaslpa01,C,,,,,,
deasya01,C,,,,,,
deazaal01,OF,,,,,,
debarde01,P,,,,,,
deberha01,C,,,,,,
deberjo01,P,,,,,,
debnaro01,OF,,,,,,
debusad01,SS,,,,,,
debusda01,P,,,,,,
decatar01,P,,,,,,
decindo01,3B,,,,,,
deckeco01,1B,,,,,,
deckedu01,SS,,,,,,
deckefr01,2B,,,,,,
deckege01,OF,,,,,,
deckeha01,C,,,,,,
deckeja01,OF,,,,,,
deckejo01,P,,,,,,
deckema01,P,,,,,,
deckest01,C,,,,,,
decuili01,C,,,,,,
dedear01,C,,,,,,
dedearo01,SS,,,,,,
dedearu01,P,,,,,,
dedmoje01,P,,,,,,
dedriji01,P,,,,,,
dedunsa01,P,,,,,,
deegadu01,P,,,,,,
deeji01,SS,,,,,,
deerijo01,P,,,,,,
deerro01,OF,,,,,,
deesch01,1B,,,,,,
deesh01,SS,,,,,,
deetzde01,P,,,,,,
defatto01,3B,,,,,,
defraju01,P,,,,,,
defrear01,1B,,,,,,
degermi01,P,,,,,,
degeubr01,P,,,,,,
degotal01,2B,,,,,,
degroja01,P,,,,,,
degroru01,OF,,,,,,
dehaako01,OF,,,,,,
deharri01,P,,,,,,
dehlmhe01,1B,,,,,,
deichgr01,OF,,,,,,
deideji01,C,,,,,,
deinipe01,OF,,,,,,
deisepa01,C,,,,,,
deiso01,OF,,,,,,
deitrbi01,OF,,,,,,
dejanmi01,OF,,,,,,
dejeami01,P,,,,,,
dejesan01,P,,,,,,
dejesda01,OF,,,,,,
dejesen01,P,,,,,,
dejesiv01,SS,,,,,,
dejesiv02,2B,,,,,,
dejesjo01,P,,,,,,
dejohma01,SS,,,,,,
dejonch01,P,,,,,,
dejonjo01,P,,,,,,
dejonpa01,SS,,,,,,
dekonbi01,C,,,,,,
delabst01,P,,,,,,
delacbr01,OF,,,,,,
delacel01,SS,,,,,,
delaceu01,P,,,,,,
delacjo01,P,,,,,,
delacto01,P,,,,,,
delahed01,OF,,,,,,
delahfr01,OF,,,,,,
delahji01,2B,,,,,,
delahjo01,OF,,,,,,
delahmi01,3B,,,,,,
delahto01,3B,,,,,,
delamro01,P,,,,,,
delanar01,P,,,,,,
delanbi01,2B,,,,,,
delanbi02,C,,,,,,
delanfr01,2B,,,,,,
delanro01,P,,,,,,
delarda01,P,,,,,,
delareu01,P,,,,,,
delarfr01,P,,,,,,
delarjo01,P,,,,,,
delarru01,P,,,,,,
delarto01,SS,,,,,,
delatjo01,P,,,,,,
delayja01,C,,,,,,
delcaad01,C,,,,,,
delcama01,P,,,,,,
deleojo01,P,,,,,,
deleojo02,P,,,,,,
deleojo03,P,,,,,,
deleolu01,P,,,,,,
delgaal01,C,,,,,,
delgaal02,OF,,,,,,
delgaca01,1B,,,,,,
delgafe01,OF,,,,,,
delgaje01,P,,,,,,
delgapu01,OF,,,,,,
delgara01,P,,,,,,
delgawi01,SS,,,,,,
delgrbo01,OF,,,,,,
delhifl01,P,,,,,,
delisju01,3B,,,,,,
delkeed01,2B,,,,,,
dellaja01,SS,,,,,,
delluda01,OF,,,,,,
dellwh01,P,,,,,,
delmabe01,2B,,,,,,
delmoni01,OF,,,,,,
deloaza01,OF,,,,,,
delocik01,P,,,,,,
delosab01,P,,,,,,
delosen01,P,,,,,,
delosfa01,P,,,,,,
deloslu01,1B,,,,,,
deloslu02,P,,,,,,
deloslu03,3B,,,,,,
delosra01,P,,,,,,
delosva01,P,,,,,,
delosye01,P,,,,,,
delpomi01,P,,,,,,
delroen01,P,,,,,,
delsaga01,SS,,,,,,
delsiji01,OF,,,,,,
deltomi01,P,,,,,,
delucjo01,OF,,,,,,
delucri01,P,,,,,,
deluzbe01,OF,,,,,,
demaejo01,SS,,,,,,
demaral01,P,,,,,,
demarbi01,SS,,,,,,
demarch01,P,,,,,,
demarfr01,P,,,,,,
demarfr02,OF,,,,,,
demelsa01,P,,,,,,
demerar01,OF,,,,,,
demerjo01,OF,,,,,,
demerla01,P,,,,,,
demertr01,OF,,,,,,
demetdo01,OF,,,,,,
demetst01,3B,,,,,,
demilha01,P,,,,,,
demmira01,OF,,,,,,
demoldo01,P,,,,,,
demonge01,2B,,,,,,
demonle01,SS,,,,,,
demosbi01,2B,,,,,,
demotbe01,P,,,,,,
dempsco01,P,,,,,,
dempsma01,P,,,,,,
dempsri01,C,,,,,,
dempsry01,P,,,,,,
dendema01,OF,,,,,,
denehbi01,P,,,,,,
denketr01,2B,,,,,,
denmabr01,P,,,,,,
denneky01,P,,,,,,
denneto01,OF,,,,,,
denni01,2B,,,,,,
dennido01,P,,,,,,
dennido02,1B,,,,,,
denniot01,C,,,,,,
denniry01,P,,,,,,
dennyje01,3B,,,,,,
dennyjo01,P,,,,,,
denorch01,OF,,,,,,
densodr01,1B,,,,,,
dentbu01,SS,,,,,,
dented01,P,,,,,,
dentesa01,SS,,,,,,
denzero01,P,,,,,,
depanmi01,C,,,,,,
depasjo01,C,,,,,,
depaujo01,P,,,,,,
depaujo02,P,,,,,,
depauju01,P,,,,,,
depause01,P,,,,,,
dephito01,C,,,,,,
derbyge01,P,,,,,,
derbyge02,C,,,,,,
dermoma01,P,,,,,,
dernibo01,OF,,,,,,
derosma01,3B,,,,,,
derricl01,SS,,,,,,
derriji01,P,,,,,,
derrimi01,OF,,,,,,
derripa01,P,,,,,,
derryru01,OF,,,,,,
desajo01,1B,,,,,,
desalma01,P,,,,,,
desauge01,C,,,,,,
descada01,2B,,,,,,
desclan01,P,,,,,,
deshaji01,P,,,,,,
deshi01,P,,,,,,
deshide01,2B,,,,,,
deshide02,OF,,,,,,
deshoji01,P,,,,,,
desiljo01,P,,,,,,
desjash01,P,,,,,,
desmoia01,SS,,,,,,
despaod01,P,,,,,,
despede01,OF,,,,,,
dessaru01,P,,,,,,
desseel01,P,,,,,,
destror01,1B,,,,,,
dethebo01,OF,,,,,,
detmere01,P,,,,,,
detorge01,3B,,,,,,
dettmjo01,P,,,,,,
dettoto01,P,,,,,,
detwedu01,3B,,,,,,
detwiro01,P,,,,,,
deutsme01,P,,,,,,
devanca01,3B,,,,,,
devarce01,C,,,,,,
devench01,P,,,,,,
devench02,P,,,,,,
deverjo01,2B,,,,,,
devermi01,OF,,,,,,
deverra01,3B,,,,,,
devinad01,P,,,,,,
devinha01,P,,,,,,
devinji01,OF,,,,,,
devinjo01,P,,,,,,
devinmi01,C,,,,,,
devivbe01,SS,,,,,,
devliar01,3B,,,,,,
devliji01,P,,,,,,
devliji02,P,,,,,,
devliji03,C,,,,,,
devogre01,C,,,,,,
devoral01,C,,,,,,
devordo01,OF,,,,,,
devorjo01,OF,,,,,,
devoywa01,OF,,,,,,
devrico01,P,,,,,,
dewalch01,P,,,,,,
dewbewi01,P,,,,,,
deweyma01,P,,,,,,
dewilje01,C,,,,,,
dewitbl01,2B,,,,,,
dewitfr01,1B,,,,,,
dewitma01,P,,,,,,
dewitsa01,3B,,,,,,
dextech01,OF,,,,,,
dezenza01,OF,,,,,,
dialke01,2B,,,,,,
dialslo01,OF,,,,,,
diamosc01,P,,,,,,
diamoth01,P,,,,,,
diazal01,OF,,,,,,
diazal02,SS,,,,,,
diazal03,P,,,,,,
diazar01,SS,,,,,,
diazbo01,C,,,,,,
diazca01,P,,,,,,
diazca02,C,,,,,,
diazda01,P,,,,,,
diazed01,SS,,,,,,
diazed02,2B,,,,,,
diazed03,2B,,,,,,
diazed04,P,,,,,,
diazei01,C,,,,,,
diazel01,C,,,,,,
diazfe01,P,,,,,,
diazfe02,OF,,,,,,
diazhe01,P,,,,,,
diazis01,2B,,,,,,
diazja01,P,,,,,,
diazjh01,P,,,,,,
diazjo01,P,,,,,,
diazjo02,SS,,,,,,
diazjo03,2B,,,,,,
diazju01,1B,,,,,,
diazju02,SS,,,,,,
diazju03,P,,,,,,
diazle01,1B,,,,,,
diazma01,SS,,,,,,
diazma02,OF,,,,,,
diazmi01,1B,,,,,,
diazmi02,P,,,,,,
diazpe01,C,,,,,,
diazro01,C,,,,,,
diazru01,2B,,,,,,
diazvi01,OF,,,,,,
diazya01,1B,,,,,,
diazya02,C,,,,,,
diazye01,P,,,,,,
diazyi01,P,,,,,,
diazyu01,OF,,,,,,
dibblro01,P,,,,,,
dibutpe01,P,,,,,,
dickeal01,OF,,,,,,
dickebi01,C,,,,,,
dickebu01,OF,,,,,,
dickech01,OF,,,,,,
dickeco01,OF,,,,,,
dickege01,P,,,,,,
dickege02,C,,,,,,
dickele01,P,,,,,,
dickera01,P,,,,,,
dickest01,P,,,,,,
dickmem01,P,,,,,,
dicksbr01,P,,,,,,
dicksja01,P,,,,,,
dicksji01,P,,,,,,
dicksjo01,OF,,,,,,
dicksla01,P,,,,,,
dicksmu01,P,,,,,,
dicksok01,OF,,,,,,
dickswa01,P,,,,,,
didiebo01,C,,,,,,
diehler01,OF,,,,,,
diehlge01,P,,,,,,
diehlph01,P,,,,,,
diekmja01,P,,,,,,
dierich01,OF,,,,,,
dierkla01,P,,,,,,
dietrbi01,P,,,,,,
dietrde01,2B,,,,,,
dietzdi01,C,,,,,,
dietzdu01,P,,,,,,
dietzro01,2B,,,,,,
difanja01,2B,,,,,,
difelma01,P,,,,,,
difelmi01,C,,,,,,
difowi01,2B,,,,,,
diggibe01,P,,,,,,
diggsre01,P,,,,,,
dignast01,OF,,,,,,
dihigma99,OF,,,,,,
dilauja01,P,,,,,,
dilla01,OF,,,,,,
dillado01,OF,,,,,,
dillago01,P,,,,,,
dillala01,OF,,,,,,
dillapa01,OF,,,,,,
dillast01,2B,,,,,,
dillati01,P,,,,,,
dillhpi01,C,,,,,,
dillibo01,3B,,,,,,
dilliha01,P,,,,,,
dillmbi01,P,,,,,,
dillojo01,SS,,,,,,
dillojo02,2B,,,,,,
dillopa01,C,,,,,,
dillopo01,1B,,,,,,
dillost01,P,,,,,,
dilonmi01,OF,,,,,,
dilwoar01,OF,,,,,,
dimagdo01,OF,,,,,,
dimagjo01,OF,,,,,,
dimagvi01,OF,,,,,,
dimesed01,OF,,,,,,
dimicfr01,P,,,,,,
dimmemi01,OF,,,,,,
dinarle01,P,,,,,,
dineeke01,OF,,,,,,
dingeva01,1B,,,,,,
dingldi01,C,,,,,,
dingmcr01,P,,,,,,
dinini01,C,,,,,,
dinkebr01,2B,,,,,,
dinnebi01,P,,,,,,
dioriro01,P,,,,,,
dipiebo01,OF,,,,,,
dipinfr01,P,,,,,,
diplama01,P,,,,,,
dipotje01,P,,,,,,
direaji01,P,,,,,,
dirksan01,OF,,,,,,
disarga01,SS,,,,,,
dischge01,P,,,,,,
dishmgl01,P,,,,,,
dismudi01,P,,,,,,
distaal01,P,,,,,,
distebe01,1B,,,,,,
distedu01,2B,,,,,,
ditmaar01,P,,,,,,
dittmja01,2B,,,,,,
divismo01,OF,,,,,,
dixon01,OF,,,,,,
dixonbr01,1B,,,,,,
dixoned01,P,,,,,,
dixonge01,C,,,,,,
dixongl01,OF,,,,,,
dixonjo01,P,,,,,,
dixonke01,P,,,,,,
dixonle01,C,,,,,,
dixonpa01,OF,,,,,,
dixonra01,OF,,,,,,
dixonso01,P,,,,,,
dixonst01,P,,,,,,
dixonst02,P,,,,,,
dixonto01,P,,,,,,
dixonto02,C,,,,,,
dlugabr01,3B,,,,,,
dmezaan01,P,,,,,,
doakbi01,P,,,,,,
doanewa01,P,,,,,,
dobbeda01,OF,,,,,,
dobbihu01,P,,,,,,
dobbjo01,P,,,,,,
dobbsgr01,3B,,,,,,
dobbsjo01,OF,,,,,,
dobenra01,P,,,,,,
doberje01,P,,,,,,
dobnara01,P,,,,,,
dobsoch01,P,,,,,,
dobsojo01,P,,,,,,
dobsopa01,P,,,,,,
dobyla01,OF,,,,,,
dockige01,P,,,,,,
dodddy01,P,,,,,,
doddon01,3B,,,,,,
doddro01,P,,,,,,
doddto01,3B,,,,,,
dodgejo01,3B,,,,,,
dodgesa01,P,,,,,,
dodsopa01,1B,,,,,,
doefr01,P,,,,,,
doerrbo01,2B,,,,,,
dohened01,P,,,,,,
doherjo01,1B,,,,,,
doherjo02,P,,,,,,
dohmasc01,P,,,,,,
dohyky01,P,,,,,,
dolanbi01,1B,,,,,,
dolanco01,OF,,,,,,
dolanco02,OF,,,,,,
dolanjo01,P,,,,,,
dolanjo02,SS,,,,,,
dolanto01,C,,,,,,
dolele01,OF,,,,,,
dolisra01,P,,,,,,
doljafr01,OF,,,,,,
dollach01,P,,,,,,
dollar01,P,,,,,,
dolsifr01,P,,,,,,
dominan01,1B,,,,,,
dominch01,OF,,,,,,
dominja01,OF,,,,,,
dominjo01,P,,,,,,
dominju01,P,,,,,,
dominju02,P,,,,,,
dominma01,3B,,,,,,
dominse01,P,,,,,,
donahde01,P,,,,,,
donahji01,C,,,,,,
donahji02,1B,,,,,,
donahjo01,OF,,,,,,
donahpa01,C,,,,,,
donahre01,P,,,,,,
donahsh01,SS,,,,,,
donahti01,C,,,,,,
donalat01,P,,,,,,
donaled01,P,,,,,,
donalge01,SS,,,,,,
donalja01,SS,,,,,,
donaljo01,2B,,,,,,
donaljo02,3B,,,,,,
donaljo03,OF,,,,,,
dondele01,3B,,,,,,
donel01,3B,,,,,,
donlimi01,OF,,,,,,
donnebl01,P,,,,,,
donnebr01,P,,,,,,
donnech01,3B,,,,,,
donneed01,P,,,,,,
donneed02,P,,,,,,
donnefr01,P,,,,,,
donneji01,3B,,,,,,
donneji02,3B,,,,,,
donnejo01,SS,,,,,,
donnepe01,OF,,,,,,
donohji01,P,,,,,,
donohjo01,OF,,,,,,
donohpe01,P,,,,,,
donohto01,C,,,,,,
donosli01,P,,,,,,
donovbi01,P,,,,,,
donovbi02,P,,,,,,
donovbr01,2B,,,,,,
donovdi01,P,,,,,,
donovfr01,C,,,,,,
donovje01,C,,,,,,
donovmi01,3B,,,,,,
donovpa01,OF,,,,,,
donovto01,OF,,,,,,
dooinre01,C,,,,,,
doolami01,SS,,,,,,
doole01,OF,,,,,,
doolise01,P,,,,,,
doomsha01,OF,,,,,,
dopsojo01,P,,,,,,
doranbi01,3B,,,,,,
doranbi02,2B,,,,,,
doranjo01,P,,,,,,
doranto01,C,,,,,,
dorgaje01,OF,,,,,,
dorgami01,OF,,,,,,
dorisha01,P,,,,,,
dormach01,C,,,,,,
dormare01,OF,,,,,,
dornda01,OF,,,,,,
dornegu01,P,,,,,,
dorowry01,3B,,,,,,
dorrbe01,P,,,,,,
dorsebr01,C,,,,,,
dorseca01,P,,,,,,
dorseje01,OF,,,,,,
dorseje02,OF,,,,,,
dorseji01,P,,,,,,
dorselu01,OF,,,,,,
dortame01,3B,,,,,,
doschhe01,3B,,,,,,
doschja01,P,,,,,,
dosteda01,2B,,,,,,
doteloc01,P,,,,,,
dotso01,C,,,,,,
dotsori01,P,,,,,,
dottedu01,C,,,,,,
dottega01,P,,,,,,
dotyba01,P,,,,,,
doubrfe01,P,,,,,,
doughch01,2B,,,,,,
doughch02,P,,,,,,
doughji01,P,,,,,,
doughpa01,OF,,,,,,
doughto01,P,,,,,,
dougl01,SS,,,,,,
douglas01,C,,,,,,
dougled01,1B,,,,,,
douglje01,2B,,,,,,
dougljo01,1B,,,,,,
douglkl01,1B,,,,,,
douglla01,P,,,,,,
douglph01,P,,,,,,
douglse01,P,,,,,,
douglwh01,P,,,,,,
douglwi01,OF,,,,,,
doumiry01,C,,,,,,
douthta01,OF,,,,,,
dovalca01,P,,,,,,
dovede01,P,,,,,,
dowcl01,OF,,,,,,
dowdjo01,SS,,,,,,
dowdki01,P,,,,,,
dowdsn01,2B,,,,,,
dowdto01,OF,,,,,,
dowdyky01,P,,,,,,
dowelke01,SS,,,,,,
dowiejo01,OF,,,,,,
dowlida01,P,,,,,,
dowlipe01,P,,,,,,
dowlo01,P,,,,,,
downere01,OF,,,,,,
downeto01,SS,,,,,,
downial01,P,,,,,,
downibr01,OF,,,,,,
downsbu01,2B,,,,,,
downsda01,P,,,,,,
downsda02,P,,,,,,
downsje01,2B,,,,,,
downske01,P,,,,,,
downsma01,2B,,,,,,
downsre01,2B,,,,,,
downssc01,P,,,,,,
dowseto01,C,,,,,,
doylebr01,2B,,,,,,
doylebr02,OF,,,,,,
doyleca01,P,,,,,,
doyleco01,OF,,,,,,
doyleda01,C,,,,,,
doylede01,2B,,,,,,
doyleja01,1B,,,,,,
doyleje01,P,,,,,,
doyleje02,2B,,,,,,
doyleji01,3B,,,,,,
doylejo01,SS,,,,,,
doylejo02,P,,,,,,
doylela01,2B,,,,,,
doylepa01,P,,,,,,
doylesl01,P,,,,,,
doyleto01,P,,,,,,
doyneco01,P,,,,,,
doziebr01,2B,,,,,,
doziebu01,P,,,,,,
doziedj01,OF,,,,,,
doziehu01,3B,,,,,,
dozieto01,P,,,,,,
drabedo01,P,,,,,,
drabeky01,P,,,,,,
drabomo01,P,,,,,,
dragodi01,P,,,,,,
drahmbr01,P,,,,,,
drakean01,C,,,,,,
drakebi01,P,,,,,,
drakede01,OF,,,,,,
drakela01,OF,,,,,,
drakelo01,P,,,,,,
drakely01,OF,,,,,,
drakeol01,P,,,,,,
drakere01,OF,,,,,,
drakesa01,2B,,,,,,
drakeso01,OF,,,,,,
draketo01,P,,,,,,
dranske01,SS,,,,,,
drapemi01,P,,,,,,
draubja01,3B,,,,,,
draveda01,P,,,,,,
dreesbi01,3B,,,,,,
dreesto01,P,,,,,,
dreifda01,P,,,,,,
dreiscl01,P,,,,,,
drekeva01,OF,,,,,,
drescbi01,C,,,,,,
dresery01,P,,,,,,
dressbo01,P,,,,,,
dressch01,3B,,,,,,
dresski01,P,,,,,,
dressle01,1B,,,,,,
dressro01,P,,,,,,
drewca01,OF,,,,,,
drewda01,SS,,,,,,
drewjd01,OF,,,,,,
drewsfr01,2B,,,,,,
drewska01,P,,,,,,
drewst01,SS,,,,,,
drewti01,P,,,,,,
dreyeja01,P,,,,,,
dreyest01,P,,,,,,
driesda01,1B,,,,,,
drillle01,C,,,,,,
driscde01,P,,,,,,
driscde02,2B,,,,,,
driscji01,2B,,,,,,
drisclo01,C,,,,,,
driscmi01,P,,,,,,
driscpa01,2B,,,,,,
drisktr01,P,,,,,,
drissmi01,C,,,,,,
drohato01,P,,,,,,
dropowa01,1B,,,,,,
drottdi01,P,,,,,,
drucklo01,P,,,,,,
druhoca01,P,,,,,,
drumm01,C,,,,,,
drummti01,P,,,,,,
drumrke01,2B,,,,,,
drurybr01,2B,,,,,,
drysddo01,P,,,,,,
duanycl01,OF,,,,,,
duartda01,P,,,,,,
dubiemo01,P,,,,,,
dubinsh01,P,,,,,,
duboibr01,P,,,,,,
duboija01,OF,,,,,,
dubonma01,OF,,,,,,
duboser01,P,,,,,,
dubucje01,P,,,,,,
duceyro01,OF,,,,,,
duchsju01,P,,,,,,
duckema01,2B,,,,,,
duckwbr01,P,,,,,,
duckwji01,P,,,,,,
ducyed01,2B,,,,,,
ducyra01,OF,,,,,,
dudalu01,1B,,,,,,
dudlecl01,P,,,,,,
dudledo01,OF,,,,,,
dudleed01,P,,,,,,
dudrajo01,2B,,,,,,
duensbr01,P,,,,,,
duesha01,P,,,,,,
duffaji01,P,,,,,,
duffech01,OF,,,,,,
duffer01,OF,,,,,,
duffety01,P,,,,,,
duffijo01,P,,,,,,
duffla01,P,,,,,,
duffma01,P,,,,,,
duffybe01,P,,,,,,
duffybi01,C,,,,,,
duffych01,OF,,,,,,
duffyda01,P,,,,,,
duffyed01,SS,,,,,,
duffyfr01,SS,,,,,,
duffyhu01,OF,,,,,,
duffyma01,3B,,,,,,
duffyma02,3B,,,,,,
duganbi01,C,,,,,,
duganda01,P,,,,,,
duganed01,P,,,,,,
duganjo01,3B,,,,,,
dugasgu01,OF,,,,,,
dugdada01,C,,,,,,
dugeyos01,2B,,,,,,
duggaji01,1B,,,,,,
duggast01,OF,,,,,,
duggero01,P,,,,,,
dugglbi01,P,,,,,,
dukema01,P,,,,,,
dukesel01,OF,,,,,,
dukesja01,P,,,,,,
dukesto01,P,,,,,,
dukesto02,C,,,,,,
dukeza01,P,,,,,,
dulalo01,P,,,,,,
dulibbo01,P,,,,,,
dullry01,P,,,,,,
dumasla01,OF,,,,,,
dumatph01,P,,,,,,
dumonge01,P,,,,,,
dumouda01,P,,,,,,
dumovni01,P,,,,,,
dumpsbi01,P,,,,,,
dunanjo01,2B,,,,,,
dunbaas01,OF,,,,,,
dunbama01,P,,,,,,
dunbato01,OF,,,,,,
dunbave01,C,,,,,,
duncach01,OF,,,,,,
duncaco01,P,,,,,,
duncada01,C,,,,,,
duncafr01,OF,,,,,,
duncafr02,C,,,,,,
duncafr03,P,,,,,,
duncaje01,OF,,,,,,
duncaji01,C,,,,,,
duncama01,2B,,,,,,
duncapa01,OF,,,,,,
duncash01,OF,,,,,,
duncata01,3B,,,,,,
duncave01,OF,,,,,,
duncawa01,C,,,,,,
dundoed01,P,,,,,,
dundogu01,2B,,,,,,
dunegji01,P,,,,,,
dungasa01,OF,,,,,,
dunhale01,1B,,,,,,
dunhawi01,P,,,,,,
dunklch01,P,,,,,,
dunklda01,P,,,,,,
dunlabi01,OF,,,,,,
dunlada01,SS,,,,,,
dunlafr01,2B,,,,,,
dunlagr01,OF,,,,,,
dunlahe01,OF,,,,,,
dunleja01,OF,,,,,,
dunloge01,SS,,,,,,
dunnad01,OF,,,,,,
dunnal01,1B,,,,,,
dunnbl01,OF,,,,,,
dunnemi01,P,,,,,,
dunnian01,P,,,,,,
dunnida01,P,,,,,,
dunnija01,P,,,,,,
dunnist01,P,,,,,,
dunnja01,3B,,,,,,
dunnja02,SS,,,,,,
dunnji01,P,,,,,,
dunnjo01,C,,,,,,
dunnju01,P,,,,,,
dunnmi01,P,,,,,,
dunnol01,3B,,,,,,
dunnro01,2B,,,,,,
dunnsc01,P,,,,,,
dunnst01,1B,,,,,,
dunnst02,1B,,,,,,
dunnto01,OF,,,,,,
dunshpa01,P,,,,,,
dunstsh01,SS,,,,,,
dunwoto01,OF,,,,,,
dupeefr01,P,,,,,,
duplajo01,P,,,,,,
dupremi01,P,,,,,,
duranca01,P,,,,,,
duranda01,OF,,,,,,
duranez01,3B,,,,,,
durange01,3B,,,,,,
duranja01,OF,,,,,,
duranjh01,P,,,,,,
duranlu01,OF,,,,,,
duranmi01,C,,,,,,
duranro01,P,,,,,,
durapmo01,P,,,,,,
durazer01,1B,,,,,,
durbica01,3B,,,,,,
durbich01,P,,,,,,
durbijd01,P,,,,,,
durbiki01,OF,,,,,,
durenry01,P,,,,,,
durhabu01,P,,,,,,
durhado01,P,,,,,,
durhaed01,P,,,,,,
durhajo01,P,,,,,,
durhajo02,OF,,,,,,
durhale01,1B,,,,,,
durhara01,2B,,,,,,
durnbbo01,SS,,,,,,
durnige01,OF,,,,,,
durniri01,P,,,,,,
durocja01,P,,,,,,
durocle01,SS,,,,,,
duronni01,P,,,,,,
durrere01,OF,,,,,,
durritr01,2B,,,,,,
durstce01,OF,,,,,,
duryeje01,P,,,,,,
dusaker01,OF,,,,,,
duserca01,P,,,,,,
dustabo01,P,,,,,,
duvalad01,OF,,,,,,
duvalmi01,P,,,,,,
duzenbi01,P,,,,,,
dwighal01,C,,,,,,
dwighed01,OF,,,,,,
dwyerch01,P,,,,,,
dwyerfr01,P,,,,,,
dwyerji01,OF,,,,,,
dwyerjo01,C,,,,,,
dybzije01,SS,,,,,,
dyckji01,OF,,,,,,
dyeje01,OF,,,,,,
dyerbe01,3B,,,,,,
dyerdu01,C,,,,,,
dyered01,P,,,,,,
dyermi01,P,,,,,,
dygerji01,P,,,,,,
dykesaj01,2B,,,,,,
dykesji01,3B,,,,,,
dykewi01,2B,,,,,,
dykhora01,P,,,,,,
dykstal01,1B,,,,,,
dykstle01,OF,,,,,,
dylerjo01,OF,,,,,,
dysonja01,OF,,,,,,
dysonsa01,P,,,,,,
eaddydo01,3B,,,,,,
eadesry01,P,,,,,,
eaganbi01,2B,,,,,,
eagantr01,2B,,,,,,
eaglebi01,OF,,,,,,
eaklech01,2B,,,,,,
earlear01,P,,,,,,
earlebi01,C,,,,,,
earlebi02,P,,,,,,
earlech01,OF,,,,,,
earleto01,P,,,,,,
earlho01,OF,,,,,,
earlsc01,2B,,,,,,
earlyco01,P,,,,,,
earlyja01,C,,,,,,
earnsge01,P,,,,,,
easleda01,2B,,,,,,
easleed01,C,,,,,,
easlelo01,P,,,,,,
easlemi01,OF,,,,,,
easonma01,P,,,,,,
eastca01,OF,,,,,,
easte01,P,,,,,,
eastehe01,SS,,,,,,
easteho01,3B,,,,,,
easteja01,P,,,,,,
eastelu01,1B,,,,,,
eastepa01,OF,,,,,,
eastero01,C,,,,,,
eastete01,C,,,,,,
eastha01,3B,,,,,,
easthu01,P,,,,,,
eastoja01,P,,,,,,
eastwra01,P,,,,,,
eatmoel01,P,,,,,,
eatonad01,P,,,,,,
eatonad02,OF,,,,,,
eatoncr01,P,,,,,,
eatonna01,OF,,,,,,
eatonze01,P,,,,,,
eavega01,P,,,,,,
eavesva01,P,,,,,,
eayrsed01,OF,,,,,,
ebertde01,P,,,,,,
ebrighi01,C,,,,,,
eccleha01,P,,,,,,
echevan01,OF,,,,,,
echoljo02,OF,,,,,,
eckelju01,P,,,,,,
eckener01,P,,,,,,
eckeral01,P,,,,,,
eckerch01,P,,,,,,
eckerde01,P,,,,,,
eckhaox01,OF,,,,,,
eckstda01,SS,,,,,,
eddych01,P,,,,,,
eddydo01,P,,,,,,
eddyst01,P,,,,,,
edeleed01,P,,,,,,
edelejo01,P,,,,,,
edelmjo01,P,,,,,,
edenca01,OF,,,,,,
edench01,OF,,,,,,
edenfke01,P,,,,,,
edenmi01,2B,,,,,,
edensto01,P,,,,,,
ederja01,P,,,,,,
edgebu01,P,,,,,,
edgerbi01,P,,,,,,
edginjo01,P,,,,,,
edingst01,OF,,,,,,
edlefst01,P,,,,,,
edlerda01,3B,,,,,,
edmanto01,2B,,,,,,
edmonbo01,OF,,,,,,
edmonbr01,P,,,,,,
edmoned01,1B,,,,,,
edmonge01,P,,,,,,
edmonji01,OF,,,,,,
edmonpa01,P,,,,,,
edmonsa01,P,,,,,,
edwar01,OF,,,,,,
edwarbr01,C,,,,,,
edwarca01,P,,,,,,
edwarch01,C,,,,,,
edwarda01,OF,,,,,,
edwardo01,C,,,,,,
edwarfo01,P,,,,,,
edwargi01,P,,,,,,
edwarha01,OF,,,,,,
edwarje01,OF,,,,,,
edwarji01,P,,,,,,
edwarjo01,C,,,,,,
edwarjo02,P,,,,,,
edwarma01,OF,,,,,,
edwarmi01,2B,,,,,,
edwarmi02,3B,,,,,,
edwarna01,OF,,,,,,
edwarra01,2B,,,,,,
edwarsh01,P,,,,,,
edwarte01,C,,,,,,
edwarwa01,P,,,,,,
edwarwe01,P,,,,,,
edwarxa01,2B,,,,,,
eellsha01,P,,,,,,
eenhoro01,2B,,,,,,
effrosc01,P,,,,,,
eflinza01,P,,,,,,
eganbe01,C,,,,,,
egandi01,2B,,,,,,
egandi02,P,,,,,,
eganji01,OF,,,,,,
eganri01,P,,,,,,
eganto01,C,,,,,,
eganwi01,P,,,,,,
egberja01,P,,,,,,
egeco01,P,,,,,,
eggerel01,2B,,,,,,
eggleda01,OF,,,,,,
egglema01,C,,,,,,
eglofbr01,P,,,,,,
ehmkeho01,P,,,,,,
ehretre01,P,,,,,,
ehrharu01,P,,,,,,
eibelha01,OF,,,,,,
eibnebr01,OF,,,,,,
eicheju01,P,,,,,,
eichhma01,P,,,,,,
eichrik01,OF,,,,,,
eickhje01,P,,,,,,
eilanda01,P,,,,,,
eilerda01,P,,,,,,
einerda01,P,,,,,,
eischjo01,P,,,,,,
eisenha01,P,,,,,,
eisenja01,P,,,,,,
eisenji01,OF,,,,,,
eiserbr01,P,,,,,,
eiteled01,P,,,,,,
ekstrmi01,P,,,,,,
elamji01,P,,,,,,
eland01,OF,,,,,,
elartsc01,P,,,,,,
elberki01,SS,,,,,,
elbersc01,P,,,,,,
elderbr01,P,,,,,,
elderda01,P,,,,,,
elderge01,OF,,,,,,
elderhe01,P,,,,,,
eldrebr01,1B,,,,,,
eldreca01,P,,,,,,
eldribr01,1B,,,,,,
eliale01,SS,,,,,,
eliasro01,P,,,,,,
elkope01,3B,,,,,,
elkoti01,1B,,,,,,
ellamro01,SS,,,,,,
ellarfr01,P,,,,,,
elledse01,P,,,,,,
ellerfr01,3B,,,,,,
ellerho01,P,,,,,,
ellicjo01,OF,,,,,,
ellinbr01,P,,,,,,
ellinbr02,P,,,,,,
ellioal01,1B,,,,,,
elliobo01,3B,,,,,,
ellioca01,SS,,,,,,
elliocl01,P,,,,,,
elliodo01,P,,,,,,
ellioge01,OF,,,,,,
elliogl01,P,,,,,,
ellioha01,P,,,,,,
ellioha02,OF,,,,,,
ellioju01,P,,,,,,
elliola01,OF,,,,,,
elliora01,OF,,,,,,
ellioro01,C,,,,,,
ellis01,SS,,,,,,
ellisaj01,C,,,,,,
ellisba01,1B,,,,,,
ellisbe01,3B,,,,,,
ellisch01,P,,,,,,
ellisdo01,P,,,,,,
ellisdr01,3B,,,,,,
ellisdu01,OF,,,,,,
ellisge01,P,,,,,,
ellisja01,OF,,,,,,
ellisje01,C,,,,,,
ellisji01,P,,,,,,
ellisjo01,1B,,,,,,
ellisma01,2B,,,,,,
ellismo01,1B,,,,,,
ellisro01,OF,,,,,,
ellisro02,P,,,,,,
ellisro03,P,,,,,,
ellisru01,OF,,,,,,
ellissa01,P,,,,,,
ellissp01,P,,,,,,
ellsbja01,OF,,,,,,
ellswdi01,P,,,,,,
ellswst01,P,,,,,,
elmorja01,SS,,,,,,
elmorve01,OF,,,,,,
elseha01,C,,,,,,
elshro01,OF,,,,,,
elsteke01,SS,,,,,,
elstodo01,P,,,,,,
elvirna01,P,,,,,,
elybo01,SS,,,,,,
elyha01,P,,,,,,
elyjo01,P,,,,,,
emanuke01,P,,,,,,
emausbr01,2B,,,,,,
embreal01,P,,,,,,
embrere01,P,,,,,,
embresl01,P,,,,,,
emersch01,OF,,,,,,
emeryca01,1B,,,,,,
emerysp01,OF,,,,,,
emigch01,P,,,,,,
emmerbo01,OF,,,,,,
emmerfr01,SS,,,,,,
emmersl01,P,,,,,,
emmetbu01,P,,,,,,
emoryjo01,P,,,,,,
emslibo01,P,,,,,,
encaran01,C,,,,,,
encarch01,1B,,,,,,
encared01,3B,,,,,,
encarje01,OF,,,,,,
encarju01,OF,,,,,,
encarlu01,P,,,,,,
encarma01,OF,,,,,,
endertr01,P,,,,,,
endicbi01,OF,,,,,,
engelad01,OF,,,,,,
engeljo01,P,,,,,,
engelst01,P,,,,,,
englach01,P,,,,,,
englech01,SS,,,,,,
englecl01,OF,,,,,,
engleda01,C,,,,,,
englema01,P,,,,,,
engleri01,P,,,,,,
engli01,1B,,,,,,
englich01,3B,,,,,,
engligi01,3B,,,,,,
englije01,P,,,,,,
englilo01,C,,,,,,
englitr01,1B,,,,,,
engliwo01,SS,,,,,,
ennisde01,OF,,,,,,
ennisjo01,P,,,,,,
ennisru01,C,,,,,,
ennsdi01,P,,,,,,
enoch01,C,,,,,,
enrigba01,P,,,,,,
enrigge01,C,,,,,,
enrigja01,P,,,,,,
enrigni01,P,,,,,,
ensbemo01,3B,,,,,,
ensje01,2B,,,,,,
ensmu01,1B,,,,,,
entenlu01,OF,,,,,,
enwrich01,SS,,,,,,
enyarte01,P,,,,,,
enzenja01,C,,,,,,
enzmajo01,P,,,,,,
eovalna01,P,,,,,,
epparji01,OF,,,,,,
epperal01,P,,,,,,
eppleco01,P,,,,,,
eppsau01,C,,,,,,
eppsha01,OF,,,,,,
epstemi01,1B,,,,,,
erardgr01,P,,,,,,
erauted01,P,,,,,,
erautjo01,C,,,,,,
erceglu01,P,,,,,,
erdosto01,P,,,,,,
erickdo01,P,,,,,,
ericker01,P,,,,,,
erickha01,C,,,,,,
erickha02,P,,,,,,
erickjo01,P,,,,,,
erickma01,2B,,,,,,
erickpa01,P,,,,,,
erickra01,P,,,,,,
erickro01,P,,,,,,
ericksc01,P,,,,,,
erlinro01,P,,,,,,
ermerca01,2B,,,,,,
ernagfr01,OF,,,,,,
erricdi01,P,,,,,,
erskica01,P,,,,,,
erstada01,OF,,,,,,
ervinph01,OF,,,,,,
erwinte01,C,,,,,,
esaskni01,1B,,,,,,
escaled01,P,,,,,,
escalfe01,SS,,,,,,
escalni01,OF,,,,,,
escalse01,P,,,,,,
escarch01,P,,,,,,
escarjc01,C,,,,,,
escheji01,OF,,,,,,
eschela01,SS,,,,,,
eschja01,P,,,,,,
escobal01,OF,,,,,,
escobal02,SS,,,,,,
escoban01,3B,,,,,,
escobed01,3B,,,,,,
escobed02,P,,,,,,
escobjo01,SS,,,,,,
escobke01,P,,,,,,
escoblu01,P,,,,,,
escobyu01,SS,,,,,,
eshelto01,P,,,,,,
eshelva01,P,,,,,,
esmonji01,SS,,,,,,
espadjo01,P,,,,,,
esperdu01,P,,,,,,
espinal01,SS,,,,,,
espinan01,P,,,,,,
espinda01,2B,,,,,,
espinge01,P,,,,,,
espinju01,C,,,,,,
espinni01,P,,,,,,
espinpa01,P,,,,,,
espinra01,P,,,,,,
espinsa01,3B,,,,,,
esposbr01,C,,,,,,
esposmi01,P,,,,,,
espossa01,3B,,,,,,
espyce01,OF,,,,,,
essegch01,OF,,,,,,
esserma01,P,,,,,,
essiaji01,C,,,,,,
essicbi01,P,,,,,,
estalbo01,OF,,,,,,
estalbo02,C,,,,,,
esteldi01,P,,,,,,
esterdu01,3B,,,,,,
estesjo01,P,,,,,,
estessh01,P,,,,,,
estevca01,P,,,,,,
estocge01,P,,,,,,
estrach01,P,,,,,,
estrafr01,C,,,,,,
estraho01,P,,,,,,
estraje01,P,,,,,,
estrajo01,C,,,,,,
estrala01,P,,,,,,
estrama01,P,,,,,,
estraos01,OF,,,,,,
estrath01,2B,,,,,,
estrele01,P,,,,,,
etchean01,C,,,,,,
etcheca01,3B,,,,,,
etchibu01,1B,,,,,,
etherbo01,3B,,,,,,
etherre01,P,,,,,,
etherse01,P,,,,,,
ethiean01,OF,,,,,,
ettenni01,1B,,,,,,
ettlema01,P,,,,,,
eubanjo01,P,,,,,,
eubanue01,P,,,,,,
euellwi01,C,,,,,,
eufemfr01,P,,,,,,
eunicfr01,3B,,,,,,
eusebto01,C,,,,,,
eustafr01,SS,,,,,,
evans01,OF,,,,,,
evans02,2B,,,,,,
evansal01,C,,,,,,
evansal02,P,,,,,,
evansar01,P,,,,,,
evansba01,3B,,,,,,
evansba02,P,,,,,,
evansbi01,P,,,,,,
evansbi02,P,,,,,,
evansbi03,OF,,,,,,
evansbo01,P,,,,,,
evansch01,P,,,,,,
evansch02,P,,,,,,
evanscl01,P,,,,,,
evansda01,3B,,,,,,
evansde01,P,,,,,,
evansdw01,OF,,,,,,
evansfe01,P,,,,,,
evansfr01,OF,,,,,,
evansge01,2B,,,,,,
evanshe01,1B,,,,,,
evansja01,OF,,,,,,
evansjo01,OF,,,,,,
evanslo01,P,,,,,,
evansni01,OF,,,,,,
evansph01,OF,,,,,,
evansre01,P,,,,,,
evansro01,P,,,,,,
evansst01,OF,,,,,,
evanste01,OF,,,,,,
evansto01,3B,,,,,,
evansul01,P,,,,,,
evanswi01,P,,,,,,
evelada01,P,,,,,,
everead01,SS,,,,,,
evereca01,OF,,,,,,
everecl01,SS,,,,,,
evereji01,P,,,,,,
everibi01,1B,,,,,,
everile01,P,,,,,,
everito01,1B,,,,,,
evers01,SS,,,,,,
eversbr01,P,,,,,,
eversho01,OF,,,,,,
eversjo01,2B,,,,,,
eversto01,2B,,,,,,
ewellge01,OF,,,,,,
ewingbo01,P,,,,,,
ewingbu01,C,,,,,,
ewingbu02,C,,,,,,
ewingco01,OF,,,,,,
ewingjo01,P,,,,,,
ewingre01,SS,,,,,,
ewingsa01,OF,,,,,,
ewoldar01,3B,,,,,,
exposlu01,C,,,,,,
eyresc01,P,,,,,,
eyrewi01,P,,,,,,
eyricge01,P,,,,,,
ezzelho01,3B,,,,,,
faatzja01,1B,,,,,,
fabelju01,3B,,,,,,
faberre01,P,,,,,,
fabiasa01,OF,,,,,,
fabreis01,OF,,,,,,
fabrejo01,C,,,,,,
fabribu01,SS,,,,,,
facero01,P,,,,,,
faedoal01,P,,,,,,
faedole01,SS,,,,,,
faethto01,P,,,,,,
faganbi01,P,,,,,,
faganbo01,2B,,,,,,
faganev01,P,,,,,,
fagange01,2B,,,,,,
faginfr01,C,,,,,,
faheybi01,C,,,,,,
faheybr01,SS,,,,,,
faheyfr01,OF,,,,,,
faheyho01,3B,,,,,,
fahrepe01,P,,,,,,
fahrje01,P,,,,,,
fainfe01,1B,,,,,,
fairbji01,P,,,,,,
fairbpe01,P,,,,,,
faircra01,P,,,,,,
faircst01,OF,,,,,,
faireji01,OF,,,,,,
fairge01,2B,,,,,,
fairlro01,1B,,,,,,
faiso01,SS,,,,,,
fajarhe01,P,,,,,,
falchan01,OF,,,,,,
falcope01,P,,,,,,
falkbi01,OF,,,,,,
falkch01,P,,,,,,
falkebr01,P,,,,,,
falkecy01,P,,,,,,
falleed01,P,,,,,,
fallijo01,P,,,,,,
fallobo01,P,,,,,,
falloge01,2B,,,,,,
falteba01,P,,,,,,
faltest01,P,,,,,,
faluir01,2B,,,,,,
familje01,P,,,,,,
faneyri01,OF,,,,,,
fannicl01,P,,,,,,
fannija01,P,,,,,,
fanniji01,C,,,,,,
fanokha01,P,,,,,,
fanovfr01,P,,,,,,
fanslst01,P,,,,,,
fanweha01,P,,,,,,
fanzoca01,3B,,,,,,
fargajo01,OF,,,,,,
fariaja01,P,,,,,,
fariepa01,2B,,,,,,
farismo01,OF,,,,,,
farlebo01,1B,,,,,,
farleto01,OF,,,,,,
farmeal01,C,,,,,,
farmebi01,C,,,,,,
farmebu01,P,,,,,,
farmeed01,P,,,,,,
farmegr01,OF,,,,,,
farmeho01,P,,,,,,
farmeja01,2B,,,,,,
farmeky01,SS,,,,,,
farmemi01,P,,,,,,
farnsje01,P,,,,,,
farnsky01,P,,,,,,
farquda01,P,,,,,,
farrasi01,1B,,,,,,
farrebi01,OF,,,,,,
farredo01,SS,,,,,,
farredu01,C,,,,,,
farreja01,OF,,,,,,
farreja02,2B,,,,,,
farreja03,2B,,,,,,
farrejo01,3B,,,,,,
farrejo02,2B,,,,,,
farrejo03,P,,,,,,
farreke01,1B,,,,,,
farrelu01,P,,,,,,
farrelu02,P,,,,,,
farretu01,P,,,,,,
farrier01,2B,,,,,,
farrimi01,P,,,,,,
farrji01,P,,,,,,
farrojo01,C,,,,,,
farrst01,P,,,,,,
fasansa01,C,,,,,,
fasseje01,P,,,,,,
fast01,P,,,,,,
fastda01,P,,,,,,
faszhja01,P,,,,,,
fauchca01,P,,,,,,
faulbi01,P,,,,,,
faulkan01,P,,,,,,
faulkji01,P,,,,,,
fausebu01,3B,,,,,,
faustch01,P,,,,,,
fauvecl01,P,,,,,,
favorth01,OF,,,,,,
fayer01,OF,,,,,,
fazioer01,2B,,,,,,
fearve01,P,,,,,,
feathta01,2B,,,,,,
febleca01,2B,,,,,,
feddeer01,P,,,,,,
federal01,2B,,,,,,
federti01,C,,,,,,
feduchu01,C,,,,,,
feeja01,P,,,,,,
fehridu01,C,,,,,,
feierry01,P,,,,,,
feiglbr01,P,,,,,,
feinbed01,SS,,,,,,
feldebe01,SS,,,,,,
feldebu01,SS,,,,,,
feldema01,C,,,,,,
feldemi01,OF,,,,,,
feldmha01,P,,,,,,
feldmsc01,P,,,,,,
felicje01,OF,,,,,,
felicma01,C,,,,,,
felicpe01,P,,,,,,
felipan01,P,,,,,,
felixgu01,OF,,,,,,
felixha01,P,,,,,,
felixju01,OF,,,,,,
felizmi01,P,,,,,,
felizne01,P,,,,,,
felizpe01,3B,,,,,,
fellebo01,P,,,,,,
felleja01,C,,,,,,
felscha01,OF,,,,,,
felskjo01,C,,,,,,
feltnry01,P,,,,,,
feltote01,P,,,,,,
fennefr01,SS,,,,,,
fenneho01,P,,,,,,
fenwibo01,2B,,,,,,
ferenst01,P,,,,,,
fergual01,P,,,,,,
fergubo01,3B,,,,,,
fergubo02,P,,,,,,
ferguca01,P,,,,,,
ferguch01,P,,,,,,
ferguch02,P,,,,,,
ferguge01,P,,,,,,
fergujo01,C,,,,,,
ferguty01,P,,,,,,
fermife01,SS,,,,,,
fermifr01,C,,,,,,
fermijo01,2B,,,,,,
fermijo02,P,,,,,,
fermira01,P,,,,,,
fernaal01,P,,,,,,
fernabe01,P,,,,,,
fernach01,SS,,,,,,
fernach02,SS,,,,,,
fernaed01,C,,,,,,
fernafr01,C,,,,,,
fernaja01,P,,,,,,
fernajo01,3B,,,,,,
fernajo02,P,,,,,,
fernajo03,1B,,,,,,
fernajo04,P,,,,,,
fernajo05,C,,,,,,
fernaju01,P,,,,,,
fernaju02,P,,,,,,
fernana01,3B,,,,,,
fernaos01,P,,,,,,
fernapa01,P,,,,,,
fernaro01,P,,,,,,
fernary01,P,,,,,,
fernasi01,P,,,,,,
fernato01,SS,,,,,,
fernaya01,OF,,,,,,
ferraal01,OF,,,,,,
ferraan01,P,,,,,,
ferrabi01,P,,,,,,
ferrado01,P,,,,,,
ferrami01,3B,,,,,,
ferreco01,SS,,,,,,
ferreje01,P,,,,,,
ferrejo01,P,,,,,,
ferrepe01,2B,,,,,,
ferreri01,C,,,,,,
ferrese01,SS,,,,,,
ferreto01,P,,,,,,
ferreto02,P,,,,,,
ferrewe01,P,,,,,,
ferrewi01,P,,,,,,
ferribo01,P,,,,,,
ferrida01,P,,,,,,
ferriho01,2B,,,,,,
ferrito01,P,,,,,,
ferrycy01,P,,,,,,
ferryja01,P,,,,,,
fersoal01,P,,,,,,
festada01,P,,,,,,
festama01,P,,,,,,
fettelo01,P,,,,,,
fettemi01,P,,,,,,
fewstch01,2B,,,,,,
feyerjo01,P,,,,,,
fiallge01,SS,,,,,,
fiallto01,OF,,,,,,
fickch01,P,,,,,,
fickjo01,P,,,,,,
fickro01,1B,,,,,,
fidryma01,P,,,,,,
fiebecl01,P,,,,,,
fieldbe01,2B,,,,,,
fieldbr01,OF,,,,,,
fieldce01,1B,,,,,,
fieldcl01,2B,,,,,,
fieldda01,OF,,,,,,
fieldge01,3B,,,,,,
fieldja01,P,,,,,,
fieldji01,1B,,,,,,
fieldjo01,OF,,,,,,
fieldjo02,3B,,,,,,
fieldjo03,P,,,,,,
fieldjo04,OF,,,,,,
fieldna01,P,,,,,,
fieldpr01,1B,,,,,,
fieldsa01,C,,,,,,
fieldth01,2B,,,,,,
fieldwi01,P,,,,,,
fienca01,P,,,,,,
fienelo01,P,,,,,,
fiersmi01,P,,,,,,
fifeda01,P,,,,,,
fiferjo01,P,,,,,,
fifest01,P,,,,,,
fifieja01,P,,,,,,
figaral01,P,,,,,,
figarra01,C,,,,,,
figgami01,C,,,,,,
figgefr01,P,,,,,,
figgich01,3B,,,,,,
figuebi01,SS,,,,,,
figueco01,2B,,,,,,
figueed01,P,,,,,,
figueen01,P,,,,,,
figueje01,OF,,,,,,
figuejo01,P,,,,,,
figuelu01,2B,,,,,,
figuene01,P,,,,,,
figuepe01,P,,,,,,
fikacje01,P,,,,,,
filebo01,P,,,,,,
filerto01,P,,,,,,
filesa01,SS,,,,,,
filesed01,P,,,,,,
filipst01,OF,,,,,,
fillema01,P,,,,,,
fillida01,P,,,,,,
fillmhe01,P,,,,,,
fillmjo01,P,,,,,,
filsope01,P,,,,,,
fimplja01,C,,,,,,
finchbi01,P,,,,,,
fincher01,OF,,,,,,
finchjo01,P,,,,,,
finchra01,P,,,,,,
fineto01,P,,,,,,
fingero01,P,,,,,,
finigji01,3B,,,,,,
finkhe01,P,,,,,,
finlape01,P,,,,,,
finlebi01,C,,,,,,
finlebo01,C,,,,,,
finlech01,P,,,,,,
finlest01,OF,,,,,,
finleto01,3B,,,,,,
finnebr01,P,,,,,,
finneed01,3B,,,,,,
finneha01,P,,,,,,
finneha02,C,,,,,,
finnejo01,P,,,,,,
finneky01,P,,,,,,
finnelo01,OF,,,,,,
finnne01,2B,,,,,,
finnvga01,P,,,,,,
fioreje01,OF,,,,,,
fioremi01,1B,,,,,,
fioreto01,P,,,,,,
fireost01,P,,,,,,
firovda01,C,,,,,,
firthte01,P,,,,,,
fischbi01,P,,,,,,
fischca01,P,,,,,,
fischha01,P,,,,,,
fischje01,P,,,,,,
fischmi01,SS,,,,,,
fischru01,P,,,,,,
fischto01,P,,,,,,
fischwi01,C,,,,,,
fishbsa01,1B,,,,,,
fishe01,P,,,,,,
fishebo01,SS,,,,,,
fishebr01,P,,,,,,
fishebr02,P,,,,,,
fisheca01,P,,,,,,
fishech01,P,,,,,,
fishech02,3B,,,,,,
fishech03,OF,,,,,,
fishech04,P,,,,,,
fishecl01,P,,,,,,
fishede01,OF,,,,,,
fishedo01,P,,,,,,
fisheed01,P,,,,,,
fisheed02,P,,,,,,
fishefr01,P,,,,,,
fishege01,2B,,,,,,
fishege02,OF,,,,,,
fishegu01,C,,,,,,
fisheha01,P,,,,,,
fisheja01,P,,,,,,
fisheje01,P,,,,,,
fishejo01,OF,,,,,,
fishele01,P,,,,,,
fishema01,P,,,,,,
fishena01,P,,,,,,
fishene01,C,,,,,,
fishera01,P,,,,,,
fishere01,OF,,,,,,
fishesh01,OF,,,,,,
fisheto01,P,,,,,,
fisheto02,P,,,,,,
fishmja01,P,,,,,,
fiskca01,C,,,,,,
fiskema01,P,,,,,,
fislewe01,1B,,,,,,
fistedo01,P,,,,,,
fitchbi01,P,,,,,,
fittepa01,P,,,,,,
fittsri01,P,,,,,,
fitzgbr01,P,,,,,,
fitzgde01,SS,,,,,,
fitzged01,C,,,,,,
fitzgge01,OF,,,,,,
fitzgho01,OF,,,,,,
fitzgjo01,P,,,,,,
fitzgjo02,P,,,,,,
fitzgjo03,P,,,,,,
fitzgjo04,OF,,,,,,
fitzgma01,C,,,,,,
fitzgmi01,OF,,,,,,
fitzgmi02,C,,,,,,
fitzgmi03,1B,,,,,,
fitzgry01,2B,,,,,,
fitzgty01,2B,,,,,,
fitzgwa01,P,,,,,,
fitzkpa01,P,,,,,,
fitzmal01,P,,,,,,
fitzmsh01,OF,,,,,,
fitzped01,2B,,,,,,
fitzsfr01,P,,,,,,
fitzsto01,3B,,,,,,
flaaja01,P,,,,,,
flackma01,OF,,,,,,
flagewa01,SS,,,,,,
flagsir01,OF,,,,,,
flaheja01,P,,,,,,
flahejo01,C,,,,,,
flahema01,OF,,,,,,
flahepa01,3B,,,,,,
flahepa02,P,,,,,,
flahery01,2B,,,,,,
flairal01,1B,,,,,,
flanach01,3B,,,,,,
flanaed01,1B,,,,,,
flanami01,P,,,,,,
flanast01,OF,,,,,,
flandyo01,P,,,,,,
flanira01,P,,,,,,
flanito01,P,,,,,,
flannjo01,SS,,,,,,
flannti01,2B,,,,,,
flaskro01,SS,,,,,,
flateja01,P,,,,,,
flavijo01,P,,,,,,
fleetfr01,2B,,,,,,
fleetjo01,P,,,,,,
fleitan01,SS,,,,,,
flemibi01,P,,,,,,
flemida01,P,,,,,,
flemifr01,P,,,,,,
flemijo01,P,,,,,,
flemile01,1B,,,,,,
flemito01,OF,,,,,,
flenehu01,P,,,,,,
fletcaa01,P,,,,,,
fletcar01,SS,,,,,,
fletcda01,C,,,,,,
fletcda02,2B,,,,,,
fletcdo01,OF,,,,,,
fletcel01,1B,,,,,,
fletcge01,OF,,,,,,
fletcpa01,P,,,,,,
fletcsa01,P,,,,,,
fletcsc01,SS,,,,,,
fletcto01,P,,,,,,
fletcva01,P,,,,,,
flexech01,P,,,,,,
flickel01,OF,,,,,,
flickle01,OF,,,,,,
flinndo01,OF,,,,,,
flinnjo01,P,,,,,,
flintsi01,C,,,,,,
flitchi01,P,,,,,,
flohrmo01,P,,,,,,
floodcu01,OF,,,,,,
floodti01,2B,,,,,,
florake01,OF,,,,,,
florebe01,P,,,,,,
floredo01,P,,,,,,
floregi01,OF,,,,,,
floreje01,P,,,,,,
floreje02,C,,,,,,
florejo01,2B,,,,,,
floreke01,P,,,,,,
florepa01,C,,,,,,
florera01,P,,,,,,
florera02,OF,,,,,,
florera03,1B,,,,,,
florero01,P,,,,,,
florewi01,1B,,,,,,
floribr01,P,,,,,,
flories01,OF,,,,,,
floripe01,SS,,,,,,
florody01,P,,,,,,
flourwi01,P,,,,,,
flowebe01,P,,,,,,
flowebi01,OF,,,,,,
flowedi01,SS,,,,,,
floweja01,2B,,,,,,
flowety01,C,,,,,,
flowewe01,P,,,,,,
floydbo01,SS,,,,,,
floydbu01,SS,,,,,,
floydcl01,OF,,,,,,
floydga01,P,,,,,,
fluhama01,P,,,,,,
fluhrjo01,OF,,,,,,
flynnbr01,P,,,,,,
flynnca01,P,,,,,,
flynncl01,1B,,,,,,
flynndo01,2B,,,,,,
flynned01,3B,,,,,,
flynnge01,OF,,,,,,
flynnjo01,OF,,,,,,
flynnjo02,P,,,,,,
flynnjo03,1B,,,,,,
flynnmi01,C,,,,,,
flythst01,P,,,,,,
fodgege01,P,,,,,,
fogarji01,OF,,,,,,
fogarjo01,OF,,,,,,
foggjo01,P,,,,,,
fohlle01,C,,,,,,
foileha01,C,,,,,,
foleycu01,OF,,,,,,
foleyja01,P,,,,,,
foleyjo01,P,,,,,,
foleyma01,C,,,,,,
foleyto01,OF,,,,,,
foleyto02,SS,,,,,,
foleywi01,3B,,,,,,
foliti01,SS,,,,,,
folkeri01,P,,,,,,
foltymi01,P,,,,,,
fondyde01,1B,,,,,,
fonsele01,1B,,,,,,
fontano01,2B,,,,,,
fontejo01,P,,,,,,
fontemi01,2B,,,,,,
fontera01,P,,,,,,
fontwi01,P,,,,,,
fonvich01,2B,,,,,,
foorji01,P,,,,,,
footeba01,C,,,,,,
footero01,C,,,,,,
foppeje01,P,,,,,,
foranji01,1B,,,,,,
forbefr01,SS,,,,,,
forbepj01,2B,,,,,,
forcebi01,P,,,,,,
forceda01,SS,,,,,,
fordbe01,P,,,,,,
fordbi01,P,,,,,,
fordcu01,OF,,,,,,
fordda01,OF,,,,,,
fordda02,P,,,,,,
fordda03,OF,,,,,,
forded01,1B,,,,,,
fordge01,P,,,,,,
fordge02,P,,,,,,
fordge03,SS,,,,,,
fordha01,C,,,,,,
fordho01,SS,,,,,,
fordhto01,P,,,,,,
fordji01,2B,,,,,,
fordle01,OF,,,,,,
fordma01,P,,,,,,
fordmi01,1B,,,,,,
fordru01,P,,,,,,
fordte01,OF,,,,,,
fordto01,P,,,,,,
fordwe01,P,,,,,,
fordwh01,P,,,,,,
fordybr01,C,,,,,,
forembr01,P,,,,,,
foremfr01,P,,,,,,
foremha01,P,,,,,,
foremsy01,C,,,,,,
foremza01,P,,,,,,
formabi01,P,,,,,,
formepe01,OF,,,,,,
fornaer01,P,,,,,,
fornimi01,P,,,,,,
forreja01,C,,,,,,
forrepe01,P,,,,,,
forscbo01,P,,,,,,
forscke01,P,,,,,,
forstsc01,P,,,,,,
forstte01,P,,,,,,
forstto01,2B,,,,,,
forsyed01,3B,,,,,,
forsylo01,2B,,,,,,
forteni01,C,,,,,,
fortuba01,P,,,,,,
fortuga01,P,,,,,,
fortuti01,P,,,,,,
foscuju01,1B,,,,,,
fosnoje01,P,,,,,,
fossato01,P,,,,,,
fossera01,C,,,,,,
fossge01,3B,,,,,,
fossla01,P,,,,,,
fossuca01,P,,,,,,
fosteal01,P,,,,,,
fostebi99,P,,,,,,
fosteed01,P,,,,,,
fosteed02,3B,,,,,,
fosteel01,OF,,,,,,
fostege01,OF,,,,,,
fostejo01,P,,,,,,
fosteke01,P,,,,,,
fostekr01,P,,,,,,
fostela01,P,,,,,,
fostele01,SS,,,,,,
fostele02,P,,,,,,
fostema01,P,,,,,,
fostepo01,OF,,,,,,
fostere02,1B,,,,,,
fostero01,OF,,,,,,
fostero02,C,,,,,,
fosteru01,P,,,,,,
fosteru99,P,,,,,,
fostest01,P,,,,,,
fothebo01,OF,,,,,,
foucast01,P,,,,,,
foulkke01,P,,,,,,
fournhe01,P,,,,,,
fournja01,1B,,,,,,
fousebi01,2B,,,,,,
foutzda01,1B,,,,,,
foutzfr01,1B,,,,,,
fowlear01,P,,,,,,
fowlebo01,SS,,,,,,
fowlede01,OF,,,,,,
fowledi01,P,,,,,,
fowledu01,OF,,,,,,
fowleje01,P,,,,,,
fowlkal01,P,,,,,,
fowlker01,SS,,,,,,
fox01,PH,,,,,,
fox02,C,,,,,,
foxan01,SS,,,,,,
foxbi01,2B,,,,,,
foxch01,C,,,,,,
foxch02,P,,,,,,
foxenbi01,P,,,,,,
foxer01,OF,,,,,,
foxhe01,P,,,,,,
foxho01,P,,,,,,
foxja01,OF,,,,,,
foxja02,OF,,,,,,
foxjo01,P,,,,,,
foxlu01,SS,,,,,,
foxma01,P,,,,,,
foxne01,2B,,,,,,
foxpa01,1B,,,,,,
foxpe01,OF,,,,,,
foxte01,P,,,,,,
foxxji01,1B,,,,,,
foyjo01,3B,,,,,,
foytapa01,P,,,,,,
frailke01,P,,,,,,
fraleja01,OF,,,,,,
francbe01,OF,,,,,,
francbi01,3B,,,,,,
francbo01,P,,,,,,
francea01,P,,,,,,
francen01,P,,,,,,
francfr01,P,,,,,,
francje01,P,,,,,,
francje02,OF,,,,,,
francjo01,P,,,,,,
francjp01,P,,,,,,
francju01,SS,,,,,,
francju02,3B,,,,,,
francma01,1B,,,,,,
francma02,3B,,,,,,
francos01,P,,,,,,
francot01,2B,,,,,,
francra01,P,,,,,,
francte01,1B,,,,,,
francti01,OF,,,,,,
francty01,1B,,,,,,
francwa01,SS,,,,,,
frandke01,2B,,,,,,
frank01,OF,,,,,,
frankch01,OF,,,,,,
frankfr01,OF,,,,,,
frankfr02,P,,,,,,
frankhe01,C,,,,,,
frankja01,P,,,,,,
frankja02,P,,,,,,
frankmi01,OF,,,,,,
frankmi02,OF,,,,,,
frankmo01,SS,,,,,,
frankni01,2B,,,,,,
frankry01,P,,,,,,
frankse01,P,,,,,,
frankwa01,P,,,,,,
frareca01,P,,,,,,
frascjo01,P,,,,,,
frasech01,P,,,,,,
frasewi01,P,,,,,,
frasivi01,P,,,,,,
frasoja01,P,,,,,,
fraziad01,2B,,,,,,
frazial01,2B,,,,,,
frazicl01,OF,,,,,,
frazifl01,SS,,,,,,
frazige01,P,,,,,,
frazije01,OF,,,,,,
frazijo01,OF,,,,,,
frazilo01,OF,,,,,,
frazior01,2B,,,,,,
frazito01,3B,,,,,,
fredejo01,OF,,,,,,
fredeke01,P,,,,,,
fredrsc01,P,,,,,,
freeded01,OF,,,,,,
freedro01,OF,,,,,,
freehbi01,C,,,,,,
freelal01,3B,,,,,,
freelky01,P,,,,,,
freelry01,OF,,,,,,
freem01,OF,,,,,,
freembi01,P,,,,,,
freembu01,OF,,,,,,
freembu02,P,,,,,,
freemca01,P,,,,,,
freemch01,OF,,,,,,
freemco01,2B,,,,,,
freemfr01,1B,,,,,,
freemha01,P,,,,,,
freemhe01,P,,,,,,
freemje01,1B,,,,,,
freemji01,P,,,,,,
freemjo01,OF,,,,,,
freemju01,P,,,,,,
freemju02,P,,,,,,
freemma01,P,,,,,,
freemma02,P,,,,,,
freemmi01,2B,,,,,,
freemsa01,P,,,,,,
freemty01,OF,,,,,,
freesda01,3B,,,,,,
freesge01,3B,,,,,,
freesge02,3B,,,,,,
freezja01,P,,,,,,
fregoji01,SS,,,,,,
freibve01,1B,,,,,,
freigho01,3B,,,,,,
freimna01,1B,,,,,,
freiral01,1B,,,,,,
freisda01,P,,,,,,
freitda01,C,,,,,,
freitto01,P,,,,,,
frelisa01,OF,,,,,,
frencbi01,1B,,,,,,
frencch01,2B,,,,,,
frencji01,C,,,,,,
frencla01,P,,,,,,
frenclu01,P,,,,,,
frencpa01,OF,,,,,,
frencra01,SS,,,,,,
frencwa01,OF,,,,,,
fresn01,OF,,,,,,
freybe01,P,,,,,,
freylo01,2B,,,,,,
freyst01,P,,,,,,
friasca01,P,,,,,,
friasha01,SS,,,,,,
friaslu01,P,,,,,,
friaspe01,SS,,,,,,
fribebe01,3B,,,,,,
fricama01,P,,,,,,
fridask01,P,,,,,,
fridlji01,OF,,,,,,
friedbo01,P,,,,,,
friedch01,P,,,,,,
friedcy01,P,,,,,,
friedma01,P,,,,,,
friedtj01,OF,,,,,,
frielbi01,2B,,,,,,
frielpa01,OF,,,,,,
frienbo01,P,,,,,,
frienda01,P,,,,,,
frienfr01,C,,,,,,
frienow01,2B,,,,,,
frierbu01,OF,,,,,,
frierer01,P,,,,,,
friespe01,P,,,,,,
frilljo01,P,,,,,,
frinkfr01,OF,,,,,,
frisbch01,OF,,,,,,
friscfr01,2B,,,,,,
friseda01,P,,,,,,
friskem01,OF,,,,,,
fritzch01,P,,,,,,
fritzha01,3B,,,,,,
froatbi01,P,,,,,,
frobedo01,OF,,,,,,
frocksa01,P,,,,,,
froelbe01,C,,,,,,
frohwto01,P,,,,,,
frommar01,P,,,,,,
frostda01,P,,,,,,
frutoem01,P,,,,,,
fryda01,C,,,,,,
fryech01,P,,,,,,
fryeja01,1B,,,,,,
fryeje01,2B,,,,,,
fryerer01,C,,,,,,
fryja01,P,,,,,,
fryje01,C,,,,,,
fryjo01,P,,,,,,
frymatr01,3B,,,,,,
frymawo01,P,,,,,,
frypa01,P,,,,,,
fuchsch01,P,,,,,,
fuentbr01,P,,,,,,
fuentdi01,P,,,,,,
fuentjo01,1B,,,,,,
fuentmi01,P,,,,,,
fuentmi02,OF,,,,,,
fuentre01,OF,,,,,,
fuentti01,2B,,,,,,
fuhrmol01,C,,,,,,
fuhros01,P,,,,,,
fujikky01,P,,,,,,
fujinsh01,P,,,,,,
fukudko01,OF,,,,,,
fukumka01,P,,,,,,
fulchje01,P,,,,,,
fuldsa01,OF,,,,,,
fulfobr01,C,,,,,,
fulghdo01,SS,,,,,,
fulghjo01,P,,,,,,
fullecu01,P,,,,,,
fulleed01,P,,,,,,
fullefr01,2B,,,,,,
fulleha01,3B,,,,,,
fulleji01,OF,,,,,,
fulleji02,C,,,,,,
fullejo01,OF,,,,,,
fulleni01,C,,,,,,
fullesh01,SS,,,,,,
fulleve01,2B,,,,,,
fullewi01,2B,,,,,,
fullich01,OF,,,,,,
fullmbr01,1B,,,,,,
fulmeca01,P,,,,,,
fulmech01,SS,,,,,,
fulmech02,C,,,,,,
fulmemi01,P,,,,,,
fulmewa01,OF,,,,,,
fultobi01,P,,,,,,
fultzaa01,P,,,,,,
fultzda01,OF,,,,,,
fundeko01,P,,,,,,
fundema01,OF,,,,,,
funesma01,OF,,,,,,
funkfr01,P,,,,,,
funkhky01,P,,,,,,
funkli01,OF,,,,,,
funkto01,P,,,,,,
furbuch01,P,,,,,,
furcara01,SS,,,,,,
furilca01,OF,,,,,,
furmajj01,2B,,,,,,
fussech01,P,,,,,,
fusseed01,C,,,,,,
fussefr01,P,,,,,,
fussele01,C,,,,,,
fyhrimi01,P,,,,,,
gabbaka01,P,,,,,,
gabinar01,P,,,,,,
gablefr01,P,,,,,,
gablega02,P,,,,,,
gableke01,P,,,,,,
gabrile01,1B,,,,,,
gabrile02,OF,,,,,,
gaddihu01,P,,,,,,
gaddyjo01,P,,,,,,
gadsdgu01,OF,,,,,,
gaettga01,3B,,,,,,
gaffbr01,P,,,,,,
gaffkfa01,OF,,,,,,
gagema01,P,,,,,,
gagliph01,2B,,,,,,
gagneer01,P,,,,,,
gagnegr01,SS,,,,,,
gagnied01,SS,,,,,,
gagnoch01,SS,,,,,,
gagnodr01,P,,,,,,
gagusch01,P,,,,,,
gailled01,P,,,,,,
gainede01,1B,,,,,,
gaineja01,1B,,,,,,
gainejo01,OF,,,,,,
gainejo02,P,,,,,,
gainene01,P,,,,,,
gainety01,OF,,,,,,
gaisefr01,P,,,,,,
gajkost01,P,,,,,,
gakelda01,P,,,,,,
galanau01,OF,,,,,,
galaran01,1B,,,,,,
galarar01,P,,,,,,
galasbo01,P,,,,,,
galatmi01,OF,,,,,,
galehde01,P,,,,,,
galeri01,P,,,,,,
galero01,C,,,,,,
gallaal01,3B,,,,,,
gallabi01,OF,,,,,,
gallabo01,OF,,,,,,
gallaca01,C,,,,,,
gallada01,OF,,,,,,
gallado01,P,,,,,,
gallaed01,P,,,,,,
gallagi01,SS,,,,,,
gallaja01,OF,,,,,,
gallaji01,SS,,,,,,
gallajo01,2B,,,,,,
gallajo02,OF,,,,,,
gallase01,P,,,,,,
gallash01,OF,,,,,,
gallawi01,SS,,,,,,
gallayo01,P,,,,,,
gallegi01,P,,,,,,
gallemi01,2B,,,,,,
gallest01,3B,,,,,,
galleza01,P,,,,,,
gallibe01,P,,,,,,
galliji01,OF,,,,,,
galliph01,P,,,,,,
galljo01,OF,,,,,,
galloch01,SS,,,,,,
gallois01,OF,,,,,,
galloji01,2B,,,,,,
gallojo01,OF,,,,,,
gallomi01,P,,,,,,
galveba01,P,,,,,,
galveca01,P,,,,,,
galvifr01,SS,,,,,,
galvijo01,2B,,,,,,
galvilo01,P,,,,,,
galvipu01,P,,,,,,
gamblbo01,P,,,,,,
gambljo01,SS,,,,,,
gamblle01,OF,,,,,,
gamblos01,OF,,,,,,
gamblwi01,P,,,,,,
gamboed01,P,,,,,,
gamelbe01,OF,,,,,,
gamelma01,3B,,,,,,
gamizdo01,P,,,,,,
gamizma01,C,,,,,,
gammoda01,OF,,,,,,
gandagu01,P,,,,,,
gandich01,1B,,,,,,
gandybo01,OF,,,,,,
ganlebo01,OF,,,,,,
gannobi01,OF,,,,,,
gannogu01,P,,,,,,
gannojo01,P,,,,,,
gansju01,OF,,,,,,
gantejo01,2B,,,,,,
ganthe01,3B,,,,,,
gantjo01,P,,,,,,
gantnji01,2B,,,,,,
gantro01,OF,,,,,,
ganzeba01,OF,,,,,,
ganzech01,C,,,,,,
ganzejo01,1B,,,,,,
garabed01,2B,,,,,,
garabge01,P,,,,,,
garagjo01,C,,,,,,
garagke01,P,,,,,,
garatvi01,P,,,,,,
garbabo01,C,,,,,,
garbami01,C,,,,,,
garbeba01,1B,,,,,,
garbebo01,P,,,,,,
garbege01,P,,,,,,
garcefr01,P,,,,,,
garceri01,P,,,,,,
garciad01,3B,,,,,,
garciad02,OF,,,,,,
garciam01,2B,,,,,,
garcian01,P,,,,,,
garcian02,P,,,,,,
garcian03,1B,,,,,,
garciar01,C,,,,,,
garciav01,OF,,,,,,
garcibr01,P,,,,,,
garcibr02,P,,,,,,
garcica01,2B,,,,,,
garcich01,2B,,,,,,
garcich02,P,,,,,,
garcich03,2B,,,,,,
garcico01,P,,,,,,
garcida01,2B,,,,,,
garcida02,OF,,,,,,
garcida03,2B,,,,,,
garcide01,P,,,,,,
garcide02,1B,,,,,,
garcied01,P,,,,,,
garcifr01,3B,,,,,,
garcifr02,P,,,,,,
garcigr01,2B,,,,,,
garcigu01,C,,,,,,
garciha01,P,,,,,,
garcija01,P,,,,,,
garcija02,P,,,,,,
garcija03,P,,,,,,
garcija04,P,,,,,,
garcije01,SS,,,,,,
garcijh01,OF,,,,,,
garcijo01,P,,,,,,
garcijo02,SS,,,,,,
garcika01,OF,,,,,,
garciki01,SS,,,,,,
garcile01,OF,,,,,,
garcile02,OF,,,,,,
garcilu01,SS,,,,,,
garcilu02,OF,,,,,,
garcilu03,P,,,,,,
garcilu04,2B,,,,,,
garcilu05,P,,,,,,
garcima01,3B,,,,,,
garcimi01,P,,,,,,
garcimi02,P,,,,,,
garcimi03,P,,,,,,
garcino01,SS,,,,,,
garcion01,P,,,,,,
garcipe01,2B,,,,,,
garcira01,P,,,,,,
garcira02,P,,,,,,
garcira03,P,,,,,,
garcire01,P,,,,,,
garcire02,C,,,,,,
garciri01,P,,,,,,
garciro01,P,,,,,,
garciro02,2B,,,,,,
garciro03,P,,,,,,
garciro04,P,,,,,,
garcisi01,SS,,,,,,
garciwi01,OF,,,,,,
garciyi01,P,,,,,,
gardeal01,1B,,,,,,
gardeda01,OF,,,,,,
gardeni01,P,,,,,,
gardero01,SS,,,,,,
gardiar01,P,,,,,,
gardimi01,P,,,,,,
gardn01,OF,,,,,,
gardn02,P,,,,,,
gardn03,2B,,,,,,
gardnal01,C,,,,,,
gardnar01,OF,,,,,,
gardnbi01,P,,,,,,
gardnbi02,2B,,,,,,
gardnbr01,OF,,,,,,
gardnch01,P,,,,,,
gardnea01,2B,,,,,,
gardngi01,OF,,,,,,
gardngl01,P,,,,,,
gardnha01,P,,,,,,
gardnje01,2B,,,,,,
gardnje02,OF,,,,,,
gardnji01,P,,,,,,
gardnla01,3B,,,,,,
gardnle01,P,,,,,,
gardnma01,P,,,,,,
gardnpi01,P,,,,,,
gardnra01,SS,,,,,,
gardnro01,P,,,,,,
gardnwe01,P,,,,,,
garey01,C,,,,,,
garfibi01,P,,,,,,
garibar01,3B,,,,,,
garibbo01,P,,,,,,
garibda01,P,,,,,,
garkory01,1B,,,,,,
garlajo01,P,,,,,,
garlalo01,P,,,,,,
garlawa01,P,,,,,,
garliky01,OF,,,,,,
garmami01,P,,,,,,
garmsde01,OF,,,,,,
garneco01,OF,,,,,,
garnedu01,C,,,,,,
garnepe01,P,,,,,,
garneph01,2B,,,,,,
garonwi01,P,,,,,,
garread01,C,,,,,,
garream01,P,,,,,,
garrebr01,P,,,,,,
garrecl01,P,,,,,,
garregr01,P,,,,,,
garrere01,P,,,,,,
garresc01,P,,,,,,
garresp01,2B,,,,,,
garrest01,OF,,,,,,
garreto01,OF,,,,,,
garrewa01,3B,,,,,,
garricl01,P,,,,,,
garridi01,P,,,,,,
garrifo01,OF,,,,,,
garrigi01,SS,,,,,,
garrigi02,2B,,,,,,
garriha01,C,,,,,,
garriro01,OF,,,,,,
garrist01,P,,,,,,
garriwe01,2B,,,,,,
garrra01,OF,,,,,,
garryji01,P,,,,,,
gartory01,P,,,,,,
garvemi01,C,,,,,,
garvene01,P,,,,,,
garvest01,1B,,,,,,
garvi01,P,,,,,,
garvije01,P,,,,,,
garvine01,P,,,,,,
garych01,3B,,,,,,
garzaju01,P,,,,,,
garzama01,P,,,,,,
garzara01,P,,,,,,
gaspaha01,P,,,,,,
gasparo01,OF,,,,,,
gaspemi01,C,,,,,,
gassach01,P,,,,,,
gassero01,P,,,,,,
gassnda01,P,,,,,,
gastato01,C,,,,,,
gastfed01,C,,,,,,
gastjo01,P,,,,,,
gastoal01,C,,,,,,
gastoci01,OF,,,,,,
gastomi01,P,,,,,,
gastoro01,C,,,,,,
gastowe01,P,,,,,,
gastrha01,P,,,,,,
gatesbr01,2B,,,,,,
gatesjo01,2B,,,,,,
gatesmi01,2B,,,,,,
gatewau01,P,,,,,,
gatewbi01,P,,,,,,
gatewer01,C,,,,,,
gathrjo01,OF,,,,,,
gatinfr01,3B,,,,,,
gattiev01,C,,,,,,
gaubjo01,P,,,,,,
gaudeji01,C,,,,,,
gaudich01,P,,,,,,
gaulemi01,OF,,,,,,
gausmke01,P,,,,,,
gautrdo01,2B,,,,,,
gautrsi01,C,,,,,,
gaver01,2B,,,,,,
gavigsa01,P,,,,,,
gavin01,P,,,,,,
gawch01,P,,,,,,
gayhe01,P,,,,,,
gaywi01,OF,,,,,,
gazelmi01,3B,,,,,,
gearda01,OF,,,,,,
gearhga01,OF,,,,,,
gearidi01,P,,,,,,
gearrco01,P,,,,,,
gearybo01,P,,,,,,
gearyge01,P,,,,,,
gearyhu01,SS,,,,,,
gebhabo01,P,,,,,,
gebripe01,P,,,,,,
geddeji01,P,,,,,,
gedeoel01,OF,,,,,,
gedeojo01,2B,,,,,,
gedmari01,C,,,,,,
gedneco01,OF,,,,,,
geedi01,P,,,,,,
geejo01,P,,,,,,
geerbi01,SS,,,,,,
geeri01,C,,,,,,
geerjo01,P,,,,,,
geesa01,SS,,,,,,
geeto01,C,,,,,,
gehrich01,2B,,,,,,
gehrihe01,P,,,,,,
gehrilo01,1B,,,,,,
gehrmpa01,P,,,,,,
geierph01,OF,,,,,,
geigega01,OF,,,,,,
geisbi01,2B,,,,,,
geiseda01,P,,,,,,
geishve01,P,,,,,,
geissem01,1B,,,,,,
gelbech01,SS,,,,,,
gelnajo01,P,,,,,,
gelofza01,2B,,,,,,
geltzst01,P,,,,,,
genewjo01,P,,,,,,
geninfr01,OF,,,,,,
gennesc01,2B,,,,,,
gentiji01,1B,,,,,,
gentrcr01,OF,,,,,,
gentrga01,P,,,,,,
gentrru01,P,,,,,,
gentrty01,OF,,,,,,
georgal01,SS,,,,,,
georgbi01,P,,,,,,
georgch01,P,,,,,,
georgch02,P,,,,,,
georggr01,C,,,,,,
georgjo01,SS,,,,,,
georgle01,P,,,,,,
georgos01,P,,,,,,
geragbe01,SS,,,,,,
geraral01,OF,,,,,,
gerarda01,P,,,,,,
gerbecr01,SS,,,,,,
gerbege01,P,,,,,,
gerbejo01,P,,,,,,
gerbemi01,OF,,,,,,
gerbewa01,SS,,,,,,
gerenbo01,C,,,,,,
gerha01,PH,,,,,,
gerhajo01,2B,,,,,,
gerhake01,OF,,,,,,
gerharu01,P,,,,,,
gerheal01,P,,,,,,
gerkege01,OF,,,,,,
gerkist01,P,,,,,,
gerlajo01,SS,,,,,,
germado01,P,,,,,,
germaes01,2B,,,,,,
germafr01,P,,,,,,
germafr02,P,,,,,,
germaju01,P,,,,,,
germale01,P,,,,,,
germego01,P,,,,,,
gernedi01,1B,,,,,,
gerneed01,P,,,,,,
geronce01,OF,,,,,,
gertelo01,OF,,,,,,
gerutjo01,OF,,,,,,
gervale01,P,,,,,,
gervapa01,P,,,,,,
gervasa01,P,,,,,,
gessldo01,OF,,,,,,
gessnch01,P,,,,,,
getteal01,P,,,,,,
gettiby01,OF,,,,,,
gettich01,P,,,,,,
gettito01,OF,,,,,,
gettmja01,OF,,,,,,
getzch01,2B,,,,,,
getzgu01,3B,,,,,,
getzich01,P,,,,,,
geyerru01,P,,,,,,
geygach01,SS,,,,,,
gharrpa01,C,,,,,,
ghelfto01,P,,,,,,
giallbo01,P,,,,,,
giambja01,1B,,,,,,
giambje01,OF,,,,,,
giambtr01,2B,,,,,,
giannjo01,SS,,,,,,
giannra01,3B,,,,,,
giardjo01,P,,,,,,
giarrto01,SS,,,,,,
giavojo01,2B,,,,,,
gibauia01,P,,,,,,
gibboja01,OF,,,,,,
gibbojo01,P,,,,,,
gibbojo02,C,,,,,,
gibbojo03,P,,,,,,
gibbowa01,P,,,,,,
gibbsja01,C,,,,,,
gibrast01,OF,,,,,,
gibso01,C,,,,,,
gibsobo01,P,,,,,,
gibsobo02,P,,,,,,
gibsoca01,P,,,,,,
gibsoch01,C,,,,,,
gibsoch02,C,,,,,,
gibsode01,OF,,,,,,
gibsofr01,C,,,,,,
gibsoge01,C,,,,,,
gibsoje01,P,,,,,,
gibsojo99,C,,,,,,
gibsoki01,OF,,,,,,
gibsoky01,P,,,,,,
gibsono01,P,,,,,,
gibsopa01,P,,,,,,
gibsopa02,P,,,,,,
gibsoro01,P,,,,,,
gibsoru01,C,,,,,,
gibsosa01,P,,,,,,
gibsowh01,C,,,,,,
gickge01,P,,,,,,
gideobr01,P,,,,,,
gideoji01,P,,,,,,
giebefl01,P,,,,,,
giebejo01,C,,,,,,
gielpa01,P,,,,,,
gieseda01,P,,,,,,
giggibo01,P,,,,,,
gigonno01,2B,,,,,,
gilbe01,SS,,,,,,
gilbean01,OF,,,,,,
gilbebi01,P,,,,,,
gilbebi02,2B,,,,,,
gilbebu01,OF,,,,,,
gilbech01,OF,,,,,,
gilbedr01,OF,,,,,,
gilbeha01,2B,,,,,,
gilbeja01,OF,,,,,,
gilbejo01,SS,,,,,,
gilbejo02,P,,,,,,
gilbela01,OF,,,,,,
gilbelo01,P,,,,,,
gilbema01,OF,,,,,,
gilbepe01,3B,,,,,,
gilbesh01,OF,,,,,,
gilbeto01,1B,,,,,,
gilbety01,P,,,,,,
gilbewa01,3B,,,,,,
gilbrbi01,P,,,,,,
gilbrlu01,P,,,,,,
gilbrro01,2B,,,,,,
gilchde01,C,,,,,,
giledo01,1B,,,,,,
giles01,OF,,,,,,
gilesbr01,2B,,,,,,
gilesbr02,OF,,,,,,
gilesge01,1B,,,,,,
gileske01,P,,,,,,
gilesma01,2B,,,,,,
gilfija01,P,,,,,,
gilgahu01,C,,,,,,
gilge01,C,,,,,,
gilgu01,2B,,,,,,
gilhage01,C,,,,,,
gilhofr01,OF,,,,,,
gilje01,SS,,,,,,
gilkebe01,OF,,,,,,
gilkebo01,SS,,,,,,
gilksbo01,OF,,,,,,
gillaco01,3B,,,,,,
gillalo01,P,,,,,,
gillebo01,P,,,,,,
gilleca01,OF,,,,,,
gillecl01,P,,,,,,
gilleco01,OF,,,,,,
gilled01,P,,,,,,
gilledu01,P,,,,,,
gillehe01,P,,,,,,
gilleji01,OF,,,,,,
gillepa01,C,,,,,,
gillepe01,OF,,,,,,
gillesa01,SS,,,,,,
gilleto01,C,,,,,,
gilleto02,P,,,,,,
gillge01,P,,,,,,
gillge02,1B,,,,,,
gillha01,P,,,,,,
gilliar01,P,,,,,,
gilliba01,C,,,,,,
gillico01,P,,,,,,
gilligr01,2B,,,,,,
gillija01,P,,,,,,
gilliji01,2B,,,,,,
gillimu01,P,,,,,,
gillipa01,P,,,,,,
gillipe01,OF,,,,,,
gillji01,2B,,,,,,
gilljo01,OF,,,,,,
gillpge01,P,,,,,,
gillu01,P,,,,,,
gillwa01,1B,,,,,,
gilmaji01,3B,,,,,,
gilmapi01,OF,,,,,,
gilmase01,P,,,,,,
gilmofr01,P,,,,,,
gilmogr01,OF,,,,,,
gilmoji01,C,,,,,,
gilmole01,P,,,,,,
gilmole02,P,,,,,,
gilpi01,PH,,,,,,
gilro01,C,,,,,,
gilrojo01,P,,,,,,
gilsoha01,P,,,,,,
gilyalu01,1B,,,,,,
gimenan01,2B,,,,,,
gimench01,C,,,,,,
gimenhe01,C,,,,,,
gindlca01,OF,,,,,,
gingbi01,P,,,,,,
gingrjo01,P,,,,,,
ginkeke01,P,,,,,,
ginnjt01,P,,,,,,
ginnti01,OF,,,,,,
ginsbjo01,C,,,,,,
ginteke01,2B,,,,,,
gintema01,P,,,,,,
giolilu01,P,,,,,,
gionfal01,OF,,,,,,
giordto01,2B,,,,,,
giovaed01,3B,,,,,,
gipsoal01,P,,,,,,
gipsoch01,OF,,,,,,
gipsosa01,P,,,,,,
gipsote01,3B,,,,,,
girarch01,P,,,,,,
girarjo01,C,,,,,,
girodch01,P,,,,,,
gisenwi01,P,,,,,,
gissech01,P,,,,,,
gittech01,1B,,,,,,
giulito01,C,,,,,,
giustda01,P,,,,,,
givenbr01,P,,,,,,
givenmy01,P,,,,,,
givenos01,SS,,,,,,
gladdda01,OF,,,,,,
gladdfr01,P,,,,,,
gladdji01,C,,,,,,
gladefr01,P,,,,,,
gladmbu01,3B,,,,,,
gladnel01,SS,,,,,,
gladuro01,3B,,,,,,
glaisjo01,P,,,,,,
glanvdo01,OF,,,,,,
glaseno01,P,,,,,,
glasnty01,P,,,,,,
glaspbe01,OF,,,,,,
glass01,OF,,,,,,
glassca01,P,,,,,,
glassja01,SS,,,,,,
glassto01,P,,,,,,
glaubke01,P,,,,,,
glaustr01,3B,,,,,,
glavelu01,P,,,,,,
glavimi01,1B,,,,,,
glavito01,3B,,,,,,
glavito02,P,,,,,,
glazera01,P,,,,,,
glaznwh01,P,,,,,,
gleasbi01,SS,,,,,,
gleasbi02,P,,,,,,
gleasbi03,2B,,,,,,
gleasha01,3B,,,,,,
gleasja01,3B,,,,,,
gleasjo01,P,,,,,,
gleaski01,2B,,,,,,
gleatje01,P,,,,,,
gleesji01,OF,,,,,,
gleicfr01,OF,,,,,,
glenabo01,2B,,,,,,
glendma01,P,,,,,,
glennbo01,P,,,,,,
glennbr01,OF,,,,,,
glenned01,OF,,,,,,
glenned02,SS,,,,,,
glennha01,C,,,,,,
glennha02,3B,,,,,,
glennhu01,P,,,,,,
glennjo01,OF,,,,,,
glennjo02,C,,,,,,
glennjo03,OF,,,,,,
glennst01,C,,,,,,
gliatsa01,P,,,,,,
glinage01,P,,,,,,
gloadro01,1B,,,,,,
glockno01,C,,,,,,
glossal01,2B,,,,,,
glove01,OF,,,,,,
glovega01,P,,,,,,
gloveko01,P,,,,,,
gloveto01,P,,,,,,
glynnbi01,1B,,,,,,
glynned01,P,,,,,,
glynnry01,P,,,,,,
goarjo01,P,,,,,,
gobblji01,P,,,,,,
gochnjo01,SS,,,,,,
godarjo01,OF,,,,,,
godbyda01,OF,,,,,,
goddajo01,C,,,,,,
godfrgr01,P,,,,,,
godinma01,P,,,,,,
godleza01,P,,,,,,
godoyjo01,C,,,,,,
godwijo01,3B,,,,,,
goebbja01,1B,,,,,,
goebeed01,OF,,,,,,
goeckbi01,1B,,,,,,
goedder01,P,,,,,,
goeddty01,OF,,,,,,
goetzge01,P,,,,,,
goetzjo01,P,,,,,,
goffje01,C,,,,,,
goforda01,P,,,,,,
goggich01,2B,,,,,,
gogolbi01,P,,,,,,
goharlu01,P,,,,,,
gohrgr01,P,,,,,,
goinewa01,P,,,,,,
goinsry01,2B,,,,,,
goldbbr01,P,,,,,,
goldecl01,P,,,,,,
goldeji01,P,,,,,,
goldemi01,OF,,,,,,
goldero01,P,,,,,,
goldiev01,1B,,,,,,
goldmjo01,SS,,,,,,
goldsfr01,P,,,,,,
goldsgo01,1B,,,,,,
goldsha01,P,,,,,,
goldsiz01,P,,,,,,
goldslo01,1B,,,,,,
goldspa01,1B,,,,,,
goldswa01,3B,,,,,,
goldswa02,OF,,,,,,
goldypu01,OF,,,,,,
goliafr01,2B,,,,,,
goliami01,2B,,,,,,
golsogr01,OF,,,,,,
goltzda01,P,,,,,,
golviwa01,1B,,,,,,
gombeau01,P,,,,,,
gomesbr01,P,,,,,,
gomesjo01,OF,,,,,,
gomeswa01,P,,,,,,
gomesya01,C,,,,,,
gomezal01,OF,,,,,,
gomezca01,OF,,,,,,
gomezch01,2B,,,,,,
gomezch02,SS,,,,,,
gomezda01,P,,,,,,
gomezhe01,2B,,,,,,
gomezje01,P,,,,,,
gomezle01,P,,,,,,
gomezle02,3B,,,,,,
gomezlu01,SS,,,,,,
gomezma01,1B,,,,,,
gomezmi01,2B,,,,,,
gomezpa01,P,,,,,,
gomezpr01,2B,,,,,,
gomezra01,C,,,,,,
gomezro01,P,,,,,,
gomezru01,P,,,,,,
gomezsi01,P,,,,,,
gomezyo01,P,,,,,,
gondeje01,C,,,,,,
gonsast01,P,,,,,,
gonsoto01,P,,,,,,
gonzaad01,1B,,,,,,
gonzaal01,SS,,,,,,
gonzaal02,SS,,,,,,
gonzaal03,2B,,,,,,
gonzaal04,C,,,,,,
gonzaan01,OF,,,,,,
gonzaca01,OF,,,,,,
gonzach01,P,,,,,,
gonzada01,OF,,,,,,
gonzade01,3B,,,,,,
gonzadi01,P,,,,,,
gonzaed01,P,,,,,,
gonzaed02,2B,,,,,,
gonzaen01,P,,,,,,
gonzaer01,SS,,,,,,
gonzaeu01,SS,,,,,,
gonzafe01,2B,,,,,,
gonzaga01,P,,,,,,
gonzage01,P,,,,,,
gonzage02,1B,,,,,,
gonzagi01,P,,,,,,
gonzaje01,P,,,,,,
gonzajo01,P,,,,,,
gonzajo02,OF,,,,,,
gonzaju01,P,,,,,,
gonzaju02,2B,,,,,,
gonzaju03,OF,,,,,,
gonzala01,C,,,,,,
gonzala02,P,,,,,,
gonzalu01,OF,,,,,,
gonzalu02,2B,,,,,,
gonzalu03,OF,,,,,,
gonzalu04,OF,,,,,,
gonzama01,SS,,,,,,
gonzama02,P,,,,,,
gonzame01,P,,,,,,
gonzami01,C,,,,,,
gonzami02,P,,,,,,
gonzami03,P,,,,,,
gonzami04,C,,,,,,
gonzami05,P,,,,,,
gonzani01,2B,,,,,,
gonzaor01,1B,,,,,,
gonzaos01,OF,,,,,,
gonzape01,2B,,,,,,
gonzara01,OF,,,,,,
gonzara02,OF,,,,,,
gonzare01,3B,,,,,,
gonzaro01,2B,,,,,,
gonzase01,P,,,,,,
gonzato01,OF,,,,,,
gonzavi01,P,,,,,,
gonzavi02,P,,,,,,
gonzawi01,C,,,,,,
gonzawi02,P,,,,,,
goochch01,1B,,,,,,
goochjo01,C,,,,,,
goochle01,OF,,,,,,
goodahe01,P,,,,,,
goodan01,P,,,,,,
goodebi01,OF,,,,,,
goodedw01,P,,,,,,
goodeer01,2B,,,,,,
goodejo01,P,,,,,,
goodfmi01,OF,,,,,,
goodge01,OF,,,,,,
goodgjo01,P,,,,,,
goodm01,C,,,,,,
goodmbi01,2B,,,,,,
goodmhu01,C,,,,,,
goodmiv01,OF,,,,,,
goodmja01,1B,,,,,,
goodra01,P,,,,,,
goodrjo01,3B,,,,,,
goodrni01,SS,,,,,,
goodsed01,1B,,,,,,
goodwar01,P,,,,,,
goodwbr01,OF,,,,,,
goodwcl01,P,,,,,,
goodwcu01,OF,,,,,,
goodwda01,1B,,,,,,
goodwi01,OF,,,,,,
goodwji01,P,,,,,,
goodwma01,P,,,,,,
goodwpe01,SS,,,,,,
goodwto01,OF,,,,,,
goodyni01,P,,,,,,
goolsra01,OF,,,,,,
goossgr01,1B,,,,,,
gorbogl01,OF,,,,,,
gordira01,P,,,,,,
gordo01,3B,,,,,,
gordoal01,OF,,,,,,
gordobr01,P,,,,,,
gordobu01,2B,,,,,,
gordoco01,P,,,,,,
gordode01,2B,,,,,,
gordodo01,P,,,,,,
gordohe01,P,,,,,,
gordojo01,2B,,,,,,
gordoke01,OF,,,,,,
gordomi01,C,,,,,,
gordoni01,OF,,,,,,
gordosa01,1B,,,,,,
gordosi01,OF,,,,,,
gordota01,P,,,,,,
gordoto01,P,,,,,,
gordowa01,OF,,,,,,
gorecre01,OF,,,,,,
gorecri01,P,,,,,,
gorege01,OF,,,,,,
gorema01,P,,,,,,
gorete01,OF,,,,,,
gorha01,OF,,,,,,
gorinbo01,OF,,,,,,
gorinch01,P,,,,,,
gormaho01,OF,,,,,,
gormaja01,OF,,,,,,
gormano01,2B,,,,,,
gormato01,P,,,,,,
gormato02,P,,,,,,
gormato03,P,,,,,,
gormato04,1B,,,,,,
gormljo01,P,,,,,,
gorneni01,OF,,,,,,
gorniha01,P,,,,,,
gorsijo01,P,,,,,,
gorskma01,1B,,,,,,
goryljo01,2B,,,,,,
gorzeto01,P,,,,,,
gosean01,OF,,,,,,
gosewtu01,C,,,,,,
gosgeji01,OF,,,,,,
gosligo01,OF,,,,,,
goslimi01,P,,,,,,
gossari01,P,,,,,,
gosseda01,P,,,,,,
gossedi01,C,,,,,,
gosseph01,2B,,,,,,
gossho01,OF,,,,,,
gotayju01,SS,,,,,,
gotayru01,2B,,,,,,
gottji01,P,,,,,,
gotttr01,P,,,,,,
goudeas01,P,,,,,,
goulate01,P,,,,,,
gouldal01,P,,,,,,
gouldch01,1B,,,,,,
gouldha01,P,,,,,,
goulini01,OF,,,,,,
gourryu01,1B,,,,,,
gouzzcl01,2B,,,,,,
govanra01,2B,,,,,,
gowdyha01,C,,,,,,
gowella01,P,,,,,,
gozzoma01,P,,,,,,
grababi01,3B,,,,,,
grabero01,OF,,,,,,
graboal01,P,,,,,,
graboja01,OF,,,,,,
grabojo01,C,,,,,,
grabojo02,P,,,,,,
grabore01,P,,,,,,
graceea01,C,,,,,,
gracefr01,P,,,,,,
gracego01,P,,,,,,
gracejo01,OF,,,,,,
gracema01,1B,,,,,,
gracema02,P,,,,,,
gracemi01,3B,,,,,,
gracemi02,P,,,,,,
gracewi01,OF,,,,,,
gradyjo01,1B,,,,,,
gradymi01,C,,,,,,
grafffr01,3B,,,,,,
graffjo01,P,,,,,,
grafflo01,C,,,,,,
graffmi01,2B,,,,,,
graffto01,2B,,,,,,
grahaba01,3B,,,,,,
grahabe01,OF,,,,,,
grahabe02,1B,,,,,,
grahabi01,P,,,,,,
grahabi02,P,,,,,,
grahach01,C,,,,,,
grahada01,C,,,,,,
grahade01,OF,,,,,,
grahaja01,1B,,,,,,
grahajr01,P,,,,,,
grahale01,OF,,,,,,
grahamo01,OF,,,,,,
grahaos01,P,,,,,,
grahape01,C,,,,,,
graharo01,C,,,,,,
grahask01,P,,,,,,
grahask02,OF,,,,,,
grahati01,1B,,,,,,
grahaty01,OF,,,,,,
grahawa01,3B,,,,,,
grahejo01,P,,,,,,
gramaal01,P,,,,,,
gramlto01,P,,,,,,
grammal01,SS,,,,,,
grampha01,P,,,,,,
grandcu01,OF,,,,,,
grandya01,C,,,,,,
graneja01,OF,,,,,,
grangje01,P,,,,,,
grangwa01,P,,,,,,
granian01,P,,,,,,
graniza01,OF,,,,,,
grantch01,2B,,,,,,
granted01,3B,,,,,,
grantfr99,2B,,,,,,
grantge01,2B,,,,,,
grantge02,P,,,,,,
grantji01,P,,,,,,
grantji02,3B,,,,,,
grantle01,1B,,,,,,
grantma01,P,,,,,,
grantmu01,P,,,,,,
grantto01,OF,,,,,,
graperi01,P,,,,,,
grasmlo01,P,,,,,,
grassmi01,C,,,,,,
gratebe01,P,,,,,,
gratebr01,P,,,,,,
gratedo01,P,,,,,,
grateju01,C,,,,,,
gratema01,P,,,,,,
graulle01,C,,,,,,
grave01,2B,,,,,,
gravebo01,P,,,,,,
gravebr01,P,,,,,,
graveda01,P,,,,,,
gravefr01,C,,,,,,
gravejo01,3B,,,,,,
graveke01,P,,,,,,
gravesi01,OF,,,,,,
gray01,C,,,,,,
gray02,2B,,,,,,
grayab01,C,,,,,,
graych01,P,,,,,,
graych02,P,,,,,,
graych03,2B,,,,,,
graych04,C,,,,,,
grayda01,P,,,,,,
graydi01,3B,,,,,,
graydo01,P,,,,,,
graydo02,P,,,,,,
grayem01,P,,,,,,
grayga01,1B,,,,,,
grayje01,P,,,,,,
grayje02,P,,,,,,
grayji01,SS,,,,,,
grayjo01,P,,,,,,
grayjo02,P,,,,,,
grayjo03,P,,,,,,
graylo01,3B,,,,,,
graymi01,C,,,,,,
graype01,OF,,,,,,
grayso01,P,,,,,,
grayst01,1B,,,,,,
grayte01,P,,,,,,
graytr01,1B,,,,,,
graywi01,OF,,,,,,
grbael01,P,,,,,,
greasbi01,P,,,,,,
greasjo01,P,,,,,,
grebecr01,2B,,,,,,
greenal01,OF,,,,,,
greenan01,2B,,,,,,
greenbi01,2B,,,,,,
greenbo01,P,,,,,,
greench01,P,,,,,,
greench02,C,,,,,,
greench03,P,,,,,,
greenco01,P,,,,,,
greencu01,P,,,,,,
greenda01,OF,,,,,,
greenda02,P,,,,,,
greenda03,OF,,,,,,
greendi01,2B,,,,,,
greened01,P,,,,,,
greenfr01,P,,,,,,
greenga01,SS,,,,,,
greenge01,OF,,,,,,
greengr01,2B,,,,,,
greenha01,1B,,,,,,
greenha02,P,,,,,,
greenho01,OF,,,,,,
greenhu01,P,,,,,,
greenja01,P,,,,,,
greenji01,3B,,,,,,
greenji02,OF,,,,,,
greenjo01,P,,,,,,
greenjo03,OF,,,,,,
greenjo04,C,,,,,,
greenju01,P,,,,,,
greenju02,OF,,,,,,
greenke01,P,,,,,,
greenkh01,SS,,,,,,
greenle01,OF,,,,,,
greenle02,OF,,,,,,
greenmi01,OF,,,,,,
greenne01,P,,,,,,
greenni01,2B,,,,,,
greenni02,P,,,,,,
greenpa01,3B,,,,,,
greenpe01,OF,,,,,,
greenpu01,2B,,,,,,
greenri01,P,,,,,,
greenri02,OF,,,,,,
greensc01,OF,,,,,,
greense01,P,,,,,,
greensh01,OF,,,,,,
greensh02,P,,,,,,
greenst01,P,,,,,,
greenta01,1B,,,,,,
greento01,P,,,,,,
greento02,C,,,,,,
greenty01,P,,,,,,
greenty02,2B,,,,,,
greenvi01,P,,,,,,
greenwi01,3B,,,,,,
greenwi02,3B,,,,,,
greenwi03,C,,,,,,
greenza01,3B,,,,,,
greerbr01,OF,,,,,,
greered01,OF,,,,,,
greerke01,P,,,,,,
greerru01,OF,,,,,,
gregelu01,P,,,,,,
greggda01,P,,,,,,
greggha01,P,,,,,,
greggke01,P,,,,,,
greggto01,OF,,,,,,
greggve01,P,,,,,,
gregodi01,SS,,,,,,
gregofr01,P,,,,,,
gregoho01,P,,,,,,
gregole01,P,,,,,,
gregopa01,P,,,,,,
gregope01,P,,,,,,
gregoto01,C,,,,,,
greifbi01,P,,,,,,
greingr01,C,,,,,,
greinza01,P,,,,,,
greisse01,P,,,,,,
gremmed01,3B,,,,,,
grempbu01,1B,,,,,,
grevebi01,P,,,,,,
greybi01,3B,,,,,,
greyre01,OF,,,,,,
grichbo01,2B,,,,,,
grichra01,OF,,,,,,
griercl01,P,,,,,,
griesti01,C,,,,,,
grievbe01,OF,,,,,,
grievto01,OF,,,,,,
griffaj01,P,,,,,,
griffal01,SS,,,,,,
griffbe01,OF,,,,,,
griffbo01,P,,,,,,
griffcl01,P,,,,,,
griffcl02,OF,,,,,,
griffde01,OF,,,,,,
griffdo01,2B,,,,,,
griffem01,P,,,,,,
grifffo01,P,,,,,,
grifffr01,P,,,,,,
griffha01,P,,,,,,
griffiv01,1B,,,,,,
griffje01,P,,,,,,
griffjo01,OF,,,,,,
griffjo02,P,,,,,,
griffke01,OF,,,,,,
griffke02,OF,,,,,,
griffle01,P,,,,,,
griffma01,P,,,,,,
griffmi01,OF,,,,,,
griffmi02,P,,,,,,
griffpa01,P,,,,,,
griffpu01,1B,,,,,,
griffro01,P,,,,,,
griffsa01,OF,,,,,,
griffsi01,3B,,,,,,
griffte01,OF,,,,,,
griffth01,1B,,,,,,
griffto01,OF,,,,,,
griffto02,P,,,,,,
griggac01,OF,,,,,,
griggar01,1B,,,,,,
griggha01,P,,,,,,
griggwi01,2B,,,,,,
grigsde01,OF,,,,,,
grillgu01,P,,,,,,
grillja01,P,,,,,,
grillst01,P,,,,,,
grimbo01,P,,,,,,
grimead01,OF,,,,,,
grimebu01,P,,,,,,
grimeed01,3B,,,,,,
grimejo01,P,,,,,,
grimeos01,3B,,,,,,
grimera01,1B,,,,,,
grimero01,2B,,,,,,
grimjo01,C,,,,,,
grimm01,PH,,,,,,
grimmch01,1B,,,,,,
grimmju01,P,,,,,,
grimsja01,P,,,,,,
grimsmy01,1B,,,,,,
grimsro01,P,,,,,,
grimsro02,P,,,,,,
grineda01,P,,,,,,
grishtr01,OF,,,,,,
grissle01,P,,,,,,
grissma01,P,,,,,,
grissma02,OF,,,,,,
grissva01,2B,,,,,,
groatdi01,SS,,,,,,
grobco01,P,,,,,,
grodzjo01,P,,,,,,
grohhe01,3B,,,,,,
grohle01,3B,,,,,,
gromest01,P,,,,,,
gronkle01,P,,,,,,
groombo01,P,,,,,,
groombu01,P,,,,,,
groshjo01,3B,,,,,,
groskho01,2B,,,,,,
gross01,OF,,,,,,
grossdo01,P,,,,,,
grossem01,C,,,,,,
grossga01,OF,,,,,,
grossge01,OF,,,,,,
grossgr01,OF,,,,,,
grossha01,P,,,,,,
grosske01,P,,,,,,
grosski01,P,,,,,,
grossro01,OF,,,,,,
grosstu01,SS,,,,,,
grosswa01,3B,,,,,,
groteje01,C,,,,,,
groteje02,1B,,,,,,
grother01,P,,,,,,
grother02,P,,,,,,
grothjo01,OF,,,,,,
grottma01,P,,,,,,
grotzza01,P,,,,,,
grove01,PH,,,,,,
grovech01,P,,,,,,
grovele01,P,,,,,,
grovemi01,P,,,,,,
groveor01,P,,,,,,
grovero01,2B,,,,,,
grubbha01,3B,,,,,,
grubbjo01,OF,,,,,,
grubbto01,P,,,,,,
grubefr01,C,,,,,,
grubehe01,P,,,,,,
grubeja01,P,,,,,,
grubeke01,3B,,,,,,
grudzma01,2B,,,,,,
grullde01,C,,,,,,
grundke01,P,,,,,,
grunwal01,P,,,,,,
gryboke01,P,,,,,,
grysksi01,SS,,,,,,
grzanmi01,P,,,,,,
grzenjo01,P,,,,,,
gsellro01,P,,,,,,
guaipma01,P,,,,,,
guantce01,P,,,,,,
guarded01,P,,,,,,
gubancr01,C,,,,,,
gubicma01,P,,,,,,
gudatma01,OF,,,,,,
guduare01,P,,,,,,
guentse01,P,,,,,,
guerral01,OF,,,,,,
guerrde01,P,,,,,,
guerrga01,OF,,,,,,
guerrja01,P,,,,,,
guerrja02,P,,,,,,
guerrju01,SS,,,,,,
guerrju02,P,,,,,,
guerrlu01,P,,,,,,
guerrma01,SS,,,,,,
guerrma02,P,,,,,,
guerrma03,OF,,,,,,
guerrmi01,C,,,,,,
guerrpe01,1B,,,,,,
guerrta01,P,,,,,,
guerrta02,P,,,,,,
guerrvl01,OF,,,,,,
guerrvl02,1B,,,,,,
guerrwi01,2B,,,,,,
guesewh01,P,,,,,,
guettle01,P,,,,,,
guevaca01,P,,,,,,
guevagi01,SS,,,,,,
guidrro01,P,,,,,,
guielaa01,OF,,,,,,
guilbfe01,OF,,,,,,
guilbju01,P,,,,,,
guilbta01,P,,,,,,
guillca01,SS,,,,,,
guilljo01,OF,,,,,,
guilllu01,2B,,,,,,
guilloz01,SS,,,,,,
guilmpr01,P,,,,,,
guindbo01,1B,,,,,,
guinebe01,C,,,,,,
guinnsk01,P,,,,,,
guintbe01,OF,,,,,,
guisele01,P,,,,,,
guistlo01,1B,,,,,,
gulanmi01,3B,,,,,,
guldebr01,C,,,,,,
gulledo01,P,,,,,,
gullena01,P,,,,,,
gulleto01,OF,,,,,,
gullibi01,P,,,,,,
gulligl01,3B,,,,,,
gullite01,OF,,,,,,
gumbead01,P,,,,,,
gumbebi01,P,,,,,,
gumbeha01,P,,,,,,
gumbs01,C,,,,,,
gumpeda01,P,,,,,,
gumpera01,P,,,,,,
gundeer01,P,,,,,,
gunkere01,P,,,,,,
gunklfr01,C,,,,,,
gunnihy01,1B,,,,,,
gunnito01,C,,,,,,
gunnte01,1B,,,,,,
gunsojo01,C,,,,,,
gurala01,P,,,,,,
gurkaja01,P,,,,,,
gurleea01,OF,,,,,,
gurrilo01,OF,,,,,,
gushuta01,1B,,,,,,
gustaja01,P,,,,,,
guster01,1B,,,,,,
gustifr01,2B,,,,,,
gustory01,P,,,,,,
guthbu01,SS,,,,,,
guthch01,P,,,,,,
guthrda01,OF,,,,,,
guthrje01,P,,,,,,
guthrma01,P,,,,,,
gutiece01,SS,,,,,,
gutiefr01,OF,,,,,,
gutieja01,SS,,,,,,
gutiejo01,OF,,,,,,
gutieju01,P,,,,,,
gutieke01,3B,,,,,,
gutieri01,SS,,,,,,
gutievl01,P,,,,,,
guttedo01,2B,,,,,,
guyerbr01,OF,,,,,,
guzmaan01,P,,,,,,
guzmacr01,SS,,,,,,
guzmade01,SS,,,,,,
guzmado01,P,,,,,,
guzmaed01,3B,,,,,,
guzmafr01,OF,,,,,,
guzmage01,P,,,,,,
guzmaje01,1B,,,,,,
guzmajo01,P,,,,,,
guzmajo02,P,,,,,,
guzmajo03,3B,,,,,,
guzmajo04,P,,,,,,
guzmaju01,P,,,,,,
guzmaro01,1B,,,,,,
guzmasa01,P,,,,,,
gwosddo01,C,,,,,,
gwynma01,P,,,,,,
gwynnch01,OF,,,,,,
gwynnto01,OF,,,,,,
gwynnto02,OF,,,,,,
gyorkje01,2B,,,,,,
gyseldi01,3B,,,,,,
haadya01,C,,,,,,
haasbe01,1B,,,,,,
haasbr01,P,,,,,,
haasda01,P,,,,,,
haased01,OF,,,,,,
haaseer01,C,,,,,,
haasmo01,P,,,,,,
haasmu01,OF,,,,,,
habenbo01,P,,,,,,
haberem01,C,,,,,,
habyajo01,P,,,,,,
hachir01,2B,,,,,,
hackeer01,P,,,,,,
hackeji01,1B,,,,,,
hackeme01,C,,,,,,
hackeri01,SS,,,,,,
hackesp01,P,,,,,,
hackewa01,SS,,,,,,
hackewa02,P,,,,,,
hackmlu01,P,,,,,,
hackst01,3B,,,,,,
haddiha01,P,,,,,,
haddoge01,P,,,,,,
haderjo01,P,,,,,,
hadlebu01,P,,,,,,
hadleke01,1B,,,,,,
hadlere01,OF,,,,,,
haeffbi01,C,,,,,,
haefnmi01,P,,,,,,
haegech01,P,,,,,,
hafeybu01,OF,,,,,,
hafeych01,OF,,,,,,
hafeyto01,3B,,,,,,
haffole01,P,,,,,,
hafnefr01,P,,,,,,
hafnetr01,1B,,,,,,
hagadni01,P,,,,,,
haganar01,P,,,,,,
hagemca01,P,,,,,,
hagenbr01,P,,,,,,
hagenju01,P,,,,,,
hagenke01,P,,,,,,
hagerja01,2B,,,,,,
hagerri01,P,,,,,,
haggesa01,OF,,,,,,
haguebi01,3B,,,,,,
haguejo01,1B,,,,,,
haguema01,1B,,,,,,
hahndi01,C,,,,,,
hahndo01,OF,,,,,,
hahned01,OF,,,,,,
hahnfr01,P,,,,,,
hahnje01,P,,,,,,
hahnno01,P,,,,,,
haidha01,P,,,,,,
haighed01,OF,,,,,,
hainehi01,OF,,,,,,
haineje01,P,,,,,,
hairsha01,P,,,,,,
hairsjb01,C,,,,,,
hairsje01,OF,,,,,,
hairsje02,2B,,,,,,
hairsjo01,C,,,,,,
hairsna01,OF,,,,,,
hairssa01,3B,,,,,,
hairssc01,OF,,,,,,
haislji01,P,,,,,,
hajekda01,3B,,,,,,
halamjo01,P,,,,,,
halasge01,OF,,,,,,
halbred01,P,,,,,,
haldejo01,2B,,,,,,
halebo01,1B,,,,,,
halech01,2B,,,,,,
haleda01,P,,,,,,
haleda02,P,,,,,,
halege01,C,,,,,,
halejo01,OF,,,,,,
haleod01,2B,,,,,,
halere01,SS,,,,,,
halesa01,3B,,,,,,
haley01,P,,,,,,
haleyfr01,C,,,,,,
haleyju01,P,,,,,,
haleyra01,C,,,,,,
haleyre01,2B,,,,,,
halfa01,P,,,,,,
haliced01,P,,,,,,
hallabi01,P,,,,,,
hallajo01,P,,,,,,
hallal01,OF,,,,,,
hallal02,OF,,,,,,
hallaro01,P,,,,,,
hallba01,2B,,,,,,
hallbe01,P,,,,,,
hallbi01,P,,,,,,
hallbi02,C,,,,,,
hallbi03,3B,,,,,,
hallbl01,OF,,,,,,
hallbo01,OF,,,,,,
hallbo02,P,,,,,,
hallch01,OF,,,,,,
hallch02,P,,,,,,
hallch03,OF,,,,,,
hallco01,P,,,,,,
hallda01,P,,,,,,
hallda02,1B,,,,,,
halldi01,P,,,,,,
halldl01,P,,,,,,
halldr01,P,,,,,,
halleja01,P,,,,,,
hallel01,1B,,,,,,
halleto01,C,,,,,,
hallge01,OF,,,,,,
hallhe01,P,,,,,,
hallied01,SS,,,,,,
halliji01,SS,,,,,,
hallijo01,OF,,,,,,
halline01,1B,,,,,,
hallir01,2B,,,,,,
hallji01,2B,,,,,,
hallji02,OF,,,,,,
halljo01,P,,,,,,
halljo02,OF,,,,,,
halljo03,P,,,,,,
hallma01,P,,,,,,
hallma02,P,,,,,,
hallmbi01,2B,,,,,,
hallmbi02,OF,,,,,,
hallme01,OF,,,,,,
hallpe01,OF,,,,,,
hallru01,SS,,,,,,
hallsch01,P,,,,,,
hallse01,P,,,,,,
hallto01,P,,,,,,
hallto02,C,,,,,,
halmagr01,OF,,,,,,
halpiji01,SS,,,,,,
halpipe01,OF,,,,,,
halsebr01,P,,,,,,
haltal01,3B,,,,,,
haltesh01,3B,,,,,,
haltose01,1B,,,,,,
halvose01,P,,,,,,
hamando01,P,,,,,,
hambrro01,P,,,,,,
hambuch01,OF,,,,,,
hambuma01,P,,,,,,
hambyji01,C,,,,,,
hamelbo01,1B,,,,,,
hamelco01,P,,,,,,
hameldo01,P,,,,,,
hamil01,P,,,,,,
hamilbi01,OF,,,,,,
hamilbi02,OF,,,,,,
hamilca01,C,,,,,,
hamilda01,P,,,,,,
hamilda02,OF,,,,,,
hamilda03,2B,,,,,,
hamilea01,P,,,,,,
hamilia01,P,,,,,,
hamilja01,P,,,,,,
hamiljc01,P,,,,,,
hamilje01,3B,,,,,,
hamiljh01,2B,,,,,,
hamilji01,SS,,,,,,
hamiljo01,P,,,,,,
hamiljo02,P,,,,,,
hamiljo03,OF,,,,,,
hamilma01,1B,,,,,,
hamilst01,P,,,,,,
hamilsu01,P,,,,,,
hamilte01,P,,,,,,
hamilto01,1B,,,,,,
hamlike01,SS,,,,,,
hamlilu01,P,,,,,,
hammaat01,P,,,,,,
hammeja01,P,,,,,,
hammejd01,P,,,,,,
hammoch01,P,,,,,,
hammodo01,SS,,,,,,
hammoja01,2B,,,,,,
hammoje01,OF,,,,,,
hammoro01,C,,,,,,
hammost01,OF,,,,,,
hammpe01,P,,,,,,
hamnega01,2B,,,,,,
hamnegr01,SS,,,,,,
hamnera01,P,,,,,,
hampsga01,OF,,,,,,
hampsju01,P,,,,,,
hamptep01,C,,,,,,
hamptik01,C,,,,,,
hamptjb01,OF,,,,,,
hamptle01,3B,,,,,,
hamptlu01,P,,,,,,
hamptmi01,P,,,,,,
hamra01,OF,,,,,,
hamreer01,P,,,,,,
hamrira01,SS,,,,,,
hamulti01,P,,,,,,
hanckbu01,C,,,,,,
hancoar01,1B,,,,,,
hancoch01,C,,,,,,
hancoem01,P,,,,,,
hancofr01,SS,,,,,,
hancoga01,OF,,,,,,
hancojo01,P,,,,,,
hancoju01,P,,,,,,
hancole01,P,,,,,,
hancory01,P,,,,,,
handbr01,P,,,,,,
handdo01,P,,,,,,
handiji01,P,,,,,,
handimi01,OF,,,,,,
handlge01,2B,,,,,,
handlle01,3B,,,,,,
handlma01,C,,,,,,
handri01,P,,,,,,
handrve01,P,,,,,,
handsbi01,P,,,,,,
handybi01,2B,,,,,,
handyge01,2B,,,,,,
hanebha01,2B,,,,,,
haneych01,P,,,,,,
haneyfr01,3B,,,,,,
haneyla01,C,,,,,,
haneyto01,2B,,,,,,
hanfoch01,OF,,,,,,
hanhoer01,P,,,,,,
hanifbr01,P,,,,,,
hanigmi01,OF,,,,,,
hanigry01,C,,,,,,
hankido01,P,,,,,,
hankifr01,3B,,,,,,
hankija01,OF,,,,,,
hanleji01,P,,,,,,
hanlobi01,1B,,,,,,
hanlone01,OF,,,,,,
hannage01,P,,,,,,
hannaja01,3B,,,,,,
hannaji01,P,,,,,,
hannajo01,C,,,,,,
hannapr01,P,,,,,,
hannatr01,C,,,,,,
hanneja01,OF,,,,,,
hannija01,3B,,,,,,
hannile01,P,,,,,,
hannilo01,P,,,,,,
hannipa01,OF,,,,,,
hannohe01,OF,,,,,,
hanrajo01,P,,,,,,
hansade01,P,,,,,,
hansean01,P,,,,,,
hansebo01,1B,,,,,,
hansecr01,P,,,,,,
hanseda01,3B,,,,,,
hansegr01,P,,,,,,
hanseje01,2B,,,,,,
hansero01,P,,,,,,
hansero02,SS,,,,,,
hansesn01,P,,,,,,
hansffc01,P,,,,,,
hanskdo01,1B,,,,,,
hansoal01,2B,,,,,,
hansoer01,P,,,,,,
hansoha01,C,,,,,,
hansool01,P,,,,,,
hansoto01,P,,,,,,
hanyzed01,P,,,,,,
happejo01,2B,,,,,,
happia01,OF,,,,,,
happja01,P,,,,,,
haranaa01,P,,,,,,
harbibi01,OF,,,,,,
hardelo01,P,,,,,,
hardeme01,P,,,,,,
harderi01,P,,,,,,
hardesc01,SS,,,,,,
hardewe01,P,,,,,,
hardibu01,SS,,,,,,
hardich01,P,,,,,,
hardiha01,SS,,,,,,
hardiji01,P,,,,,,
hardilo01,C,,,,,,
hardilo02,C,,,,,,
hardiro01,P,,,,,,
hardtja01,2B,,,,,,
hardyal01,P,,,,,,
hardybl01,P,,,,,,
hardyc01,PH,,,,,,
hardyca01,OF,,,,,,
hardyha01,P,,,,,,
hardyja01,C,,,,,,
hardyja02,P,,,,,,
hardyjj01,SS,,,,,,
hardyla01,P,,,,,,
hardypa01,C,,,,,,
hardyre01,P,,,,,,
hardywa01,SS,,,,,,
harenda01,P,,,,,,
haresh01,OF,,,,,,
hargast01,P,,,,,,
hargeal01,P,,,,,,
hargrbu01,C,,,,,,
hargrch01,C,,,,,,
hargrmi01,1B,,,,,,
hargrpi01,C,,,,,,
harikti01,P,,,,,,
harkemi01,P,,,,,,
harkijo01,P,,,,,,
harknsp01,P,,,,,,
harknti01,1B,,,,,,
harledi01,OF,,,,,,
harledi02,P,,,,,,
harlola01,OF,,,,,,
harmabi01,C,,,,,,
harmabr01,2B,,,,,,
harmobo01,P,,,,,,
harmoch01,3B,,,,,,
harmote01,2B,,,,,,
harnege01,P,,,,,,
harnipe01,P,,,,,,
harpe01,2B,,,,,,
harpebi01,P,,,,,,
harpebr01,C,,,,,,
harpebr02,C,,,,,,
harpebr03,OF,,,,,,
harpech01,OF,,,,,,
harpeda01,OF,,,,,,
harpege01,P,,,,,,
harpege02,OF,,,,,,
harpeha01,P,,,,,,
harpeja01,P,,,,,,
harpeja02,P,,,,,,
harpejo01,P,,,,,,
harpery01,P,,,,,,
harpete01,OF,,,,,,
harpeto01,OF,,,,,,
harpetr01,P,,,,,,
harpewa01,C,,,,,,
harrato01,3B,,,,,,
harrebi01,SS,,,,,,
harrebi02,P,,,,,,
harrebu01,SS,,,,,,
harrejo01,C,,,,,,
harreke01,1B,,,,,,
harrelu01,P,,,,,,
harrera01,P,,,,,,
harresl01,P,,,,,,
harri01,PH,,,,,,
harri02,1B,,,,,,
harriab01,SS,,,,,,
harrian01,P,,,,,,
harrian03,3B,,,,,,
harribe01,OF,,,,,,
harribe02,P,,,,,,
harribe03,P,,,,,,
harribi01,P,,,,,,
harribi02,P,,,,,,
harribi03,P,,,,,,
harribi04,2B,,,,,,
harribi05,3B,,,,,,
harribi06,C,,,,,,
harribo01,P,,,,,,
harribo02,P,,,,,,
harribr01,SS,,,,,,
harribr02,3B,,,,,,
harribu01,2B,,,,,,
harribu02,P,,,,,,
harribu03,P,,,,,,
harrich01,3B,,,,,,
harrich02,1B,,,,,,
harrich03,2B,,,,,,
harricu01,1B,,,,,,
harrida01,OF,,,,,,
harride01,P,,,,,,
harrido01,OF,,,,,,
harridu01,OF,,,,,,
harriea01,P,,,,,,
harrifr01,1B,,,,,,
harriga01,1B,,,,,,
harrige01,P,,,,,,
harrige02,2B,,,,,,
harrigr01,P,,,,,,
harrigr02,P,,,,,,
harriha01,P,,,,,,
harrihe01,P,,,,,,
harrihe02,SS,,,,,,
harriho01,P,,,,,,
harriho02,P,,,,,,
harriho03,OF,,,,,,
harrije01,C,,,,,,
harrije02,P,,,,,,
harrijo01,3B,,,,,,
harrijo02,P,,,,,,
harrijo03,1B,,,,,,
harrijo04,1B,,,,,,
harrijo05,2B,,,,,,
harrijo06,P,,,,,,
harriky01,P,,,,,,
harrile01,3B,,,,,,
harrile02,1B,,,,,,
harrilu01,P,,,,,,
harrima01,P,,,,,,
harrimi01,P,,,,,,
harrimi03,P,,,,,,
harrimi04,OF,,,,,,
harrimo01,OF,,,,,,
harrimo02,2B,,,,,,
harrina01,2B,,,,,,
harrine01,OF,,,,,,
harripe01,P,,,,,,
harrira01,P,,,,,,
harrire01,P,,,,,,
harriri01,C,,,,,,
harriro01,P,,,,,,
harrisa01,OF,,,,,,
harrisl01,P,,,,,,
harriso01,OF,,,,,,
harrisp01,OF,,,,,,
harrito01,P,,,,,,
harrito02,C,,,,,,
harrito03,P,,,,,,
harrive01,P,,,,,,
harrivi01,2B,,,,,,
harrivi02,OF,,,,,,
harriwi01,OF,,,,,,
harriwi02,P,,,,,,
harriwi03,P,,,,,,
harshja01,P,,,,,,
harshsa01,C,,,,,,
harstos01,P,,,,,,
hartbi01,P,,,,,,
hartbi02,P,,,,,,
hartbi03,3B,,,,,,
hartbo01,2B,,,,,,
hartbu01,1B,,,,,,
hartco01,OF,,,,,,
hartdo01,P,,,,,,
hartech01,P,,,,,,
hartefr01,P,,,,,,
hartfbr01,SS,,,,,,
hartgde01,P,,,,,,
harthu01,C,,,,,,
hartja01,OF,,,,,,
hartjch01,C,,,,,,
hartji01,3B,,,,,,
hartke01,P,,,,,,
hartky01,P,,,,,,
hartlch01,OF,,,,,,
hartlge01,P,,,,,,
hartlgr01,C,,,,,,
hartlmi01,P,,,,,,
hartmbo01,P,,,,,,
hartmch01,P,,,,,,
hartmfr01,3B,,,,,,
hartmga01,OF,,,,,,
hartmi01,OF,,,,,,
hartmi02,OF,,,,,,
hartmjc01,SS,,,,,,
hartmry01,P,,,,,,
hartnga01,C,,,,,,
hartnpa01,1B,,,,,,
hartrra01,P,,,,,,
hartsje01,P,,,,,,
hartsro01,2B,,,,,,
hartsto01,OF,,,,,,
hartto01,C,,,,,,
hartucl01,P,,,,,,
hartw01,PR,,,,,,
hartwgr01,P,,,,,,
hartzpa01,P,,,,,,
hartzro01,OF,,,,,,
harvean01,SS,,,,,,
harvebi01,P,,,,,,
harvebo01,OF,,,,,,
harvebr01,P,,,,,,
harvehu01,P,,,,,,
harvejo01,P,,,,,,
harveke01,1B,,,,,,
harvele01,P,,,,,,
harvelu01,OF,,,,,,
harvema01,P,,,,,,
harveza01,OF,,,,,,
harvich01,P,,,,,,
hasbrzi01,1B,,,,,,
hasegsh01,P,,,,,,
haselad01,OF,,,,,,
haselbi01,C,,,,,,
hasendo01,2B,,,,,,
hashhe01,P,,,,,,
haslimi01,SS,,,,,,
hasnepe01,OF,,,,,,
hassaal01,OF,,,,,,
hassabi01,OF,,,,,,
hassebu01,1B,,,,,,
hassero01,C,,,,,,
hassero02,OF,,,,,,
hasslan01,P,,,,,,
hassljo01,SS,,,,,,
hassoge01,1B,,,,,,
hasti01,P,,,,,,
hastich01,P,,,,,,
hastisc01,C,,,,,,
hastybo01,P,,,,,,
hatchbi01,OF,,,,,,
hatchch01,OF,,,,,,
hatchch02,P,,,,,,
hatchmi01,OF,,,,,,
hatchru01,2B,,,,,,
hatchto01,P,,,,,,
hatfifr01,3B,,,,,,
hatfigi01,SS,,,,,,
hatfijo01,OF,,,,,,
hathahi01,P,,,,,,
hathara01,P,,,,,,
hathast01,P,,,,,,
hatlema01,P,,,,,,
hattecl01,P,,,,,,
hattejo01,P,,,,,,
hatteru01,C,,,,,,
hattesc01,1B,,,,,,
hatteso01,2B,,,,,,
hattijo01,3B,,,,,,
hattogr01,3B,,,,,,
haugear01,OF,,,,,,
haughch01,P,,,,,,
haughga01,P,,,,,,
haugsph01,P,,,,,,
hauscmi01,P,,,,,,
hausear01,SS,,,,,,
hausejo01,1B,,,,,,
hausmcl01,P,,,,,,
hausmge01,2B,,,,,,
hausmto01,P,,,,,,
hautzch01,1B,,,,,,
havenbr01,P,,,,,,
hawblry01,P,,,,,,
hawesbi01,OF,,,,,,
hawesro01,1B,,,,,,
hawkebi01,P,,,,,,
hawked01,P,,,,,,
hawketh01,2B,,,,,,
hawkian01,P,,,,,,
hawkijo01,SS,,,,,,
hawkila01,P,,,,,,
hawkile01,1B,,,,,,
hawkiro01,OF,,,,,,
hawkiwy01,P,,,,,,
hawksbl01,P,,,,,,
hawksch01,1B,,,,,,
hawkwi01,C,,,,,,
hawlepi01,P,,,,,,
hawlesc01,P,,,,,,
haworho01,C,,,,,,
hawpebr01,OF,,,,,,
hay01,PH,,,,,,
haydeha01,P,,,,,,
haydeja01,OF,,,,,,
haydele01,P,,,,,,
hayes01,P,,,,,,
hayes02,P,,,,,,
hayesbe01,P,,,,,,
hayesbi01,C,,,,,,
hayesbr01,C,,,,,,
hayesbu01,C,,,,,,
hayesbu02,P,,,,,,
hayesch01,3B,,,,,,
hayesch02,2B,,,,,,
hayesdr01,P,,,,,,
hayesfr01,C,,,,,,
hayesja01,C,,,,,,
hayesja02,2B,,,,,,
hayesji01,P,,,,,,
hayesjo01,C,,,,,,
hayeske01,3B,,,,,,
hayesmi01,OF,,,,,,
hayesvo01,OF,,,,,,
hayhudi01,P,,,,,,
haymasy01,P,,,,,,
hayne01,PH,,,,,,
hayne02,OF,,,,,,
haynefr01,P,,,,,,
haynehe01,P,,,,,,
hayneji01,P,,,,,,
hayneji02,P,,,,,,
haynejo01,P,,,,,,
haynele01,OF,,,,,,
haynena01,OF,,,,,,
haynesa01,C,,,,,,
haynewi01,P,,,,,,
haysau01,OF,,,,,,
hayslcl01,P,,,,,,
haywara01,P,,,,,,
haywobi01,P,,,,,,
haywobu01,C,,,,,,
haywora01,C,,,,,,
haywore01,C,,,,,,
haywosp01,P,,,,,,
hazelje01,OF,,,,,,
hazewdr01,OF,,,,,,
hazlebo01,OF,,,,,,
hazledo01,1B,,,,,,
headed01,P,,,,,,
headje01,OF,,,,,,
headlch01,3B,,,,,,
headlo01,P,,,,,,
headra01,P,,,,,,
headrbr01,P,,,,,,
healeto01,P,,,,,,
healyfr01,C,,,,,,
healyfr02,C,,,,,,
healyjo01,P,,,,,,
healyry01,1B,,,,,,
healyth01,3B,,,,,,
heanean01,P,,,,,,
heardch01,OF,,,,,,
heardja01,P,,,,,,
hearnbu01,P,,,,,,
hearnbu02,P,,,,,,
hearned01,SS,,,,,,
hearned02,C,,,,,,
hearnhu01,C,,,,,,
hearnji01,P,,,,,,
hearnta01,P,,,,,,
hearrje01,C,,,,,,
heasljo01,P,,,,,,
heath01,PH,,,,,,
heathbi01,C,,,,,,
heathcl01,OF,,,,,,
heathde01,P,,,,,,
heathje01,OF,,,,,,
heathje02,P,,,,,,
heathke01,2B,,,,,,
heathmi01,1B,,,,,,
heathmi02,C,,,,,,
heathmi03,P,,,,,,
heathni01,OF,,,,,,
heathsl01,OF,,,,,,
heathsp01,P,,,,,,
heathto01,C,,,,,,
heatone01,P,,,,,,
heaveda01,P,,,,,,
heber01,PH,,,,,,
heberwa01,P,,,,,,
hebneri01,3B,,,,,,
hebsobr01,P,,,,,,
hechaad01,SS,,,,,,
hechimi01,C,,,,,,
heckegu01,P,,,,,,
hedgeau01,C,,,,,,
hedgpha01,P,,,,,,
hedlumi01,P,,,,,,
heepda01,OF,,,,,,
heffebe01,C,,,,,,
heffnbo01,P,,,,,,
heffndo01,2B,,,,,,
heflibr01,P,,,,,,
heflira01,P,,,,,,
hefnear01,OF,,,,,,
hefneje01,P,,,,,,
heganji01,C,,,,,,
heganmi01,1B,,,,,,
hegmabo01,2B,,,,,,
hehlja01,P,,,,,,
heideja01,SS,,,,,,
heidrem01,OF,,,,,,
heifefr01,1B,,,,,,
heilech01,3B,,,,,,
heilmaa01,P,,,,,,
heilmha01,OF,,,,,,
heimafr01,P,,,,,,
heimjo01,C,,,,,,
heimugo01,P,,,,,,
heimva01,OF,,,,,,
heinebu01,2B,,,,,,
heinesc01,OF,,,,,,
heinety01,C,,,,,,
heinkdo01,P,,,,,,
heintch01,C,,,,,,
heintke01,P,,,,,,
heintto01,2B,,,,,,
heinzja01,1B,,,,,,
heisebo01,SS,,,,,,
heisech01,OF,,,,,,
heisecl01,P,,,,,,
heiseji01,P,,,,,,
heiseri01,P,,,,,,
heisero01,P,,,,,,
heismcr01,P,,,,,,
heistal01,OF,,,,,,
heitmha01,P,,,,,,
heitmhe01,OF,,,,,,
heldme01,P,,,,,,
heldwo01,SS,,,,,,
helfaer01,C,,,,,,
helfha01,C,,,,,,
helfrty01,2B,,,,,,
hellebe01,P,,,,,,
hellema01,1B,,,,,,
helli01,2B,,,,,,
hellije01,P,,,,,,
helliri01,P,,,,,,
hellmto01,C,,,,,,
hellwjo01,P,,,,,,
helmami01,OF,,,,,,
helmbho01,P,,,,,,
helmsto01,2B,,,,,,
helmswe01,3B,,,,,,
helslry01,P,,,,,,
heltoto01,1B,,,,,,
heltzhe01,3B,,,,,,
hemanru01,P,,,,,,
hembrhe01,P,,,,,,
hemined01,2B,,,,,,
hemmige01,P,,,,,,
hemonsc01,C,,,,,,
hempdu01,OF,,,,,,
hemphbr01,C,,,,,,
hemphch01,OF,,,,,,
hemphfr01,OF,,,,,,
hemslro01,C,,,,,,
hemusso01,SS,,,,,,
hende01,PR,,,,,,
hende02,SS,,,,,,
hende03,OF,,,,,,
hende04,P,,,,,,
hendebe01,P,,,,,,
hendebe02,P,,,,,,
hendebi01,P,,,,,,
hendebu01,C,,,,,,
hendecu01,SS,,,,,,
hendeda01,OF,,,,,,
hendeed01,P,,,,,,
hendegu01,SS,,,,,,
hendeha01,P,,,,,,
hendehe01,1B,,,,,,
hendeji01,P,,,,,,
hendejo01,P,,,,,,
hendeke01,OF,,,,,,
hendele01,3B,,,,,,
hendele02,P,,,,,,
hendelo01,P,,,,,,
hendera01,P,,,,,,
henderi01,OF,,,,,,
hendero01,P,,,,,,
henderu01,OF,,,,,,
hendest01,OF,,,,,,
hendlbo01,P,,,,,,
hendr01,P,,,,,,
hendrbe01,P,,,,,,
hendrcl01,P,,,,,,
hendrdo01,P,,,,,,
hendred01,P,,,,,,
hendrel01,C,,,,,,
hendrge01,OF,,,,,,
hendrha01,1B,,,,,,
hendrja01,OF,,,,,,
hendrky01,P,,,,,,
hendrli01,P,,,,,,
hendrma01,P,,,,,,
hendrry01,P,,,,,,
hendrsc01,P,,,,,,
hendrti01,OF,,,,,,
hengeda01,OF,,,,,,
henglmo01,2B,,,,,,
heniola01,P,,,,,,
henketo01,P,,,,,,
henlebl01,P,,,,,,
henlebo01,C,,,,,,
henlega01,OF,,,,,,
henlewe01,P,,,,,,
henlibu01,C,,,,,,
hennebr01,P,,,,,,
hennege01,P,,,,,,
hennele01,2B,,,,,,
hennemi01,P,,,,,,
hennipe01,P,,,,,,
henniph01,P,,,,,,
hennira01,P,,,,,,
henniri01,P,,,,,,
hennse01,P,,,,,,
henribo01,SS,,,,,,
henried01,P,,,,,,
henrifr01,OF,,,,,,
henriol01,OF,,,,,,
henrios01,P,,,,,,
henriro01,P,,,,,,
henrito01,OF,,,,,,
henrybi01,P,,,,,,
henrybi02,P,,,,,,
henrybu01,P,,,,,,
henrych01,P,,,,,,
henryco01,P,,,,,,
henrydo01,P,,,,,,
henrydu01,P,,,,,,
henrydw01,P,,,,,,
henryea01,P,,,,,,
henryge01,OF,,,,,,
henryji01,P,,,,,,
henryjo01,OF,,,,,,
henryjo02,C,,,,,,
henryot01,3B,,,,,,
henrypa01,C,,,,,,
henrypr01,P,,,,,,
henryro01,C,,,,,,
henrysn01,1B,,,,,,
henryto01,P,,,,,,
henshro01,P,,,,,,
hensiph01,P,,,,,,
henslch01,P,,,,,,
henslcl01,P,,,,,,
henslda01,OF,,,,,,
hensleg01,P,,,,,,
henslma01,P,,,,,,
hensodr01,3B,,,,,,
hentgpa01,P,,,,,,
hentgsa01,P,,,,,,
heplebi01,P,,,,,,
herbeer01,P,,,,,,
herbefr01,P,,,,,,
herbera01,P,,,,,,
herbero01,P,,,,,,
heredfe01,P,,,,,,
heredgi01,P,,,,,,
heredgu01,OF,,,,,,
heredra01,3B,,,,,,
heredub01,P,,,,,,
heredwi01,P,,,,,,
hergeji01,P,,,,,,
hergeke01,P,,,,,,
hergema01,P,,,,,,
hermaal01,2B,,,,,,
hermaal02,OF,,,,,,
hermaar01,P,,,,,,
hermaba01,OF,,,,,,
hermabi01,2B,,,,,,
hermach01,OF,,,,,,
hermadu01,P,,,,,,
hermage01,OF,,,,,,
hermije01,OF,,,,,,
hermomi01,OF,,,,,,
hermore01,2B,,,,,,
hernaad01,P,,,,,,
hernaal01,1B,,,,,,
hernaal02,OF,,,,,,
hernaan01,2B,,,,,,
hernaar01,P,,,,,,
hernaca01,C,,,,,,
hernaca02,2B,,,,,,
hernaca03,P,,,,,,
hernaca04,P,,,,,,
hernace01,OF,,,,,,
hernace02,2B,,,,,,
hernach01,C,,,,,,
hernach02,P,,,,,,
hernada01,P,,,,,,
hernada02,P,,,,,,
hernada03,P,,,,,,
hernada04,3B,,,,,,
hernadi01,SS,,,,,,
hernael01,P,,,,,,
hernael02,OF,,,,,,
hernaen01,SS,,,,,,
hernaen02,OF,,,,,,
hernaev01,P,,,,,,
hernafe01,P,,,,,,
hernafe02,P,,,,,,
hernafe03,P,,,,,,
hernago01,OF,,,,,,
hernahe01,OF,,,,,,
hernaja01,SS,,,,,,
hernaje01,P,,,,,,
hernaje02,P,,,,,,
hernajo01,SS,,,,,,
hernajo02,P,,,,,,
hernajo03,P,,,,,,
hernake01,1B,,,,,,
hernale01,3B,,,,,,
hernali01,P,,,,,,
hernalu01,SS,,,,,,
hernama01,P,,,,,,
hernama02,2B,,,,,,
hernami01,C,,,,,,
hernani01,P,,,,,,
hernaor01,P,,,,,,
hernaos01,C,,,,,,
hernape01,3B,,,,,,
hernape02,P,,,,,,
hernara01,P,,,,,,
hernara02,C,,,,,,
hernara03,3B,,,,,,
hernari01,3B,,,,,,
hernaro01,P,,,,,,
hernaru01,P,,,,,,
hernaru02,SS,,,,,,
hernaru03,P,,,,,,
hernate01,OF,,,,,,
hernato01,C,,,,,,
hernawi01,P,,,,,,
hernaxa01,P,,,,,,
hernaya01,OF,,,,,,
hernayo01,P,,,,,,
hernayo02,3B,,,,,,
herndda01,P,,,,,,
herndju01,P,,,,,,
herndla01,OF,,,,,,
hernoto01,OF,,,,,,
herreal01,P,,,,,,
herrebo01,P,,,,,,
herred01,SS,,,,,,
herreda01,P,,,,,,
herredi01,2B,,,,,,
herreel01,3B,,,,,,
herreiv01,C,,,,,,
herrejo01,OF,,,,,,
herrejo02,OF,,,,,,
herrejo03,2B,,,,,,
herrejo04,C,,,,,,
herreke01,P,,,,,,
herremi01,3B,,,,,,
herreod01,OF,,,,,,
herrepa01,1B,,,,,,
herrero01,P,,,,,,
herrero02,OF,,,,,,
herrewa01,P,,,,,,
herreyo01,P,,,,,,
herriar01,P,,,,,,
herribi01,P,,,,,,
herrihe01,P,,,,,,
herrile01,1B,,,,,,
herrimo01,3B,,,,,,
herriti01,P,,,,,,
herrito01,P,,,,,,
herritr01,P,,,,,,
herrmch01,C,,,,,,
herrmed01,C,,,,,,
herrmfr01,P,,,,,,
herrmle01,P,,,,,,
herrmma01,P,,,,,,
herrnjo01,OF,,,,,,
herrsri01,1B,,,,,,
herrto01,2B,,,,,,
hershea01,OF,,,,,,
hershfr01,P,,,,,,
hershmi01,OF,,,,,,
hershor01,P,,,,,,
hershwi01,C,,,,,,
hertwne01,1B,,,,,,
hertzst01,3B,,,,,,
herzdj01,P,,,,,,
herzobu01,2B,,,,,,
herzowh01,OF,,,,,,
heskejo01,P,,,,,,
hessda01,P,,,,,,
hessege01,P,,,,,,
hesslke01,P,,,,,,
hessmmi01,1B,,,,,,
hessot01,P,,,,,,
hessto01,C,,,,,,
hestejo01,C,,,,,,
hestela01,P,,,,,,
hestoch01,P,,,,,,
hetkijo01,P,,,,,,
hetligu01,3B,,,,,,
hetzeer01,P,,,,,,
heubege01,OF,,,,,,
heuerco01,P,,,,,,
heussed01,P,,,,,,
hevinjo01,C,,,,,,
hevinjo02,P,,,,,,
hewitja01,P,,,,,,
hewitjo01,SS,,,,,,
heydegr01,P,,,,,,
heydomi01,C,,,,,,
heywaja01,OF,,,,,,
hiattja01,C,,,,,,
hiattph01,3B,,,,,,
hibbagr01,P,,,,,,
hibbajo01,P,,,,,,
hickebr01,P,,,,,,
hickeed01,3B,,,,,,
hickeja01,P,,,,,,
hickeji01,P,,,,,,
hickeke01,P,,,,,,
hickemi01,2B,,,,,,
hicklbr01,OF,,,,,,
hickmch01,1B,,,,,,
hickmer01,P,,,,,,
hickmje01,P,,,,,,
hickmji01,OF,,,,,,
hickmji02,OF,,,,,,
hicksaa01,OF,,,,,,
hicksal01,OF,,,,,,
hicksbr01,2B,,,,,,
hicksbu01,SS,,,,,,
hickscl01,OF,,,,,,
hicksfr01,SS,,,,,,
hicksji01,OF,,,,,,
hicksji02,P,,,,,,
hicksjo01,OF,,,,,,
hicksjo02,C,,,,,,
hicksjo03,P,,,,,,
hicksli01,C,,,,,,
hicksna01,C,,,,,,
hidalhe01,OF,,,,,,
hidalri01,OF,,,,,,
hietpjo01,C,,,,,,
higasky01,C,,,,,,
higbeki01,P,,,,,,
higbema01,OF,,,,,,
higby01,OF,,,,,,
higdoba01,P,,,,,,
higdobi01,OF,,,,,,
higgibi01,2B,,,,,,
higgibo01,C,,,,,,
higgibo02,OF,,,,,,
higgide01,P,,,,,,
higgied01,P,,,,,,
higgiir01,P,,,,,,
higgike01,C,,,,,,
higgima01,1B,,,,,,
higgipi01,3B,,,,,,
higgipj01,C,,,,,,
highadi01,OF,,,,,,
highan01,3B,,,,,,
highch01,OF,,,,,,
highed01,P,,,,,,
highhu01,OF,,,,,,
higuete01,P,,,,,,
hilanjo01,2B,,,,,,
hilchwh01,P,,,,,,
hilde01,OF,,,,,,
hildege01,OF,,,,,,
hildeor01,P,,,,,,
hildepa01,C,,,,,,
hildetr01,P,,,,,,
hilgeto01,P,,,,,,
hiljuer01,P,,,,,,
hill01,PR,,,,,,
hill02,OF,,,,,,
hill03,OF,,,,,,
hill04,3B,,,,,,
hill05,P,,,,,,
hillaa01,2B,,,,,,
hillbe01,3B,,,,,,
hillbe02,P,,,,,,
hillbi01,P,,,,,,
hillbo01,2B,,,,,,
hillca01,P,,,,,,
hillca02,P,,,,,,
hillch01,OF,,,,,,
hillda01,P,,,,,,
hillde01,OF,,,,,,
hilldo01,2B,,,,,,
hillech01,2B,,,,,,
hilleed01,3B,,,,,,
hillefr01,P,,,,,,
hilleho01,P,,,,,,
hilleho02,3B,,,,,,
hillejo01,P,,,,,,
hillesh01,P,,,,,,
hillesh02,3B,,,,,,
hillfr01,3B,,,,,,
hillga01,P,,,,,,
hillga02,P,,,,,,
hillgl01,OF,,,,,,
hillhe01,P,,,,,,
hillhe02,OF,,,,,,
hillhu01,3B,,,,,,
hillhu02,OF,,,,,,
hillima01,2B,,,,,,
hillisa01,OF,,,,,,
hillja01,P,,,,,,
hillje01,OF,,,,,,
hillje02,P,,,,,,
hillji01,P,,,,,,
hilljo01,3B,,,,,,
hilljo02,3B,,,,,,
hillke01,P,,,,,,
hillko01,C,,,,,,
hillle01,2B,,,,,,
hillma01,C,,,,,,
hillmda01,P,,,,,,
hillmer01,P,,,,,,
hillmi01,P,,,,,,
hillpe99,OF,,,,,,
hillre01,P,,,,,,
hillri01,P,,,,,,
hillsa01,OF,,,,,,
hillsh01,P,,,,,,
hillst01,1B,,,,,,
hillta01,P,,,,,,
hillti01,P,,,,,,
hillypa01,OF,,,,,,
hilsech01,P,,,,,,
hiltoda01,3B,,,,,,
hiltoho01,P,,,,,,
himesja01,OF,,,,,,
hinchaj01,C,,,,,,
hinchbi01,OF,,,,,,
hinchbr01,P,,,,,,
hinchha01,2B,,,,,,
hinckmi01,P,,,,,,
hindsre01,OF,,,,,,
hindssa01,P,,,,,,
hineshu01,OF,,,,,,
hinesjo01,OF,,,,,,
hinesmi01,C,,,,,,
hinespa01,OF,,,,,,
hinklgo01,C,,,,,,
hinojda01,P,,,,,,
hinridu01,P,,,,,,
hinripa01,P,,,,,,
hinshal01,P,,,,,,
hinshge01,OF,,,,,,
hinsker01,3B,,,,,,
hinslje01,P,,,,,,
hintoar01,P,,,,,,
hintoch01,OF,,,,,,
hintojo01,3B,,,,,,
hintori01,P,,,,,,
hinzoto01,2B,,,,,,
hippahe01,P,,,,,,
hiralya01,P,,,,,,
hiranyo01,P,,,,,,
hirshja01,P,,,,,,
hiserge01,OF,,,,,,
hislela01,OF,,,,,,
hisneha01,P,,,,,,
hitchbi01,3B,,,,,,
hitchji01,SS,,,,,,
hitchst01,P,,,,,,
hittbr01,P,,,,,,
hittlll01,P,,,,,,
hittro01,P,,,,,,
hiurake01,2B,,,,,,
hjellse01,P,,,,,,
hoagmy01,OF,,,,,,
hoakdo01,3B,,,,,,
hoard01,P,,,,,,
hobaued01,P,,,,,,
hobbigl01,P,,,,,,
hobbsbi01,SS,,,,,,
hobbsjo01,P,,,,,,
hobgofr01,P,,,,,,
hoblidi01,1B,,,,,,
hobsoba01,SS,,,,,,
hobsobu01,3B,,,,,,
hochelu01,P,,,,,,
hochha01,P,,,,,,
hockebr01,1B,,,,,,
hockech01,P,,,,,,
hocked01,OF,,,,,,
hockege01,P,,,,,,
hockeor01,OF,,,,,,
hockide01,2B,,,,,,
hodapjo01,2B,,,,,,
hoderme01,2B,,,,,,
hodesch01,C,,,,,,
hodge01,PH,,,,,,
hodgebe01,3B,,,,,,
hodgebi01,P,,,,,,
hodgeed01,P,,,,,,
hodgegi01,1B,,,,,,
hodgego01,1B,,,,,,
hodgeke01,P,,,,,,
hodgepo01,P,,,,,,
hodgero01,C,,,,,,
hodgesh01,P,,,,,,
hodgetr01,P,,,,,,
hodgira01,OF,,,,,,
hodgspa01,OF,,,,,,
hodkeel01,P,,,,,,
hodnech01,P,,,,,,
hodsoge01,P,,,,,,
hoeftbi01,P,,,,,,
hoeinbr01,P,,,,,,
hoelsar01,2B,,,,,,
hoernjo01,P,,,,,,
hoernni01,2B,,,,,,
hoersle01,P,,,,,,
hoeslj01,OF,,,,,,
hoeyja01,OF,,,,,,
hoeyja02,P,,,,,,
hoffch01,P,,,,,,
hoffebi01,P,,,,,,
hoffest01,C,,,,,,
hoffman01,P,,,,,,
hoffmbi01,P,,,,,,
hoffmda01,OF,,,,,,
hoffmdu01,OF,,,,,,
hoffmfr01,P,,,,,,
hoffmgl01,SS,,,,,,
hoffmgu01,P,,,,,,
hoffmhi01,C,,,,,,
hoffmiz01,OF,,,,,,
hoffmja01,OF,,,,,,
hoffmje01,3B,,,,,,
hoffmje02,P,,,,,,
hoffmjo01,C,,,,,,
hoffmla01,3B,,,,,,
hoffmno01,P,,,,,,
hoffmra01,3B,,,,,,
hoffmte01,3B,,,,,,
hoffmtr01,P,,,,,,
hoffojo01,P,,,,,,
hoffpja01,3B,,,,,,
hoffpmi01,OF,,,,,,
hofmabo01,2B,,,,,,
hofmafr01,C,,,,,,
hofmaso01,OF,,,,,,
hogan01,PH,,,,,,
hoganed01,P,,,,,,
hoganed02,OF,,,,,,
hogange01,P,,,,,,
hoganha01,OF,,,,,,
hoganke01,OF,,,,,,
hoganma01,OF,,,,,,
hogansh01,C,,,,,,
hoganwi01,OF,,,,,,
hoggbe01,3B,,,,,,
hoggbi01,P,,,,,,
hoggbr01,P,,,,,,
hoglugu01,P,,,,,,
hogrige01,OF,,,,,,
hogsech01,P,,,,,,
hoguebo01,P,,,,,,
hogueca01,P,,,,,,
hohmabi01,OF,,,,,,
hohnhed01,1B,,,,,,
hoilech01,C,,,,,,
holadbr01,C,,,,,,
holbeaa01,2B,,,,,,
holbebi01,C,,,,,,
holbera01,SS,,,,,,
holbowa01,P,,,,,,
holbrsa01,C,,,,,,
holcoge01,P,,,,,,
holcoke01,P,,,,,,
holde01,OF,,,,,,
holde02,SS,,,,,,
holdebi01,OF,,,,,,
holdeco01,P,,,,,,
holdejo01,C,,,,,,
holdejo02,P,,,,,,
holdrda01,P,,,,,,
holdsfr01,P,,,,,,
holdsji01,OF,,,,,,
holdzjo01,P,,,,,,
holkewa01,1B,,,,,,
hollaal01,P,,,,,,
hollabi01,3B,,,,,,
hollabi02,P,,,,,,
hollabi03,P,,,,,,
hollabi04,OF,,,,,,
hollade01,P,,,,,,
holladu01,OF,,,,,,
hollagr01,P,,,,,,
hollale01,P,,,,,,
hollama01,P,,,,,,
hollamu01,P,,,,,,
hollato01,OF,,,,,,
hollawi01,SS,,,,,,
holleed01,P,,,,,,
hollega01,1B,,,,,,
hollial01,P,,,,,,
hollibo01,P,,,,,,
hollibu01,OF,,,,,,
hollica01,P,,,,,,
hollicu01,P,,,,,,
hollida01,3B,,,,,,
hollida02,OF,,,,,,
hollifl01,OF,,,,,,
holliho01,OF,,,,,,
hollija01,2B,,,,,,
hollije01,P,,,,,,
hollijo01,P,,,,,,
hollima01,OF,,,,,,
hollimi01,SS,,,,,,
hollmst01,OF,,,,,,
hollobo01,P,,,,,,
holloch01,SS,,,,,,
hollocr01,OF,,,,,,
holloga01,P,,,,,,
holloji01,P,,,,,,
hollojo01,P,,,,,,
holloke01,P,,,,,,
hollyed01,SS,,,,,,
hollyje01,P,,,,,,
hollyst01,OF,,,,,,
holmabr01,P,,,,,,
holmabr02,P,,,,,,
holmaga01,1B,,,,,,
holmagr01,P,,,,,,
holmasc01,P,,,,,,
holmash01,P,,,,,,
holmbda01,P,,,,,,
holmbi01,C,,,,,,
holmebe01,1B,,,,,,
holmech01,P,,,,,,
holmecl01,P,,,,,,
holmeda01,P,,,,,,
holmedu01,OF,,,,,,
holmedu02,C,,,,,,
holmefr01,1B,,,,,,
holmegr01,P,,,,,,
holmeji01,P,,,,,,
holmele01,P,,,,,,
holmeph01,SS,,,,,,
holmeto01,OF,,,,,,
holmst01,C,,,,,,
holmwa01,OF,,,,,,
holsefr01,P,,,,,,
holshhe01,P,,,,,,
holstfl01,P,,,,,,
holtbr01,2B,,,,,,
holtch01,P,,,,,,
holtda01,OF,,,,,,
holtgve01,P,,,,,,
holtji01,OF,,,,,,
holtobr01,P,,,,,,
holtoty01,P,,,,,,
holtre01,1B,,,,,,
holtro01,2B,,,,,,
holtty01,OF,,,,,,
holtzed01,SS,,,,,,
holtzke01,P,,,,,,
holtzmi01,P,,,,,,
holzema01,P,,,,,,
honanma01,C,,,,,,
honeybr01,P,,,,,,
honeyri01,P,,,,,,
hoodab01,2B,,,,,,
hoodde01,OF,,,,,,
hooddo01,P,,,,,,
hooddo02,C,,,,,,
hoodwa01,OF,,,,,,
hoodwa02,P,,,,,,
hookch01,P,,,,,,
hookebu01,P,,,,,,
hookele01,P,,,,,,
hookja01,P,,,,,,
hooksal01,1B,,,,,,
hoopebo01,P,,,,,,
hoopeha01,OF,,,,,,
hoopeke01,2B,,,,,,
hoopemi01,OF,,,,,,
hootele01,P,,,,,,
hootobu01,P,,,,,,
hoovebu01,OF,,,,,,
hoovech01,C,,,,,,
hoovedi01,P,,,,,,
hoovejj01,P,,,,,,
hoovejo01,SS,,,,,,
hoovejo02,P,,,,,,
hoovepa01,C,,,,,,
hopejo01,P,,,,,,
hopesa01,P,,,,,,
hopkibu01,OF,,,,,,
hopkido01,OF,,,,,,
hopkiem01,P,,,,,,
hopkiga01,1B,,,,,,
hopkige01,2B,,,,,,
hopkima01,3B,,,,,,
hopkimi01,C,,,,,,
hopkipa01,P,,,,,,
hopkitj01,OF,,,,,,
hopli01,OF,,,,,,
hoppebi01,P,,,,,,
hoppeji01,P,,,,,,
hoppele01,P,,,,,,
hoppeno01,OF,,,,,,
hoppjo01,OF,,,,,,
hopwore01,OF,,,,,,
horanjo01,P,,,,,,
horansh01,OF,,,,,,
horgajo01,P,,,,,,
horlejo01,P,,,,,,
hornba01,P,,,,,,
horne01,SS,,,,,,
hornebi01,2B,,,,,,
hornebo01,3B,,,,,,
hornecl01,2B,,,,,,
horneja01,P,,,,,,
hornetr01,P,,,,,,
hornsa01,1B,,,,,,
hornsro01,2B,,,,,,
hornujo01,OF,,,,,,
hornwi01,P,,,,,,
horseha01,P,,,,,,
horsmvi01,P,,,,,,
horstje01,P,,,,,,
horstos01,P,,,,,,
hortoca01,P,,,,,,
hortoel01,P,,,,,,
hortori01,P,,,,,,
hortoto01,1B,,,,,,
hortowi01,OF,,,,,,
horwibr01,OF,,,,,,
horwisp01,1B,,,,,,
hoseydw01,OF,,,,,,
hoseyst01,OF,,,,,,
hoskibi01,OF,,,,,,
hoskida01,OF,,,,,,
hoskirh01,1B,,,,,,
hosleti01,C,,,,,,
hosmeer01,1B,,,,,,
hostech01,OF,,,,,,
hosteda01,1B,,,,,,
hostge01,P,,,,,,
hotalpe01,OF,,,,,,
hottmke01,OF,,,,,,
hottoto01,P,,,,,,
houckby01,P,,,,,,
houcksa01,SS,,,,,,
houckta01,P,,,,,,
houghch01,P,,,,,,
houkra01,C,,,,,,
houltdj01,P,,,,,,
housead01,P,,,,,,
housebe01,1B,,,,,,
housebr01,3B,,,,,,
housech01,3B,,,,,,
housech02,1B,,,,,,
housech03,3B,,,,,,
housecr01,P,,,,,,
houseed01,OF,,,,,,
housefr01,P,,,,,,
housefr02,P,,,,,,
housefr03,C,,,,,,
houseja01,P,,,,,,
housejo01,2B,,,,,,
housejo02,P,,,,,,
housejr01,C,,,,,,
housepa01,P,,,,,,
housepa02,OF,,,,,,
housetj01,P,,,,,,
houseto01,P,,,,,,
housiwa01,OF,,,,,,
houstje01,P,,,,,,
houstti01,2B,,,,,,
houstty01,3B,,,,,,
houttar01,P,,,,,,
houtzle01,OF,,,,,,
hovlest01,OF,,,,,,
hovlied01,P,,,,,,
hovlijo01,P,,,,,,
howar01,3B,,,,,,
howar02,P,,,,,,
howar03,P,,,,,,
howar04,3B,,,,,,
howar05,P,,,,,,
howarbe01,P,,,,,,
howarbi01,P,,,,,,
howarbr01,P,,,,,,
howarca01,PR,,,,,,
howarca02,P,,,,,,
howarch01,C,,,,,,
howarch02,P,,,,,,
howarda01,2B,,,,,,
howarda02,SS,,,,,,
howarde01,OF,,,,,,
howardo01,1B,,,,,,
howardo02,OF,,,,,,
howarea01,P,,,,,,
howarel01,C,,,,,,
howarfr01,OF,,,,,,
howarfr02,P,,,,,,
howariv01,1B,,,,,,
howarji01,OF,,,,,,
howarla01,C,,,,,,
howarle01,P,,,,,,
howarma01,2B,,,,,,
howarmi01,OF,,,,,,
howarna01,P,,,,,,
howarpa01,OF,,,,,,
howarpe01,C,,,,,,
howarre01,P,,,,,,
howarry01,1B,,,,,,
howarsa01,P,,,,,,
howarsp01,P,,,,,,
howarst01,OF,,,,,,
howarte01,P,,,,,,
howarth01,OF,,,,,,
howarwi01,OF,,,,,,
howear01,3B,,,,,,
howeca01,P,,,,,,
howeldi01,P,,,,,,
howeldi02,C,,,,,,
howele01,P,,,,,,
howelha01,P,,,,,,
howelhe01,P,,,,,,
howelja01,P,,,,,,
howelja02,3B,,,,,,
howeljp01,P,,,,,,
howelke01,P,,,,,,
howelpa01,OF,,,,,,
howelro01,P,,,,,,
howelro02,3B,,,,,,
howerbi01,OF,,,,,,
howesh01,2B,,,,,,
howest01,P,,,,,,
howitda01,OF,,,,,,
howleda01,C,,,,,,
howrybo01,P,,,,,,
howsedi01,SS,,,,,,
hoydu01,OF,,,,,,
hoyinja01,OF,,,,,,
hoylete01,P,,,,,,
hoype01,P,,,,,,
hoytja01,P,,,,,,
hoytla01,P,,,,,,
hoytwa01,P,,,,,,
hraboal01,P,,,,,,
hrbekke01,1B,,,,,,
hriniwa01,C,,,,,,
huangwe01,P,,,,,,
hubbaal01,C,,,,,,
hubbagl01,2B,,,,,,
hubbaje01,OF,,,,,,
hubbaji01,OF,,,,,,
hubbala01,OF,,,,,,
hubbami01,C,,,,,,
hubbatr01,OF,,,,,,
hubbebi01,P,,,,,,
hubbeca01,P,,,,,,
hubbske01,2B,,,,,,
hubercl01,3B,,,,,,
huberjo01,P,,,,,,
huberjo02,C,,,,,,
huberju01,OF,,,,,,
huberot01,2B,,,,,,
huberwi01,P,,,,,,
huch01,SS,,,,,,
huch02,P,,,,,,
huckake01,C,,,,,,
hucklea01,P,,,,,,
hudekjo01,P,,,,,,
hudgeda01,1B,,,,,,
hudgeji01,1B,,,,,,
hudlere01,2B,,,,,,
hudliwi01,P,,,,,,
hudsobr01,P,,,,,,
hudsoch01,P,,,,,,
hudsoch02,P,,,,,,
hudsoch03,P,,,,,,
hudsoda01,P,,,,,,
hudsoda02,P,,,,,,
hudsoha01,P,,,,,,
hudsoje01,P,,,,,,
hudsojo01,2B,,,,,,
hudsojo02,P,,,,,,
hudsojo03,C,,,,,,
hudsoky01,OF,,,,,,
hudsolu01,P,,,,,,
hudsona01,P,,,,,,
hudsoor01,2B,,,,,,
hudsore01,P,,,,,,
hudsosi01,P,,,,,,
hudsoti01,P,,,,,,
hudsowi01,OF,,,,,,
hudspro01,1B,,,,,,
huelsfr01,OF,,,,,,
huenkal01,P,,,,,,
huffau01,1B,,,,,,
huffda01,P,,,,,,
huffed01,C,,,,,,
huffmbe01,C,,,,,,
huffmch01,OF,,,,,,
huffmi01,OF,,,,,,
huffmph01,P,,,,,,
huffsa01,C,,,,,,
huged01,C,,,,,,
huggimi01,2B,,,,,,
hughe01,OF,,,,,,
hughe02,OF,,,,,,
hughebi01,1B,,,,,,
hughebi02,P,,,,,,
hughebo01,C,,,,,,
hughebr01,P,,,,,,
hughech01,2B,,,,,,
hughedi01,P,,,,,,
hughedu01,P,,,,,,
hugheed01,P,,,,,,
hugheja01,P,,,,,,
hugheja02,P,,,,,,
hugheji01,P,,,,,,
hugheji02,P,,,,,,
hugheji03,P,,,,,,
hughejo01,OF,,,,,,
hugheke01,OF,,,,,,
hughelu01,2B,,,,,,
hughemi01,P,,,,,,
hugheph01,P,,,,,,
hugherh01,1B,,,,,,
hughero01,2B,,,,,,
hughero02,P,,,,,,
hughesa01,2B,,,,,,
hughete01,3B,,,,,,
hugheto01,P,,,,,,
hugheto02,P,,,,,,
hugheto03,OF,,,,,,
hugheto04,P,,,,,,
hugheto05,P,,,,,,
hughetr01,P,,,,,,
hugheve01,P,,,,,,
hughste01,P,,,,,,
huhnem01,1B,,,,,,
huismju01,P,,,,,,
huismma01,P,,,,,,
huismri01,P,,,,,,
hulenbi01,SS,,,,,,
huletti01,3B,,,,,,
hulettu01,2B,,,,,,
hulihha01,P,,,,,,
huller01,P,,,,,,
hulseda01,OF,,,,,,
hulswru01,SS,,,,,,
hultzda01,P,,,,,,
hulveha01,P,,,,,,
humbech01,2B,,,,,,
humbeph01,P,,,,,,
humeto01,P,,,,,,
hummeco01,OF,,,,,,
hummejo01,2B,,,,,,
hummeti01,3B,,,,,,
humphal01,OF,,,,,,
humphbe01,P,,,,,,
humphbi01,P,,,,,,
humphbo01,P,,,,,,
humphjo01,C,,,,,,
humphjo02,P,,,,,,
humphmi01,OF,,,,,,
humphte01,C,,,,,,
hundljo01,OF,,,,,,
hundlni01,C,,,,,,
hundlra01,C,,,,,,
hundlto01,C,,,,,,
hunglbe01,C,,,,,,
hunnebi01,SS,,,,,,
huntbe01,P,,,,,,
huntdi01,OF,,,,,,
huntebe01,P,,,,,,
huntebi01,C,,,,,,
huntebi02,OF,,,,,,
huntebi03,SS,,,,,,
huntebr01,1B,,,,,,
huntebr02,OF,,,,,,
huntebu01,2B,,,,,,
hunteca01,P,,,,,,
huntece01,OF,,,,,,
hunteed01,3B,,,,,,
hunteeu01,P,,,,,,
huntege01,OF,,,,,,
huntehe01,3B,,,,,,
hunteji01,P,,,,,,
huntele01,OF,,,,,,
huntene01,1B,,,,,,
hunteri01,P,,,,,,
hunteto01,OF,,,,,,
hunteto02,P,,,,,,
hunteto03,P,,,,,,
huntewi01,P,,,,,,
huntgr01,C,,,,,,
huntjo01,OF,,,,,,
huntke01,OF,,,,,,
huntke02,P,,,,,,
huntra01,C,,,,,,
huntro01,2B,,,,,,
huntzst01,SS,,,,,,
huntzwa01,P,,,,,,
huppeda01,C,,,,,,
hurdlcl01,OF,,,,,,
hurdto01,P,,,,,,
hurledi01,OF,,,,,,
hurleer01,P,,,,,,
hurleje01,C,,,,,,
hurleje02,C,,,,,,
hurshja01,P,,,,,,
hurstbi01,P,,,,,,
hurstbr01,P,,,,,,
hurstdo01,1B,,,,,,
hurstja01,P,,,,,,
hurstji01,OF,,,,,,
hurstjo01,P,,,,,,
hurstsc01,OF,,,,,,
hurtaed01,P,,,,,,
hurtebr01,P,,,,,,
hurtky01,P,,,,,,
hurtuja01,OF,,,,,,
huskebu01,OF,,,,,,
husonje01,SS,,,,,,
hustaca01,SS,,,,,,
hustebi01,P,,,,,,
hustibe01,P,,,,,,
hustoha01,C,,,,,,
hustowa01,3B,,,,,,
hutchbi01,P,,,,,,
hutchch01,P,,,,,,
hutchdr01,P,,,,,,
hutched01,2B,,,,,,
hutchfr01,P,,,,,,
hutchfr02,SS,,,,,,
hutchir01,P,,,,,,
hutchjo01,OF,,,,,,
hutchjo02,P,,,,,,
hutchwi01,P,,,,,,
hutsohe01,P,,,,,,
hutsoro01,OF,,,,,,
huttoji01,OF,,,,,,
huttoma01,P,,,,,,
huttos01,1B,,,,,,
huttoto01,1B,,,,,,
hwangja01,3B,,,,,,
hyattha01,1B,,,,,,
hydeco01,OF,,,,,,
hydedi01,P,,,,,,
hydeha01,3B,,,,,,
hyersti01,1B,,,,,,
hyndmji01,OF,,,,,,
hynesco01,P,,,,,,
hynespa01,OF,,,,,,
hyzduad01,OF,,,,,,
iannech01,C,,,,,,
ibanean01,2B,,,,,,
ibanera01,OF,,,,,,
ibarred01,P,,,,,,
iburgha01,P,,,,,,
igarary01,P,,,,,,
igawake01,P,,,,,,
iglesjo01,SS,,,,,,
iglesra01,P,,,,,,
ignasga01,P,,,,,,
ignasmi01,P,,,,,,
iguchta01,2B,,,,,,
ilslebl01,P,,,,,,
imanash01,P,,,,,,
imlaydo01,P,,,,,,
incavpe01,OF,,,,,,
inciaen01,OF,,,,,,
indiajo01,2B,,,,,,
infanal01,3B,,,,,,
infangr01,P,,,,,,
infanom01,2B,,,,,,
ingebr01,3B,,,,,,
inger01,2B,,,,,,
ingerbo01,P,,,,,,
ingersc01,3B,,,,,,
inglejo01,2B,,,,,,
ingrach01,C,,,,,,
ingraga01,2B,,,,,,
ingrako01,P,,,,,,
ingrari01,OF,,,,,,
inksbe01,P,,,,,,
innisje01,P,,,,,,
iorgda01,OF,,,,,,
iorgga01,3B,,,,,,
iottha01,OF,,,,,,
iottho01,P,,,,,,
irabuhi01,P,,,,,,
irelaha01,2B,,,,,,
irelati01,1B,,,,,,
iriarja01,P,,,,,,
iribahe01,OF,,,,,,
irvinca01,SS,,,,,,
irvinco01,P,,,,,,
irvinda01,P,,,,,,
irvined01,3B,,,,,,
irvinja01,P,,,,,,
irvinmo01,OF,,,,,,
irwin01,C,,,,,,
irwinal01,SS,,,,,,
irwinar01,SS,,,,,,
irwinbi01,P,,,,,,
irwinch01,3B,,,,,,
irwinjo01,3B,,,,,,
irwinph01,P,,,,,,
irwinto01,SS,,,,,,
isaleor01,OF,,,,,,
isbelfr01,1B,,,,,,
isbelky01,OF,,,,,,
ishiika01,P,,,,,,
ishiktr01,1B,,,,,,
isreacl01,3B,,,,,,
isrinja01,P,,,,,,
iveyty01,P,,,,,,
iviemi01,1B,,,,,,
ivorykb01,1B,,,,,,
iwakuhi01,P,,,,,,
iwamuak01,2B,,,,,,
izquiha01,C,,,,,,
izquiha02,P,,,,,,
izturce01,SS,,,,,,
izturma01,3B,,,,,,
jablora01,3B,,,,,,
jacklfr01,C,,,,,,
jackmwi01,P,,,,,,
jacks01,C,,,,,,
jacks02,C,,,,,,
jacks03,SS,,,,,,
jacks04,C,,,,,,
jacks05,3B,,,,,,
jacksal01,P,,,,,,
jacksal02,C,,,,,,
jacksan01,P,,,,,,
jacksan02,3B,,,,,,
jacksas01,SS,,,,,,
jacksau01,OF,,,,,,
jacksbi01,1B,,,,,,
jacksbi02,P,,,,,,
jacksbo01,OF,,,,,,
jacksbo02,SS,,,,,,
jacksbr01,OF,,,,,,
jacksch01,P,,,,,,
jacksch02,OF,,,,,,
jacksch03,3B,,,,,,
jacksch04,P,,,,,,
jacksco01,1B,,,,,,
jacksda01,P,,,,,,
jacksda02,P,,,,,,
jacksda03,OF,,,,,,
jacksda04,2B,,,,,,
jacksdi01,2B,,,,,,
jacksdr01,OF,,,,,,
jacksed01,P,,,,,,
jacksed02,OF,,,,,,
jacksfr01,P,,,,,,
jacksfr02,P,,,,,,
jacksge01,OF,,,,,,
jacksge02,PR,,,,,,
jacksgr01,P,,,,,,
jacksgu01,3B,,,,,,
jackshe01,1B,,,,,,
jacksja01,P,,,,,,
jacksja02,OF,,,,,,
jacksje01,SS,,,,,,
jacksje02,OF,,,,,,
jacksji01,OF,,,,,,
jacksjo01,OF,,,,,,
jacksjo02,P,,,,,,
jackske01,SS,,,,,,
jacksla01,P,,,,,,
jacksli01,1B,,,,,,
jackslo01,OF,,,,,,
jackslu01,P,,,,,,
jacksma01,3B,,,,,,
jacksmi01,P,,,,,,
jacksmi02,P,,,,,,
jacksos01,OF,,,,,,
jacksra01,3B,,,,,,
jacksre01,OF,,,,,,
jacksro01,1B,,,,,,
jacksro02,1B,,,,,,
jacksro03,P,,,,,,
jacksro04,C,,,,,,
jacksry01,1B,,,,,,
jacksry02,2B,,,,,,
jackssa01,2B,,,,,,
jackssa02,OF,,,,,,
jackssa03,1B,,,,,,
jacksso01,SS,,,,,,
jacksst01,P,,,,,,
jacksto01,P,,,,,,
jackstr01,SS,,,,,,
jackswi01,OF,,,,,,
jacksza01,P,,,,,,
jacksza02,P,,,,,,
jacobal01,P,,,,,,
jacobar01,P,,,,,,
jacobba01,OF,,,,,,
jacobbe01,P,,,,,,
jacobbr01,3B,,,,,,
jacobbu01,P,,,,,,
jacobbu02,1B,,,,,,
jacobed01,P,,,,,,
jacobel01,P,,,,,,
jacobha01,3B,,,,,,
jacobja01,OF,,,,,,
jacobla01,P,,,,,,
jacobme01,OF,,,,,,
jacobmi01,SS,,,,,,
jacobmi02,1B,,,,,,
jacobot01,C,,,,,,
jacobsp01,2B,,,,,,
jacobto01,P,,,,,,
jacomja01,P,,,,,,
jacqujo01,P,,,,,,
jacqupa01,P,,,,,,
jacquto01,P,,,,,,
jaeckja01,P,,,,,,
jaegech01,P,,,,,,
jaegejo01,P,,,,,,
jaggecl01,SS,,,,,,
jahajo01,1B,,,,,,
jahnar01,OF,,,,,,
jaimeju01,P,,,,,,
jakubch01,P,,,,,,
jakucsi01,P,,,,,,
jamerle01,P,,,,,,
jamerti01,P,,,,,,
jamesar01,OF,,,,,,
jamesbe01,OF,,,,,,
jamesbe02,2B,,,,,,
jamesbi01,P,,,,,,
jamesbi02,P,,,,,,
jamesbo01,P,,,,,,
jamesch01,OF,,,,,,
jamesch02,OF,,,,,,
jamesch03,P,,,,,,
jamescl01,OF,,,,,,
jamesde01,P,,,,,,
jamesdi01,OF,,,,,,
jamesdr01,P,,,,,,
jamesgu01,2B,,,,,,
jamesje01,P,,,,,,
jamesjo01,P,,,,,,
jamesjo02,P,,,,,,
jamesju01,P,,,,,,
jameskn01,2B,,,,,,
jamesle01,P,,,,,,
jamesmi01,P,,,,,,
jamesri01,P,,,,,,
jamessk01,1B,,,,,,
jamesti01,SS,,,,,,
jamiech01,OF,,,,,,
jamiejo01,1B,,,,,,
jamisch01,P,,,,,,
janesje01,P,,,,,,
janispa01,SS,,,,,,
jankojo01,P,,,,,,
jankotr01,OF,,,,,,
jannimi01,P,,,,,,
janowvi01,C,,,,,,
janseda01,C,,,,,,
janseke01,P,,,,,,
jansela01,P,,,,,,
jansera01,3B,,,,,,
janssca01,P,,,,,,
jantzhe01,OF,,,,,,
janvrha01,SS,,,,,,
janzema01,P,,,,,,
jaramja01,C,,,,,,
jarmodo01,P,,,,,,
jarnaho01,OF,,,,,,
jarvibr01,P,,,,,,
jarvike01,P,,,,,,
jarvipa01,P,,,,,,
jarvira01,P,,,,,,
jarviro01,C,,,,,,
jasojo01,C,,,,,,
jaspehi01,P,,,,,,
jaspejo01,P,,,,,,
jastela01,P,,,,,,
jatapa01,1B,,,,,,
javeral01,P,,,,,,
javieal01,OF,,,,,,
javiecr01,P,,,,,,
javieju01,2B,,,,,,
javiest01,OF,,,,,,
jaxgr01,P,,,,,,
jayemy01,P,,,,,,
jayjo01,P,,,,,,
jayjo02,OF,,,,,,
jayty01,P,,,,,,
jeando01,P,,,,,,
jeanete01,OF,,,,,,
jeffcge01,P,,,,,,
jeffcha01,OF,,,,,,
jeffcmi01,P,,,,,,
jeffeda01,P,,,,,,
jeffedo01,C,,,,,,
jeffeed01,P,,,,,,
jeffege01,P,,,,,,
jeffegr01,1B,,,,,,
jeffeje01,P,,,,,,
jeffera01,OF,,,,,,
jeffera02,3B,,,,,,
jeffere01,1B,,,,,,
jeffery01,C,,,,,,
jeffest01,OF,,,,,,
jeffewi01,P,,,,,,
jeffrha01,3B,,,,,,
jeffrir01,3B,,,,,,
jeffrje01,P,,,,,,
jeffrji01,P,,,,,,
jeffrso01,P,,,,,,
jelicch01,OF,,,,,,
jelinfr01,OF,,,,,,
jelksgr01,3B,,,,,,
jeltzst01,SS,,,,,,
jenki01,PH,,,,,,
jenkiba01,C,,,,,,
jenkibe01,P,,,,,,
jenkibi01,2B,,,,,,
jenkich01,P,,,,,,
jenkifa01,OF,,,,,,
jenkife01,P,,,,,,
jenkige01,OF,,,,,,
jenkiho01,OF,,,,,,
jenkija01,P,,,,,,
jenkijo01,C,,,,,,
jenkijo02,2B,,,,,,
jenkijo03,3B,,,,,,
jenkipe01,P,,,,,,
jenkito01,OF,,,,,,
jenkity01,P,,,,,,
jenkiwe01,2B,,,,,,
jenksbo01,P,,,,,,
jennial01,C,,,,,,
jennibi01,SS,,,,,,
jennida01,P,,,,,,
jennide01,OF,,,,,,
jennido01,OF,,,,,,
jennihu01,SS,,,,,,
jennija01,P,,,,,,
jenniro01,OF,,,,,,
jennith01,OF,,,,,,
jenseca01,C,,,,,,
jenseja01,OF,,,,,,
jenseky01,OF,,,,,,
jensema01,C,,,,,,
jensery01,P,,,,,,
jensewi01,P,,,,,,
jensewo01,OF,,,,,,
jepseke01,P,,,,,,
jerezwi01,P,,,,,,
jerzemi01,P,,,,,,
jessuge01,P,,,,,,
jestaga01,3B,,,,,,
jestevi01,P,,,,,,
jeterde01,SS,,,,,,
jeterjo01,OF,,,,,,
jetersh01,OF,,,,,,
jethrsa01,OF,,,,,,
jewelja01,P,,,,,,
jewelva01,2B,,,,,,
jewetna01,C,,,,,,
jimenaj01,C,,,,,,
jimenbi01,2B,,,,,,
jimence01,P,,,,,,
jimenda01,2B,,,,,,
jimenda02,P,,,,,,
jimened01,P,,,,,,
jimenel01,OF,,,,,,
jimenel02,OF,,,,,,
jimeneu01,3B,,,,,,
jimenge01,P,,,,,,
jimenho01,SS,,,,,,
jimenja01,P,,,,,,
jimenjo01,P,,,,,,
jimenjo02,P,,,,,,
jimenju01,P,,,,,,
jimenke01,P,,,,,,
jimenle01,SS,,,,,,
jimenlu02,3B,,,,,,
jimenma01,OF,,,,,,
jimenmi01,P,,,,,,
jimenub01,P,,,,,,
jimerch01,OF,,,,,,
joaquwa01,P,,,,,,
jobeja01,P,,,,,,
jodiebr01,P,,,,,,
joeco01,OF,,,,,,
johjike01,C,,,,,,
johns01,OF,,,,,,
johns02,PH,,,,,,
johns03,OF,,,,,,
johns04,2B,,,,,,
johns05,3B,,,,,,
johns06,3B,,,,,,
johns07,P,,,,,,
johns08,PH,,,,,,
johns09,PH,,,,,,
johns10,P,,,,,,
johns11,C,,,,,,
johns12,PH,,,,,,
johns13,PH,,,,,,
johnsab01,P,,,,,,
johnsab02,2B,,,,,,
johnsad01,P,,,,,,
johnsal01,OF,,,,,,
johnsal02,P,,,,,,
johnsal03,P,,,,,,
johnsar01,P,,,,,,
johnsar02,P,,,,,,
johnsau01,P,,,,,,
johnsba01,P,,,,,,
johnsbe01,P,,,,,,
johnsbe02,OF,,,,,,
johnsbe03,OF,,,,,,
johnsbi01,OF,,,,,,
johnsbi02,OF,,,,,,
johnsbi03,3B,,,,,,
johnsbi04,P,,,,,,
johnsbi05,C,,,,,,
johnsbi06,OF,,,,,,
johnsbo01,OF,,,,,,
johnsbo02,SS,,,,,,
johnsbo03,P,,,,,,
johnsbo04,C,,,,,,
johnsbo05,1B,,,,,,
johnsbr01,C,,,,,,
johnsbr02,P,,,,,,
johnsbr03,OF,,,,,,
johnsbu01,2B,,,,,,
johnsbu02,OF,,,,,,
johnsca01,2B,,,,,,
johnsca02,OF,,,,,,
johnsce01,OF,,,,,,
johnsch01,OF,,,,,,
johnsch02,P,,,,,,
johnsch03,P,,,,,,
johnsch04,C,,,,,,
johnsch05,3B,,,,,,
johnsch06,C,,,,,,
johnscl01,1B,,,,,,
johnscl02,2B,,,,,,
johnsco01,P,,,,,,
johnsda01,C,,,,,,
johnsda02,2B,,,,,,
johnsda03,P,,,,,,
johnsda04,P,,,,,,
johnsda05,P,,,,,,
johnsda06,1B,,,,,,
johnsda07,OF,,,,,,
johnsde01,1B,,,,,,
johnsdi01,OF,,,,,,
johnsdi02,P,,,,,,
johnsdj01,P,,,,,,
johnsdo01,1B,,,,,,
johnsdo02,2B,,,,,,
johnsdo03,P,,,,,,
johnsdo04,P,,,,,,
johnsea01,P,,,,,,
johnsed01,OF,,,,,,
johnsed02,OF,,,,,,
johnsel01,C,,,,,,
johnsel02,SS,,,,,,
johnser01,SS,,,,,,
johnser02,P,,,,,,
johnser03,2B,,,,,,
johnser04,P,,,,,,
johnsfr01,P,,,,,,
johnsfr02,2B,,,,,,
johnsfr03,OF,,,,,,
johnsfr04,OF,,,,,,
johnsfr05,PH,,,,,,
johnsga01,OF,,,,,,
johnsge01,OF,,,,,,
johnsgr01,OF,,,,,,
johnsgr02,SS,,,,,,
johnsha01,P,,,,,,
johnshe01,OF,,,,,,
johnsho01,3B,,,,,,
johnsja01,OF,,,,,,
johnsja02,P,,,,,,
johnsja03,OF,,,,,,
johnsja04,3B,,,,,,
johnsje01,P,,,,,,
johnsje02,P,,,,,,
johnsji01,3B,,,,,,
johnsji02,P,,,,,,
johnsji03,P,,,,,,
johnsji04,P,,,,,,
johnsji05,SS,,,,,,
johnsji06,P,,,,,,
johnsji07,SS,,,,,,
johnsjo01,P,,,,,,
johnsjo02,OF,,,,,,
johnsjo03,P,,,,,,
johnsjo04,P,,,,,,
johnsjo05,P,,,,,,
johnsjo06,P,,,,,,
johnsjo07,P,,,,,,
johnsjo08,P,,,,,,
johnsjo09,P,,,,,,
johnsjo10,P,,,,,,
johnsjo11,C,,,,,,
johnsjo12,OF,,,,,,
johnsjo13,P,,,,,,
johnsju99,3B,,,,,,
johnske01,P,,,,,,
johnske02,P,,,,,,
johnske03,2B,,,,,,
johnske04,1B,,,,,,
johnske05,2B,,,,,,
johnskr01,P,,,,,,
johnsla01,C,,,,,,
johnsla02,1B,,,,,,
johnsla03,OF,,,,,,
johnsle01,SS,,,,,,
johnsle02,P,,,,,,
johnsle03,P,,,,,,
johnsll01,P,,,,,,
johnslo01,OF,,,,,,
johnsm01,P,,,,,,
johnsma01,1B,,,,,,
johnsma02,C,,,,,,
johnsma03,P,,,,,,
johnsme01,SS,,,,,,
johnsmi01,P,,,,,,
johnsmi02,P,,,,,,
johnsmi03,P,,,,,,
johnsmi04,2B,,,,,,
johnsmo01,OF,,,,,,
johnsna01,P,,,,,,
johnsni01,1B,,,,,,
johnsol01,P,,,,,,
johnsot01,SS,,,,,,
johnspa01,OF,,,,,,
johnspe01,3B,,,,,,
johnspe02,OF,,,,,,
johnspi01,P,,,,,,
johnsra01,P,,,,,,
johnsra02,P,,,,,,
johnsra03,OF,,,,,,
johnsra04,3B,,,,,,
johnsra05,P,,,,,,
johnsra06,OF,,,,,,
johnsra07,OF,,,,,,
johnsre01,OF,,,,,,
johnsre02,OF,,,,,,
johnsro01,P,,,,,,
johnsro02,OF,,,,,,
johnsro03,1B,,,,,,
johnsro04,OF,,,,,,
johnsro05,2B,,,,,,
johnsro06,OF,,,,,,
johnsro07,C,,,,,,
johnsru01,3B,,,,,,
johnsry01,P,,,,,,
johnss01,P,,,,,,
johnsse01,P,,,,,,
johnssh01,2B,,,,,,
johnssh02,P,,,,,,
johnssi01,P,,,,,,
johnssl01,SS,,,,,,
johnssp01,OF,,,,,,
johnsst01,OF,,,,,,
johnsst02,P,,,,,,
johnssy01,P,,,,,,
johnsti01,SS,,,,,,
johnsto01,OF,,,,,,
johnsto02,P,,,,,,
johnsto03,OF,,,,,,
johnsto04,P,,,,,,
johnsto05,2B,,,,,,
johnsto06,P,,,,,,
johnsto07,P,,,,,,
johnstr01,2B,,,,,,
johnstr02,OF,,,,,,
johnsty01,P,,,,,,
johnsu01,2B,,,,,,
johnsup01,3B,,,,,,
johnsvi01,P,,,,,,
johnsw01,OF,,,,,,
johnswa01,P,,,,,,
johnswa02,P,,,,,,
johnswa03,1B,,,,,,
johnswa04,OF,,,,,,
johnsyo01,P,,,,,,
johnto01,P,,,,,,
joinero01,P,,,,,,
jokiser01,P,,,,,,
jokst01,3B,,,,,,
jollesm01,OF,,,,,,
jollyda01,P,,,,,,
jones01,OF,,,,,,
jones02,OF,,,,,,
jones03,3B,,,,,,
jones04,OF,,,,,,
jones05,OF,,,,,,
jones06,C,,,,,,
jones07,OF,,,,,,
jones08,SS,,,,,,
jones09,3B,,,,,,
jones10,PH,,,,,,
jones11,OF,,,,,,
jones12,OF,,,,,,
jones13,3B,,,,,,
jones14,OF,,,,,,
jonesa01,P,,,,,,
jonesad01,OF,,,,,,
jonesal01,P,,,,,,
jonesal02,P,,,,,,
jonesal03,P,,,,,,
jonesan01,OF,,,,,,
jonesar01,P,,,,,,
jonesar02,2B,,,,,,
jonesba01,P,,,,,,
jonesbe01,P,,,,,,
jonesbi01,C,,,,,,
jonesbi02,OF,,,,,,
jonesbi03,SS,,,,,,
jonesbo01,3B,,,,,,
jonesbo02,OF,,,,,,
jonesbo03,P,,,,,,
jonesbo04,P,,,,,,
jonesbr01,P,,,,,,
jonesbr02,OF,,,,,,
jonesbu01,P,,,,,,
jonesbu02,2B,,,,,,
jonesca01,P,,,,,,
jonesca02,C,,,,,,
jonesch01,OF,,,,,,
jonesch02,2B,,,,,,
jonesch03,OF,,,,,,
jonesch04,OF,,,,,,
jonesch05,OF,,,,,,
jonesch06,3B,,,,,,
jonescl01,OF,,,,,,
jonescl02,OF,,,,,,
jonesco01,P,,,,,,
jonesco02,SS,,,,,,
jonesco03,SS,,,,,,
jonesda01,OF,,,,,,
jonesda02,P,,,,,,
jonesda03,2B,,,,,,
jonesda04,OF,,,,,,
jonesda05,OF,,,,,,
jonesda06,C,,,,,,
jonesda07,P,,,,,,
jonesde01,P,,,,,,
jonesde02,1B,,,,,,
jonesdi01,P,,,,,,
jonesdo01,P,,,,,,
jonesea01,P,,,,,,
jonesea02,3B,,,,,,
jonesel01,P,,,,,,
joneseu01,P,,,,,,
jonesfi01,OF,,,,,,
jonesfo01,OF,,,,,,
jonesfr01,OF,,,,,,
jonesga01,P,,,,,,
jonesga02,1B,,,,,,
jonesgo01,P,,,,,,
jonesgr01,P,,,,,,
jonesgr02,OF,,,,,,
jonesha01,1B,,,,,,
jonesha02,P,,,,,,
joneshe01,2B,,,,,,
joneshe02,P,,,,,,
jonesho01,OF,,,,,,
joneshu01,P,,,,,,
jonesja01,SS,,,,,,
jonesja02,P,,,,,,
jonesja03,1B,,,,,,
jonesja04,OF,,,,,,
jonesja05,OF,,,,,,
jonesja06,OF,,,,,,
jonesja07,OF,,,,,,
jonesja08,OF,,,,,,
jonesja09,P,,,,,,
jonesja10,OF,,,,,,
jonesje01,P,,,,,,
jonesje02,OF,,,,,,
jonesji01,OF,,,,,,
jonesji02,P,,,,,,
jonesji03,OF,,,,,,
jonesjo01,P,,,,,,
jonesjo02,OF,,,,,,
jonesjo03,OF,,,,,,
joneske01,P,,,,,,
jonesly01,OF,,,,,,
jonesma01,OF,,,,,,
jonesma02,P,,,,,,
jonesmi01,P,,,,,,
jonesmi02,P,,,,,,
jonesmi03,OF,,,,,,
jonesmi04,1B,,,,,,
jonesna01,P,,,,,,
jonesni01,1B,,,,,,
jonesno01,OF,,,,,,
jonesod01,P,,,,,,
jonesos01,P,,,,,,
jonespe01,P,,,,,,
jonespe02,C,,,,,,
jonesra01,P,,,,,,
jonesra02,PH,,,,,,
jonesre01,OF,,,,,,
jonesri01,P,,,,,,
jonesri02,2B,,,,,,
jonesro01,SS,,,,,,
jonesro02,OF,,,,,,
jonesru01,OF,,,,,,
jonesru02,OF,,,,,,
jonesry01,1B,,,,,,
jonessa01,P,,,,,,
jonessa02,P,,,,,,
jonessh01,P,,,,,,
jonessh02,P,,,,,,
jonessl01,P,,,,,,
jonesst01,P,,,,,,
jonesst02,P,,,,,,
jonessu01,1B,,,,,,
jonesta01,1B,,,,,,
joneste01,1B,,,,,,
joneste02,OF,,,,,,
jonesti01,P,,,,,,
jonesti02,SS,,,,,,
jonesto01,1B,,,,,,
jonesto02,P,,,,,,
jonestr01,OF,,,,,,
joneswa01,P,,,,,,
joneswi01,3B,,,,,,
joneswi02,C,,,,,,
joneswi03,C,,,,,,
joneswi04,OF,,,,,,
jonnabu01,C,,,,,,
jonnacl01,P,,,,,,
joosted01,SS,,,,,,
jordabo01,1B,,,,,,
jordabr01,OF,,,,,,
jordabu01,1B,,,,,,
jordace01,SS,,,,,,
jordach01,P,,,,,,
jordadu01,2B,,,,,,
jordaha01,P,,,,,,
jordahe01,C,,,,,,
jordaji01,2B,,,,,,
jordake01,2B,,,,,,
jordala01,SS,,,,,,
jordale01,OF,,,,,,
jordami01,OF,,,,,,
jordami02,P,,,,,,
jordani01,P,,,,,,
jordari01,P,,,,,,
jordari02,1B,,,,,,
jordari03,P,,,,,,
jordasc01,OF,,,,,,
jordasl01,1B,,,,,,
jordata01,P,,,,,,
jordati01,1B,,,,,,
jordato01,C,,,,,,
jorgear01,C,,,,,,
jorgefe01,P,,,,,,
jorgemi01,1B,,,,,,
jorgeor01,P,,,,,,
jorgepi01,OF,,,,,,
jorgery01,C,,,,,,
jorgesp01,3B,,,,,,
jorgete01,3B,,,,,,
josefe01,OF,,,,,,
josepca01,C,,,,,,
josepco01,2B,,,,,,
josepdo01,P,,,,,,
josepdu01,C,,,,,,
josepke01,P,,,,,,
josepne01,3B,,,,,,
josepri01,3B,,,,,,
josepto01,1B,,,,,,
josepwi01,3B,,,,,,
josh01,P,,,,,,
joshuvo01,OF,,,,,,
jossad01,P,,,,,,
jourdte01,1B,,,,,,
journji01,P,,,,,,
joyce01,OF,,,,,,
joycebe01,P,,,,,,
joycebi01,3B,,,,,,
joycebo01,P,,,,,,
joycedi01,P,,,,,,
joycema01,OF,,,,,,
joycemi01,P,,,,,,
joynebi01,OF,,,,,,
joynewa01,1B,,,,,,
joypo01,1B,,,,,,
juddmi01,P,,,,,,
juddos01,P,,,,,,
juddra01,P,,,,,,
judefr01,OF,,,,,,
judenje01,P,,,,,,
judgeaa01,OF,,,,,,
judgejo01,1B,,,,,,
judniwa01,OF,,,,,,
judsoho01,P,,,,,,
judyjo01,P,,,,,,
judyly01,2B,,,,,,
juelire01,2B,,,,,,
julieed01,2B,,,,,,
juliojo01,P,,,,,,
julksco01,OF,,,,,,
jumonge01,SS,,,,,,
juncojo01,P,,,,,,
jungeer01,P,,,,,,
jungeke01,P,,,,,,
jungja01,3B,,,,,,
jungjo01,3B,,,,,,
jungmta01,P,,,,,,
junisja01,P,,,,,,
junkja01,P,,,,,,
juradar01,P,,,,,,
juraked01,SS,,,,,,
juranel01,1B,,,,,,
juranjo01,P,,,,,,
jurewmi01,P,,,,,,
jurgebi01,SS,,,,,,
jurisal01,P,,,,,,
jurrjja01,P,,,,,,
justich01,OF,,,,,,
justida01,OF,,,,,,
justiev01,P,,,,,,
justiwa01,P,,,,,,
justjo01,C,,,,,,
jutzesk01,C,,,,,,
juulhe01,P,,,,,,
juulhe02,P,,,,,,
kaaihki01,1B,,,,,,
kaatji01,P,,,,,,
kaczmke01,OF,,,,,,
kadinja01,1B,,,,,,
kaforja01,C,,,,,,
kahdoik01,3B,,,,,,
kahlege01,P,,,,,,
kahlni01,2B,,,,,,
kahnlto01,P,,,,,,
kahoemi01,C,,,,,,
kainedo01,P,,,,,,
kaiseal01,OF,,,,,,
kaisebo01,P,,,,,,
kaisece01,P,,,,,,
kaiseco01,2B,,,,,,
kaisedo01,P,,,,,,
kaisege01,P,,,,,,
kaiseje01,P,,,,,,
kalahjo01,C,,,,,,
kalbfch01,OF,,,,,,
kalfabi01,P,,,,,,
kalinal01,OF,,,,,,
kalinfr01,OF,,,,,,
kalisry01,OF,,,,,,
kalliru01,P,,,,,,
kamiesc01,P,,,,,,
kaminro01,P,,,,,,
kammebo01,P,,,,,,
kammwi01,3B,,,,,,
kampik01,P,,,,,,
kampoal01,2B,,,,,,
kanefr01,OF,,,,,,
kaneha01,P,,,,,,
kanehro01,2B,,,,,,
kaneje01,1B,,,,,,
kaneji01,1B,,,,,,
kanejo01,OF,,,,,,
kanejo02,SS,,,,,,
kaneto01,2B,,,,,,
kangju01,3B,,,,,,
kantler01,P,,,,,,
kaplega01,OF,,,,,,
kappehe01,SS,,,,,,
kappejo01,OF,,,,,,
kaprija01,P,,,,,,
karchma01,P,,,,,,
karchri01,P,,,,,,
kardopa01,P,,,,,,
kargeed01,P,,,,,,
karinja01,P,,,,,,
karkoro01,C,,,,,,
karlan01,P,,,,,,
karlobi01,OF,,,,,,
karlsc01,P,,,,,,
karnsbi01,P,,,,,,
karnsna01,P,,,,,,
karnuja01,P,,,,,,
karowma01,SS,,,,,,
karpehe01,P,,,,,,
karpry01,P,,,,,,
karrbe01,P,,,,,,
karroer01,1B,,,,,,
karroky01,3B,,,,,,
karsast01,P,,,,,,
karstje01,P,,,,,,
karstjo01,3B,,,,,,
kashita01,P,,,,,,
kaskoed01,SS,,,,,,
katama01,2B,,,,,,
katohgo01,1B,,,,,,
katolja01,P,,,,,,
kattra01,C,,,,,,
katzbo01,P,,,,,,
kauffbe01,OF,,,,,,
kauffdi01,1B,,,,,,
kauffka01,P,,,,,,
kaufmcu01,P,,,,,,
kaufmto01,P,,,,,,
kavadni01,1B,,,,,,
kavan01,1B,,,,,,
kavanle01,SS,,,,,,
kavanma01,2B,,,,,,
kawakke01,P,,,,,,
kawasmu01,2B,,,,,,
kayan01,P,,,,,,
kaybi01,OF,,,,,,
kayeju01,P,,,,,,
kayfucj01,OF,,,,,,
kazaked01,3B,,,,,,
kazante01,2B,,,,,,
kazmase01,SS,,,,,,
kazmisc01,P,,,,,,
keaglgr01,P,,,,,,
kealest01,P,,,,,,
keanewl01,C,,,,,,
kearn01,PH,,,,,,
kearnau01,OF,,,,,,
kearnbo01,C,,,,,,
kearnte01,1B,,,,,,
kearnto01,2B,,,,,,
kearsed01,C,,,,,,
keasclu01,2B,,,,,,
keased01,P,,,,,,
keatibo01,P,,,,,,
keatich01,SS,,,,,,
keatira01,P,,,,,,
keatlgr01,C,,,,,,
keckca01,P,,,,,,
keedypa01,3B,,,,,,
keefebo01,P,,,,,,
keefeda01,P,,,,,,
keefege01,P,,,,,,
keefejo01,P,,,,,,
keefeti01,P,,,,,,
keegabo01,P,,,,,,
keegaed01,P,,,,,,
keelebu01,P,,,,,,
keelewi01,OF,,,,,,
keelibe01,SS,,,,,,
keelybo01,C,,,,,,
keenaji01,C,,,,,,
keenaji02,P,,,,,,
keenaki01,P,,,,,,
keenbi01,1B,,,,,,
keeneha01,P,,,,,,
keeneje01,P,,,,,,
keenejo01,P,,,,,,
keenvi01,P,,,,,,
keerlge01,2B,,,,,,
keeseji01,1B,,,,,,
keetoeu01,P,,,,,,
keetori01,P,,,,,,
keffefr01,P,,,,,,
kehnch01,P,,,,,,
keifeka01,P,,,,,,
keirsda01,OF,,,,,,
keislra01,P,,,,,,
keistbi01,SS,,,,,,
keithco01,2B,,,,,,
kekicmi01,P,,,,,,
kelake01,P,,,,,,
kelbge01,P,,,,,,
kelenja01,OF,,,,,,
kelihmi01,1B,,,,,,
kelleal01,P,,,,,,
kellebr01,P,,,,,,
kellech01,OF,,,,,,
kelledi01,P,,,,,,
kelledu01,C,,,,,,
kellefr01,OF,,,,,,
kellefr02,1B,,,,,,
kelleha01,P,,,,,,
kelleha02,P,,,,,,
kelleha03,C,,,,,,
kellejo01,OF,,,,,,
kellejo02,3B,,,,,,
kellekr01,P,,,,,,
kelleky01,P,,,,,,
kellemi01,1B,,,,,,
kellemi02,SS,,,,,,
kellemi03,P,,,,,,
kellere01,SS,,,,,,
kellero01,P,,,,,,
kellesh01,P,,,,,,
kelleto01,P,,,,,,
kelletr01,P,,,,,,
kellge01,3B,,,,,,
kellmle01,3B,,,,,,
kellnal01,P,,,,,,
kellnwa01,P,,,,,,
kelloal01,P,,,,,,
kellobi01,1B,,,,,,
kellona01,SS,,,,,,
kellsk01,2B,,,,,,
kelluwi01,P,,,,,,
kellybi01,OF,,,,,,
kellybi02,C,,,,,,
kellybi03,1B,,,,,,
kellybo01,P,,,,,,
kellybr01,P,,,,,,
kellyca01,P,,,,,,
kellyca02,C,,,,,,
kellych01,3B,,,,,,
kellydo01,OF,,,,,,
kellyed01,P,,,,,,
kellyge01,1B,,,,,,
kellyhe01,P,,,,,,
kellyji01,OF,,,,,,
kellyjo01,C,,,,,,
kellyjo02,OF,,,,,,
kellyjo03,OF,,,,,,
kellyjo04,OF,,,,,,
kellyjo05,P,,,,,,
kellyke01,OF,,,,,,
kellyke02,P,,,,,,
kellyki01,OF,,,,,,
kellyki02,C,,,,,,
kellyme01,P,,,,,,
kellymi01,P,,,,,,
kellymi02,OF,,,,,,
kellymi03,P,,,,,,
kellypa01,OF,,,,,,
kellypa02,C,,,,,,
kellypa03,2B,,,,,,
kellyre01,OF,,,,,,
kellyre02,P,,,,,,
kellyro01,OF,,,,,,
kellyry01,P,,,,,,
kellysp01,3B,,,,,,
kellyto01,1B,,,,,,
kellyty01,OF,,,,,,
kellyva01,3B,,,,,,
kellywh01,P,,,,,,
kellywi01,C,,,,,,
kellyza01,P,,,,,,
kelse01,OF,,,,,,
kelsebi01,C,,,,,,
kelsobi01,P,,,,,,
keltnke01,3B,,,,,,
keltoda01,OF,,,,,,
keltyjo01,OF,,,,,,
kemmebi01,3B,,,,,,
kemmeru01,P,,,,,,
kemmlru01,C,,,,,,
kemnedu01,P,,,,,,
kempdu01,OF,,,,,,
kempga01,2B,,,,,,
kempge01,C,,,,,,
kempjo01,OF,,,,,,
kempma01,OF,,,,,,
kempot01,3B,,,,,,
kempst01,OF,,,,,,
kempto01,OF,,,,,,
kendafr01,C,,,,,,
kendaja01,C,,,,,,
kendeal01,C,,,,,,
kendrho01,2B,,,,,,
kendrky01,P,,,,,,
kennada01,C,,,,,,
kennaed01,P,,,,,,
kennaed02,C,,,,,,
kennead01,2B,,,,,,
kennear01,P,,,,,,
kennebi01,P,,,,,,
kennebi02,P,,,,,,
kennebo01,OF,,,,,,
kennebr01,P,,,,,,
kennebr02,P,,,,,,
kennebu01,2B,,,,,,
kennedo01,C,,,,,,
kenneed01,OF,,,,,,
kenneed02,3B,,,,,,
kenneia01,P,,,,,,
kenneje01,3B,,,,,,
kenneji01,SS,,,,,,
kennejo01,2B,,,,,,
kennejo02,SS,,,,,,
kennejo03,3B,,,,,,
kennejo04,P,,,,,,
kenneju01,2B,,,,,,
kennemo01,P,,,,,,
kennesn01,OF,,,,,,
kennete01,P,,,,,,
kennete02,C,,,,,,
kenneve01,P,,,,,,
kensilo01,P,,,,,,
kented01,P,,,,,,
kentje01,2B,,,,,,
kentma01,P,,,,,,
kentst01,P,,,,,,
kentza01,P,,,,,,
kenwo01,P,,,,,,
kenwobi01,2B,,,,,,
kenwodi01,3B,,,,,,
kenyoha01,OF,,,,,,
keougjo01,OF,,,,,,
keougma01,OF,,,,,,
keougma02,P,,,,,,
keplema01,OF,,,,,,
keppebo01,P,,,,,,
keppije01,2B,,,,,,
kepshku01,P,,,,,,
kerfech01,P,,,,,,
keriagu01,P,,,,,,
kerinjo01,1B,,,,,,
kerkeor01,P,,,,,,
kerksbi01,P,,,,,,
kerlior01,C,,,,,,
kernajo01,2B,,,,,,
kernbi01,OF,,,,,,
kernege01,1B,,,,,,
kernejo01,OF,,,,,,
kernji01,P,,,,,,
kerrbu01,SS,,,,,,
kerrdi01,P,,,,,,
kerrdo01,C,,,,,,
kerrijo01,P,,,,,,
kerrjo01,2B,,,,,,
kerrra01,P,,,,,,
kerry01,PH,,,,,,
kershcl01,P,,,,,,
kershja01,P,,,,,,
kerwida01,OF,,,,,,
kessido01,SS,,,,,,
kessigr01,3B,,,,,,
kessike01,SS,,,,,,
kessl01,PH,,,,,,
kesslhe01,SS,,,,,,
kesteri01,P,,,,,,
ketchfr01,OF,,,,,,
ketchgu01,P,,,,,,
ketteph01,C,,,,,,
keuchda01,P,,,,,,
keupphe01,P,,,,,,
keyji01,P,,,,,,
keysebr01,P,,,,,,
keysre01,P,,,,,,
keysro01,P,,,,,,
khalisa01,SS,,,,,,
kibbiho01,2B,,,,,,
kibblja01,3B,,,,,,
kickhmi01,P,,,,,,
kidama01,P,,,,,,
kieboca01,3B,,,,,,
kiebosp01,C,,,,,,
kieckda01,P,,,,,,
kiefejo01,P,,,,,,
kiefema01,P,,,,,,
kiefest01,3B,,,,,,
kiekhde01,P,,,,,,
kieltbo01,OF,,,,,,
kielyjo01,P,,,,,,
kielyle01,P,,,,,,
kienzbi01,OF,,,,,,
kiermke01,OF,,,,,,
kiescbr01,P,,,,,,
kiescro01,OF,,,,,,
kikucyu01,P,,,,,,
kilbybr01,P,,,,,,
kildupe01,2B,,,,,,
kileda01,P,,,,,,
kileyjo01,OF,,,,,,
kilgupa01,P,,,,,,
kilhupa01,C,,,,,,
kiliaca01,P,,,,,,
kilkemi01,P,,,,,,
killebi01,C,,,,,,
killeev01,P,,,,,,
killefr01,P,,,,,,
killeha01,1B,,,,,,
killehe01,P,,,,,,
killere01,OF,,,,,,
killied01,P,,,,,,
killija01,P,,,,,,
kilomfr01,P,,,,,,
kilroma01,P,,,,,,
kilromi01,P,,,,,,
kimbaco01,P,,,,,,
kimbage01,2B,,,,,,
kimbane01,P,,,,,,
kimbeha01,P,,,,,,
kimbesa01,P,,,,,,
kimbldi01,SS,,,,,,
kimboho01,P,,,,,,
kimbrcr01,P,,,,,,
kimbrhe01,OF,,,,,,
kimbrla01,P,,,,,,
kimbrte01,3B,,,,,,
kimby01,P,,,,,,
kimeha01,P,,,,,,
kimha01,SS,,,,,,
kimhy01,OF,,,,,,
kimhy02,2B,,,,,,
kimkw01,P,,,,,,
kimmbr01,C,,,,,,
kimmiwa01,SS,,,,,,
kimsech01,P,,,,,,
kimsu01,P,,,,,,
kinarro01,3B,,,,,,
kincaha01,P,,,,,,
kindaje01,2B,,,,,,
kindeel01,P,,,,,,
kindlbi01,2B,,,,,,
kine01,C,,,,,,
kineris01,SS,,,,,,
kinerra01,OF,,,,,,
king01,PH,,,,,,
kingbo01,OF,,,,,,
kingbr01,P,,,,,,
kingbr02,P,,,,,,
kingch01,OF,,,,,,
kingch02,P,,,,,,
kingcl01,P,,,,,,
kingcu01,P,,,,,,
kingdo01,OF,,,,,,
kingdwe01,3B,,,,,,
kingea01,OF,,,,,,
kingemi01,OF,,,,,,
kinger01,P,,,,,,
kingesc01,SS,,,,,,
kingha01,C,,,,,,
kinghni01,P,,,,,,
kingje01,3B,,,,,,
kingji01,OF,,,,,,
kingjo01,P,,,,,,
kingke01,P,,,,,,
kingle01,OF,,,,,,
kingle02,OF,,,,,,
kingly01,OF,,,,,,
kingma01,OF,,,,,,
kingmbr01,P,,,,,,
kingmda01,OF,,,,,,
kingmha01,1B,,,,,,
kingmi01,P,,,,,,
kingne01,P,,,,,,
kingra01,P,,,,,,
kingri01,1B,,,,,,
kingsa01,1B,,,,,,
kingsge01,OF,,,,,,
kingsi01,P,,,,,,
kingst01,OF,,,,,,
kingwi01,2B,,,,,,
kinkami01,OF,,,,,,
kinlety01,P,,,,,,
kinlowa01,3B,,,,,,
kinnede01,P,,,,,,
kinnejo01,P,,,,,,
kinnema01,P,,,,,,
kinnewa01,P,,,,,,
kinnumi01,P,,,,,,
kinsebo01,OF,,,,,,
kinseed01,P,,,,,,
kinsl01,OF,,,,,,
kinslia01,2B,,,,,,
kinslto01,C,,,,,,
kintzbr01,P,,,,,,
kinzema01,P,,,,,,
kinziwa01,SS,,,,,,
kinzyha01,P,,,,,,
kipnija01,2B,,,,,,
kippebo01,P,,,,,,
kippeed01,OF,,,,,,
kippeth01,P,,,,,,
kippfr01,P,,,,,,
kirby01,P,,,,,,
kirbycl01,P,,,,,,
kirbyge01,P,,,,,,
kirbyjo01,P,,,,,,
kirbyla01,OF,,,,,,
kirbywa01,OF,,,,,,
kirchmi01,P,,,,,,
kirilal01,1B,,,,,,
kirkal01,C,,,,,,
kirkbi01,P,,,,,,
kirkeja01,OF,,,,,,
kirklwi01,OF,,,,,,
kirkmmi01,P,,,,,,
kirkped01,OF,,,,,,
kirkpen01,3B,,,,,,
kirksiv01,C,,,,,,
kirkwdo01,P,,,,,,
kirrejo01,3B,,,,,,
kirscha01,P,,,,,,
kiserga01,P,,,,,,
kisher01,OF,,,,,,
kisinru01,P,,,,,,
kisonbr01,P,,,,,,
kissibi01,P,,,,,,
kitchau01,P,,,,,,
kitsoch01,SS,,,,,,
kitsofr01,P,,,,,,
kittlro01,OF,,,,,,
kittran01,P,,,,,,
kittrma01,C,,,,,,
kivlepa01,OF,,,,,,
kjershe01,OF,,,,,,
klaerhu01,P,,,,,,
klagefr01,P,,,,,,
klassda01,3B,,,,,,
klausbi01,SS,,,,,,
klausbo01,2B,,,,,,
klawial01,P,,,,,,
klawito01,P,,,,,,
kleeol01,OF,,,,,,
kleinch01,OF,,,,,,
kleinha01,P,,,,,,
kleinlo01,2B,,,,,,
kleinnu01,P,,,,,,
kleinph01,P,,,,,,
kleinre01,C,,,,,,
kleinte01,P,,,,,,
kleinwi01,P,,,,,,
klepfed01,P,,,,,,
kleskry01,OF,,,,,,
kleveja01,C,,,,,,
kliemed01,P,,,,,,
klimclo01,3B,,,,,,
klimkro01,P,,,,,,
klinebo01,P,,,,,,
klinebo02,SS,,,,,,
klinebr01,P,,,,,,
klinero01,P,,,,,,
klinest01,P,,,,,,
klinest02,P,,,,,,
klingbi01,P,,,,,,
klingbo01,P,,,,,,
klingjo01,C,,,,,,
klingjo02,1B,,,,,,
klingru01,SS,,,,,,
klingsc01,P,,,,,,
klinkjo01,P,,,,,,
klippjo01,P,,,,,,
klobefr01,P,,,,,,
kloboga01,P,,,,,,
kloffad01,P,,,,,,
kloppst01,P,,,,,,
klozana01,OF,,,,,,
klubeco01,P,,,,,,
klugmjo01,2B,,,,,,
klumpel01,C,,,,,,
klusmbi01,2B,,,,,,
kluszte01,1B,,,,,,
kluttcl01,C,,,,,,
kluttmi01,3B,,,,,,
kmakjo01,C,,,,,,
knabeot01,2B,,,,,,
knackbr01,P,,,,,,
knackla01,P,,,,,,
knappan01,C,,,,,,
knappch01,P,,,,,,
knaupco01,SS,,,,,,
knausfr01,P,,,,,,
knebeco01,P,,,,,,
knehrre01,P,,,,,,
kneisru01,P,,,,,,
knellph01,P,,,,,,
kneppbo01,P,,,,,,
kneppch01,P,,,,,,
knerrlo01,P,,,,,,
knetzel01,P,,,,,,
kniceal01,C,,,,,,
knickau01,OF,,,,,,
knickbi01,SS,,,,,,
knighbr01,P,,,,,,
knighda01,P,,,,,,
knighdu01,P,,,,,,
knighge01,P,,,,,,
knighja01,P,,,,,,
knighjo01,OF,,,,,,
knighjo02,SS,,,,,,
knighlo01,OF,,,,,,
knighra01,3B,,,,,,
knisepe01,OF,,,,,,
kniznan01,C,,,,,,
knoblch01,2B,,,,,,
knodemi01,OF,,,,,,
knodera01,1B,,,,,,
knoedju01,C,,,,,,
knollhu01,P,,,,,,
knollpu01,OF,,,,,,
knoopbo01,2B,,,,,,
knorrra01,C,,,,,,
knothfr01,3B,,,,,,
knothge01,2B,,,,,,
knotter01,P,,,,,,
knottga01,P,,,,,,
knottja01,P,,,,,,
knottjo01,C,,,,,,
knottjo02,OF,,,,,,
knoufed01,P,,,,,,
knowdja01,C,,,,,,
knowlbi01,P,,,,,,
knowlda01,P,,,,,,
knowlji01,3B,,,,,,
knowlto01,P,,,,,,
knoxan01,1B,,,,,,
knoxcl01,C,,,,,,
knoxjo01,2B,,,,,,
knudsgu01,P,,,,,,
knudsku01,P,,,,,,
knudsma01,P,,,,,,
kobacni01,C,,,,,,
kobayma01,P,,,,,,
kobelke01,P,,,,,,
koberje01,OF,,,,,,
kochaja01,P,,,,,,
kochal01,P,,,,,,
kochba01,2B,,,,,,
kochbi01,P,,,,,,
kochebr01,C,,,,,,
kochgr01,C,,,,,,
kochma01,P,,,,,,
koechdi01,P,,,,,,
koegepe01,C,,,,,,
koehlbe01,OF,,,,,,
koehlpi01,OF,,,,,,
koehlto01,P,,,,,,
koellbr01,2B,,,,,,
koenele01,OF,,,,,,
koenija01,P,,,,,,
koenima01,SS,,,,,,
koeniwi01,P,,,,,,
koernbr01,P,,,,,,
koestel01,P,,,,,,
kohlehe01,3B,,,,,,
kohlmjo01,P,,,,,,
kohlmry01,P,,,,,,
kohlwta01,OF,,,,,,
kohnmi01,P,,,,,,
kokosdi01,OF,,,,,,
kolarad01,P,,,,,,
kolbbr01,P,,,,,,
kolbda01,P,,,,,,
kolbed01,P,,,,,,
kolbga01,OF,,,,,,
kolekst01,P,,,,,,
kollodo01,2B,,,,,,
kolozma01,C,,,,,,
kolpra01,P,,,,,,
kolseka01,1B,,,,,,
kolstha01,P,,,,,,
komater01,OF,,,,,,
kominsh01,P,,,,,,
komiysa01,P,,,,,,
kommefr01,OF,,,,,,
kommibr01,OF,,,,,,
konerpa01,1B,,,,,,
koneted01,1B,,,,,,
koniedo01,P,,,,,,
konikal01,P,,,,,,
konnimi01,C,,,,,,
konopbr01,1B,,,,,,
konstji01,P,,,,,,
kontoge01,P,,,,,,
konusde01,P,,,,,,
koober01,P,,,,,,
kooda01,P,,,,,,
kooncca01,P,,,,,,
kooncgr01,1B,,,,,,
koonsha01,3B,,,,,,
koosmje01,P,,,,,,
kopacge01,1B,,,,,,
kopecmi01,P,,,,,,
kopfla01,SS,,,,,,
kopfwa01,3B,,,,,,
kopliho01,P,,,,,,
koplomi01,P,,,,,,
koppejo01,SS,,,,,,
koppme01,OF,,,,,,
kopshge01,C,,,,,,
korchst01,C,,,,,,
korecbo01,P,,,,,,
koresar01,3B,,,,,,
koringe01,P,,,,,,
koronjo01,P,,,,,,
korwaji01,P,,,,,,
koscoan01,OF,,,,,,
koshajo01,1B,,,,,,
koshocl01,SS,,,,,,
koskibi01,P,,,,,,
koskico01,3B,,,,,,
kosloda01,P,,,,,,
kosloke01,OF,,,,,,
kossch01,2B,,,,,,
kostajo01,P,,,,,,
kostefr01,OF,,,,,,
kostrfr01,3B,,,,,,
kotchca01,1B,,,,,,
kotsama01,OF,,,,,,
kottage01,C,,,,,,
koufasa01,P,,,,,,
koukajo01,P,,,,,,
koupalo01,P,,,,,,
kouzmke01,3B,,,,,,
kowalfa01,P,,,,,,
kowarja01,P,,,,,,
kowitbr01,OF,,,,,,
koyer01,OF,,,,,,
kozaral01,2B,,,,,,
kozlobe01,P,,,,,,
kozmape01,SS,,,,,,
krachjo01,C,,,,,,
kraemjo01,P,,,,,,
kraftcl01,1B,,,,,,
krakajo01,P,,,,,,
kralija01,P,,,,,,
kralyst01,P,,,,,,
krameja01,P,,,,,,
krameke01,OF,,,,,,
kramera01,P,,,,,,
krameto01,P,,,,,,
kraneed01,1B,,,,,,
kranima01,P,,,,,,
kransfl01,P,,,,,,
krappge01,P,,,,,,
kratzer01,C,,,,,,
krausch01,2B,,,,,,
krausha01,P,,,,,,
krausja01,P,,,,,,
krausle01,P,,,,,,
krausle02,P,,,,,,
krausma01,1B,,,,,,
kraveev01,P,,,,,,
kraveke01,P,,,,,,
kravida01,C,,,,,,
krawcra01,P,,,,,,
kreegfr01,OF,,,,,,
kreevmi01,OF,,,,,,
krehbjo01,P,,,,,,
krehmch01,OF,,,,,,
kreidry01,SS,,,,,,
kreitmi01,C,,,,,,
kreitra01,C,,,,,,
kremede01,P,,,,,,
kremeji01,C,,,,,,
kremera01,P,,,,,,
kremmji01,P,,,,,,
krencwa01,3B,,,,,,
kressch01,1B,,,,,,
kressre01,SS,,,,,,
kretllo01,P,,,,,,
kreugri01,P,,,,,,
kreutch01,C,,,,,,
kreutfr01,P,,,,,,
krichpa01,C,,,,,,
kriegbi01,C,,,,,,
kriegku01,P,,,,,,
kriskbr01,P,,,,,,
kristho01,P,,,,,,
kristza01,P,,,,,,
krivdri01,P,,,,,,
krizaja01,OF,,,,,,
krockgu01,P,,,,,,
kroegjo01,OF,,,,,,
kroenza01,P,,,,,,
krohru01,P,,,,,,
krolia01,P,,,,,,
krollga01,P,,,,,,
kronejo01,2B,,,,,,
krookma01,P,,,,,,
kroonma01,P,,,,,,
krsnimi01,OF,,,,,,
krsniro01,3B,,,,,,
kruegbi01,P,,,,,,
krueger01,C,,,,,,
kruegot01,3B,,,,,,
krugch01,C,,,,,,
krugeab01,P,,,,,,
krugear01,OF,,,,,,
krugeja01,C,,,,,,
krughe01,OF,,,,,,
krugma01,3B,,,,,,
krukjo01,1B,,,,,,
krukomi01,P,,,,,,
krummal01,P,,,,,,
kryhodi01,1B,,,,,,
krynzda01,OF,,,,,,
kubekto01,SS,,,,,,
kubelja01,OF,,,,,,
kubenje01,P,,,,,,
kubiate01,2B,,,,,,
kubinti01,P,,,,,,
kubisja01,SS,,,,,,
kubitky01,3B,,,,,,
kubskgi01,OF,,,,,,
kucabjo01,P,,,,,,
kucekja01,P,,,,,,
kucksjo01,P,,,,,,
kuczybe01,P,,,,,,
kuehnbi01,3B,,,,,,
kuennha01,OF,,,,,,
kuhaufr01,P,,,,,,
kuheljo01,1B,,,,,,
kuhlch01,P,,,,,,
kuhnbu01,P,,,,,,
kuhnejo01,P,,,,,,
kuhnke01,SS,,,,,,
kuhnsch01,3B,,,,,,
kuhnwa01,C,,,,,,
kuipedu01,2B,,,,,,
kulljo01,P,,,,,,
kumemi01,P,,,,,,
kunkebi01,P,,,,,,
kunkeje01,SS,,,,,,
kuntzru01,OF,,,,,,
kunzea01,P,,,,,,
kunzed01,P,,,,,,
kuoho01,P,,,,,,
kurodhi01,P,,,,,,
kurosry01,P,,,,,,
kurowwh01,3B,,,,,,
kurtzha01,P,,,,,,
kurtzni01,1B,,,,,,
kuseled01,P,,,,,,
kushem01,P,,,,,,
kusiccr01,1B,,,,,,
kusnyar01,C,,,,,,
kustuju01,OF,,,,,,
kutchra01,OF,,,,,,
kutinjo01,1B,,,,,,
kutynma01,P,,,,,,
kutzlje01,P,,,,,,
kuwatma01,P,,,,,,
kuzavbo01,P,,,,,,
kvasnal01,OF,,,,,,
kwanst01,OF,,,,,,
kylean01,OF,,,,,,
kylean02,OF,,,,,,
laabsch01,OF,,,,,,
labanjo01,SS,,,,,,
labeawi01,2B,,,,,,
labincl01,P,,,,,,
labouja01,P,,,,,,
laboyco01,3B,,,,,,
laceybo01,P,,,,,,
lachaca01,1B,,,,,,
lachema01,P,,,,,,
lachere01,C,,,,,,
lachoal01,P,,,,,,
lacke01,P,,,,,,
lackejo01,P,,,,,,
lackeob01,SS,,,,,,
lacocpe01,1B,,,,,,
lacorfr01,P,,,,,,
lacosmi01,P,,,,,,
lacygu01,2B,,,,,,
lacyke01,P,,,,,,
lacyle01,OF,,,,,,
lacyra01,PH,,,,,,
lacyro01,P,,,,,,
laddhi01,OF,,,,,,
laddpe01,P,,,,,,
ladedo01,P,,,,,,
ladenty01,2B,,,,,,
ladewst01,OF,,,,,,
ladwiaj01,P,,,,,,
lafatjo01,1B,,,,,,
laffeaa01,P,,,,,,
laffefl01,OF,,,,,,
lafited01,P,,,,,,
laforpe01,C,,,,,,
laforty01,3B,,,,,,
lafraro01,C,,,,,,
lafrobo01,P,,,,,,
lagami01,1B,,,,,,
lagarju01,OF,,,,,,
laggeed01,P,,,,,,
lagrole01,P,,,,,,
lahaibr01,1B,,,,,,
lahoujo01,OF,,,,,,
lahtije01,P,,,,,,
lailbr01,P,,,,,,
lairdbr01,3B,,,,,,
lairdge01,C,,,,,,
lajesdi01,2B,,,,,,
lajoina01,2B,,,,,,
lakeed01,SS,,,,,,
lakefr01,C,,,,,,
lakejo01,P,,,,,,
lakeju01,OF,,,,,,
lakemal01,C,,,,,,
lakerti01,C,,,,,,
lakest01,C,,,,,,
lakintr01,P,,,,,,
lallibl01,1B,,,,,,
lallyda01,OF,,,,,,
lamabja01,P,,,,,,
lamacal01,P,,,,,,
lamanfr01,P,,,,,,
lamanfr02,P,,,,,,
lamanra01,C,,,,,,
lamarbi01,OF,,,,,,
lamarcl01,SS,,,,,,
lamarho01,2B,,,,,,
lamarji01,P,,,,,,
lamarry01,OF,,,,,,
lamaswa01,P,,,,,,
lambda01,SS,,,,,,
lambech01,P,,,,,,
lambecl01,P,,,,,,
lambege01,P,,,,,,
lambeji01,P,,,,,,
lambene01,OF,,,,,,
lambeot01,P,,,,,,
lambepe01,P,,,,,,
lambja01,3B,,,,,,
lambjo01,P,,,,,,
lambjo02,P,,,,,,
lambly01,3B,,,,,,
lambmi01,3B,,,,,,
lamboan01,OF,,,,,,
lambra01,P,,,,,,
lamerpe01,C,,,,,,
lametdi01,P,,,,,,
lamlifr01,P,,,,,,
lamonge01,C,,,,,,
lamotbo01,SS,,,,,,
lampake01,OF,,,,,,
lampde01,P,,,,,,
lampehe01,P,,,,,,
lampkto01,C,,,,,,
lanahdi01,P,,,,,,
lancale01,P,,,,,,
lancega01,P,,,,,,
lanceri01,1B,,,,,,
landbi01,OF,,,,,,
landdo01,OF,,,,,,
landejo01,P,,,,,,
landeke01,1B,,,,,,
landera01,2B,,,,,,
landgr01,C,,,,,,
landibi01,P,,,,,,
landido01,P,,,,,,
landiji01,OF,,,,,,
landrbi01,P,,,,,,
landrce01,OF,,,,,,
landrdo01,OF,,,,,,
landrho01,C,,,,,,
landrje01,2B,,,,,,
landrjo01,P,,,,,,
landrke01,OF,,,,,,
landrla01,P,,,,,,
landrti01,OF,,,,,,
laneal01,P,,,,,,
lanebi01,3B,,,,,,
lanech01,1B,,,,,,
lanedi01,OF,,,,,,
lanehu01,3B,,,,,,
laneis01,3B,,,,,,
laneja01,OF,,,,,,
laneje01,P,,,,,,
lanele01,P,,,,,,
lanema01,OF,,,,,,
lanfosa01,P,,,,,,
lanfrwa01,P,,,,,,
langch01,P,,,,,,
langdo01,3B,,,,,,
langeal01,P,,,,,,
langebi01,OF,,,,,,
langedi01,P,,,,,,
langeer01,P,,,,,,
langefr01,P,,,,,,
langery01,OF,,,,,,
langesh01,C,,,,,,
langfri01,P,,,,,,
langfsa01,OF,,,,,,
langfwy01,OF,,,,,,
langma01,P,,,,,,
langr01,OF,,,,,,
langsbo01,SS,,,,,,
langsma01,P,,,,,,
langwma01,P,,,,,,
lanieha01,SS,,,,,,
laniema01,P,,,,,,
lankfad01,P,,,,,,
lankffr01,P,,,,,,
lankfra01,OF,,,,,,
lannajo01,P,,,,,,
lannijo01,P,,,,,,
lannire01,OF,,,,,,
lannito01,P,,,,,,
lansfca01,3B,,,,,,
lansfjo01,1B,,,,,,
lansige01,P,,,,,,
lansimi01,2B,,,,,,
lansiwi01,P,,,,,,
lantien01,C,,,,,,
lanuzpe01,C,,,,,,
laosa01,P,,,,,,
lapalpa01,P,,,,,,
lapanpe01,C,,,,,,
lapihan01,P,,,,,,
lapoida01,P,,,,,,
lapoira01,SS,,,,,,
laporfr01,2B,,,,,,
laporma01,1B,,,,,,
lappja01,C,,,,,,
laraan01,P,,,,,,
laraju01,P,,,,,,
larayo01,P,,,,,,
larisje01,1B,,,,,,
larkeno01,1B,,,,,,
larki01,3B,,,,,,
larkian01,P,,,,,,
larkiba01,SS,,,,,,
larkied01,C,,,,,,
larkige01,1B,,,,,,
larkihe01,1B,,,,,,
larkipa01,P,,,,,,
larkist01,P,,,,,,
larkist02,1B,,,,,,
larkite01,P,,,,,,
larmobo01,SS,,,,,,
larnatr01,OF,,,,,,
larocad01,1B,,,,,,
larocan01,3B,,,,,,
larocda01,P,,,,,,
larocgr01,3B,,,,,,
laroqsa01,2B,,,,,,
larosha01,OF,,,,,,
larosjo01,P,,,,,,
larosvi01,2B,,,,,,
larsedo01,P,,,,,,
larseja01,OF,,,,,,
larsesw01,2B,,,,,,
larsobr01,3B,,,,,,
larsoda01,P,,,,,,
larueja01,C,,,,,,
larusto01,2B,,,,,,
laryal01,P,,,,,,
laryfr01,P,,,,,,
laryly01,SS,,,,,,
lashefr01,P,,,,,,
laskebi01,P,,,,,,
laslebi01,P,,,,,,
lasorjo01,P,,,,,,
lasorto01,P,,,,,,
lassedo01,OF,,,,,,
lasteto01,2B,,,,,,
lathaar01,3B,,,,,,
lathabi01,P,,,,,,
lathach01,OF,,,,,,
lathaju01,1B,,,,,,
lathech01,3B,,,,,,
lathrbi01,P,,,,,,
latim01,P,,,,,,
latimta01,C,,,,,,
latmaba01,P,,,,,,
latosma01,P,,,,,,
lattibi01,P,,,,,,
lattidu01,C,,,,,,
lattijo01,1B,,,,,,
latzja01,P,,,,,,
lauch01,C,,,,,,
laudebi01,3B,,,,,,
laudnti01,C,,,,,,
lauerch01,OF,,,,,,
lauerer01,P,,,,,,
laughbe01,2B,,,,,,
lauremi01,2B,,,,,,
laurera01,OF,,,,,,
lautebi01,2B,,,,,,
lauzege01,P,,,,,,
lavagco01,3B,,,,,,
lavalmi01,C,,,,,,
lavando01,SS,,,,,,
lavarry01,C,,,,,,
lavasbr01,C,,,,,,
lavelga01,P,,,,,,
lavenji01,P,,,,,,
lavigar01,C,,,,,,
lavinjo01,OF,,,,,,
lawde01,P,,,,,,
lawerco01,P,,,,,,
lawinga01,OF,,,,,,
lawlajo01,SS,,,,,,
lawleto01,2B,,,,,,
lawlomi01,C,,,,,,
lawrebi01,OF,,,,,,
lawrebo01,P,,,,,,
lawrebr01,P,,,,,,
lawrebr02,P,,,,,,
lawreca01,P,,,,,,
lawreji01,C,,,,,,
lawrejo01,2B,,,,,,
lawreju01,P,,,,,,
lawrese01,P,,,,,,
lawribr01,3B,,,,,,
lawro01,P,,,,,,
lawru01,OF,,,,,,
lawryot01,2B,,,,,,
lawsoal01,P,,,,,,
lawsobo01,P,,,,,,
lawsojo01,P,,,,,,
lawsoph01,P,,,,,,
lawsoro01,P,,,,,,
lawsost01,P,,,,,,
lawtoma01,OF,,,,,,
lawtoma02,OF,,,,,,
lawva01,3B,,,,,,
lawve01,P,,,,,,
lawyefl01,OF,,,,,,
laxtobi01,P,,,,,,
laxtobr01,P,,,,,,
layanti01,P,,,,,,
laydege01,OF,,,,,,
laydope01,OF,,,,,,
laynehe01,OF,,,,,,
laynehi01,3B,,,,,,
layneto01,P,,,,,,
laytole01,OF,,,,,,
laytoob01,P,,,,,,
lazagag01,1B,,,,,,
lazarda01,P,,,,,,
lazarma01,P,,,,,,
lazora01,P,,,,,,
lazorja01,P,,,,,,
lazorjo01,OF,,,,,,
lazzeto01,2B,,,,,,
leach01,P,,,,,,
leachbr01,P,,,,,,
leachfr01,OF,,,,,,
leachja01,OF,,,,,,
leachre01,C,,,,,,
leachri01,OF,,,,,,
leachte01,P,,,,,,
leachto01,OF,,,,,,
leagubr01,P,,,,,,
leahyda01,SS,,,,,,
leahyky01,P,,,,,,
leahyto01,C,,,,,,
leakemi01,P,,,,,,
leallu01,P,,,,,,
leardbi01,2B,,,,,,
learfr01,3B,,,,,,
learki01,P,,,,,,
learyfr01,P,,,,,,
learyja01,OF,,,,,,
learyjo01,1B,,,,,,
learyti01,P,,,,,,
leasujo01,P,,,,,,
leathha01,SS,,,,,,
leathja01,P,,,,,,
leberem01,3B,,,,,,
leblach01,2B,,,,,,
leblajo01,P,,,,,,
leblawa01,P,,,,,,
leboube01,OF,,,,,,
leclage01,P,,,,,,
leclejo01,P,,,,,,
lecroma01,C,,,,,,
lecursa01,P,,,,,,
ledbera01,P,,,,,,
ledeeri01,OF,,,,,,
ledesaa01,SS,,,,,,
ledezwi01,P,,,,,,
ledwimi01,C,,,,,,
lee01,PH,,,,,,
lee02,2B,,,,,,
lee03,PH,,,,,,
leebi01,OF,,,,,,
leebi02,P,,,,,,
leebi03,P,,,,,,
leebo01,P,,,,,,
leebr01,OF,,,,,,
leebr02,SS,,,,,,
leeca01,OF,,,,,,
leech01,P,,,,,,
leech02,P,,,,,,
leecl01,OF,,,,,,
leecl02,P,,,,,,
leeco01,P,,,,,,
leeda01,P,,,,,,
leeda02,1B,,,,,,
leede01,OF,,,,,,
leede02,1B,,,,,,
leedo01,P,,,,,,
leedu01,SS,,,,,,
leedy01,P,,,,,,
leeev01,P,,,,,,
leeha01,OF,,,,,,
leeju01,OF,,,,,,
leekge01,3B,,,,,,
leekh01,OF,,,,,,
leeko01,C,,,,,,
leele01,OF,,,,,,
leele02,OF,,,,,,
leelo01,P,,,,,,
leema01,P,,,,,,
leema02,SS,,,,,,
leema03,P,,,,,,
leemi01,P,,,,,,
leepeda01,OF,,,,,,
leero01,P,,,,,,
leesa01,P,,,,,,
leesc01,P,,,,,,
leesge01,C,,,,,,
leesmch01,P,,,,,,
leete01,1B,,,,,,
leeth01,P,,,,,,
leeto01,P,,,,,,
leetr01,1B,,,,,,
leevesa01,P,,,,,,
leewa01,OF,,,,,,
leeza01,P,,,,,,
lefebbi01,P,,,,,,
lefebji01,2B,,,,,,
lefebjo01,OF,,,,,,
lefeval01,SS,,,,,,
leffecr01,P,,,,,,
leflewa01,OF,,,,,,
lefloro01,OF,,,,,,
leftwph01,P,,,,,,
legetlo01,C,,,,,,
legggr01,2B,,,,,,
legumca01,P,,,,,,
lehanja01,SS,,,,,,
lehanmi01,1B,,,,,,
lehenre01,P,,,,,,
lehewji01,P,,,,,,
lehmake01,P,,,,,,
lehnepa01,OF,,,,,,
lehrcl01,OF,,,,,,
lehrju01,P,,,,,,
lehrno01,P,,,,,,
leibeha01,OF,,,,,,
leibone01,OF,,,,,,
leibrbr01,P,,,,,,
leibrch01,P,,,,,,
leicejo01,P,,,,,,
leifeel01,3B,,,,,,
leifile01,P,,,,,,
leighjo01,OF,,,,,,
leinhbi01,OF,,,,,,
leiped01,2B,,,,,,
leipeda01,P,,,,,,
leipeja01,P,,,,,,
leistjo01,P,,,,,,
leiteal01,P,,,,,,
leiteja01,P,,,,,,
leitema01,P,,,,,,
leitema02,P,,,,,,
leithbi01,P,,,,,,
leitndo01,P,,,,,,
leitndu01,P,,,,,,
leiussc01,3B,,,,,,
lejafr01,1B,,,,,,
lejeula01,OF,,,,,,
lejohdo01,3B,,,,,,
lelivbi01,P,,,,,,
lelivja01,OF,,,,,,
lemahdj01,2B,,,,,,
lemanda01,P,,,,,,
lemasde01,P,,,,,,
lemasjo01,SS,,,,,,
lemaydi01,P,,,,,,
lembost01,C,,,,,,
lemkema01,2B,,,,,,
lemoija01,P,,,,,,
lemonbo01,P,,,,,,
lemonch01,OF,,,,,,
lemonda01,P,,,,,,
lemonji01,OF,,,,,,
lemonma01,P,,,,,,
lenhado01,OF,,,,,,
lennobi01,C,,,,,,
lennobo01,OF,,,,,,
lennoed01,3B,,,,,,
lennoed02,P,,,,,,
lennopa01,OF,,,,,,
lentiji01,OF,,,,,,
leon01,OF,,,,,,
leona01,OF,,,,,,
leona02,OF,,,,,,
leonaan01,OF,,,,,,
leonabo01,OF,,,,,,
leonabu99,1B,,,,,,
leonade01,P,,,,,,
leonadu01,P,,,,,,
leonadu02,P,,,,,,
leonael01,P,,,,,,
leonaje01,OF,,,,,,
leonajo01,3B,,,,,,
leonama01,OF,,,,,,
leonar01,P,,,,,,
leonar02,P,,,,,,
leonda01,P,,,,,,
leoned01,SS,,,,,,
leonedo01,P,,,,,,
leoneju01,3B,,,,,,
leonhda01,P,,,,,,
leoniz01,P,,,,,,
leonjo01,1B,,,,,,
leonju01,OF,,,,,,
leonma01,P,,,,,,
leonpe01,OF,,,,,,
leonsa01,C,,,,,,
leoporu01,P,,,,,,
leovijo01,C,,,,,,
lepcite01,2B,,,,,,
lepinpe01,OF,,,,,,
leppedo01,2B,,,,,,
leppedo02,C,,,,,,
lerchdu01,SS,,,,,,
lerchge01,OF,,,,,,
lerchra01,P,,,,,,
lerewan01,P,,,,,,
leriawa01,C,,,,,,
lerouch01,P,,,,,,
leroyjo01,P,,,,,,
leroylo01,P,,,,,,
lerscba01,P,,,,,,
lerudst01,C,,,,,,
leshebr01,OF,,,,,,
leshndo01,P,,,,,,
leskacu01,P,,,,,,
leslebr01,P,,,,,,
lesliro01,1B,,,,,,
leslisa01,1B,,,,,,
leste01,P,,,,,,
lestejo01,P,,,,,,
lestejo02,1B,,,,,,
letchch01,2B,,,,,,
letchto01,OF,,,,,,
leutz01,C,,,,,,
levanje01,3B,,,,,,
leverdi01,P,,,,,,
leverho01,P,,,,,,
leverwa01,P,,,,,,
leveyji01,SS,,,,,,
levinal01,P,,,,,,
levisch01,1B,,,,,,
levisje01,C,,,,,,
levisos01,P,,,,,,
levraal01,P,,,,,,
levsedu01,P,,,,,,
levyed01,OF,,,,,,
lewalde01,P,,,,,,
lewanda01,P,,,,,,
lewicar01,P,,,,,,
lewis01,OF,,,,,,
lewisad01,1B,,,,,,
lewisal01,OF,,,,,,
lewisbe01,P,,,,,,
lewisbi01,C,,,,,,
lewisbu01,3B,,,,,,
lewisch01,SS,,,,,,
lewiscl01,SS,,,,,,
lewisco01,P,,,,,,
lewisda01,OF,,,,,,
lewisdu01,OF,,,,,,
lewisea01,P,,,,,,
lewisfr01,OF,,,,,,
lewisfr02,OF,,,,,,
lewisfr03,OF,,,,,,
lewisga01,P,,,,,,
lewisgr01,3B,,,,,,
lewisja01,2B,,,,,,
lewisje01,P,,,,,,
lewisje02,3B,,,,,,
lewisji01,P,,,,,,
lewisji02,P,,,,,,
lewisji03,P,,,,,,
lewisjo01,OF,,,,,,
lewisjo02,C,,,,,,
lewisjo03,P,,,,,,
lewisky01,OF,,,,,,
lewisma01,2B,,,,,,
lewismi01,2B,,,,,,
lewisph01,SS,,,,,,
lewisri01,P,,,,,,
lewisro01,P,,,,,,
lewisro02,3B,,,,,,
lewisru01,P,,,,,,
lewissc01,P,,,,,,
lewissc02,P,,,,,,
lewiste01,P,,,,,,
leybado01,2B,,,,,,
leyerro01,P,,,,,,
leyriji01,C,,,,,,
leyte01,P,,,,,,
lezcaca01,OF,,,,,,
lezcasi01,OF,,,,,,
libbyst01,1B,,,,,,
liberad01,P,,,,,,
liberlu01,OF,,,,,,
liberma01,P,,,,,,
libkeal01,OF,,,,,,
librafr01,SS,,,,,,
lickejo01,C,,,,,,
liddeda01,C,,,,,,
liddial01,3B,,,,,,
liddldo01,P,,,,,,
lidgebr01,P,,,,,,
lidleco01,P,,,,,,
liebedu01,P,,,,,,
liebejo01,P,,,,,,
liebemi01,C,,,,,,
liebhgl01,P,,,,,,
liebhgl02,P,,,,,,
liefeje01,OF,,,,,,
lightch01,P,,,,,,
lightpa01,P,,,,,,
ligonru01,P,,,,,,
ligteke01,P,,,,,,
lileda01,OF,,,,,,
lillabi01,SS,,,,,,
lillage01,P,,,,,,
lillajo01,OF,,,,,,
lillibo01,SS,,,,,,
lillibr01,OF,,,,,,
lillide01,P,,,,,,
lilliji01,OF,,,,,,
lillyte01,P,,,,,,
limajo01,P,,,,,,
limch01,P,,,,,,
limmelo01,1B,,,,,,
linarro01,OF,,,,,,
linarru01,OF,,,,,,
linceti01,P,,,,,,
linch01,OF,,,,,,
lincobr01,P,,,,,,
lincoez01,P,,,,,,
lincomi01,P,,,,,,
lindad01,1B,,,,,,
lindavi01,P,,,,,,
lindbjo01,P,,,,,,
lindbpa01,P,,,,,,
lindca01,2B,,,,,,
lindebo01,OF,,,,,,
lindeer01,P,,,,,,
lindeji01,OF,,,,,,
lindejo01,OF,,,,,,
lindely01,P,,,,,,
lindeto01,OF,,,,,,
lindewa01,C,,,,,,
lindewi01,P,,,,,,
lindgja01,P,,,,,,
lindgje01,P,,,,,,
lindja01,SS,,,,,,
lindjo01,2B,,,,,,
lindofr01,SS,,,,,,
lindqca01,P,,,,,,
lindsax01,P,,,,,,
lindsbi01,3B,,,,,,
lindsbi02,C,,,,,,
lindsbi03,OF,,,,,,
lindsch01,1B,,,,,,
lindsch02,C,,,,,,
lindscl01,SS,,,,,,
lindsdo01,C,,,,,,
lindsfr01,3B,,,,,,
lindsfr02,SS,,,,,,
lindsji01,P,,,,,,
lindsjo01,1B,,,,,,
lindsle01,1B,,,,,,
lindsm01,OF,,,,,,
lindsma01,P,,,,,,
lindsre01,SS,,,,,,
lindsro01,OF,,,,,,
lindsro02,OF,,,,,,
lindssh01,P,,,,,,
linebsc01,P,,,,,,
linesdi01,P,,,,,,
liniaco01,3B,,,,,,
linkeed01,P,,,,,,
linkfr01,P,,,,,,
linkjo01,P,,,,,,
lintobo01,C,,,,,,
lintodo01,P,,,,,,
lintro01,P,,,,,,
lintz01,SS,,,,,,
lintzla01,2B,,,,,,
linzph01,SS,,,,,,
linzyfr01,P,,,,,,
lipcian01,3B,,,,,,
lipetan01,P,,,,,,
liponjo01,SS,,,,,,
lippto01,P,,,,,,
lipscni01,2B,,,,,,
lipsctr01,3B,,,,,,
lipsehe01,PH,,,,,,
lipskbo01,C,,,,,,
lirafe01,P,,,,,,
liriafr01,P,,,,,,
liriane01,2B,,,,,,
liriape01,P,,,,,,
liriary01,OF,,,,,,
lisbyma01,P,,,,,,
lisenho01,P,,,,,,
lisiri01,OF,,,,,,
lisjo01,1B,,,,,,
liskaad01,P,,,,,,
listano01,OF,,,,,,
listapa01,SS,,,,,,
listepe01,1B,,,,,,
litscje01,P,,,,,,
littema01,P,,,,,,
litteza01,P,,,,,,
littlbe01,OF,,,,,,
littlbr01,2B,,,,,,
littlbr02,P,,,,,,
littlca01,P,,,,,,
littlde01,C,,,,,,
littldi01,P,,,,,,
littlea01,PH,,,,,,
littlha01,OF,,,,,,
littlja01,OF,,,,,,
littlja02,P,,,,,,
littlje01,P,,,,,,
littljo01,P,,,,,,
littlla01,OF,,,,,,
littllu01,P,,,,,,
littlma01,OF,,,,,,
littlsc01,OF,,,,,,
littlwe01,P,,,,,,
littogr01,2B,,,,,,
littrja01,SS,,,,,,
litwhda01,OF,,,,,,
livelbe01,P,,,,,,
livelbu01,P,,,,,,
livelja01,P,,,,,,
livenwe01,P,,,,,,
livinbo01,P,,,,,,
livinja01,P,,,,,,
livinld01,OF,,,,,,
livinmi01,C,,,,,,
livinpa01,C,,,,,,
livinsc01,3B,,,,,,
lizotab01,1B,,,,,,
lizra01,P,,,,,,
llenawi01,2B,,,,,,
llewecl01,P,,,,,,
llovema01,P,,,,,,
lloydgr01,P,,,,,,
lloydky01,P,,,,,,
lloydpo99,SS,,,,,,
loaisjo01,P,,,,,,
loaizes01,P,,,,,,
loanebo01,OF,,,,,,
loanmi01,C,,,,,,
lobatjo01,C,,,,,,
loberfr01,3B,,,,,,
loberha01,3B,,,,,,
lobstky01,P,,,,,,
locasti01,OF,,,,,,
loch02,P,,,,,,
lochhha01,SS,,,,,,
lockdo01,OF,,,,,,
lockean01,P,,,,,,
lockebo01,P,,,,,,
lockebo02,P,,,,,,
lockech01,P,,,,,,
lockecl01,P,,,,,,
lockeed01,P,,,,,,
lockeje01,P,,,,,,
lockejo01,SS,,,,,,
lockele01,OF,,,,,,
lockema01,OF,,,,,,
lockero01,P,,,,,,
lockh01,1B,,,,,,
lockhaj01,3B,,,,,,
lockhhu01,P,,,,,,
lockhke01,2B,,,,,,
locklge01,OF,,,,,,
locklst01,OF,,,,,,
locklty01,1B,,,,,,
lockmja01,SS,,,,,,
lockmwh01,1B,,,,,,
lockrbr01,OF,,,,,,
lockwmi01,OF,,,,,,
lockwsk01,P,,,,,,
lodigda01,3B,,,,,,
lodolni01,P,,,,,,
loducpa01,C,,,,,,
loeka01,P,,,,,,
loeppge01,OF,,,,,,
loesbi01,P,,,,,,
loewead01,P,,,,,,
loeweca01,P,,,,,,
loftini01,2B,,,,,,
loftoja01,SS,,,,,,
loftoke01,OF,,,,,,
loftudi01,OF,,,,,,
loftufr01,P,,,,,,
loftuto01,OF,,,,,,
loganbo01,P,,,,,,
loganbo02,P,,,,,,
loganco01,SS,,,,,,
loganjo01,SS,,,,,,
loganni01,P,,,,,,
loganno01,OF,,,,,,
loggi01,C,,,,,,
logueza01,P,,,,,,
lohmape01,C,,,,,,
lohrho01,OF,,,,,,
lohrkja01,3B,,,,,,
lohrmbi01,P,,,,,,
lohseky01,P,,,,,,
loisal01,OF,,,,,,
loiseri01,P,,,,,,
lolicmi01,P,,,,,,
lolicro01,OF,,,,,,
lollash01,C,,,,,,
lollati01,P,,,,,,
lolliry01,OF,,,,,,
lomando01,OF,,,,,,
lomasst01,C,,,,,,
lombaer01,C,,,,,,
lombage01,OF,,,,,,
lombalo01,P,,,,,,
lombaph01,C,,,,,,
lombast01,2B,,,,,,
lombast02,2B,,,,,,
lombavi01,P,,,,,,
lomonke01,P,,,,,,
lonboji01,P,,,,,,
londoju01,P,,,,,,
lonerwa01,2B,,,,,,
loneyja01,1B,,,,,,
long01,OF,,,,,,
longbi01,P,,,,,,
longbo01,P,,,,,,
longda01,OF,,,,,,
longda02,1B,,,,,,
longea01,P,,,,,,
longebe01,2B,,,,,,
longem01,3B,,,,,,
longfr01,OF,,,,,,
longhe01,SS,,,,,,
longje01,OF,,,,,,
longji01,OF,,,,,,
longji02,C,,,,,,
longjo01,P,,,,,,
longle01,P,,,,,,
longlre01,OF,,,,,,
longmto01,OF,,,,,,
longoev01,3B,,,,,,
longre01,P,,,,,,
longry01,OF,,,,,,
longsa01,P,,,,,,
longsh01,2B,,,,,,
longte01,OF,,,,,,
longto01,OF,,,,,,
longto02,P,,,,,,
longto03,2B,,,,,,
longwal01,3B,,,,,,
lonnejo01,C,,,,,,
lookbr01,C,,,,,,
lookde01,OF,,,,,,
loonebr01,P,,,,,,
loonech01,2B,,,,,,
loopeaa01,P,,,,,,
loopebr01,P,,,,,,
loospe01,P,,,,,,
lopatar01,P,,,,,,
lopated01,P,,,,,,
lopatst01,C,,,,,,
loperjo01,OF,,,,,,
lopesch01,2B,,,,,,
lopesda01,2B,,,,,,
lopesti01,OF,,,,,,
lopezal01,C,,,,,,
lopezal02,P,,,,,,
lopezal03,2B,,,,,,
lopezaq01,P,,,,,,
lopezar01,OF,,,,,,
lopezar02,P,,,,,,
lopezar03,P,,,,,,
lopezau01,P,,,,,,
lopezca01,OF,,,,,,
lopezca02,OF,,,,,,
lopezfe01,SS,,,,,,
lopezhe01,OF,,,,,,
lopezir01,3B,,,,,,
lopezja01,C,,,,,,
lopezja02,P,,,,,,
lopezja03,2B,,,,,,
lopezja04,P,,,,,,
lopezjo01,2B,,,,,,
lopezjo02,P,,,,,,
lopezjo03,P,,,,,,
lopezjo04,OF,,,,,,
lopezlu01,C,,,,,,
lopezlu02,SS,,,,,,
lopezlu03,3B,,,,,,
lopezma01,P,,,,,,
lopezme01,SS,,,,,,
lopezmi01,2B,,,,,,
lopezni01,2B,,,,,,
lopezot01,2B,,,,,,
lopezpa01,P,,,,,,
lopezpe01,SS,,,,,,
lopezra01,P,,,,,,
lopezra02,C,,,,,,
lopezra03,P,,,,,,
lopezre01,P,,,,,,
lopezro01,P,,,,,,
lopezve01,P,,,,,,
lopezwi01,P,,,,,,
lopezyo01,P,,,,,,
lordbr01,OF,,,,,,
lordbr02,P,,,,,,
lordca01,3B,,,,,,
lordha01,3B,,,,,,
lorenje01,P,,,,,,
lorenle01,P,,,,,,
lorenmi01,P,,,,,,
loretma01,2B,,,,,,
lorraan01,P,,,,,,
lottho01,2B,,,,,,
lottra01,PR,,,,,,
lotzjo01,P,,,,,,
loucksc01,OF,,,,,,
loudear01,P,,,,,,
loudeba01,2B,,,,,,
loudech01,2B,,,,,,
loudelo01,C,,,,,,
lough01,OF,,,,,,
loughbi01,C,,,,,,
loughda01,OF,,,,,,
loughla01,P,,,,,,
loundo01,P,,,,,,
loupaa01,P,,,,,,
loutory01,P,,,,,,
louxsh01,P,,,,,,
lovean01,1B,,,,,,
loveji01,OF,,,,,,
lovelri01,P,,,,,,
lovelva01,P,,,,,,
lovenly01,P,,,,,,
lovesl01,P,,,,,,
lovetjo01,P,,,,,,
lovetle01,OF,,,,,,
lovetto01,P,,,,,,
lovigja01,2B,,,,,,
lovitjo01,OF,,,,,,
lovripe01,P,,,,,,
lovulto01,2B,,,,,,
lowdegr01,P,,,,,,
lowdelo01,P,,,,,,
lowderh01,P,,,,,,
lowebo01,2B,,,,,,
lowebr01,2B,,,,,,
lowech01,2B,,,,,,
lowede01,P,,,,,,
lowedi01,C,,,,,,
lowege01,P,,,,,,
lowejo01,OF,,,,,,
loweki01,3B,,,,,,
lowel01,P,,,,,,
lowelmi01,3B,,,,,,
lowema01,P,,,,,,
lowena01,1B,,,,,,
lowenjo01,OF,,,,,,
lowerde01,P,,,,,,
lowerte01,OF,,,,,,
lowese01,P,,,,,,
lowfl01,3B,,,,,,
lowntu01,P,,,,,,
lowrepe01,OF,,,,,,
lowrije01,SS,,,,,,
lowrydw01,C,,,,,,
lowryjo01,OF,,,,,,
lowryno01,P,,,,,,
lowrysa01,P,,,,,,
lowthza01,P,,,,,,
loyndmi01,P,,,,,,
lozadwi01,3B,,,,,,
lubrast01,3B,,,,,,
lubyha01,3B,,,,,,
lubypa01,P,,,,,,
lucadjo01,2B,,,,,,
lucasbi01,P,,,,,,
lucasea01,P,,,,,,
lucased01,3B,,,,,,
lucasfr01,OF,,,,,,
lucasga01,P,,,,,,
lucasjo01,OF,,,,,,
lucasjo02,P,,,,,,
lucasra01,P,,,,,,
lucasre01,P,,,,,,
lucchjo01,P,,,,,,
lucefr01,OF,,,,,,
luceyjo01,P,,,,,,
luciael01,P,,,,,,
luciama01,SS,,,,,,
lucidco01,P,,,,,,
lucielo01,P,,,,,,
lucrojo01,C,,,,,,
lucydo01,C,,,,,,
luderfr01,1B,,,,,,
ludolwi01,P,,,,,,
ludwibi01,C,,,,,,
ludwier01,P,,,,,,
ludwiry01,OF,,,,,,
luebbla01,P,,,,,,
luebbro01,C,,,,,,
luebbst01,P,,,,,,
luebkco01,P,,,,,,
luebkdi01,P,,,,,,
lueckri01,P,,,,,,
luekejo01,P,,,,,,
luetglu01,P,,,,,,
luffhe01,3B,,,,,,
lugoda01,3B,,,,,,
lugoju01,SS,,,,,,
lugoma01,OF,,,,,,
lugoru01,P,,,,,,
lugose01,P,,,,,,
lugour01,P,,,,,,
luhrswi01,P,,,,,,
lukasma01,P,,,,,,
lukema01,OF,,,,,,
lukenal01,P,,,,,,
lukesna01,OF,,,,,,
lukoned01,OF,,,,,,
lumenra01,P,,,,,,
lumleha01,OF,,,,,,
lummi01,OF,,,,,,
lumpeje01,2B,,,,,,
lunahe01,2B,,,,,,
luname01,P,,,,,,
lunarfe01,C,,,,,,
lundbja01,P,,,,,,
lunddo01,OF,,,,,,
lundgca01,P,,,,,,
lundgde01,P,,,,,,
lundgo01,SS,,,,,,
lundqda01,P,,,,,,
lundsto01,C,,,,,,
lundydi01,SS,,,,,,
lunsftr01,C,,,,,,
lunteha01,SS,,,,,,
lupieto01,1B,,,,,,
luploal01,OF,,,,,,
luplojo01,OF,,,,,,
luquedo01,P,,,,,,
lusadsc01,OF,,,,,,
lushbi01,OF,,,,,,
lusher01,OF,,,,,,
lushjo01,P,,,,,,
luskech01,OF,,,,,,
lutenlu01,1B,,,,,,
luttrly01,SS,,,,,,
lutzdo01,OF,,,,,,
lutzjo01,1B,,,,,,
lutzkru01,3B,,,,,,
lutzre01,C,,,,,,
lutzza01,3B,,,,,,
luuloke01,SS,,,,,,
luxga01,2B,,,,,,
luzarje01,P,,,,,,
luzingr01,OF,,,,,,
lydenmi01,C,,,,,,
lydysc01,OF,,,,,,
lyleji01,P,,,,,,
lylesjo01,P,,,,,,
lylesjo02,SS,,,,,,
lylesp01,P,,,,,,
lynchad01,P,,,,,,
lynchda01,2B,,,,,,
lynchda02,P,,,,,,
lynched01,P,,,,,,
lynchhe01,OF,,,,,,
lynchja01,P,,,,,,
lynchja02,OF,,,,,,
lynchje01,OF,,,,,,
lynchmi01,OF,,,,,,
lynchmi02,P,,,,,,
lynchto01,OF,,,,,,
lynchto02,1B,,,,,,
lynchwa01,C,,,,,,
lynnbi01,P,,,,,,
lynnby01,C,,,,,,
lynnfr01,OF,,,,,,
lynnje01,2B,,,,,,
lynnla01,P,,,,,,
lynnre01,P,,,,,,
lyonbr01,P,,,,,,
lyonru01,C,,,,,,
lyons01,PH,,,,,,
lyonsal01,P,,,,,,
lyonsba01,C,,,,,,
lyonsbe01,1B,,,,,,
lyonsbi01,2B,,,,,,
lyonsch01,P,,,,,,
lyonscu01,P,,,,,,
lyonsde01,3B,,,,,,
lyonsed01,2B,,,,,,
lyonsge01,P,,,,,,
lyonsgr01,1B,,,,,,
lyonsha01,OF,,,,,,
lyonshe01,P,,,,,,
lyonsji01,OF,,,,,,
lyonspa01,2B,,,,,,
lyonsst01,OF,,,,,,
lyonste01,P,,,,,,
lyonste02,1B,,,,,,
lyonsto01,P,,,,,,
lyonsty01,P,,,,,,
lysanri01,P,,,,,,
lystobi01,P,,,,,,
lytlecl01,OF,,,,,,
lytleda01,2B,,,,,,
lyttlji01,OF,,,,,,
maasdu01,P,,,,,,
maaske01,1B,,,,,,
mabebo01,P,,,,,,
mabeuch01,P,,,,,,
mabryjo01,OF,,,,,,
macarma01,P,,,,,,
maccofr01,P,,,,,,
macdobi01,P,,,,,,
macdobo01,P,,,,,,
macdoha01,OF,,,,,,
macdomi01,P,,,,,,
maceji01,P,,,,,,
macey01,C,,,,,,
macfada01,P,,,,,,
macfami01,C,,,,,,
macgaed01,1B,,,,,,
machaal01,OF,,,,,,
machaan01,SS,,,,,,
machaan02,P,,,,,,
machadi01,2B,,,,,,
machaju01,P,,,,,,
machake01,3B,,,,,,
machama01,3B,,,,,,
machami01,3B,,,,,,
macharo01,C,,,,,,
machech01,P,,,,,,
macheda01,2B,,,,,,
machije01,P,,,,,,
machivi01,3B,,,,,,
maciadr01,OF,,,,,,
maciajo01,3B,,,,,,
maciejo01,P,,,,,,
macivwi01,C,,,,,,
mackape01,2B,,,,,,
mackbi01,P,,,,,,
mackco01,C,,,,,,
mackde01,1B,,,,,,
mackea01,1B,,,,,,
mackebi99,C,,,,,,
mackeer01,C,,,,,,
mackego01,C,,,,,,
mackeke01,P,,,,,,
mackfr01,P,,,,,,
mackge01,P,,,,,,
mackida01,1B,,,,,,
mackife01,OF,,,,,,
mackijo01,P,,,,,,
mackjo01,1B,,,,,,
mackoro01,OF,,,,,,
mackost01,2B,,,,,,
mackqu01,OF,,,,,,
mackra01,2B,,,,,,
mackre01,2B,,,,,,
macksh01,OF,,,,,,
mackto01,P,,,,,,
maclaev01,P,,,,,,
maclebi01,P,,,,,,
maclilo01,OF,,,,,,
maconma01,P,,,,,,
macphha01,P,,,,,,
macphwa01,3B,,,,,,
macrasc01,P,,,,,,
macrima01,3B,,,,,,
maculji01,SS,,,,,,
macwhke01,P,,,,,,
maddebu01,C,,,,,,
maddecl01,OF,,,,,,
maddefr01,C,,,,,,
maddeki01,P,,,,,,
maddele01,P,,,,,,
maddemi01,P,,,,,,
maddemo01,P,,,,,,
maddeto01,OF,,,,,,
maddety01,P,,,,,,
maddoau01,P,,,,,,
maddoel01,OF,,,,,,
maddofo01,OF,,,,,,
maddoga01,OF,,,,,,
maddoje01,3B,,,,,,
maddoni01,P,,,,,,
maddugr01,P,,,,,,
maddumi01,P,,,,,,
maderlu01,P,,,,,,
madigto01,P,,,,,,
madisar01,2B,,,,,,
madisbo01,OF,,,,,,
madisda01,P,,,,,,
madissc01,3B,,,,,,
madjeed01,C,,,,,,
madlobi01,3B,,,,,,
madrial01,P,,,,,,
madribl01,1B,,,,,,
madribo01,P,,,,,,
madrini01,2B,,,,,,
madrisa01,SS,,,,,,
madriwa01,P,,,,,,
madsory01,P,,,,,,
madurca01,P,,,,,,
maedake01,P,,,,,,
maesthe01,P,,,,,,
magadda01,3B,,,,,,
magalev01,SS,,,,,,
mageebi01,P,,,,,,
mageele01,OF,,,,,,
mageesh01,OF,,,,,,
mageewe01,OF,,,,,,
maggeha01,OF,,,,,,
maggeha02,OF,,,,,,
maggidr01,3B,,,,,,
magilma01,P,,,,,,
maglisa01,P,,,,,,
magnami01,P,,,,,,
magnejo01,OF,,,,,,
magnest01,SS,,,,,,
magnida01,P,,,,,,
magnuji01,P,,,,,,
magnutr01,P,,,,,,
magooge01,SS,,,,,,
magrajo01,P,,,,,,
magrato01,C,,,,,,
magrijo01,OF,,,,,,
magripe01,P,,,,,,
magruch01,OF,,,,,,
maguifr01,2B,,,,,,
maguija01,OF,,,,,,
mahadji01,2B,,,,,,
mahafar01,P,,,,,,
mahaflo01,P,,,,,,
mahafro01,P,,,,,,
mahanar01,1B,,,,,,
maharbi01,3B,,,,,,
maharfr01,OF,,,,,,
maharke01,OF,,,,,,
mahayro01,P,,,,,,
mahlbgr01,C,,,,,,
mahlegr01,P,,,,,,
mahlemi01,P,,,,,,
mahleri01,P,,,,,,
mahlety01,P,,,,,,
maholpa01,P,,,,,,
mahompa01,P,,,,,,
mahonal01,P,,,,,,
mahonan01,P,,,,,,
mahonbo01,P,,,,,,
mahonch01,P,,,,,,
mahonda01,C,,,,,,
mahonji01,SS,,,,,,
mahonjo01,1B,,,,,,
mahonmi01,1B,,,,,,
mahonmi02,C,,,,,,
mahonul01,P,,,,,,
mahtomi01,OF,,,,,,
maierbo01,3B,,,,,,
maiermi01,OF,,,,,,
mailelu01,C,,,,,,
mailhem01,OF,,,,,,
mailsdu01,P,,,,,,
mainal01,P,,,,,,
mainejo01,P,,,,,,
mainesc01,P,,,,,,
mainsji01,P,,,,,,
mainswi01,P,,,,,,
mainwo01,P,,,,,,
maireos01,P,,,,,,
maisech01,C,,,,,,
maisefr01,3B,,,,,,
maisege01,OF,,,,,,
majesha01,3B,,,,,,
majewga01,P,,,,,,
majewva01,OF,,,,,,
makelwi01,C,,,,,,
makitka01,P,,,,,,
makosfr01,P,,,,,,
makowto01,P,,,,,,
maksumi01,1B,,,,,,
malarbi01,P,,,,,,
malarda01,3B,,,,,,
malarjo01,P,,,,,,
malasma01,P,,,,,,
malavjo01,OF,,,,,,
malaych01,2B,,,,,,
malayjo01,1B,,,,,,
malco01,SS,,,,,,
maldoan01,P,,,,,,
maldoca01,OF,,,,,,
maldoca02,P,,,,,,
maldoca03,C,,,,,,
maldoma01,C,,,,,,
malerji01,1B,,,,,,
maletar01,SS,,,,,,
malinto01,3B,,,,,,
maliscy01,P,,,,,,
malkmbo01,2B,,,,,,
mallebr01,P,,,,,,
malleje01,OF,,,,,,
mallema01,P,,,,,,
malliro01,P,,,,,,
malloal01,P,,,,,,
mallobe01,OF,,,,,,
mallobo01,P,,,,,,
mallobo02,P,,,,,,
mallohe01,P,,,,,,
malloji01,OF,,,,,,
malloju01,OF,,,,,,
malloju02,OF,,,,,,
mallole01,2B,,,,,,
malloma01,2B,,,,,,
mallosh01,OF,,,,,,
malmbha01,2B,,,,,,
malon01,P,,,,,,
malonbi01,OF,,,,,,
malonch01,P,,,,,,
malonch02,P,,,,,,
maloned01,C,,,,,,
malonfe01,C,,,,,,
malonji01,P,,,,,,
malonjo01,OF,,,,,,
malonle01,3B,,,,,,
malonma01,OF,,,,,,
malonma02,P,,,,,,
malonpa01,OF,,,,,,
malonpa02,P,,,,,,
malonse01,P,,,,,,
malonwi01,OF,,,,,,
maloypa01,P,,,,,,
maltzgo01,P,,,,,,
malzofr01,3B,,,,,,
mamaual01,P,,,,,,
manaese01,P,,,,,,
mancitr01,OF,,,,,,
mancufr01,C,,,,,,
mancugu01,C,,,,,,
mandaca01,2B,,,,,,
mandeha01,P,,,,,,
manelcl01,P,,,,,,
manesse01,P,,,,,,
mangaji01,C,,,,,,
mangima01,3B,,,,,,
mangr01,OF,,,,,,
manguan01,OF,,,,,,
manguge01,OF,,,,,,
manguja01,OF,,,,,,
mangule01,P,,,,,,
mangupe01,OF,,,,,,
maniocl01,C,,,,,,
mankoph01,3B,,,,,,
manloch01,C,,,,,,
mannbr01,P,,,,,,
mannfr01,OF,,,,,,
mannich01,P,,,,,,
mannida01,P,,,,,,
mannier01,P,,,,,,
mannife01,1B,,,,,,
mannija01,OF,,,,,,
manniji01,OF,,,,,,
manniji02,P,,,,,,
mannijo01,OF,,,,,,
mannima01,P,,,,,,
mannima02,P,,,,,,
manniri01,OF,,,,,,
manniru01,P,,,,,,
manniti01,2B,,,,,,
mannji01,P,,,,,,
mannjo01,3B,,,,,,
mannke01,C,,,,,,
mannle01,OF,,,,,,
mannodo01,OF,,,,,,
manoaal01,P,,,,,,
manonju01,P,,,,,,
manonra01,P,,,,,,
manrifr01,2B,,,,,,
mansejo01,OF,,,,,,
mansemi01,OF,,,,,,
manseto01,OF,,,,,,
manshje01,P,,,,,,
mansklo01,P,,,,,,
mante01,OF,,,,,,
mantema01,P,,,,,,
mantife01,2B,,,,,,
mantijo01,P,,,,,,
mantlmi01,OF,,,,,,
mantoje01,3B,,,,,,
manueba01,P,,,,,,
manuech01,OF,,,,,,
manueje01,2B,,,,,,
manuemo01,P,,,,,,
manuero01,P,,,,,,
manusfr01,3B,,,,,,
manushe01,OF,,,,,,
manvidi01,P,,,,,,
manwaki01,C,,,,,,
manzahi01,1B,,,,,,
manzajo01,P,,,,,,
manzaky01,1B,,,,,,
manzara01,P,,,,,,
manzeto01,SS,,,,,,
mapelro01,P,,,,,,
mapescl01,OF,,,,,,
mapledi01,P,,,,,,
mapleho01,C,,,,,,
mappege01,2B,,,,,,
marakpa01,P,,,,,,
marange01,P,,,,,,
maranra01,SS,,,,,,
marbefi01,P,,,,,,
marbewa01,P,,,,,,
marcatu01,SS,,,,,,
marceol01,3B,,,,,,
marcezi01,C,,,,,,
marchph01,P,,,,,,
marchra01,C,,,,,,
marcujo01,P,,,,,,
marcush01,P,,,,,,
marenle01,P,,,,,,
margeni01,P,,,,,,
margojo01,P,,,,,,
margoma01,OF,,,,,,
maricju01,P,,,,,,
marimsu01,P,,,,,,
marinjh01,P,,,,,,
marinro01,P,,,,,,
marioda01,P,,,,,,
marioma01,SS,,,,,,
mariomi01,P,,,,,,
mariore01,OF,,,,,,
marisja01,OF,,,,,,
marisro01,OF,,,,,,
marjami01,C,,,,,,
markani01,OF,,,,,,
markedu01,P,,,,,,
markepa01,P,,,,,,
markhdu01,OF,,,,,,
markhjo01,P,,,,,,
marklcl01,P,,,,,,
marklge01,2B,,,,,,
marksju01,P,,,,,,
marksma01,P,,,,,,
marloca01,OF,,,,,,
marlodi01,P,,,,,,
marlojf01,P,,,,,,
marmoca01,P,,,,,,
marmojo01,OF,,,,,,
marniha01,2B,,,,,,
marolfr01,1B,,,,,,
maronlo01,P,,,,,,
maronni01,P,,,,,,
marotmi01,P,,,,,,
marqubo01,OF,,,,,,
marqubr01,P,,,,,,
marquge01,P,,,,,,
marqugo01,1B,,,,,,
marquis01,P,,,,,,
marquja01,P,,,,,,
marquje01,P,,,,,,
marquji01,P,,,,,,
marqulu01,OF,,,,,,
marquol01,2B,,,,,,
marquro01,OF,,,,,,
marquru01,P,,,,,,
marrech01,1B,,,,,,
marreco01,P,,,,,,
marrede01,3B,,,,,,
marreel01,C,,,,,,
marreor01,1B,,,,,,
marriwi01,3B,,,,,,
marrle01,OF,,,,,,
marrobu01,P,,,,,,
marsaar01,OF,,,,,,
marsed01,P,,,,,,
marseja01,OF,,,,,,
marsh01,C,,,,,,
marsh02,OF,,,,,,
marshal01,P,,,,,,
marshbi01,2B,,,,,,
marshbo01,1B,,,,,,
marshbr01,P,,,,,,
marshbr02,OF,,,,,,
marshch01,C,,,,,,
marshcu01,P,,,,,,
marshda01,OF,,,,,,
marshdo01,C,,,,,,
marshdo02,SS,,,,,,
marshev01,P,,,,,,
marshfr01,3B,,,,,,
marshja01,P,,,,,,
marshja02,P,,,,,,
marshja03,2B,,,,,,
marshji01,1B,,,,,,
marshjo01,OF,,,,,,
marshke01,OF,,,,,,
marshma01,OF,,,,,,
marshmi01,P,,,,,,
marshmi02,OF,,,,,,
marshru01,P,,,,,,
marshse01,P,,,,,,
marshto01,OF,,,,,,
marshwi01,OF,,,,,,
marsolo01,C,,,,,,
marsosa01,P,,,,,,
marteal01,OF,,,,,,
martean01,3B,,,,,,
marteda01,P,,,,,,
martedo01,C,,,,,,
martefr01,P,,,,,,
marteje01,1B,,,,,,
martejo01,P,,,,,,
marteke01,2B,,,,,,
marteke02,P,,,,,,
martelu01,P,,,,,,
martelu02,2B,,,,,,
marteno01,3B,,,,,,
martest01,OF,,,,,,
martevi01,P,,,,,,
marteyu01,P,,,,,,
marti01,OF,,,,,,
martiad01,P,,,,,,
martial01,2B,,,,,,
martial02,P,,,,,,
martial03,OF,,,,,,
martian01,P,,,,,,
martian02,OF,,,,,,
martiau01,OF,,,,,,
martiba01,OF,,,,,,
martiba02,P,,,,,,
martibi01,SS,,,,,,
martibi02,2B,,,,,,
martibr01,P,,,,,,
martibu01,C,,,,,,
martica01,OF,,,,,,
martica02,1B,,,,,,
martica03,P,,,,,,
martica04,P,,,,,,
martich01,OF,,,,,,
martich02,P,,,,,,
marticl01,PH,,,,,,
martico01,P,,,,,,
martico02,P,,,,,,
marticr01,P,,,,,,
martida01,OF,,,,,,
martida02,P,,,,,,
martida03,P,,,,,,
martide01,P,,,,,,
martido01,P,,,,,,
martido02,1B,,,,,,
martied01,3B,,,,,,
martiet01,P,,,,,,
martife01,SS,,,,,,
martife02,OF,,,,,,
martife03,P,,,,,,
martifr01,3B,,,,,,
martifr02,P,,,,,,
martige01,OF,,,,,,
martigr01,OF,,,,,,
martiha01,OF,,,,,,
martihe01,OF,,,,,,
martihe02,OF,,,,,,
martija01,SS,,,,,,
martija02,P,,,,,,
martija03,OF,,,,,,
martijc01,C,,,,,,
martijd01,P,,,,,,
martijd02,OF,,,,,,
martije01,OF,,,,,,
martijo01,OF,,,,,,
martijo02,P,,,,,,
martijo03,3B,,,,,,
martijo04,2B,,,,,,
martijo05,P,,,,,,
martijo06,P,,,,,,
martijo07,P,,,,,,
martijo08,OF,,,,,,
martijp01,OF,,,,,,
martiju01,P,,,,,,
martiky01,P,,,,,,
martile01,OF,,,,,,
martili01,OF,,,,,,
martilu01,P,,,,,,
martilu02,C,,,,,,
martima01,SS,,,,,,
martima02,OF,,,,,,
martimi01,C,,,,,,
martimi02,OF,,,,,,
martimo01,P,,,,,,
martini01,P,,,,,,
martini02,OF,,,,,,
martino01,2B,,,,,,
martior01,2B,,,,,,
martios01,SS,,,,,,
martipa01,P,,,,,,
martipa02,P,,,,,,
martipa03,SS,,,,,,
martipa04,P,,,,,,
martipa05,P,,,,,,
martipe01,OF,,,,,,
martipe02,P,,,,,,
martipe03,P,,,,,,
martiph01,OF,,,,,,
martipr01,P,,,,,,
martira01,P,,,,,,
martira02,P,,,,,,
martira03,SS,,,,,,
martira04,P,,,,,,
martira05,SS,,,,,,
martira06,3B,,,,,,
martire01,P,,,,,,
martiri01,SS,,,,,,
martiro01,P,,,,,,
martiru01,C,,,,,,
martisa01,C,,,,,,
martise01,P,,,,,,
martish01,P,,,,,,
martisi01,P,,,,,,
martisp01,P,,,,,,
martist01,2B,,,,,,
martist02,OF,,,,,,
martite01,SS,,,,,,
martiti01,P,,,,,,
martiti02,1B,,,,,,
martito01,SS,,,,,,
martito02,P,,,,,,
martivi01,C,,,,,,
martiwe01,P,,,,,,
martiwi01,P,,,,,,
martybo01,OF,,,,,,
martyjo01,OF,,,,,,
martzga01,OF,,,,,,
martzra01,P,,,,,,
marveja01,P,,,,,,
marzajo01,C,,,,,,
masaoon01,P,,,,,,
mashafo01,OF,,,,,,
mashocl01,OF,,,,,,
mashoda01,OF,,,,,,
masinma01,C,,,,,,
masiph01,C,,,,,,
maskrha01,OF,,,,,,
maskrle01,OF,,,,,,
mason01,SS,,,,,,
mason02,OF,,,,,,
masonch01,OF,,,,,,
masonch02,OF,,,,,,
masonde01,P,,,,,,
masondo01,2B,,,,,,
masoner01,P,,,,,,
masonha01,P,,,,,,
masonji01,SS,,,,,,
masonmi01,P,,,,,,
masonro01,P,,,,,,
massago01,C,,,,,,
massebi01,1B,,,,,,
massemi01,2B,,,,,,
massemi02,2B,,,,,,
masseni01,P,,,,,,
massero01,OF,,,,,,
massiga01,C,,,,,,
massisa01,1B,,,,,,
masteda01,1B,,,,,,
masteju01,P,,,,,,
mastepa01,P,,,,,,
mastewa01,P,,,,,,
mastewa02,P,,,,,,
mastnto01,P,,,,,,
mastrda01,OF,,,,,,
mastrmi01,3B,,,,,,
matafr01,P,,,,,,
matarle01,P,,,,,,
matavi01,OF,,,,,,
matchja01,P,,,,,,
matchto01,SS,,,,,,
mateohe01,2B,,,,,,
mateojo01,SS,,,,,,
mateoju01,P,,,,,,
mateoju02,P,,,,,,
mateoma01,P,,,,,,
mateoru01,OF,,,,,,
mathebo01,P,,,,,,
mathech01,P,,,,,,
mathede01,OF,,,,,,
matheed01,3B,,,,,,
mathegr01,P,,,,,,
mathehe01,P,,,,,,
mathejo01,2B,,,,,,
mathejo02,OF,,,,,,
mathemi01,C,,,,,,
mathene01,OF,,,,,,
mathete01,P,,,,,,
mathetj01,P,,,,,,
mathica01,P,,,,,,
mathido01,P,,,,,,
mathije01,C,,,,,,
mathiji01,3B,,,,,,
mathima01,2B,,,,,,
mathiro01,P,,,,,,
mathisc01,P,,,,,,
mathive01,OF,,,,,,
mathiwy01,1B,,,,,,
matiajo01,OF,,,,,,
matijjj01,1B,,,,,,
matlajo01,P,,,,,,
matlole01,P,,,,,,
matonni01,2B,,,,,,
matonph01,P,,,,,,
matosfr01,2B,,,,,,
matosju01,2B,,,,,,
matoslu01,OF,,,,,,
matoslu02,OF,,,,,,
matosos01,P,,,,,,
matospa01,C,,,,,,
matrada01,2B,,,,,,
matsuda01,P,,,,,,
matsuhi01,OF,,,,,,
matsuka01,2B,,,,,,
matsuyu01,P,,,,,,
matteal01,P,,,,,,
mattecv01,OF,,,,,,
matteed01,P,,,,,,
mattetr01,P,,,,,,
matthbo01,OF,,,,,,
matthbr01,2B,,,,,,
matthda01,P,,,,,,
matthdi01,P,,,,,,
matthfr01,1B,,,,,,
matthga01,OF,,,,,,
matthga02,OF,,,,,,
matthja01,3B,,,,,,
matthje01,1B,,,,,,
matthjo01,P,,,,,,
matthmi01,P,,,,,,
matthry01,P,,,,,,
matthst01,SS,,,,,,
matthwi01,P,,,,,,
matthwi02,OF,,,,,,
matthze01,P,,,,,,
mattibo01,SS,,,,,,
mattido01,1B,,,,,,
mattiea01,P,,,,,,
mattike01,OF,,,,,,
mattimi01,OF,,,,,,
mattira01,OF,,,,,,
mattiwa01,OF,,,,,,
mattocl01,C,,,,,,
mattoji01,C,,,,,,
mattsis01,P,,,,,,
matulri01,P,,,,,,
matusbr01,P,,,,,,
matusle01,1B,,,,,,
matuzha01,P,,,,,,
matzety01,P,,,,,,
matzst01,P,,,,,,
mauchge01,2B,,,,,,
mauckha01,P,,,,,,
mauerjo01,C,,,,,,
maulal01,P,,,,,,
mauldma01,3B,,,,,,
maunedi01,P,,,,,,
mauner01,P,,,,,,
maupiha01,P,,,,,,
maurebr01,P,,,,,,
maureda01,P,,,,,,
maurero01,1B,,,,,,
maurira01,P,,,,,,
mauriro01,3B,,,,,,
mauroca01,OF,,,,,,
mauseti01,P,,,,,,
maxcybr01,P,,,,,,
maxiela01,P,,,,,,
maxvida01,SS,,,,,,
maxwe01,OF,,,,,,
maxwebe01,P,,,,,,
maxwebr01,C,,,,,,
maxwech01,OF,,,,,,
maxweja01,2B,,,,,,
maxweju01,OF,,,,,,
maxweza01,P,,,,,,
maxweze01,3B,,,,,,
mayayu01,P,,,,,,
maybejo01,1B,,,,,,
maybejo02,OF,,,,,,
maybica01,OF,,,,,,
maybu01,P,,,,,,
mayca01,OF,,,,,,
mayda01,OF,,,,,,
mayda02,P,,,,,,
mayde01,OF,,,,,,
maydu01,P,,,,,,
mayele01,OF,,,,,,
mayered01,3B,,,,,,
mayered02,P,,,,,,
mayerer01,P,,,,,,
mayerma01,3B,,,,,,
mayermi01,P,,,,,,
mayersa01,OF,,,,,,
mayerwa01,C,,,,,,
mayespa01,OF,,,,,,
mayfija01,3B,,,,,,
mayja01,P,,,,,,
mayja02,OF,,,,,,
mayje01,C,,,,,,
mayjo01,C,,,,,,
mayle01,1B,,,,,,
maylu01,C,,,,,,
maymi01,C,,,,,,
maynabu01,OF,,,,,,
maynach01,SS,,,,,,
maynebr01,C,,,,,,
mayoco01,1B,,,,,,
mayoed01,2B,,,,,,
mayoja01,OF,,,,,,
mayoji01,OF,,,,,,
maypi01,3B,,,,,,
mayru01,P,,,,,,
mays01,2B,,,,,,
maysal01,P,,,,,,
maysc01,P,,,,,,
maysca01,P,,,,,,
maysda01,OF,,,,,,
maysema01,P,,,,,,
maysjo01,P,,,,,,
maysoed01,SS,,,,,,
mayswi01,OF,,,,,,
maytr01,P,,,,,,
mayweed01,1B,,,,,,
mayzati01,P,,,,,,
mazalu01,2B,,,,,,
mazarno01,OF,,,,,,
mazeipa01,C,,,,,,
mazerbi01,2B,,,,,,
mazurad01,P,,,,,,
mazzach01,P,,,,,,
mazzavi01,P,,,,,,
mazzeme01,OF,,,,,,
mazzile01,OF,,,,,,
mazzoco01,P,,,,,,
mcadaja01,P,,,,,,
mcadotu01,1B,,,,,,
mcafebi01,P,,,,,,
mcaleja01,OF,,,,,,
mcaleji01,OF,,,,,,
mcallbi01,C,,,,,,
mcallfr01,P,,,,,,
mcallge01,1B,,,,,,
mcallsp01,OF,,,,,,
mcallza01,P,,,,,,
mcanaer01,P,,,,,,
mcanaji01,OF,,,,,,
mcandja01,P,,,,,,
mcandji01,P,,,,,,
mcanupa01,OF,,,,,,
mcartdi01,P,,,,,,
mcartja01,P,,,,,,
mcatebu01,1B,,,,,,
mcateul01,2B,,,,,,
mcauldi01,2B,,,,,,
mcaulge01,C,,,,,,
mcaulik01,SS,,,,,,
mcavoto01,P,,,,,,
mcavowi01,C,,,,,,
mcbeaal01,P,,,,,,
mcbeepr01,P,,,,,,
mcbetma01,P,,,,,,
mcbrial01,OF,,,,,,
mcbriba01,OF,,,,,,
mcbridi01,P,,,,,,
mcbrifr01,1B,,,,,,
mcbrige01,SS,,,,,,
mcbrijo01,OF,,,,,,
mcbrike01,P,,,,,,
mcbrima01,P,,,,,,
mcbrima02,OF,,,,,,
mcbripe01,P,,,,,,
mcbrito01,OF,,,,,,
mcbritu01,OF,,,,,,
mcbrory01,OF,,,,,,
mccab01,P,,,,,,
mccabbi01,OF,,,,,,
mccabdi01,P,,,,,,
mccabjo01,C,,,,,,
mccabra01,P,,,,,,
mccabsw01,OF,,,,,,
mccabti01,P,,,,,,
mccaf01,P,,,,,,
mccafha01,OF,,,,,,
mccafsp01,C,,,,,,
mccahbi01,P,,,,,,
mccalbi01,P,,,,,,
mccalbr01,OF,,,,,,
mccaldu01,P,,,,,,
mccalhe01,1B,,,,,,
mccalla01,P,,,,,,
mccalwi01,P,,,,,,
mccamra01,P,,,,,,
mccanbr01,C,,,,,,
mccanem01,SS,,,,,,
mccange01,P,,,,,,
mccanja01,OF,,,,,,
mccanja02,C,,,,,,
mccanky01,C,,,,,,
mccaral01,2B,,,,,,
mccarar01,P,,,,,,
mccarbi01,C,,,,,,
mccarbi02,P,,,,,,
mccarbi03,3B,,,,,,
mccarbr01,P,,,,,,
mccarda01,1B,,,,,,
mccarfr01,OF,,,,,,
mccargr01,P,,,,,,
mccarja01,OF,,,,,,
mccarja02,OF,,,,,,
mccarje01,1B,,,,,,
mccarjo01,P,,,,,,
mccarjo02,C,,,,,,
mccarjo03,1B,,,,,,
mccarjo04,OF,,,,,,
mccarke01,P,,,,,,
mccarki01,P,,,,,,
mccarle01,C,,,,,,
mccarro01,C,,,,,,
mccarti01,C,,,,,,
mccarto01,OF,,,,,,
mccarto02,P,,,,,,
mccarto03,P,,,,,,
mccaski01,P,,,,,,
mccatst01,P,,,,,,
mccaual01,1B,,,,,,
mccauba01,P,,,,,,
mccaubi01,SS,,,,,,
mccauda01,P,,,,,,
mccauji01,C,,,,,,
mccaupa01,C,,,,,,
mccheha01,OF,,,,,,
mcclabi01,P,,,,,,
mcclabo01,SS,,,,,,
mcclaje01,3B,,,,,,
mcclajo01,P,,,,,,
mcclare01,P,,,,,,
mcclasc01,1B,,,,,,
mcclash01,P,,,,,,
mcclebi01,2B,,,,,,
mccleda01,OF,,,,,,
mccleha01,SS,,,,,,
mccleje01,3B,,,,,,
mccleky01,P,,,,,,
mcclell01,OF,,,,,,
mcclemi01,P,,,,,,
mcclepa01,P,,,,,,
mccleza01,P,,,,,,
mcclina01,OF,,,,,,
mcclobi01,C,,,,,,
mccloji01,P,,,,,,
mcclojo01,P,,,,,,
mcclubo01,P,,,,,,
mcclubo02,P,,,,,,
mccluha01,OF,,,,,,
mccluha02,P,,,,,,
mcclula01,OF,,,,,,
mccluse01,P,,,,,,
mccolal01,P,,,,,,
mcconam01,2B,,,,,,
mcconge01,P,,,,,,
mcconra01,P,,,,,,
mcconsa01,3B,,,,,,
mcconsa02,P,,,,,,
mccoobi01,P,,,,,,
mccorba01,3B,,,,,,
mccorbi01,P,,,,,,
mccorbu01,OF,,,,,,
mccorch01,OF,,,,,,
mccordo01,C,,,,,,
mccorfr01,1B,,,,,,
mccorha01,P,,,,,,
mccorje01,3B,,,,,,
mccorji01,P,,,,,,
mccorji02,2B,,,,,,
mccormi01,3B,,,,,,
mccormi02,OF,,,,,,
mccormi03,P,,,,,,
mccormo01,OF,,,,,,
mccosba01,OF,,,,,,
mccovwi01,1B,,,,,,
mccoyar01,2B,,,,,,
mccoybe01,2B,,,,,,
mccoyfr01,C,,,,,,
mccoyma01,SS,,,,,,
mccoymi01,OF,,,,,,
mccoypa01,P,,,,,,
mccoywa01,P,,,,,,
mccragr01,OF,,,,,,
mccrajo01,P,,,,,,
mccrale01,P,,,,,,
mccraqu01,OF,,,,,,
mccraro01,OF,,,,,,
mccrato01,1B,,,,,,
mccrawi01,P,,,,,,
mccre01,OF,,,,,,
mccread01,P,,,,,,
mccreed01,P,,,,,,
mccrefr01,C,,,,,,
mccreto01,OF,,,,,,
mccrewa01,OF,,,,,,
mccrobo01,P,,,,,,
mccuefr01,3B,,,,,,
mcculch01,P,,,,,,
mcculcl01,C,,,,,,
mcculla01,P,,,,,,
mcculla02,P,,,,,,
mcculpa01,P,,,,,,
mcculph01,P,,,,,,
mccurha01,C,,,,,,
mccurje01,P,,,,,,
mccurji01,OF,,,,,,
mccusca01,OF,,,,,,
mccutan01,OF,,,,,,
mccutda01,P,,,,,,
mcdanbo01,P,,,,,,
mcdanfr01,OF,,,,,,
mcdanga01,P,,,,,,
mcdanli01,P,,,,,,
mcdante01,OF,,,,,,
mcdanvo01,P,,,,,,
mcdavra01,OF,,,,,,
mcderch01,P,,,,,,
mcderjo01,P,,,,,,
mcdermi01,P,,,,,,
mcdermi02,P,,,,,,
mcdermi03,P,,,,,,
mcderre01,OF,,,,,,
mcdersa01,2B,,,,,,
mcderte01,1B,,,,,,
mcdevda01,P,,,,,,
mcdilal01,P,,,,,,
mcdon01,PH,,,,,,
mcdonbe01,P,,,,,,
mcdonda01,1B,,,,,,
mcdonda02,OF,,,,,,
mcdondo01,OF,,,,,,
mcdoned01,C,,,,,,
mcdoned02,3B,,,,,,
mcdongi01,P,,,,,,
mcdonha01,P,,,,,,
mcdonja01,OF,,,,,,
mcdonja02,OF,,,,,,
mcdonja03,P,,,,,,
mcdonji01,3B,,,,,,
mcdonji02,OF,,,,,,
mcdonji03,C,,,,,,
mcdonji04,P,,,,,,
mcdonjo01,P,,,,,,
mcdonjo02,3B,,,,,,
mcdonjo03,SS,,,,,,
mcdonke01,C,,,,,,
mcdonlu01,P,,,,,,
mcdonmi01,OF,,,,,,
mcdonte01,OF,,,,,,
mcdontr01,P,,,,,,
mcdonwe01,P,,,,,,
mcdoo01,P,,,,,,
mcdoude01,P,,,,,,
mcdougi01,2B,,,,,,
mcdoule01,P,,,,,,
mcdouma01,3B,,,,,,
mcdoura01,SS,,,,,,
mcdousa01,P,,,,,,
mcdowja01,P,,,,,,
mcdowod01,OF,,,,,,
mcdowro01,P,,,,,,
mcdowsa01,P,,,,,,
mcdufte01,P,,,,,,
mcelrch01,P,,,,,,
mcelrji01,P,,,,,,
mcelvpr01,3B,,,,,,
mcelwle01,3B,,,,,,
mcelyfr01,OF,,,,,,
mcenawi01,P,,,,,,
mcevolo01,P,,,,,,
mcewijo01,OF,,,,,,
mcfadba01,P,,,,,,
mcfadgu01,1B,,,,,,
mcfadle01,SS,,,,,,
mcfaral01,OF,,,,,,
mcfarch01,OF,,,,,,
mcfarch02,P,,,,,,
mcfarda01,P,,,,,,
mcfared01,C,,,,,,
mcfarhe01,OF,,,,,,
mcfarho01,OF,,,,,,
mcfarjo01,P,,,,,,
mcfarjo02,1B,,,,,,
mcfarmo01,P,,,,,,
mcfaror01,C,,,,,,
mcfartj01,P,,,,,,
mcfetja01,P,,,,,,
mcgafan01,P,,,,,,
mcgafpa01,2B,,,,,,
mcgahed01,C,,,,,,
mcganam01,SS,,,,,,
mcganda01,1B,,,,,,
mcgarch01,3B,,,,,,
mcgarda01,OF,,,,,,
mcgarji01,2B,,,,,,
mcgeaja01,OF,,,,,,
mcgeami01,2B,,,,,,
mcgeebi01,P,,,,,,
mcgeeco01,P,,,,,,
mcgeeda01,2B,,,,,,
mcgeeda02,SS,,,,,,
mcgeeea01,P,,,,,,
mcgeefr01,1B,,,,,,
mcgeeja01,P,,,,,,
mcgeepa01,OF,,,,,,
mcgeewi01,OF,,,,,,
mcgehca01,3B,,,,,,
mcgehke01,P,,,,,,
mcgehpa01,P,,,,,,
mcghebi01,1B,,,,,,
mcgheed01,OF,,,,,,
mcgilbi01,P,,,,,,
mcgiljo01,P,,,,,,
mcgilra01,P,,,,,,
mcgilwi01,P,,,,,,
mcginda01,P,,,,,,
mcginfr01,OF,,,,,,
mcgingu01,P,,,,,,
mcginji01,P,,,,,,
mcginjo01,P,,,,,,
mcginju01,P,,,,,,
mcginru01,C,,,,,,
mcginti01,C,,,,,,
mcglike01,P,,,,,,
mcgloji01,P,,,,,,
mcglojo01,3B,,,,,,
mcgloly01,P,,,,,,
mcglopa01,P,,,,,,
mcglyst01,P,,,,,,
mcgousc01,P,,,,,,
mcgovar01,C,,,,,,
mcgowbe01,OF,,,,,,
mcgowdu01,P,,,,,,
mcgowke01,P,,,,,,
mcgowky01,P,,,,,,
mcgowmi01,P,,,,,,
mcgrabo01,P,,,,,,
mcgraho01,P,,,,,,
mcgrajo01,3B,,,,,,
mcgrajo02,P,,,,,,
mcgraky01,P,,,,,,
mcgrato01,P,,,,,,
mcgratu01,P,,,,,,
mcgremi01,P,,,,,,
mcgresc01,P,,,,,,
mcgresl01,P,,,,,,
mcgrifr01,1B,,,,,,
mcgrima01,3B,,,,,,
mcgrite01,C,,,,,,
mcgucjo01,OF,,,,,,
mcgui01,P,,,,,,
mcguibi01,C,,,,,,
mcguich01,1B,,,,,,
mcguide01,C,,,,,,
mcguide02,P,,,,,,
mcguiji01,SS,,,,,,
mcguijo01,1B,,,,,,
mcguimi01,SS,,,,,,
mcguire01,C,,,,,,
mcguiry01,1B,,,,,,
mcguito01,P,,,,,,
mcgunbi01,OF,,,,,,
mcgwima01,1B,,,,,,
mchalbo01,OF,,,,,,
mchalji01,OF,,,,,,
mchaljo01,1B,,,,,,
mchalma01,P,,,,,,
mchasjc01,1B,,,,,,
mchenau01,OF,,,,,,
mchenhe01,P,,,,,,
mchenva01,SS,,,,,,
mchugco01,P,,,,,,
mcilrva01,P,,,,,,
mcilvir01,OF,,,,,,
mcilwst01,P,,,,,,
mcinnst01,1B,,,,,,
mcintb01,3B,,,,,,
mcintfr01,P,,,,,,
mcintha01,P,,,,,,
mcintji01,3B,,,,,,
mcintjo01,P,,,,,,
mcintma01,OF,,,,,,
mcintti01,C,,,,,,
mcivoot01,OF,,,,,,
mcjamdo01,P,,,,,,
mckaiar01,P,,,,,,
mckaiha01,P,,,,,,
mckam01,SS,,,,,,
mckaybr01,P,,,,,,
mckayco01,C,,,,,,
mckayda01,2B,,,,,,
mckayda02,P,,,,,,
mckayre01,P,,,,,,
mckeaed01,SS,,,,,,
mckecbi01,3B,,,,,,
mckeefr01,OF,,,,,,
mckeeji01,C,,,,,,
mckeeji02,P,,,,,,
mckeere01,C,,,,,,
mckeero01,P,,,,,,
mckeewa01,C,,,,,,
mckeiti01,P,,,,,,
mckelfr01,1B,,,,,,
mckeljo01,OF,,,,,,
mckelru01,OF,,,,,,
mckened01,C,,,,,,
mckenfr01,1B,,,,,,
mckenki01,P,,,,,,
mckenli01,P,,,,,,
mckenmi01,C,,,,,,
mckenpa01,OF,,,,,,
mckenry01,OF,,,,,,
mckentr01,P,,,,,,
mckeoda01,C,,,,,,
mckeojo01,P,,,,,,
mckeola01,P,,,,,,
mckin01,SS,,,,,,
mckinal01,1B,,,,,,
mckinbi01,OF,,,,,,
mckinbo01,2B,,,,,,
mckingr01,P,,,,,,
mckinri01,3B,,,,,,
mckinza01,3B,,,,,,
mckiran01,P,,,,,,
mcknije01,1B,,,,,,
mckniji01,3B,,,,,,
mcknito01,P,,,,,,
mclaide01,P,,,,,,
mclaima01,2B,,,,,,
mclaned01,OF,,,,,,
mclarar01,SS,,,,,,
mclarpo01,2B,,,,,,
mclauba01,SS,,,,,,
mclaubo01,P,,,,,,
mclauby01,P,,,,,,
mclaufe01,OF,,,,,,
mclaufr01,SS,,,,,,
mclauhe01,OF,,,,,,
mclauja01,SS,,,,,,
mclauja02,C,,,,,,
mclauji01,OF,,,,,,
mclauji02,3B,,,,,,
mclaujo01,P,,,,,,
mclauju01,P,,,,,,
mclauki01,OF,,,,,,
mclaupa01,P,,,,,,
mclaura01,OF,,,,,,
mclauto01,SS,,,,,,
mclauwa01,P,,,,,,
mcleaal01,P,,,,,,
mcleala01,C,,,,,,
mcleama01,P,,,,,,
mcleano01,P,,,,,,
mclelwa01,P,,,,,,
mclem01,P,,,,,,
mclemma01,2B,,,,,,
mclemma02,P,,,,,,
mcleoji01,3B,,,,,,
mcleora01,OF,,,,,,
mclisca01,P,,,,,,
mclouna01,OF,,,,,,
mcmacsa01,P,,,,,,
mcmahdo01,P,,,,,,
mcmahdo02,P,,,,,,
mcmahja01,1B,,,,,,
mcmahja02,P,,,,,,
mcmahry01,3B,,,,,,
mcmahsa01,P,,,,,,
mcmakjo01,P,,,,,,
mcmanfr01,C,,,,,,
mcmanji01,1B,,,,,,
mcmanjo01,P,,,,,,
mcmanma01,2B,,,,,,
mcmanpa01,P,,,,,,
mcmatji01,OF,,,,,,
mcmeawi01,P,,,,,,
mcmicgr01,P,,,,,,
mcmilbi01,OF,,,,,,
mcmilge01,OF,,,,,,
mcmiljo01,P,,,,,,
mcmilno01,3B,,,,,,
mcmilro01,SS,,,,,,
mcmilto01,SS,,,,,,
mcmilto02,SS,,,,,,
mcmulcl01,OF,,,,,,
mcmulfr01,3B,,,,,,
mcmulge01,P,,,,,,
mcmulhu01,C,,,,,,
mcmuljo01,OF,,,,,,
mcmulke01,3B,,,,,,
mcmurcr01,P,,,,,,
mcmurwi01,C,,,,,,
mcnabed01,P,,,,,,
mcnaier01,SS,,,,,,
mcnaihu01,OF,,,,,,
mcnalda01,P,,,,,,
mcnalmi01,2B,,,,,,
mcnambo01,3B,,,,,,
mcnamdi01,OF,,,,,,
mcnamge01,OF,,,,,,
mcnamji01,C,,,,,,
mcnamti01,P,,,,,,
mcnaugo01,P,,,,,,
mcneaal01,C,,,,,,
mcneacl01,SS,,,,,,
mcneaha01,P,,,,,,
mcneare01,OF,,,,,,
mcnearu01,OF,,,,,,
mcneeea01,OF,,,,,,
mcneeje01,OF,,,,,,
mcneewi01,OF,,,,,,
mcneije01,2B,,,,,,
mcneino01,C,,,,,,
mcnerje01,C,,,,,,
mcnicbr01,P,,,,,,
mcniced01,P,,,,,,
mcnulbi01,OF,,,,,,
mcnulpa01,OF,,,,,,
mcparfr01,P,,,,,,
mcphebi01,2B,,,,,,
mcpheda01,3B,,,,,,
mcphejo01,P,,,,,,
mcpheky01,P,,,,,,
mcquahe01,P,,,,,,
mcquaje01,OF,,,,,,
mcquama01,2B,,,,,,
mcquejo01,OF,,,,,,
mcquemi01,P,,,,,,
mcquemo01,1B,,,,,,
mcquepe01,OF,,,,,,
mcquige01,P,,,,,,
mcquige02,1B,,,,,,
mcquigl01,OF,,,,,,
mcquihu01,P,,,,,,
mcraeal01,P,,,,,,
mcraebr01,OF,,,,,,
mcraeha01,OF,,,,,,
mcraeno01,P,,,,,,
mcrem01,OF,,,,,,
mcreyke01,OF,,,,,,
mcshape01,3B,,,,,,
mcsortr01,1B,,,,,,
mcswepa01,2B,,,,,,
mctamji01,OF,,,,,,
mctigbi01,P,,,,,,
mcveyca01,1B,,,,,,
mcveyge01,1B,,,,,,
mcweedo01,P,,,,,,
mcwilla01,P,,,,,,
meachbo01,SS,,,,,,
meachru01,P,,,,,,
meadch01,OF,,,,,,
meadcu01,3B,,,,,,
meadech01,3B,,,,,,
meadoau01,OF,,,,,,
meadobr01,P,,,,,,
meadojo01,P,,,,,,
meadole01,P,,,,,,
meadolo01,OF,,,,,,
meadopa01,OF,,,,,,
meadoru01,P,,,,,,
meadsda01,P,,,,,,
meakige01,P,,,,,,
meanepa01,SS,,,,,,
meansjo01,P,,,,,,
meansle01,C,,,,,,
meansto01,OF,,,,,,
mearach01,OF,,,,,,
mearepa01,SS,,,,,,
mearsch01,P,,,,,,
mearsni01,P,,,,,,
mechegi01,P,,,,,,
mecirji01,P,,,,,,
mecklwa01,OF,,,,,,
meddebr01,P,,,,,,
mederli01,OF,,,,,,
medervi01,P,,,,,,
medicdo01,P,,,,,,
medicto01,1B,,,,,,
medinad01,P,,,,,,
medinla01,P,,,,,,
medinlu01,1B,,,,,,
medinlu02,P,,,,,,
medinpe01,P,,,,,,
medinra01,P,,,,,,
medinyo01,P,,,,,,
medleca01,P,,,,,,
medlekr01,P,,,,,,
medliir01,P,,,,,,
medvisc01,P,,,,,,
medwijo01,OF,,,,,,
meegape01,P,,,,,,
meehabi01,P,,,,,,
meekda01,C,,,,,,
meekeja01,P,,,,,,
meekero01,P,,,,,,
meekev01,P,,,,,,
meekijo01,P,,,,,,
meekssa01,SS,,,,,,
meeleph01,P,,,,,,
meersru01,P,,,,,,
meeto01,SS,,,,,,
megiltr01,P,,,,,,
megilty01,P,,,,,,
meidrch01,SS,,,,,,
meierda01,OF,,,,,,
meierdu01,OF,,,,,,
meinehe01,P,,,,,,
meinewa01,OF,,,,,,
meinkbo01,SS,,,,,,
meinkfr01,SS,,,,,,
meisiry01,P,,,,,,
meistge01,3B,,,,,,
meistjo01,2B,,,,,,
meistka01,OF,,,,,,
meixemo01,OF,,,,,,
mejiaad01,P,,,,,,
mejiaal01,3B,,,,,,
mejiaer01,OF,,,,,,
mejiafr01,C,,,,,,
mejiahu01,P,,,,,,
mejiaje01,P,,,,,,
mejiaje02,P,,,,,,
mejiaju01,P,,,,,,
mejiami01,OF,,,,,,
mejiaro01,OF,,,,,,
mejiaro02,2B,,,,,,
mejiasa01,OF,,,,,,
mejiase01,1B,,,,,,
melanma01,P,,,,,,
meledu01,OF,,,,,,
melenfr01,1B,,,,,,
melenjo01,P,,,,,,
melenlu01,OF,,,,,,
melenmj01,OF,,,,,,
melesa01,OF,,,,,,
melhuad01,C,,,,,,
melilsk01,2B,,,,,,
mellajo01,3B,,,,,,
mellake01,P,,,,,,
mellile01,P,,,,,,
mellobi01,1B,,,,,,
meloajo01,P,,,,,,
meloapa01,OF,,,,,,
meloju01,2B,,,,,,
meltest01,P,,,,,,
melto01,P,,,,,,
meltoba01,OF,,,,,,
meltobi01,3B,,,,,,
meltocl01,P,,,,,,
meltoda01,OF,,,,,,
meltoja01,OF,,,,,,
meltoru01,P,,,,,,
meltotr01,P,,,,,,
melusmi01,C,,,,,,
melvibo01,C,,,,,,
melviti01,P,,,,,,
menacr01,P,,,,,,
menchke01,OF,,,,,,
mendead01,P,,,,,,
mendeca01,1B,,,,,,
mendedo01,SS,,,,,,
mendejo99,P,,,,,,
mendero01,P,,,,,,
mendeyo01,P,,,,,,
mendida01,2B,,,,,,
mendoca01,OF,,,,,,
mendolu01,P,,,,,,
mendoma01,SS,,,,,,
mendomi01,3B,,,,,,
mendomi02,P,,,,,,
mendora01,P,,,,,,
menecfr01,2B,,,,,,
menefjo01,P,,,,,,
menento01,P,,,,,,
menesjo01,1B,,,,,,
menezco01,P,,,,,,
mengdda01,P,,,,,,
menhapa01,P,,,,,,
menkede01,SS,,,,,,
menosmi01,OF,,,,,,
mensoed01,OF,,,,,,
menzete01,OF,,,,,,
meolami01,P,,,,,,
meoliru01,SS,,,,,,
mercahe01,P,,,,,,
mercami01,P,,,,,,
mercaor01,C,,,,,,
mercaos01,OF,,,,,,
mercehe01,C,,,,,,
merceja01,P,,,,,,
mercejo01,1B,,,,,,
mercejo02,P,,,,,,
mercejo03,SS,,,,,,
mercelu01,OF,,,,,,
mercema01,P,,,,,,
merceme01,P,,,,,,
merceor01,OF,,,,,,
mercewi01,P,,,,,,
merceye01,OF,,,,,,
merchan01,C,,,,,,
merchhe01,OF,,,,,,
merckke01,P,,,,,,
meredcl01,P,,,,,,
meredge01,2B,,,,,,
merensp01,P,,,,,,
meridro01,P,,,,,,
merklfr01,1B,,,,,,
merlolo01,2B,,,,,,
merrial01,P,,,,,,
merribi01,C,,,,,,
merribi02,P,,,,,,
merribr01,P,,,,,,
merrich01,2B,,,,,,
merried01,2B,,,,,,
merrige01,OF,,,,,,
merrihe01,SS,,,,,,
merrija01,OF,,,,,,
merriji01,P,,,,,,
merrijo01,OF,,,,,,
merrijo02,3B,,,,,,
merrill01,OF,,,,,,
merrill02,P,,,,,,
merriry01,P,,,,,,
merriwh01,2B,,,,,,
merryju01,P,,,,,,
mersoja01,2B,,,,,,
mertesa01,OF,,,,,,
mertzji01,P,,,,,,
merulle01,SS,,,,,,
merulma01,C,,,,,,
mervima01,1B,,,,,,
mesaan01,OF,,,,,,
mesajo01,P,,,,,,
mesame01,OF,,,,,,
mesapa01,OF,,,,,,
mesavi01,OF,,,,,,
mesnest01,3B,,,,,,
mesorde01,C,,,,,,
messean01,P,,,,,,
messebo01,OF,,,,,,
messebu01,P,,,,,,
messera01,P,,,,,,
messipa01,P,,,,,,
messito01,C,,,,,,
metcaal01,3B,,,,,,
metcami01,OF,,,,,,
metcato01,P,,,,,,
metcatr01,3B,,,,,,
methasc01,2B,,,,,,
methebu01,OF,,,,,,
metivde01,P,,,,,,
metkoca01,OF,,,,,,
metroch01,OF,,,,,,
metzgbu01,P,,,,,,
metzgro01,SS,,,,,,
metziwi01,2B,,,,,,
metzlal01,OF,,,,,,
metzle01,SS,,,,,,
meulehe01,OF,,,,,,
meusebo01,OF,,,,,,
meuseir01,OF,,,,,,
mexio01,OF,,,,,,
meyeral01,P,,,,,,
meyerbe01,OF,,,,,,
meyerbe02,P,,,,,,
meyerbi01,C,,,,,,
meyerbo01,P,,,,,,
meyerbr01,P,,,,,,
meyerch01,C,,,,,,
meyerch02,2B,,,,,,
meyerda01,1B,,,,,,
meyerda02,P,,,,,,
meyerde01,P,,,,,,
meyerdr01,2B,,,,,,
meyerdu01,2B,,,,,,
meyerge01,2B,,,,,,
meyerhe01,3B,,,,,,
meyerja01,P,,,,,,
meyerja02,OF,,,,,,
meyerjo01,1B,,,,,,
meyerle01,3B,,,,,,
meyerle02,SS,,,,,,
meyerlo01,C,,,,,,
meyerma01,P,,,,,,
meyerru01,P,,,,,,
meyersc01,C,,,,,,
meylu01,P,,,,,,
miadiba01,P,,,,,,
micelda01,P,,,,,,
micelmi01,SS,,,,,,
michaca01,2B,,,,,,
michach01,P,,,,,,
michage01,SS,,,,,,
michaja01,OF,,,,,,
michajo01,P,,,,,,
michajo02,P,,,,,,
michara01,3B,,,,,,
mickeed01,1B,,,,,,
mickegl01,P,,,,,,
mickeja01,SS,,,,,,
mickejo01,P,,,,,,
mickoka01,P,,,,,,
middlja01,P,,,,,,
middlji01,P,,,,,,
middljo01,P,,,,,,
middlke01,P,,,,,,
middlwi01,3B,,,,,,
midkidi01,P,,,,,,
midkiez01,3B,,,,,,
mielkga01,P,,,,,,
mientdo01,1B,,,,,,
mierked01,OF,,,,,,
mieskma01,OF,,,,,,
miggila01,OF,,,,,,
mihaljo01,2B,,,,,,
mijarjo01,P,,,,,,
mikkepe01,P,,,,,,
mikloha01,P,,,,,,
mikolmi01,P,,,,,,
miksied01,2B,,,,,,
milacbo01,P,,,,,,
milancl01,OF,,,,,,
milanho01,OF,,,,,,
milbola01,2B,,,,,,
milchmi01,P,,,,,,
milesaa01,2B,,,,,,
milesca01,P,,,,,,
milesde01,OF,,,,,,
milesdo01,OF,,,,,,
milesji01,P,,,,,,
milesji02,OF,,,,,,
milesjo01,OF,,,,,,
mileswi01,OF,,,,,,
milesze01,OF,,,,,,
mileymi01,SS,,,,,,
mileywa01,P,,,,,,
militsa01,P,,,,,,
miljujo01,P,,,,,,
milladr01,C,,,,,,
millafe01,2B,,,,,,
millafr01,2B,,,,,,
millake01,1B,,,,,,
mille01,C,,,,,,
mille02,P,,,,,,
millea01,OF,,,,,,
millean01,P,,,,,,
millebe01,P,,,,,,
millebi01,OF,,,,,,
millebi02,OF,,,,,,
millebi03,P,,,,,,
millebi04,P,,,,,,
millebo01,P,,,,,,
millebo02,P,,,,,,
millebo03,P,,,,,,
millebo04,P,,,,,,
millebo05,P,,,,,,
millebo06,2B,,,,,,
millebr01,3B,,,,,,
millebr02,SS,,,,,,
millebr03,OF,,,,,,
millebr04,P,,,,,,
millebu01,3B,,,,,,
millebu02,P,,,,,,
milleca01,P,,,,,,
millech01,SS,,,,,,
millech02,OF,,,,,,
millecl01,P,,,,,,
milleco01,C,,,,,,
millecy01,P,,,,,,
milleda01,C,,,,,,
milleda02,C,,,,,,
milledo01,C,,,,,,
milledo02,1B,,,,,,
milledo03,OF,,,,,,
milledu01,OF,,,,,,
milledu02,OF,,,,,,
milledy01,P,,,,,,
milleed01,OF,,,,,,
milleed02,1B,,,,,,
milleed03,SS,,,,,,
milleed04,OF,,,,,,
milleel01,OF,,,,,,
milleel02,P,,,,,,
milleer01,P,,,,,,
millefl01,2B,,,,,,
millefr01,P,,,,,,
millefr02,P,,,,,,
millefr03,SS,,,,,,
millege01,C,,,,,,
milleha01,OF,,,,,,
milleha02,C,,,,,,
millehe01,P,,,,,,
millehu01,1B,,,,,,
millehu02,P,,,,,,
milleia01,OF,,,,,,
millej01,OF,,,,,,
milleja01,OF,,,,,,
milleja02,P,,,,,,
milleja03,P,,,,,,
milleja04,OF,,,,,,
milleja05,P,,,,,,
milleji01,2B,,,,,,
milleji02,P,,,,,,
millejo01,2B,,,,,,
millejo02,SS,,,,,,
millejo03,P,,,,,,
millejo04,OF,,,,,,
millejo05,SS,,,,,,
milleju01,P,,,,,,
milleju02,P,,,,,,
milleke01,2B,,,,,,
milleke02,OF,,,,,,
milleko01,2B,,,,,,
milleku01,P,,,,,,
millela01,P,,,,,,
millela02,OF,,,,,,
millele01,OF,,,,,,
millelo01,3B,,,,,,
millema01,P,,,,,,
millema02,P,,,,,,
millema03,P,,,,,,
millemi01,2B,,,,,,
millene01,1B,,,,,,
milleno01,OF,,,,,,
milleor01,SS,,,,,,
milleot01,C,,,,,,
milleot02,3B,,,,,,
milleow01,1B,,,,,,
milleox01,P,,,,,,
millepa01,P,,,,,,
millepe01,P,,,,,,
millera01,P,,,,,,
millera02,1B,,,,,,
millera03,3B,,,,,,
millera04,P,,,,,,
millera05,P,,,,,,
millere01,P,,,,,,
milleri01,OF,,,,,,
millero01,P,,,,,,
millero02,P,,,,,,
millero04,P,,,,,,
milleru01,P,,,,,,
milleru02,3B,,,,,,
millery01,P,,,,,,
millesh01,P,,,,,,
millest01,P,,,,,,
milleto01,C,,,,,,
milletr01,P,,,,,,
milletr02,P,,,,,,
millety01,P,,,,,,
millewa01,OF,,,,,,
millewa02,OF,,,,,,
millewa03,P,,,,,,
millewa04,P,,,,,,
millewa05,P,,,,,,
millewh01,P,,,,,,
millh01,OF,,,,,,
millibi01,P,,,,,,
millibo01,P,,,,,,
millieu01,OF,,,,,,
millijo01,C,,,,,,
millijo02,P,,,,,,
millira01,1B,,,,,,
millira02,2B,,,,,,
milliwa01,C,,,,,,
milloha01,2B,,,,,,
millsal01,P,,,,,,
millsal02,P,,,,,,
millsar01,P,,,,,,
millsbi01,C,,,,,,
millsbr01,3B,,,,,,
millsbr02,P,,,,,,
millsbu01,OF,,,,,,
millsch01,C,,,,,,
millsdi01,P,,,,,,
millsev01,1B,,,,,,
millsfr01,C,,,,,,
millsja01,3B,,,,,,
millsle01,P,,,,,,
millsru01,1B,,,,,,
millswi01,P,,,,,,
millswy01,P,,,,,,
millwke01,P,,,,,,
milnaal01,P,,,,,,
milnebr01,C,,,,,,
milneed01,OF,,,,,,
milneho01,P,,,,,,
milnejo01,1B,,,,,,
milnepe01,OF,,,,,,
milonto01,P,,,,,,
milosmi01,SS,,,,,,
milstge01,P,,,,,,
miltoar01,1B,,,,,,
miltoc01,PH,,,,,,
miltoer01,P,,,,,,
miltohe01,OF,,,,,,
miltola01,P,,,,,,
mimbsmi01,P,,,,,,
minahco01,P,,,,,,
minarru01,P,,,,,,
minayju01,P,,,,,,
minchdo01,1B,,,,,,
minched01,OF,,,,,,
minchna01,P,,,,,,
mincypu01,P,,,,,,
minerra01,P,,,,,,
minerza01,P,,,,,,
minetcr01,P,,,,,,
mingost01,P,,,,,,
minneda01,3B,,,,,,
minnepa01,P,,,,,,
minnido01,P,,,,,,
minorbl01,P,,,,,,
minorda01,1B,,,,,,
minorge01,OF,,,,,,
minormi01,P,,,,,,
minorry01,3B,,,,,,
minosmi01,OF,,,,,,
minshji01,P,,,,,,
minteaj01,P,,,,,,
mintogr01,P,,,,,,
mintzst01,P,,,,,,
minutgi01,P,,,,,,
miraban01,2B,,,,,,
mirabdo01,C,,,,,,
mirabju01,P,,,,,,
mirabpa01,P,,,,,,
miranan01,P,,,,,,
miranar01,P,,,,,,
miranjo01,3B,,,,,,
miranju01,1B,,,,,,
miranwi01,SS,,,,,,
mirope01,2B,,,,,,
mischpa01,P,,,,,,
misiean01,P,,,,,,
misioja01,P,,,,,,
misneka01,OF,,,,,,
missejo01,2B,,,,,,
missoji01,P,,,,,,
misurmi01,P,,,,,,
mitch01,C,,,,,,
mitchal01,P,,,,,,
mitchar01,P,,,,,,
mitchbo01,P,,,,,,
mitchbo02,OF,,,,,,
mitchbo03,OF,,,,,,
mitchbo04,P,,,,,,
mitchbr01,P,,,,,,
mitchbu01,OF,,,,,,
mitchca01,OF,,,,,,
mitchch01,P,,,,,,
mitchcl01,P,,,,,,
mitchcl02,1B,,,,,,
mitchcr01,P,,,,,,
mitchda01,OF,,,,,,
mitchdj01,P,,,,,,
mitchfr01,P,,,,,,
mitchga01,OF,,,,,,
mitchge01,P,,,,,,
mitchjo01,SS,,,,,,
mitchjo02,P,,,,,,
mitchjo03,OF,,,,,,
mitchke01,OF,,,,,,
mitchke02,OF,,,,,,
mitchla01,P,,,,,,
mitchmi01,OF,,,,,,
mitchmo01,P,,,,,,
mitchot01,2B,,,,,,
mitchpa01,P,,,,,,
mitchro01,P,,,,,,
mitchro02,C,,,,,,
mitchru01,3B,,,,,,
mitchte01,P,,,,,,
mitchwi01,P,,,,,,
mitrese01,P,,,,,,
mittege01,C,,,,,,
mittera01,OF,,,,,,
mizeca01,P,,,,,,
mizejo01,1B,,,,,,
mizelvi01,P,,,,,,
mizerjo01,C,,,,,,
mlickda01,P,,,,,,
mlodzca01,P,,,,,,
mmahake01,P,,,,,,
moateda01,OF,,,,,,
mockga01,P,,,,,,
modakmi01,P,,,,,,
moehlbr01,P,,,,,,
moellch01,C,,,,,,
moellda01,OF,,,,,,
moellde01,P,,,,,,
moelljo01,P,,,,,,
moellro01,P,,,,,,
moffejo01,1B,,,,,,
moffesa01,OF,,,,,,
moffira01,P,,,,,,
moforhe01,P,,,,,,
mogrige01,P,,,,,,
moharge01,P,,,,,,
moharjo01,OF,,,,,,
mohleki01,2B,,,,,,
mohlemi01,P,,,,,,
mohorda01,P,,,,,,
mohrdu01,OF,,,,,,
moisabi01,P,,,,,,
mokanjo01,OF,,,,,,
molefe01,1B,,,,,,
molesca01,P,,,,,,
molinan01,P,,,,,,
molinbe01,C,,,,,,
molinbo01,OF,,,,,,
molinga01,P,,,,,,
molingu01,C,,,,,,
molingu02,P,,,,,,
moliniz01,C,,,,,,
molinjo01,C,,,,,,
molinti01,C,,,,,,
molinya01,C,,,,,,
molitpa01,3B,,,,,,
molledu01,P,,,,,,
mollefr01,1B,,,,,,
mollsa01,P,,,,,,
mollwfr01,1B,,,,,,
molonri01,P,,,,,,
molynvi01,P,,,,,,
monacbl01,2B,,,,,,
monahri01,P,,,,,,
monahsh01,OF,,,,,,
monasan01,3B,,,,,,
monasca01,P,,,,,,
monbobi01,P,,,,,,
moncayo01,3B,,,,,,
moncefr01,SS,,,,,,
monchal01,SS,,,,,,
moncrca01,OF,,,,,,
mondari01,OF,,,,,,
monde01,P,,,,,,
mondera01,OF,,,,,,
mondera02,SS,,,,,,
mondona01,2B,,,,,,
moneljo01,C,,,,,,
moneydo01,3B,,,,,,
mongesi01,P,,,,,,
mongisa01,3B,,,,,,
moniami01,OF,,,,,,
monrobi01,2B,,,,,,
monrocr01,OF,,,,,,
monrodo01,2B,,,,,,
monroed01,P,,,,,,
monrofr01,C,,,,,,
monrojo01,2B,,,,,,
monrola01,P,,,,,,
monroza01,P,,,,,,
montaed01,SS,,,,,,
montaes01,OF,,,,,,
montafr01,P,,,,,,
montajo01,P,,,,,,
montalu01,OF,,,,,,
montara01,P,,,,,,
montawi01,1B,,,,,,
monteag01,P,,,,,,
monteau01,P,,,,,,
montebr01,P,,,,,,
montech01,P,,,,,,
monteco01,2B,,,,,,
monteel01,1B,,,,,,
montefe01,OF,,,,,,
monteje01,C,,,,,,
montejo01,P,,,,,,
monteke01,P,,,,,,
montema01,P,,,,,,
montemi01,C,,,,,,
montepa01,P,,,,,,
montera01,P,,,,,,
montere01,P,,,,,,
monteri01,P,,,,,,
montgal01,C,,,,,,
montgbo01,C,,,,,,
montgco01,SS,,,,,,
montgje01,P,,,,,,
montgjo01,P,,,,,,
montgma01,P,,,,,,
montgmi01,P,,,,,,
montgmo01,P,,,,,,
montgra01,OF,,,,,,
montgst01,P,,,,,,
montoch01,2B,,,,,,
montral01,2B,,,,,,
montzlu01,C,,,,,,
monzara01,P,,,,,,
monzoda01,2B,,,,,,
moockjo01,3B,,,,,,
moody01,P,,,,,,
moodybl01,P,,,,,,
moodyer01,P,,,,,,
moodyle01,1B,,,,,,
moodywi01,OF,,,,,,
moolige01,C,,,,,,
moonebi01,P,,,,,,
mooneji01,P,,,,,,
moonle01,P,,,,,,
moonwa01,OF,,,,,,
moore01,P,,,,,,
mooread01,C,,,,,,
mooreal01,OF,,,,,,
moorean01,OF,,,,,,
moorean02,P,,,,,,
moorear01,OF,,,,,,
mooreba01,P,,,,,,
mooreba02,P,,,,,,
moorebi01,P,,,,,,
moorebi02,C,,,,,,
moorebi03,1B,,,,,,
moorebo01,P,,,,,,
moorebo02,OF,,,,,,
moorebr01,P,,,,,,
mooreca01,P,,,,,,
moorech01,SS,,,,,,
moorech02,C,,,,,,
moorech03,2B,,,,,,
moorecl01,1B,,,,,,
moorecy01,P,,,,,,
moorede01,C,,,,,,
mooredo01,P,,,,,,
mooredo02,SS,,,,,,
mooredy01,OF,,,,,,
mooreea01,P,,,,,,
mooreed01,2B,,,,,,
mooreeu01,P,,,,,,
mooreeu02,OF,,,,,,
moorefe01,1B,,,,,,
moorega01,OF,,,,,,
moorege01,P,,,,,,
moorege02,P,,,,,,
moorege03,OF,,,,,,
mooreha01,OF,,,,,,
mooreha02,1B,,,,,,
mooreja01,C,,,,,,
mooreja02,OF,,,,,,
mooreje01,C,,,,,,
mooreje02,OF,,,,,,
mooreji01,P,,,,,,
mooreji02,OF,,,,,,
moorejo01,OF,,,,,,
moorejo02,OF,,,,,,
mooreju01,3B,,,,,,
mooreke01,1B,,,,,,
mooreke02,OF,,,,,,
moorema01,P,,,,,,
moorema02,P,,,,,,
mooremc01,P,,,,,,
mooremi01,P,,,,,,
mooremo01,SS,,,,,,
moorepe01,SS,,,,,,
moorera01,OF,,,,,,
moorera02,P,,,,,,
moorera03,P,,,,,,
moorere01,1B,,,,,,
moorero01,P,,,,,,
moorero02,P,,,,,,
moorero03,PH,,,,,,
mooresc01,3B,,,,,,
mooresc02,3B,,,,,,
mooresq01,P,,,,,,
moorete01,OF,,,,,,
mooreto01,P,,,,,,
mooretr01,P,,,,,,
moorety01,1B,,,,,,
moorewh01,P,,,,,,
moorewi01,P,,,,,,
moorhbo01,P,,,,,,
moosebo01,P,,,,,,
mootyja01,P,,,,,,
moraan01,OF,,,,,,
moragda01,P,,,,,,
moralca01,3B,,,,,,
moralfr01,P,,,,,,
moralfr02,P,,,,,,
moralje01,OF,,,,,,
moraljo01,1B,,,,,,
moraljo02,C,,,,,,
moralke01,1B,,,,,,
morallu01,P,,,,,,
moralos01,P,,,,,,
moralri01,SS,,,,,,
moralwi01,C,,,,,,
morame01,3B,,,,,,
moranal01,SS,,,,,,
moranbi01,C,,,,,,
moranbi02,2B,,,,,,
moranbi03,P,,,,,,
moranbr01,P,,,,,,
moranca01,3B,,,,,,
moranch01,SS,,,,,,
moranch02,C,,,,,,
moranco01,3B,,,,,,
moranfr01,OF,,,,,,
moranha01,P,,,,,,
moranhe01,OF,,,,,,
moranhi01,P,,,,,,
moranjo01,P,,,,,,
moranmi01,2B,,,,,,
moranpa01,C,,,,,,
moranro01,OF,,,,,,
moransa01,P,,,,,,
morbajo01,SS,,,,,,
mordemi01,3B,,,,,,
morefo01,P,,,,,,
morehda01,P,,,,,,
morehra01,2B,,,,,,
morehse01,P,,,,,,
morejad01,P,,,,,,
morejda01,OF,,,,,,
morelbr01,3B,,,,,,
morelch01,OF,,,,,,
morelha01,SS,,,,,,
morelke01,OF,,,,,,
morelmi01,1B,,,,,,
morelna01,P,,,,,,
morelra01,P,,,,,,
morenan01,P,,,,,,
morendi01,P,,,,,,
morened01,P,,,,,,
morenga01,C,,,,,,
morenjo01,OF,,,,,,
morenju01,P,,,,,,
morenju02,P,,,,,,
morenle01,P,,,,,,
morenom01,OF,,,,,,
morenor01,P,,,,,,
moretda01,P,,,,,,
moretro01,P,,,,,,
moreyda01,P,,,,,,
morga01,OF,,,,,,
morgaad01,P,,,,,,
morgabi01,C,,,,,,
morgabi02,OF,,,,,,
morgabo01,2B,,,,,,
morgach01,OF,,,,,,
morgacy01,P,,,,,,
morgacy02,P,,,,,,
morgada01,P,,,,,,
morgaed01,1B,,,,,,
morgaed02,OF,,,,,,
morgael01,P,,,,,,
morgajo01,3B,,,,,,
morgajo02,2B,,,,,,
morgake01,3B,,,,,,
morgale01,OF,,,,,,
morgami01,P,,,,,,
morgany01,OF,,,,,,
morgape01,OF,,,,,,
morgapi01,OF,,,,,,
morgara01,2B,,,,,,
morgare01,3B,,,,,,
morgasa01,P,,,,,,
morgato01,P,,,,,,
morgave01,3B,,,,,,
morhamo01,1B,,,,,,
moriabi01,SS,,,,,,
moriaed01,2B,,,,,,
moriage01,OF,,,,,,
moriage02,3B,,,,,,
moriami01,SS,,,,,,
morilju01,P,,,,,,
morilju02,P,,,,,,
morimsh01,P,,,,,,
morineu01,C,,,,,,
morinmi01,P,,,,,,
morlajo01,P,,,,,,
morlebi01,2B,,,,,,
mormaal01,P,,,,,,
mormaru01,1B,,,,,,
morneju01,1B,,,,,,
mornele01,SS,,,,,,
morofma01,2B,,,,,,
morogda01,P,,,,,,
moronje01,3B,,,,,,
moronji01,P,,,,,,
moronre01,P,,,,,,
morrebi01,P,,,,,,
morriaj01,P,,,,,,
morriak01,P,,,,,,
morrial01,OF,,,,,,
morriba01,P,,,,,,
morribi01,P,,,,,,
morribr01,P,,,,,,
morribu01,P,,,,,,
morrich01,P,,,,,,
morrico01,P,,,,,,
morrida01,P,,,,,,
morrido01,OF,,,,,,
morrie01,OF,,,,,,
morried01,P,,,,,,
morried02,P,,,,,,
morrife01,PH,,,,,,
morrifr01,P,,,,,,
morrigu01,P,,,,,,
morriha01,P,,,,,,
morriha02,1B,,,,,,
morrija01,2B,,,,,,
morrija02,P,,,,,,
morriji01,3B,,,,,,
morriji02,P,,,,,,
morriji03,OF,,,,,,
morrijo01,1B,,,,,,
morrijo02,3B,,,,,,
morrijo03,OF,,,,,,
morrijo04,P,,,,,,
morrijo05,2B,,,,,,
morrijo06,P,,,,,,
morrijo07,OF,,,,,,
morrilo01,1B,,,,,,
morrima01,P,,,,,,
morrimi01,P,,,,,,
morrip01,SS,,,,,,
morriph01,P,,,,,,
morrito01,3B,,,,,,
morrito02,3B,,,,,,
morriwa01,SS,,,,,,
morriwa02,2B,,,,,,
morriye01,P,,,,,,
morrobr01,P,,,,,,
morsebu01,2B,,,,,,
morseha01,SS,,,,,,
morsemi01,OF,,,,,,
mortecl01,P,,,,,,
mortobu01,OF,,,,,,
mortoca01,P,,,,,,
mortoch01,OF,,,,,,
mortoch02,P,,,,,,
mortoco01,C,,,,,,
mortogu01,P,,,,,,
mortoke01,P,,,,,,
mortosp01,P,,,,,,
mortosy01,SS,,,,,,
morynwa01,OF,,,,,,
moschro01,OF,,,,,,
moscogu01,P,,,,,,
moscojo01,P,,,,,,
mosebll01,OF,,,,,,
mosebro01,P,,,,,,
moseldu01,P,,,,,,
moselea01,P,,,,,,
moserwa01,P,,,,,,
mosesje01,C,,,,,,
mosesjo01,OF,,,,,,
mosesle01,P,,,,,,
moseswa01,OF,,,,,,
moskapa01,P,,,,,,
moskido01,1B,,,,,,
moskoda01,P,,,,,,
moslecd01,P,,,,,,
mosolji01,OF,,,,,,
mosquju01,C,,,,,,
mossbr01,OF,,,,,,
mossch01,C,,,,,,
mossda01,P,,,,,,
mossho01,OF,,,,,,
mossido01,P,,,,,,
mossle01,C,,,,,,
mossma01,P,,,,,,
mossoea01,P,,,,,,
mosspo01,P,,,,,,
mossra01,P,,,,,,
mostijo01,OF,,,,,,
motaan01,2B,,,,,,
motada01,P,,,,,,
motagu01,P,,,,,,
motajo01,2B,,,,,,
motama01,OF,,,,,,
mothedi01,2B,,,,,,
motleda01,OF,,,,,,
mottbi01,SS,,,,,,
motteja01,P,,,,,,
motteta01,SS,,,,,,
mottoch01,OF,,,,,,
mottocu01,OF,,,,,,
motzfr01,1B,,,,,,
mouldgl01,P,,,,,,
moultal01,2B,,,,,,
mouncto01,P,,,,,,
mountbi01,P,,,,,,
mountfr01,P,,,,,,
mountry01,1B,,,,,,
moustmi01,3B,,,,,,
moutoja01,OF,,,,,,
moutoly01,OF,,,,,,
mowera01,SS,,,,,,
mowremi01,3B,,,,,,
mowryjo01,OF,,,,,,
moyaga01,P,,,,,,
moyast01,OF,,,,,,
moyered01,P,,,,,,
moyerja01,P,,,,,,
moylape01,P,,,,,,
moynami01,SS,,,,,,
mroziro01,P,,,,,,
muckeza01,P,,,,,,
mudroph01,P,,,,,,
muellbi01,OF,,,,,,
muellbi02,3B,,,,,,
muelldo01,OF,,,,,,
muellgo01,P,,,,,,
muellhe01,OF,,,,,,
muellhe02,2B,,,,,,
muellle01,P,,,,,,
muellra01,C,,,,,,
muellwa01,OF,,,,,,
muellwi01,P,,,,,,
muffebi01,P,,,,,,
muichjo01,P,,,,,,
muirjo01,P,,,,,,
mujiced01,P,,,,,,
mujicjo01,P,,,,,,
mulcahu01,P,,,,,,
muldema01,P,,,,,,
muldomi01,3B,,,,,,
mulhote01,P,,,,,,
mullato01,P,,,,,,
mulle01,OF,,,,,,
mullea01,OF,,,,,,
mullebi01,3B,,,,,,
mullech01,1B,,,,,,
mulleco01,P,,,,,,
mullefr01,2B,,,,,,
mullegr01,SS,,,,,,
mullejo01,C,,,,,,
mulleky01,P,,,,,,
mullemo01,2B,,,,,,
mullesc01,P,,,,,,
mullice01,OF,,,,,,
mullidi01,P,,,,,,
mullied01,3B,,,,,,
mullifr01,3B,,,,,,
mullige01,P,,,,,,
mulligr01,P,,,,,,
mullihe01,OF,,,,,,
mulliji01,2B,,,,,,
mullijo01,3B,,,,,,
mullijo02,P,,,,,,
mullipa01,OF,,,,,,
mullira01,3B,,,,,,
mulredo01,P,,,,,,
mulrofr01,P,,,,,,
mulvejo01,3B,,,,,,
mulveke01,P,,,,,,
mumphje01,OF,,,,,,
muncejo01,OF,,,,,,
munchja01,OF,,,,,,
muncrbo01,P,,,,,,
muncyma01,3B,,,,,,
muncyma02,3B,,,,,,
mundige01,C,,,,,,
mundybi01,1B,,,,,,
mungere01,P,,,,,,
mungijo01,P,,,,,,
mungova01,P,,,,,,
munizca01,P,,,,,,
munizma01,P,,,,,,
munnho01,2B,,,,,,
munnisc01,P,,,,,,
munnsle01,P,,,,,,
munoda01,3B,,,,,,
munozan01,P,,,,,,
munozar01,P,,,,,,
munozbo01,P,,,,,,
munozjo01,2B,,,,,,
munozjo02,P,,,,,,
munozmi01,P,,,,,,
munozno01,C,,,,,,
munozos01,P,,,,,,
munozpe01,OF,,,,,,
munozro01,P,,,,,,
munozro02,P,,,,,,
munozya01,OF,,,,,,
munrope01,P,,,,,,
munsoer01,3B,,,,,,
munsojo01,OF,,,,,,
munsore01,C,,,,,,
munsoth01,C,,,,,,
muntesc01,P,,,,,,
munyajo01,C,,,,,,
murakma01,P,,,,,,
murast01,P,,,,,,
muratto01,P,,,,,,
murcebo01,OF,,,,,,
murchsi01,2B,,,,,,
murchti01,P,,,,,,
murdo01,P,,,,,,
murdono01,P,,,,,,
murdowi01,OF,,,,,,
murfepe01,P,,,,,,
murffre01,P,,,,,,
murnati01,1B,,,,,,
murph01,C,,,,,,
murph02,P,,,,,,
murph03,OF,,,,,,
murph04,PH,,,,,,
murphbi01,OF,,,,,,
murphbi02,P,,,,,,
murphbo01,P,,,,,,
murphbu01,OF,,,,,,
murphch01,P,,,,,,
murphch02,P,,,,,,
murphcl01,OF,,,,,,
murphco01,P,,,,,,
murphco02,C,,,,,,
murphda01,C,,,,,,
murphda02,2B,,,,,,
murphda03,SS,,,,,,
murphda04,P,,,,,,
murphda05,OF,,,,,,
murphda06,P,,,,,,
murphda07,OF,,,,,,
murphda08,2B,,,,,,
murphdo01,3B,,,,,,
murphdu01,SS,,,,,,
murphdw01,OF,,,,,,
murphed01,P,,,,,,
murphed02,OF,,,,,,
murphed03,1B,,,,,,
murphfr01,OF,,,,,,
murphho01,OF,,,,,,
murphjo01,P,,,,,,
murphjo02,P,,,,,,
murphjo03,SS,,,,,,
murphjo04,P,,,,,,
murphjr01,C,,,,,,
murphla01,OF,,,,,,
murphle01,C,,,,,,
murphmi01,C,,,,,,
murphmo01,C,,,,,,
murphpa01,C,,,,,,
murphpa02,P,,,,,,
murphro01,P,,,,,,
murphse01,C,,,,,,
murphto01,C,,,,,,
murphto02,P,,,,,,
murphto03,OF,,,,,,
murphto04,C,,,,,,
murphwa01,P,,,,,,
murphwi01,OF,,,,,,
murphya01,SS,,,,,,
murra01,P,,,,,,
murraaj01,P,,,,,,
murraam01,P,,,,,,
murrabi01,2B,,,,,,
murrabo01,3B,,,,,,
murraca01,OF,,,,,,
murraco01,P,,,,,,
murraco02,P,,,,,,
murrada01,P,,,,,,
murrada02,P,,,,,,
murraed01,SS,,,,,,
murraed02,1B,,,,,,
murrage01,P,,,,,,
murragl01,OF,,,,,,
murrahe01,P,,,,,,
murraja01,P,,,,,,
murraji01,OF,,,,,,
murraji02,P,,,,,,
murrajo01,P,,,,,,
murrala01,OF,,,,,,
murrama01,P,,,,,,
murrami01,C,,,,,,
murrami02,C,,,,,,
murrapa01,P,,,,,,
murrara01,C,,,,,,
murrare01,OF,,,,,,
murrari01,1B,,,,,,
murrato01,SS,,,,,,
murrato02,OF,,,,,,
murreiv01,OF,,,,,,
murtada01,2B,,,,,,
murtoma01,OF,,,,,,
muserto01,1B,,,,,,
musgrde01,P,,,,,,
musgrha01,P,,,,,,
musgrjo01,P,,,,,,
mushipa01,P,,,,,,
musiast01,OF,,,,,,
musseda01,3B,,,,,,
musseje01,P,,,,,,
mussene01,P,,,,,,
mussepa01,P,,,,,,
mussero01,P,,,,,,
mussiba01,P,,,,,,
mussimi01,P,,,,,,
mustaal01,P,,,,,,
mutisje01,P,,,,,,
muzzisi01,OF,,,,,,
myattge01,2B,,,,,,
myattgl01,C,,,,,,
myerbu01,2B,,,,,,
myersal01,2B,,,,,,
myersbe01,3B,,,,,,
myersbi01,SS,,,,,,
myersbi02,C,,,,,,
myersbr01,P,,,,,,
myersda01,OF,,,,,,
myersel01,P,,,,,,
myersge01,C,,,,,,
myersgr01,C,,,,,,
myersha01,1B,,,,,,
myershe01,SS,,,,,,
myershy01,OF,,,,,,
myersji01,P,,,,,,
myersjo01,P,,,,,,
myersly01,SS,,,,,,
myersmi01,P,,,,,,
myersra01,P,,,,,,
myersro01,P,,,,,,
myersro02,OF,,,,,,
myersto01,P,,,,,,
myerswi01,OF,,,,,,
myettaa01,P,,,,,,
myricbo01,P,,,,,,
myrowbr01,1B,,,,,,
nabhoch01,P,,,,,,
naborja01,P,,,,,,
nadyxa01,OF,,,,,,
naehrti01,3B,,,,,,
nagelbi01,2B,,,,,,
nagello01,C,,,,,,
nagelru01,OF,,,,,,
nageocl01,P,,,,,,
nagleju01,P,,,,,,
nagleto01,C,,,,,,
nagych01,P,,,,,,
nagymi01,P,,,,,,
nagyst01,P,,,,,,
nahemsa01,P,,,,,,
nahorbi01,C,,,,,,
naileja01,P,,,,,,
nakammi01,P,,,,,,
nakamno01,3B,,,,,,
naktepe01,P,,,,,,
nalewfr01,SS,,,,,,
nancedo01,OF,,,,,,
nancefr01,SS,,,,,,
nancesh01,P,,,,,,
nanceto01,P,,,,,,
napiebu01,P,,,,,,
napieeu01,C,,,,,,
napleal01,SS,,,,,,
napolda01,OF,,,,,,
napolla01,P,,,,,,
napolmi01,1B,,,,,,
naquity01,OF,,,,,,
naragha01,C,,,,,,
naranch01,P,,,,,,
nardian01,P,,,,,,
narlebi01,SS,,,,,,
narlera01,P,,,,,,
narroje01,C,,,,,,
narrosa01,C,,,,,,
narrosa02,P,,,,,,
narumbu01,P,,,,,,
narvaca01,C,,,,,,
narvaom01,C,,,,,,
narvech01,P,,,,,,
nash01,P,,,,,,
nashbi01,3B,,,,,,
nashco01,1B,,,,,,
nashge01,P,,,,,,
nashji01,P,,,,,,
nashke01,SS,,,,,,
nastrni01,P,,,,,,
nastuph01,P,,,,,,
natalro01,C,,,,,,
nathajo01,P,,,,,,
natiojo01,P,,,,,,
natonpe01,C,,,,,,
naughpa01,P,,,,,,
naultda01,P,,,,,,
navada01,OF,,,,,,
navarbr01,C,,,,,,
navardi01,C,,,,,,
navared01,P,,,,,,
navaref01,1B,,,,,,
navarja01,P,,,,,,
navarju01,P,,,,,,
navarmi01,2B,,,,,,
navaros01,SS,,,,,,
navarra01,OF,,,,,,
navarre01,2B,,,,,,
navarti01,SS,,,,,,
navarya01,3B,,,,,,
navasa01,C,,,,,,
naylobo01,C,,,,,,
nayloea01,OF,,,,,,
naylojo01,1B,,,,,,
nayloro01,P,,,,,,
naymimi01,P,,,,,,
neaglde01,P,,,,,,
neaglja01,P,,,,,,
nealbl01,P,,,,,,
nealch01,2B,,,,,,
nealegr01,OF,,,,,,
nealejo01,P,,,,,,
nealge01,2B,,,,,,
nealof01,3B,,,,,,
nealoji01,1B,,,,,,
nealth01,OF,,,,,,
nealza01,P,,,,,,
nearshe01,OF,,,,,,
necciro01,P,,,,,,
needhto01,C,,,,,,
neelera01,P,,,,,,
neeltr01,1B,,,,,,
neelyja01,P,,,,,,
neemaca01,C,,,,,,
neffdo01,3B,,,,,,
negraro01,P,,,,,,
negrokr01,OF,,,,,,
neherji01,P,,,,,,
nehfar01,P,,,,,,
neibaga01,P,,,,,,
neideni01,P,,,,,,
neidlji01,P,,,,,,
neigeal01,P,,,,,,
neighbo01,SS,,,,,,
neighcy01,OF,,,,,,
neillmi01,OF,,,,,,
neillto01,OF,,,,,,
neilra01,2B,,,,,,
neisbe01,OF,,,,,,
neitzer01,OF,,,,,,
nekolbo01,P,,,,,,
nelso01,P,,,,,,
nelsoan01,P,,,,,,
nelsoau01,PH,,,,,,
nelsobi01,P,,,,,,
nelsobr01,2B,,,,,,
nelsobr02,1B,,,,,,
nelsoca01,SS,,,,,,
nelsoch01,3B,,,,,,
nelsocl01,3B,,,,,,
nelsoda01,2B,,,,,,
nelsoem01,P,,,,,,
nelsoev01,P,,,,,,
nelsoge01,P,,,,,,
nelsoik01,OF,,,,,,
nelsoja01,C,,,,,,
nelsoje01,P,,,,,,
nelsoji01,P,,,,,,
nelsoji02,P,,,,,,
nelsojo01,P,,,,,,
nelsojo02,1B,,,,,,
nelsojo03,OF,,,,,,
nelsoky01,P,,,,,,
nelsolu01,P,,,,,,
nelsoly01,P,,,,,,
nelsome01,P,,,,,,
nelsoni01,P,,,,,,
nelsora01,2B,,,,,,
nelsore01,P,,,,,,
nelsori01,OF,,,,,,
nelsoro01,1B,,,,,,
nelsoro02,P,,,,,,
nelsoro03,1B,,,,,,
nelsory01,P,,,,,,
nelsote01,OF,,,,,,
nelsoto01,3B,,,,,,
nendi01,1B,,,,,,
nenro01,P,,,,,,
nerishe01,P,,,,,,
nesbian01,P,,,,,,
neshepa01,P,,,,,,
nessja01,1B,,,,,,
netoza01,SS,,,,,,
nettlgr01,3B,,,,,,
nettlji01,OF,,,,,,
nettlmo01,OF,,,,,,
netzemi01,3B,,,,,,
neubaha01,P,,,,,,
neuerte01,P,,,,,,
neugeni01,P,,,,,,
neumeda01,P,,,,,,
neumi01,P,,,,,,
neunjo01,1B,,,,,,
neuot01,SS,,,,,,
neusesh01,3B,,,,,,
neveler01,P,,,,,,
neverdo01,P,,,,,,
neverer01,P,,,,,,
nevinal01,3B,,,,,,
nevinph01,3B,,,,,,
nevinty01,3B,,,,,,
newbeja01,P,,,,,,
newbeji01,P,,,,,,
newcodo01,P,,,,,,
newcose01,P,,,,,,
neweljo01,3B,,,,,,
newelte01,SS,,,,,,
newelto01,P,,,,,,
newfima01,OF,,,,,,
newhada01,OF,,,,,,
newhado01,P,,,,,,
newhoha01,P,,,,,,
newkial01,P,,,,,,
newkifl01,P,,,,,,
newkijo01,P,,,,,,
newlima01,P,,,,,,
newmaal01,2B,,,,,,
newmaal02,P,,,,,,
newmach01,OF,,,,,,
newmafr01,P,,,,,,
newmaje01,C,,,,,,
newmajo01,P,,,,,,
newmake01,SS,,,,,,
newmara01,P,,,,,,
newmata01,OF,,,,,,
newmawi01,P,,,,,,
newnapa01,1B,,,,,,
newsobo01,P,,,,,,
newsodi01,P,,,,,,
newsolj01,P,,,,,,
newsoom01,P,,,,,,
newsosk01,SS,,,,,,
newsowa01,OF,,,,,,
newtodo01,P,,,,,,
ngoepgi01,2B,,,,,,
niarhgu01,C,,,,,,
nicasju01,P,,,,,,
nichoal01,3B,,,,,,
nichoar01,C,,,,,,
nichobi01,OF,,,,,,
nichobi02,P,,,,,,
nichobr01,C,,,,,,
nichoca01,C,,,,,,
nichoch01,P,,,,,,
nichoch02,P,,,,,,
nichoda01,OF,,,,,,
nichodo02,P,,,,,,
nichofr01,P,,,,,,
nichofr02,OF,,,,,,
nichoke01,SS,,,,,,
nichoki01,P,,,,,,
nichoov01,OF,,,,,,
nichopa01,2B,,,,,,
nichore01,OF,,,,,,
nichoro01,2B,,,,,,
nichoro02,P,,,,,,
nichosa01,OF,,,,,,
nichosi01,SS,,,,,,
nichotr01,P,,,,,,
nichtch01,P,,,,,,
nickemi01,C,,,,,,
nickldo01,P,,,,,,
nicolge01,OF,,,,,,
nicolhu01,OF,,,,,,
nicolju01,P,,,,,,
nicolky01,P,,,,,,
nicosst01,C,,,,,,
nidoto01,C,,,,,,
niebech01,C,,,,,,
niedda01,P,,,,,,
niedeto01,P,,,,,,
niehaal01,1B,,,,,,
niehadi01,P,,,,,,
niehobe01,2B,,,,,,
niekrjo01,P,,,,,,
niekrla01,1B,,,,,,
niekrph01,P,,,,,,
nielsje01,P,,,,,,
nielsmi01,OF,,,,,,
nielssc01,P,,,,,,
niemabo01,OF,,,,,,
niemabu01,OF,,,,,,
niemaje01,P,,,,,,
niemara01,P,,,,,,
niemeja01,P,,,,,,
niemial01,2B,,,,,,
niesejo01,P,,,,,,
niesoch01,P,,,,,,
nietoad01,C,,,,,,
nietoto01,C,,,,,,
nieuwki01,OF,,,,,,
nievefe01,P,,,,,,
nievejo01,SS,,,,,,
nieveju01,P,,,,,,
nieveme01,OF,,,,,,
nievewi01,C,,,,,,
nifu01,P,,,,,,
niggejo01,P,,,,,,
nikhado01,P,,,,,,
nilanto01,OF,,,,,,
nilesbi01,3B,,,,,,
nilesha01,OF,,,,,,
nillra01,2B,,,,,,
nilssda01,C,,,,,,
nimmobr01,OF,,,,,,
nippeal01,P,,,,,,
nippedu01,P,,,,,,
nippeme01,P,,,,,,
nischro01,P,,,,,,
nishits01,SS,,,,,,
nitchot01,P,,,,,,
nitkocj01,P,,,,,,
nittovi01,P,,,,,,
nivarra01,OF,,,,,,
nixja01,3B,,,,,,
nixja02,P,,,,,,
nixla01,OF,,,,,,
nixonal01,OF,,,,,,
nixondo01,OF,,,,,,
nixonot01,OF,,,,,,
nixonru01,C,,,,,,
nixontr01,OF,,,,,,
nixonwi01,P,,,,,,
nixonwi02,OF,,,,,,
noblebi01,P,,,,,,
noblera01,C,,,,,,
noboaju01,2B,,,,,,
nocepa01,2B,,,,,,
nodary01,1B,,,,,,
noeljh01,OF,,,,,,
noelri01,OF,,,,,,
noesihe01,P,,,,,,
noftsge01,OF,,,,,,
nogosst01,P,,,,,,
nogowjo01,1B,,,,,,
nokesma01,C,,,,,,
nolaaa01,P,,,,,,
nolaau01,C,,,,,,
nolan01,C,,,,,,
nolan02,1B,,,,,,
nolanga01,P,,,,,,
nolanjo01,C,,,,,,
nolanth01,P,,,,,,
nolasri01,P,,,,,,
nolddi01,P,,,,,,
nolesdi01,P,,,,,,
nolinse01,P,,,,,,
nollja01,1B,,,,,,
nolteer01,P,,,,,,
nomohi01,P,,,,,,
nomurta01,P,,,,,,
nonnere01,OF,,,,,,
noonani01,2B,,,,,,
noonape01,C,,,,,,
nootbla01,OF,,,,,,
nopsje01,P,,,,,,
norbejo01,P,,,,,,
norbyco01,3B,,,,,,
nordbti01,SS,,,,,,
nordhwa01,OF,,,,,,
nordylo01,1B,,,,,,
norenir01,OF,,,,,,
noriejo01,P,,,,,,
normabi01,OF,,,,,,
normabi02,P,,,,,,
normada01,OF,,,,,,
normael01,SS,,,,,,
normafr01,P,,,,,,
normaga01,OF,,,,,,
normaji01,3B,,,,,,
normale01,OF,,,,,,
normane01,SS,,,,,,
norribu01,P,,,,,,
norrida01,P,,,,,,
norride01,C,,,,,,
norriji01,OF,,,,,,
norrile01,SS,,,,,,
norrimi01,P,,,,,,
northaa01,P,,,,,,
northbi01,OF,,,,,,
northhu01,OF,,,,,,
northja01,P,,,,,,
northji01,OF,,,,,,
northlo01,P,,,,,,
northlo02,OF,,,,,,
northro01,OF,,,,,,
northsc01,OF,,,,,,
norto01,PR,,,,,,
nortoef01,P,,,,,,
nortofr01,3B,,,,,,
nortogr01,3B,,,,,,
nortoph01,P,,,,,,
nortoto01,P,,,,,,
norwoja01,P,,,,,,
norwowi01,OF,,,,,,
nosekra01,P,,,,,,
nossejo01,OF,,,,,,
nottedo01,P,,,,,,
nottija01,C,,,,,,
noursch01,P,,,,,,
novaiv01,P,,,,,,
noviklo01,OF,,,,,,
novoara01,P,,,,,,
novoaro01,P,,,,,,
novotru01,C,,,,,,
noyeswi01,P,,,,,,
nunamle01,C,,,,,,
nunezab01,3B,,,,,,
nunezab02,OF,,,,,,
nunezda01,P,,,,,,
nunezde01,P,,,,,,
nunezdo01,C,,,,,,
nunezed01,P,,,,,,
nunezed02,3B,,,,,,
nunezed03,P,,,,,,
nunezfr01,P,,,,,,
nunezjh01,P,,,,,,
nunezjo01,P,,,,,,
nunezjo02,P,,,,,,
nunezle01,P,,,,,,
nunezna01,SS,,,,,,
nunezre01,3B,,,,,,
nunezvl01,P,,,,,,
nunlebu01,1B,,,,,,
nunnajo01,OF,,,,,,
nunnata01,1B,,,,,,
nunnho01,P,,,,,,
nunovi01,P,,,,,,
nuszem01,OF,,,,,,
nutalbi01,P,,,,,,
nuttedi01,OF,,,,,,
nuxhajo01,P,,,,,,
nycech01,SS,,,,,,
nyeri01,P,,,,,,
nyery01,P,,,,,,
nymanch01,1B,,,,,,
nymanje01,P,,,,,,
nymanny01,OF,,,,,,
oakesre01,OF,,,,,,
oaklech01,P,,,,,,
oakstr01,P,,,,,,
oanapr01,P,,,,,,
oatesjo01,C,,,,,,
obandsh01,OF,,,,,,
oberba01,P,,,,,,
oberbhe01,OF,,,,,,
obergsc01,P,,,,,,
oberhbr01,P,,,,,,
oberkke01,3B,,,,,,
oberldo01,P,,,,,,
oberlfr01,P,,,,,,
obermwe01,P,,,,,,
oberrmi01,C,,,,,,
obradji01,1B,,,,,,
obriebi01,1B,,,,,,
obriebo01,P,,,,,,
obriebu01,P,,,,,,
obriech01,C,,,,,,
obrieda01,OF,,,,,,
obrieda02,P,,,,,,
obrieda03,P,,,,,,
obriedi01,C,,,,,,
obrieed01,SS,,,,,,
obriege01,C,,,,,,
obrieja01,C,,,,,,
obrieja02,OF,,,,,,
obriejo01,OF,,,,,,
obriejo02,2B,,,,,,
obriejo03,2B,,,,,,
obriepe01,2B,,,,,,
obriepe02,2B,,,,,,
obriepe03,1B,,,,,,
obriepe04,OF,,,,,,
obriera01,OF,,,,,,
obrieri01,P,,,,,,
obriesy01,3B,,,,,,
obrieto01,2B,,,,,,
obrieto02,OF,,,,,,
obrieto03,OF,,,,,,
obryawi01,OF,,,,,,
ochoaal01,OF,,,,,,
ochoaiv01,SS,,,,,,
ockeywa01,P,,,,,,
ockwh01,C,,,,,,
oconnan01,P,,,,,,
oconnbr01,P,,,,,,
oconnda01,1B,,,,,,
oconnda02,2B,,,,,,
oconnfr01,P,,,,,,
oconnja01,C,,,,,,
oconnja02,P,,,,,,
oconnji01,OF,,,,,,
oconnjo01,2B,,,,,,
oconnjo02,C,,,,,,
oconnjo03,C,,,,,,
oconnmi01,P,,,,,,
oconnpa01,OF,,,,,,
oconnpa02,C,,,,,,
odayda01,P,,,,,,
odayha01,P,,,,,,
odeake01,C,,,,,,
odeapa01,OF,,,,,,
odellbi01,P,,,,,,
odenjo01,3B,,,,,,
odenwte01,P,,,,,,
odombl01,P,,,,,,
odomda01,P,,,,,,
odomhe01,3B,,,,,,
odomjo01,C,,,,,,
odomsa01,P,,,,,,
odonnge01,P,,,,,,
odonnha01,C,,,,,,
odonnjo01,C,,,,,,
odonojo01,P,,,,,,
odonojo02,P,,,,,,
odorija01,P,,,,,,
odorro01,2B,,,,,,
odoulle01,OF,,,,,,
odwelfr01,OF,,,,,,
oelkebr01,P,,,,,,
oeltjtr01,OF,,,,,,
oertech01,OF,,,,,,
oeschjo01,P,,,,,,
oestero01,2B,,,,,,
ofarrbo01,C,,,,,,
offerjo01,SS,,,,,,
officro01,OF,,,,,,
offutmo01,P,,,,,,
oflaher01,P,,,,,,
ogandal01,P,,,,,,
ogandcr01,P,,,,,,
ogandne01,P,,,,,,
ogasash01,P,,,,,,
ogdencu01,P,,,,,,
ogdenja01,P,,,,,,
ogeach01,P,,,,,,
oglesji01,1B,,,,,,
oglivbe01,OF,,,,,,
ogradbr01,OF,,,,,,
ogradch01,P,,,,,,
ogrodbr01,C,,,,,,
ogrodjo01,P,,,,,,
ohageha01,1B,,,,,,
ohallgr01,C,,,,,,
oharabi01,OF,,,,,,
oharaki01,OF,,,,,,
oharato01,OF,,,,,,
ohearry01,1B,,,,,,
ohkato01,P,,,,,,
ohlenro01,P,,,,,,
ohljo01,P,,,,,,
ohlmami01,C,,,,,,
ohlpi01,P,,,,,,
ohmanwi01,P,,,,,,
ohmeke01,P,,,,,,
ohopplo01,C,,,,,,
ohse01,P,,,,,,
ohtansh01,P,,,,,,
ojalaki01,P,,,,,,
ojedaau01,2B,,,,,,
ojedabo01,P,,,,,,
ojedami01,C,,,,,,
okajihi01,P,,,,,,
okeef01,PH,,,,,,
okeefbr01,C,,,,,,
okertst01,P,,,,,,
okeych01,C,,,,,,
okriefr01,P,,,,,,
okriele01,C,,,,,,
olandji01,OF,,,,,,
olavepe01,P,,,,,,
oldfida01,C,,,,,,
oldhaji01,P,,,,,,
oldhare01,P,,,,,,
oldisbo01,C,,,,,,
oldriru01,OF,,,,,,
olearch01,SS,,,,,,
olearda01,OF,,,,,,
oleartr01,OF,,,,,,
olerujo01,1B,,,,,,
olinfr01,OF,,,,,,
olinst01,P,,,,,,
olivaed01,OF,,,,,,
olivaed02,OF,,,,,,
olivaja01,OF,,,,,,
olivajo01,3B,,,,,,
olivaom01,P,,,,,,
olivato01,OF,,,,,,
oliveal01,OF,,,,,,
olivean01,P,,,,,,
olivebo01,1B,,,,,,
oliveda01,2B,,,,,,
oliveda02,P,,,,,,
olivefr01,P,,,,,,
olivege01,C,,,,,,
olivehe01,3B,,,,,,
oliveji01,SS,,,,,,
olivejo01,C,,,,,,
olivejo02,OF,,,,,,
olivele01,P,,,,,,
olivena01,2B,,,,,,
oliveto01,OF,,,,,,
olivoch01,P,,,,,,
olivodi01,P,,,,,,
olivomi01,C,,,,,,
ollerad01,P,,,,,,
ollomji01,P,,,,,,
olmedra01,SS,,,,,,
olmolu01,OF,,,,,,
olmosed01,P,,,,,,
olmstal01,P,,,,,,
olmstfr01,P,,,,,,
olmstha01,P,,,,,,
olougja01,P,,,,,,
olsenba01,OF,,,,,,
olsenke01,P,,,,,,
olsenol01,P,,,,,,
olsensc01,P,,,,,,
olsenve01,P,,,,,,
olsonga01,P,,,,,,
olsongr01,P,,,,,,
olsongr02,C,,,,,,
olsoniv01,SS,,,,,,
olsonka01,OF,,,,,,
olsonma01,2B,,,,,,
olsonma02,1B,,,,,,
olsonre01,P,,,,,,
olsonte01,P,,,,,,
olsonti01,3B,,,,,,
olsonty01,P,,,,,,
oltmi01,3B,,,,,,
olwined01,P,,,,,,
omallry01,P,,,,,,
omallsh01,OF,,,,,,
omallto01,3B,,,,,,
omaraol01,SS,,,,,,
omead01,PH,,,,,,
omearto01,C,,,,,,
omogrbr01,P,,,,,,
omsal01,OF,,,,,,
onajo01,OF,,,,,,
ondrulo01,P,,,,,,
oneal01,OF,,,,,,
oneallu01,C,,,,,,
onealra01,P,,,,,,
onealsk01,P,,,,,,
oneilbi01,OF,,,,,,
oneilbu01,1B,,,,,,
oneilch01,C,,,,,,
oneilde01,1B,,,,,,
oneiled01,P,,,,,,
oneilem01,P,,,,,,
oneilfr01,OF,,,,,,
oneilha01,P,,,,,,
oneilha02,C,,,,,,
oneilj01,P,,,,,,
oneilja01,C,,,,,,
oneilji01,SS,,,,,,
oneiljo01,C,,,,,,
oneiljo02,SS,,,,,,
oneilmi01,P,,,,,,
oneilmi02,C,,,,,,
oneilpa01,OF,,,,,,
oneilpe01,C,,,,,,
oneilst01,C,,,,,,
oneilti01,OF,,,,,,
oneilty01,OF,,,,,,
onisra01,C,,,,,,
onsloed01,1B,,,,,,
onsloja01,C,,,,,,
ontivst01,3B,,,,,,
ontivst02,P,,,,,,
oquenjo01,2B,,,,,,
oquismi01,P,,,,,,
orang01,OF,,,,,,
oranggr01,2B,,,,,,
oranto01,OF,,,,,,
oraveer01,OF,,,,,,
ordazlu01,SS,,,,,,
ordento01,SS,,,,,,
ordonma01,OF,,,,,,
ordonre01,SS,,,,,,
orengjo01,3B,,,,,,
orfna01,2B,,,,,,
orieke01,3B,,,,,,
oriledo01,P,,,,,,
orlanpa01,OF,,,,,,
ormecl01,2B,,,,,,
ormege01,OF,,,,,,
orndoje01,C,,,,,,
orneljo01,SS,,,,,,
ornelti01,OF,,,,,,
oropeed01,P,,,,,,
oroscje01,P,,,,,,
orour01,P,,,,,,
orourfr01,3B,,,,,,
orourji01,OF,,,,,,
orourjo01,OF,,,,,,
orourmi01,P,,,,,,
orourpa01,SS,,,,,,
orourqu01,OF,,,,,,
orourry01,P,,,,,,
orourti01,3B,,,,,,
orourto01,C,,,,,,
orrbi01,SS,,,,,,
orrda01,1B,,,,,,
orreljo01,P,,,,,,
orrpe01,2B,,,,,,
orsater01,OF,,,,,,
orsinjo01,C,,,,,,
orsuljo01,OF,,,,,,
ortajo01,2B,,,,,,
ortegan01,P,,,,,,
ortegjo01,P,,,,,,
ortegol01,P,,,,,,
ortegph01,P,,,,,,
ortegra01,OF,,,,,,
ortenfr01,1B,,,,,,
orthal01,P,,,,,,
ortizba01,P,,,,,,
ortizda01,1B,,,,,,
ortizda02,OF,,,,,,
ortizhe01,C,,,,,,
ortizja01,OF,,,,,,
ortizjo01,OF,,,,,,
ortizjo02,2B,,,,,,
ortizjo05,P,,,,,,
ortizjo06,SS,,,,,,
ortizju01,C,,,,,,
ortizlu01,3B,,,,,,
ortizlu02,P,,,,,,
ortizlu03,P,,,,,,
ortizra01,P,,,,,,
ortizra02,P,,,,,,
ortizro01,OF,,,,,,
ortizru01,P,,,,,,
ortka01,P,,,,,,
ortmeda01,OF,,,,,,
ortonjo01,C,,,,,,
orvelch01,P,,,,,,
orwolos01,P,,,,,,
orzeer01,P,,,,,,
osborbo01,P,,,,,,
osborbo02,1B,,,,,,
osbordo01,P,,,,,,
osborfr01,OF,,,,,,
osborfr02,OF,,,,,,
osboroz01,P,,,,,,
osborti01,P,,,,,,
osborwa01,P,,,,,,
osburpa01,P,,,,,,
osgooch01,P,,,,,,
osichjo01,P,,,,,,
osikke01,C,,,,,,
osinsda01,P,,,,,,
osleyju01,P,,,,,,
osorifr01,P,,,,,,
ostdiha01,C,,,,,,
osteech01,SS,,,,,,
osteecl01,P,,,,,,
osteeda01,P,,,,,,
ostenfr01,P,,,,,,
osterbi01,P,,,,,,
osterch01,C,,,,,,
osterfr01,P,,,,,,
ostinji01,P,,,,,,
ostrobr01,SS,,,,,,
ostrojo01,OF,,,,,,
ostrojo02,P,,,,,,
osullse01,P,,,,,,
osunaal01,P,,,,,,
osunaal02,OF,,,,,,
osunaan01,P,,,,,,
osunajo01,OF,,,,,,
osunaro01,P,,,,,,
oswalco01,P,,,,,,
oswalro01,P,,,,,,
otanemi01,P,,,,,,
otanewi01,3B,,,,,,
oteroda01,P,,,,,,
oterore01,1B,,,,,,
oterori01,OF,,,,,,
oteybi01,P,,,,,,
otisam01,OF,,,,,,
otisbi01,OF,,,,,,
otisha01,P,,,,,,
otoolde01,P,,,,,,
otoolji01,P,,,,,,
otoolma01,P,,,,,,
otsukak01,P,,,,,,
ottavad01,P,,,,,,
ottbi01,OF,,,,,,
otted01,C,,,,,,
ottenji01,P,,,,,,
ottenjo01,C,,,,,,
otterbi01,SS,,,,,,
ottme01,OF,,,,,,
ottoda01,P,,,,,,
ottogl01,P,,,,,,
ouellph01,C,,,,,,
oullijo01,OF,,,,,,
ouslegu01,SS,,,,,,
outench01,C,,,,,,
outlaji01,OF,,,,,,
outmaja01,OF,,,,,,
outmajo01,P,,,,,,
overaor01,P,,,,,,
overbly01,1B,,,,,,
overmst01,P,,,,,,
overtal01,P,,,,,,
overtco01,P,,,,,,
overtdi01,P,,,,,,
overymi01,P,,,,,,
oviedjo01,P,,,,,,
oviedlu01,P,,,,,,
ovitzer01,P,,,,,,
owchibo01,P,,,,,,
owenda01,SS,,,,,,
owenfr01,P,,,,,,
owenhu01,OF,,,,,,
owenla01,C,,,,,,
owenma01,3B,,,,,,
owenmi01,C,,,,,,
owensal01,P,,,,,,
owensau01,P,,,,,,
owensde01,SS,,,,,,
owenser01,OF,,,,,,
owensfr01,C,,,,,,
owenshe01,P,,,,,,
owenshe02,P,,,,,,
owensja01,C,,,,,,
owensja02,C,,,,,,
owensje01,OF,,,,,,
owensji01,P,,,,,,
owensju01,2B,,,,,,
owensos01,OF,,,,,,
owensp01,SS,,,,,,
owensre01,2B,,,,,,
owensro01,P,,,,,,
owensru01,P,,,,,,
owenssm01,P,,,,,,
owenssy01,OF,,,,,,
owensty01,P,,,,,,
owenswi01,SS,,,,,,
owingch01,SS,,,,,,
owingmi01,P,,,,,,
ownberi01,P,,,,,,
oxleyhe01,C,,,,,,
oxsprch01,P,,,,,,
oyleran01,3B,,,,,,
oylerra01,SS,,,,,,
ozmerdo01,P,,,,,,
ozunama01,OF,,,,,,
ozunapa01,2B,,,,,,
paborch01,OF,,,,,,
pabsted01,OF,,,,,,
pacebr01,C,,,,,,
paceed01,OF,,,,,,
paceljo01,P,,,,,,
pacheal01,P,,,,,,
pachecr01,OF,,,,,,
pachejo01,1B,,,,,,
pacilpa01,P,,,,,,
pacioji01,1B,,,,,,
paciojo01,OF,,,,,,
pacioto01,OF,,,,,,
package01,P,,,,,,
pactwjo01,P,,,,,,
paddach01,P,,,,,,
paddedi01,2B,,,,,,
paddeto01,C,,,,,,
paddode01,3B,,,,,,
padgedo01,C,,,,,,
padgeer01,3B,,,,,,
padiljo01,OF,,,,,,
padilju01,P,,,,,,
padilni01,P,,,,,,
padilvi01,P,,,,,,
padloke01,1B,,,,,,
padroju01,P,,,,,,
padrolu01,OF,,,,,,
paepkde01,C,,,,,,
pafkoan01,OF,,,,,,
paganan01,OF,,,,,,
paganda01,P,,,,,,
paganem01,P,,,,,,
paganjo01,SS,,,,,,
page01,P,,,,,,
page02,OF,,,,,,
pagejo01,P,,,,,,
pagelka01,1B,,,,,,
pagemi01,OF,,,,,,
pagemi02,OF,,,,,,
pageph01,P,,,,,,
pagesa01,P,,,,,,
pagesan01,OF,,,,,,
pagespe01,C,,,,,,
pagespe02,OF,,,,,,
pagete01,OF,,,,,,
pageva01,P,,,,,,
pagliji01,C,,,,,,
paglimi01,3B,,,,,,
pagnoma01,C,,,,,,
pagnoto01,C,,,,,,
paigehe01,OF,,,,,,
paigepa01,P,,,,,,
paigesa01,P,,,,,,
paineph01,P,,,,,,
paintla01,P,,,,,,
palacje01,SS,,,,,,
palacjo01,OF,,,,,,
palacre01,C,,,,,,
palacri01,OF,,,,,,
palacvi01,P,,,,,,
palagmi01,P,,,,,,
palenda01,P,,,,,,
palicer01,P,,,,,,
palisja01,P,,,,,,
palkada01,OF,,,,,,
pallaan01,P,,,,,,
palldo01,P,,,,,,
palmaal01,P,,,,,,
palmbo01,C,,,,,,
palmcl01,C,,,,,,
palme01,P,,,,,,
palmecu01,OF,,,,,,
palmeda01,P,,,,,,
palmede01,3B,,,,,,
palmeea01,OF,,,,,,
palmeed01,3B,,,,,,
palmeem01,P,,,,,,
palmeji01,P,,,,,,
palmele01,2B,,,,,,
palmelo01,P,,,,,,
palmema01,P,,,,,,
palmeor01,OF,,,,,,
palmera01,1B,,,,,,
palmijo01,C,,,,,,
palmmi01,P,,,,,,
palmqca01,P,,,,,,
palmqed01,P,,,,,,
palomem01,OF,,,,,,
palumjo01,P,,,,,,
palysst01,OF,,,,,,
paniajo01,P,,,,,,
panie01,OF,,,,,,
panikjo01,2B,,,,,,
pankoji01,2B,,,,,,
pannoth01,P,,,,,,
panthji01,P,,,,,,
papaial01,P,,,,,,
papajo01,P,,,,,,
papeke01,SS,,,,,,
papela01,P,,,,,,
papeljo01,P,,,,,,
papiemi01,C,,,,,,
papisfr01,P,,,,,,
papist01,3B,,,,,,
pappaer01,C,,,,,,
pappajo01,P,,,,,,
pappami01,P,,,,,,
paquecr01,3B,,,,,,
pardejo01,C,,,,,,
pardoal01,C,,,,,,
pareded01,P,,,,,,
pareded02,P,,,,,,
pareden01,P,,,,,,
paredis01,3B,,,,,,
paredji01,OF,,,,,,
paredjo01,2B,,,,,,
paredpa01,P,,,,,,
parenfr01,SS,,,,,,
parenma01,C,,,,,,
pariske01,3B,,,,,,
parisky01,2B,,,,,,
parismi01,P,,,,,,
paristo01,C,,,,,,
parkby01,1B,,,,,,
parkch01,P,,,,,,
parke01,OF,,,,,,
parke02,1B,,,,,,
parke03,P,,,,,,
parkeac01,SS,,,,,,
parkeal01,P,,,,,,
parkebi01,2B,,,,,,
parkebl01,P,,,,,,
parkech01,P,,,,,,
parkecl01,P,,,,,,
parkeda01,OF,,,,,,
parkedi01,C,,,,,,
parkedo01,P,,,,,,
parkeha01,P,,,,,,
parkeha02,P,,,,,,
parkeja01,P,,,,,,
parkeja02,P,,,,,,
parkeja03,OF,,,,,,
parkeky01,OF,,,,,,
parkemi01,P,,,,,,
parkepa01,OF,,,,,,
parkeri01,OF,,,,,,
parkero01,P,,,,,,
parkesa01,SS,,,,,,
parkeso01,P,,,,,,
parketo01,OF,,,,,,
parkewe01,1B,,,,,,
parkho01,2B,,,,,,
parkifr01,2B,,,,,,
parkji01,P,,,,,,
parksar01,OF,,,,,,
parksbi01,OF,,,,,,
parksch01,C,,,,,,
parksde01,C,,,,,,
parksjo01,C,,,,,,
parkssl01,P,,,,,,
parkswi01,SS,,,,,,
parmech01,OF,,,,,,
parmero01,P,,,,,,
parmlia01,OF,,,,,,
parnebo01,P,,,,,,
parneme01,P,,,,,,
parnero01,OF,,,,,,
parnhru01,P,,,,,,
paronch01,P,,,,,,
parpeag01,1B,,,,,,
parquji01,P,,,,,,
parrage01,OF,,,,,,
parrajo01,P,,,,,,
parrajo02,P,,,,,,
parrama01,P,,,,,,
parrama02,1B,,,,,,
parreje01,P,,,,,,
parrian01,SS,,,,,,
parricl01,3B,,,,,,
parrijo01,P,,,,,,
parrila01,3B,,,,,,
parrila02,C,,,,,,
parrisa01,OF,,,,,,
parrist01,P,,,,,,
parrja01,P,,,,,,
parroji01,3B,,,,,,
parromi01,P,,,,,,
parroto01,OF,,,,,,
parsobi01,P,,,,,,
parsoca01,OF,,,,,,
parsoch01,P,,,,,,
parsodi01,C,,,,,,
parsoji01,P,,,,,,
parsoto01,P,,,,,,
parsowe01,P,,,,,,
partccu01,P,,,,,,
partero01,C,,,,,,
partest01,3B,,,,,,
partest02,P,,,,,,
partlro01,P,,,,,,
partrja01,2B,,,,,,
paschbe01,OF,,,,,,
paschbi01,P,,,,,,
pascuca01,P,,,,,,
pascuca02,P,,,,,,
pascuva01,OF,,,,,,
pasekjo01,C,,,,,,
pashnla01,P,,,,,,
paskedo01,OF,,,,,,
pasleke01,C,,,,,,
pasquda01,OF,,,,,,
pasqumi01,1B,,,,,,
pasquvi01,1B,,,,,,
passecl01,P,,,,,,
pastocl01,3B,,,,,,
pastofr01,P,,,,,,
pastoji01,P,,,,,,
pastope01,P,,,,,,
pastoty01,SS,,,,,,
patebo01,OF,,,,,,
patejo01,P,,,,,,
patekfr01,SS,,,,,,
paterjo01,P,,,,,,
patinlu01,P,,,,,,
patribo01,OF,,,,,,
patribr01,P,,,,,,
patrich01,P,,,,,,
patte01,OF,,,,,,
patte02,P,,,,,,
pattebo01,P,,,,,,
patteca01,P,,,,,,
pattecl01,OF,,,,,,
patteco01,OF,,,,,,
patteda01,OF,,,,,,
patteda02,P,,,,,,
patteda03,P,,,,,,
patteda04,P,,,,,,
patteer01,OF,,,,,,
pattega01,OF,,,,,,
pattegi01,P,,,,,,
patteha01,2B,,,,,,
patteha02,1B,,,,,,
patteha03,C,,,,,,
patteja01,3B,,,,,,
patteje01,P,,,,,,
pattejo01,2B,,,,,,
pattejo02,P,,,,,,
pattejo03,OF,,,,,,
pattejo04,OF,,,,,,
patteke01,P,,,,,,
pattemi01,OF,,,,,,
pattepa01,3B,,,,,,
pattepa02,2B,,,,,,
pattere01,P,,,,,,
pattere02,P,,,,,,
pattero01,P,,,,,,
pattesc01,P,,,,,,
pattige01,OF,,,,,,
pattiji01,P,,,,,,
pattima01,P,,,,,,
pattobi01,C,,,,,,
pattoda01,P,,,,,,
pattoe01,P,,,,,,
pattoha01,P,,,,,,
pattoja01,OF,,,,,,
pattosp01,P,,,,,,
pattoto01,C,,,,,,
pattotr01,P,,,,,,
paulaca01,OF,,,,,,
pauleda01,P,,,,,,
paulege01,1B,,,,,,
paulegr01,3B,,,,,,
paulida01,P,,,,,,
paulife01,P,,,,,,
pauliro01,C,,,,,,
pauljo01,C,,,,,,
paullo01,C,,,,,,
paulmi01,P,,,,,,
paulsbe01,1B,,,,,,
paulsgi01,P,,,,,,
paulxa01,OF,,,,,,
pauxtsi01,C,,,,,,
pavanca01,P,,,,,,
pavlada01,P,,,,,,
pavledo01,C,,,,,,
pavliro01,P,,,,,,
pawelte01,C,,,,,,
pawlojo01,P,,,,,,
pawlost01,2B,,,,,,
paxtoja01,P,,,,,,
paxtomi01,P,,,,,,
payamjo01,P,,,,,,
payanpe01,P,,,,,,
payne01,P,,,,,,
payne02,2B,,,,,,
paynean01,OF,,,,,,
payneer01,OF,,,,,,
paynefr01,C,,,,,,
paynege01,P,,,,,,
payneha01,P,,,,,,
paynemi01,P,,,,,,
payneru01,OF,,,,,,
payneto01,OF,,,,,,
paynety01,C,,,,,,
payntge01,OF,,,,,,
paytoja01,OF,,,,,,
paytoma01,OF,,,,,,
pazikmi01,P,,,,,,
pazosja01,P,,,,,,
peacewa01,P,,,,,,
peacobr01,P,,,,,,
peacojo01,C,,,,,,
peacoma01,P,,,,,,
peacope01,3B,,,,,,
peakel01,2B,,,,,,
pearcdi01,SS,,,,,,
pearcdu01,C,,,,,,
pearcfr01,P,,,,,,
pearcfr02,P,,,,,,
pearcge01,P,,,,,,
pearcha01,2B,,,,,,
pearcji01,P,,,,,,
pearcjo01,P,,,,,,
pearcst01,OF,,,,,,
pearsal01,P,,,,,,
pearsal02,OF,,,,,,
pearsfr01,P,,,,,,
pearsfr02,P,,,,,,
pearsik01,P,,,,,,
pearsja01,P,,,,,,
pearsle01,1B,,,,,,
pearsle02,OF,,,,,,
pearsmo01,P,,,,,,
pearsna01,P,,,,,,
pearste01,P,,,,,,
peaslma01,P,,,,,,
peatrma01,1B,,,,,,
peavyja01,P,,,,,,
pechige01,P,,,,,,
pechoch01,3B,,,,,,
peckha01,OF,,,,,,
peckiro01,SS,,,,,,
pecotbi01,3B,,,,,,
pedemma01,P,,,,,,
pedenle01,C,,,,,,
pederjo01,OF,,,,,,
pederst01,OF,,,,,,
pedrejo01,C,,,,,,
pedrial01,SS,,,,,,
pedroch01,OF,,,,,,
pedrodu01,2B,,,,,,
pedroeu01,1B,,,,,,
pedrora01,1B,,,,,,
peekst01,P,,,,,,
peelho01,OF,,,,,,
peeplna01,C,,,,,,
peersja01,SS,,,,,,
peeryre01,P,,,,,,
peetech01,OF,,,,,,
peffemo01,SS,,,,,,
pegueca01,OF,,,,,,
pegueel01,P,,,,,,
peguefr01,OF,,,,,,
pegueja01,P,,,,,,
peguejo01,P,,,,,,
pegueju01,OF,,,,,,
pegueli01,SS,,,,,,
peguest01,OF,,,,,,
peitzhe01,C,,,,,,
peitzjo01,OF,,,,,,
pelaeal01,1B,,,,,,
pelfrmi01,P,,,,,,
pelhacd01,P,,,,,,
pelhado01,OF,,,,,,
pellaed01,SS,,,,,,
pelloki01,OF,,,,,,
peloulo01,OF,,,,,,
peltida01,OF,,,,,,
peltyba01,P,,,,,,
peltzjo01,OF,,,,,,
pembebr01,1B,,,,,,
pembeda01,P,,,,,,
pemberu01,OF,,,,,,
penaal01,P,,,,,,
penaan01,C,,,,,,
penaar01,P,,,,,,
penabe01,SS,,,,,,
penabr01,C,,,,,,
penaca01,1B,,,,,,
penael01,2B,,,,,,
penafe01,P,,,,,,
penafr01,C,,,,,,
penage01,2B,,,,,,
penahi01,P,,,,,,
penaje01,P,,,,,,
penaje02,SS,,,,,,
penaji01,P,,,,,,
penajo01,P,,,,,,
penaju01,P,,,,,,
penal01,1B,,,,,,
penaor01,P,,,,,,
penara01,P,,,,,,
penara02,3B,,,,,,
penaro01,SS,,,,,,
penato01,C,,,,,,
penato02,SS,,,,,,
penato03,P,,,,,,
penawi01,OF,,,,,,
penceel01,OF,,,,,,
pencehu01,OF,,,,,,
penceru01,P,,,,,,
pendlji01,OF,,,,,,
pendlla01,P,,,,,,
pendlte01,3B,,,,,,
penneke01,P,,,,,,
pennha01,P,,,,,,
penniar01,OF,,,,,,
pennibr01,P,,,,,,
pennicl01,SS,,,,,,
pennike01,P,,,,,,
penniwa01,P,,,,,,
pennohe01,P,,,,,,
pennsh01,2B,,,,,,
pennybr01,P,,,,,,
pennywi01,OF,,,,,,
penroza01,P,,,,,,
pensopa01,P,,,,,,
pentzge01,P,,,,,,
peoplji01,C,,,,,,
pepiory01,P,,,,,,
pepitjo01,1B,,,,,,
peplohe01,3B,,,,,,
peplope01,3B,,,,,,
peppebo01,P,,,,,,
peppedo01,1B,,,,,,
peppeha01,P,,,,,,
peppela01,P,,,,,,
peppera01,OF,,,,,,
peralda01,OF,,,,,,
peralfr01,P,,,,,,
peraljh01,SS,,,,,,
peraljo01,P,,,,,,
perallu01,P,,,,,,
peralsa01,P,,,,,,
peralwa01,P,,,,,,
peralwi01,P,,,,,,
perazjo01,SS,,,,,,
perazlu01,P,,,,,,
perazos01,P,,,,,,
perazos02,3B,,,,,,
percitr01,P,,,,,,
percoja01,2B,,,,,,
perdoan01,P,,,,,,
perdoge01,SS,,,,,,
perdolu01,P,,,,,,
perdolu02,P,,,,,,
perduhu01,P,,,,,,
peredjh01,C,,,,,,
pereiev01,OF,,,,,,
pereijo01,P,,,,,,
perezan01,3B,,,,,,
perezau01,C,,,,,,
perezbe01,P,,,,,,
perezca01,P,,,,,,
perezca02,C,,,,,,
perezca03,C,,,,,,
perezch01,P,,,,,,
perezci01,P,,,,,,
perezda01,OF,,,,,,
perezed01,1B,,,,,,
perezed02,C,,,,,,
perezeu01,OF,,,,,,
perezeu02,P,,,,,,
perezfe01,OF,,,,,,
perezfr01,P,,,,,,
perezge01,P,,,,,,
perezhe01,3B,,,,,,
perezhe02,P,,,,,,
perezin01,P,,,,,,
perezja01,3B,,,,,,
perezjo01,3B,,,,,,
perezjo02,1B,,,,,,
perezju01,P,,,,,,
perezju02,OF,,,,,,
perezju03,P,,,,,,
perezlu01,P,,,,,,
perezlu02,3B,,,,,,
perezma01,SS,,,,,,
perezma02,P,,,,,,
perezme01,P,,,,,,
perezmi01,P,,,,,,
perezmi02,C,,,,,,
perezmi03,C,,,,,,
perezne01,SS,,,,,,
perezod01,P,,,,,,
perezol01,P,,,,,,
perezpa01,P,,,,,,
perezra01,P,,,,,,
perezro01,OF,,,,,,
perezro02,C,,,,,,
perezsa01,SS,,,,,,
perezsa02,C,,,,,,
perezti01,OF,,,,,,
perezto01,1B,,,,,,
perezto02,SS,,,,,,
perezto03,2B,,,,,,
perezwe01,OF,,,,,,
perezwi01,P,,,,,,
perezye01,SS,,,,,,
perezyo01,P,,,,,,
perisma01,P,,,,,,
perkibi01,C,,,,,,
perkibl01,OF,,,,,,
perkibr01,1B,,,,,,
perkica01,OF,,,,,,
perkice01,P,,,,,,
perkice02,1B,,,,,,
perkich01,P,,,,,,
perkicy01,C,,,,,,
perkida01,P,,,,,,
perkigl01,P,,,,,,
perkija01,P,,,,,,
perkoha01,P,,,,,,
perkojo01,P,,,,,,
perlmjo01,P,,,,,,
perlosa01,2B,,,,,,
permele01,P,,,,,,
pernohu01,P,,,,,,
perraro01,P,,,,,,
perribi01,P,,,,,,
perrige01,3B,,,,,,
perrijo01,OF,,,,,,
perrijo02,2B,,,,,,
perrini01,2B,,,,,,
perripo01,P,,,,,,
perry01,P,,,,,,
perryal01,P,,,,,,
perrybo01,SS,,,,,,
perrybo02,OF,,,,,,
perryca01,2B,,,,,,
perrych01,OF,,,,,,
perrycl01,3B,,,,,,
perryga01,P,,,,,,
perryge01,1B,,,,,,
perryha01,OF,,,,,,
perryhe01,3B,,,,,,
perryja01,OF,,,,,,
perryji01,P,,,,,,
perryly01,P,,,,,,
perrypa01,P,,,,,,
perrypa02,P,,,,,,
perryry01,P,,,,,,
perrysc01,P,,,,,,
perrywa01,C,,,,,,
persoro01,P,,,,,,
pertibi01,P,,,,,,
perzast01,P,,,,,,
peskyjo01,SS,,,,,,
pestavi01,P,,,,,,
petagro01,1B,,,,,,
peterad01,P,,,,,,
peterad02,P,,,,,,
peterbi01,C,,,,,,
peterbo01,C,,,,,,
peterbr01,OF,,,,,,
peterbr02,OF,,,,,,
peterbu01,SS,,,,,,
peterca01,OF,,,,,,
peterch01,P,,,,,,
peterch02,2B,,,,,,
peterda01,P,,,,,,
peterdi01,P,,,,,,
peterdj01,OF,,,,,,
peterdu01,OF,,,,,,
peterfr01,P,,,,,,
peterga01,P,,,,,,
peterha01,C,,,,,,
peterha02,OF,,,,,,
peterja01,2B,,,,,,
peterje01,P,,,,,,
peterji01,P,,,,,,
peterjo01,SS,,,,,,
peterjo02,C,,,,,,
peterke01,P,,,,,,
peterky01,P,,,,,,
petermi01,P,,,,,,
peterra01,P,,,,,,
peterri01,OF,,,,,,
peterru01,P,,,,,,
peterru02,2B,,,,,,
petersh01,OF,,,,,,
petersi01,P,,,,,,
peterst01,P,,,,,,
peterti01,P,,,,,,
petertr01,OF,,,,,,
petitgr01,2B,,,,,,
petityu01,P,,,,,,
petkoma01,P,,,,,,
petoste01,OF,,,,,,
petrage01,C,,,,,,
petribe01,C,,,,,,
petribi01,P,,,,,,
petrija01,P,,,,,,
petrori01,SS,,,,,,
petryda01,P,,,,,,
pettepa01,2B,,,,,,
pettian01,P,,,,,,
pettibo01,OF,,,,,,
pettich01,OF,,,,,,
pettiga01,OF,,,,,,
pettija01,P,,,,,,
pettijo01,SS,,,,,,
pettijo02,P,,,,,,
pettile01,P,,,,,,
pettipa01,P,,,,,,
pettubi01,1B,,,,,,
pettyad01,P,,,,,,
pettych01,P,,,,,,
pettych02,P,,,,,,
pettyje01,P,,,,,,
petwabr01,C,,,,,,
petwaho01,P,,,,,,
petwash01,C,,,,,,
peveyma01,C,,,,,,
pezolla01,3B,,,,,,
pezzupr01,P,,,,,,
pfaadbr01,P,,,,,,
pfannbi01,P,,,,,,
pfeffbi01,P,,,,,,
pfefffr01,2B,,,,,,
pfeffje01,P,,,,,,
pfeilbo01,3B,,,,,,
pfiesja01,P,,,,,,
pfiff01,3B,,,,,,
pfistda01,P,,,,,,
pfistge01,C,,,,,,
pfundle01,P,,,,,,
pfylmo01,1B,,,,,,
phamth01,OF,,,,,,
phebubi01,P,,,,,,
phegljo01,C,,,,,,
phelaar01,3B,,,,,,
phelada01,1B,,,,,,
pheladi01,2B,,,,,,
phelp01,P,,,,,,
phelpba01,C,,,,,,
phelpco01,2B,,,,,,
phelpda01,P,,,,,,
phelped01,C,,,,,,
phelpjo01,1B,,,,,,
phelpke01,1B,,,,,,
phelpne01,OF,,,,,,
phelpra01,P,,,,,,
phelpro01,OF,,,,,,
phelpto01,P,,,,,,
phelptr01,P,,,,,,
phillad01,OF,,,,,,
phillan01,1B,,,,,,
phillbi01,1B,,,,,,
phillbi02,P,,,,,,
phillbr01,2B,,,,,,
phillbr02,OF,,,,,,
phillbu01,P,,,,,,
phillbu02,3B,,,,,,
phillco01,P,,,,,,
phillda01,OF,,,,,,
phillda02,3B,,,,,,
phillde01,P,,,,,,
philldi01,1B,,,,,,
philled01,C,,,,,,
philled03,P,,,,,,
philler01,P,,,,,,
phillev01,P,,,,,,
phillhe01,P,,,,,,
phillho01,2B,,,,,,
phillja01,P,,,,,,
phillja02,1B,,,,,,
phillja03,P,,,,,,
phillja04,C,,,,,,
philljr01,1B,,,,,,
phillky01,C,,,,,,
phillle01,P,,,,,,
phillma01,SS,,,,,,
phillmi01,SS,,,,,,
phillmo01,SS,,,,,,
phillmo02,1B,,,,,,
phillno01,P,,,,,,
phillpa01,C,,,,,,
phillre01,P,,,,,,
phillta01,P,,,,,,
phillto01,P,,,,,,
phillto02,OF,,,,,,
phillty01,P,,,,,,
phillza01,P,,,,,,
phippde01,OF,,,,,,
phoebto01,P,,,,,,
phoenst01,P,,,,,,
phylebi01,P,,,,,,
piattad01,OF,,,,,,
piattdo01,P,,,,,,
piattwi01,P,,,,,,
piazzmi01,C,,,,,,
picca01,C,,,,,,
piccini01,3B,,,,,,
picciro01,SS,,,,,,
pichahi01,P,,,,,,
pichero01,P,,,,,,
picinva01,C,,,,,,
pickch01,2B,,,,,,
pickeca01,1B,,,,,,
pickech01,P,,,,,,
picked01,3B,,,,,,
pickeda01,OF,,,,,,
pickejo01,2B,,,,,,
pickeol01,OF,,,,,,
pickeri01,P,,,,,,
pickeur01,3B,,,,,,
pickfke01,P,,,,,,
pickrcl01,P,,,,,,
pickuty01,OF,,,,,,
picoje01,P,,,,,,
piconma01,P,,,,,,
piechal01,P,,,,,,
piedrjo01,OF,,,,,,
piefe01,OF,,,,,,
piehcy01,P,,,,,,
piercan01,2B,,,,,,
piercbi01,P,,,,,,
piercbi02,P,,,,,,
piercbi03,1B,,,,,,
pierced01,P,,,,,,
piercgr01,2B,,,,,,
piercja01,1B,,,,,,
piercje01,P,,,,,,
piercma01,3B,,,,,,
piercna01,PH,,,,,,
piercra01,P,,,,,,
piercto01,P,,,,,,
pierema01,P,,,,,,
pieroal01,P,,,,,,
pierrbi01,P,,,,,,
pierrju01,OF,,,,,,
pierrro01,P,,,,,,
piers01,2B,,,,,,
piersch01,P,,,,,,
piersda01,C,,,,,,
piersdi01,2B,,,,,,
piersji01,OF,,,,,,
pierswi01,P,,,,,,
pierzaj01,C,,,,,,
pietto01,2B,,,,,,
piezsa01,OF,,,,,,
piggle01,C,,,,,,
pignaca01,P,,,,,,
pignajo01,C,,,,,,
pikeja01,OF,,,,,,
pikeje01,OF,,,,,,
pikeli01,OF,,,,,,
piktuge01,P,,,,,,
pilaral01,OF,,,,,,
pilkiko01,P,,,,,,
pillake01,OF,,,,,,
pillbr01,1B,,,,,,
pilledu01,P,,,,,,
pillehe01,P,,,,,,
pillisq01,P,,,,,,
pillolu01,P,,,,,,
pillty01,P,,,,,,
pimenst01,P,,,,,,
pinaho01,P,,,,,,
pinama01,C,,,,,,
pinaro01,P,,,,,,
pindebr01,P,,,,,,
pindech01,OF,,,,,,
pinedis01,C,,,,,,
pinedlu01,P,,,,,,
pinedmi01,P,,,,,,
pineijo01,P,,,,,,
pinelba01,3B,,,,,,
pinielo01,OF,,,,,,
pinkhed01,3B,,,,,,
pinknge01,3B,,,,,,
pinksal01,PH,,,,,,
pinnaed01,P,,,,,,
pinoyo01,P,,,,,,
pinsova01,OF,,,,,,
pintajo01,P,,,,,,
pintojo01,C,,,,,,
pintole01,P,,,,,,
pintore01,P,,,,,,
pintore02,C,,,,,,
pintori01,P,,,,,,
pintri01,P,,,,,,
pipgred01,P,,,,,,
pipgrge01,P,,,,,,
pipkidi01,P,,,,,,
pippeco01,P,,,,,,
pippwa01,1B,,,,,,
pireljo01,2B,,,,,,
pirieji01,SS,,,,,,
pirklgr01,1B,,,,,,
pirtlge01,P,,,,,,
piscima01,P,,,,,,
piscost01,OF,,,,,,
pisonji01,OF,,,,,,
pitkoal01,OF,,,,,,
pitleja01,2B,,,,,,
pitlosk01,P,,,,,,
pittach01,3B,,,,,,
pittipi01,SS,,,,,,
pittito01,P,,,,,,
pittmjo01,2B,,,,,,
pitts01,SS,,,,,,
pittsga01,3B,,,,,,
pittsji01,P,,,,,,
pitulst01,P,,,,,,
pitzhe01,C,,,,,,
pivetni01,P,,,,,,
pizarju01,P,,,,,,
pladsgo01,P,,,,,,
planeem01,P,,,,,,
planked01,P,,,,,,
planked02,P,,,,,,
planter01,P,,,,,,
plantph01,OF,,,,,,
plarsdo01,OF,,,,,,
plaskel01,C,,,,,,
plassmi01,P,,,,,,
plattal01,OF,,,,,,
plattwh01,OF,,,,,,
plaweke01,C,,,,,,
pleisbi01,P,,,,,,
plesada01,P,,,,,,
plesaza01,P,,,,,,
plessra01,1B,,,,,,
plewshe01,2B,,,,,,
plittno01,P,,,,,,
plockwa01,OF,,,,,,
ploditi01,P,,,,,,
plouftr01,3B,,,,,,
plummbi01,C,,,,,,
plummni01,OF,,,,,,
plunker01,P,,,,,,
plutkad01,P,,,,,,
plympje01,P,,,,,,
poatra01,P,,,,,,
pocheco01,P,,,,,,
pocorbi01,C,,,,,,
podbibu01,P,,,,,,
podgajo01,P,,,,,,
podrejo01,P,,,,,,
podsesc01,OF,,,,,,
poeppmi01,OF,,,,,,
poetzjo01,P,,,,,,
pofahji01,SS,,,,,,
poffebo01,P,,,,,,
poffjo01,OF,,,,,,
poholto01,P,,,,,,
poindje01,P,,,,,,
poindro01,P,,,,,,
poinsro01,P,,,,,,
pointaa01,OF,,,,,,
polangr01,OF,,,,,,
polanhu01,C,,,,,,
polanjo01,SS,,,,,,
polanpl01,2B,,,,,,
polanra01,OF,,,,,,
polchlo01,P,,,,,,
polcoke01,SS,,,,,,
poledi01,P,,,,,,
polesed01,SS,,,,,,
polessp01,OF,,,,,,
polhema01,OF,,,,,,
polidgu01,SS,,,,,,
politcl01,P,,,,,,
polivke01,P,,,,,,
pollana01,P,,,,,,
polleda01,P,,,,,,
polleho01,P,,,,,,
pollilo01,P,,,,,,
polloaj01,OF,,,,,,
pollyni01,3B,,,,,,
polonjo01,P,,,,,,
polonlu01,OF,,,,,,
pomerdr01,P,,,,,,
pomerst01,P,,,,,,
pomorjo01,P,,,,,,
pompeda01,OF,,,,,,
ponceca01,1B,,,,,,
ponceco01,P,,,,,,
ponceda01,P,,,,,,
pondar01,P,,,,,,
pondeel01,P,,,,,,
pondra01,OF,,,,,,
pondsi01,OF,,,,,,
ponsosi01,P,,,,,,
pool01,2B,,,,,,
poolecl01,OF,,,,,,
pooleed01,P,,,,,,
pooleji01,1B,,,,,,
pooleji02,P,,,,,,
poolha01,OF,,,,,,
poormto01,OF,,,,,,
popeau01,P,,,,,,
popeda01,OF,,,,,,
popeed01,OF,,,,,,
popeja01,P,,,,,,
popewi01,P,,,,,,
popovpa01,2B,,,,,,
poppbi01,P,,,,,,
poppese01,P,,,,,,
popplge01,3B,,,,,,
popza01,P,,,,,,
poqueto01,OF,,,,,,
porceri01,P,,,,,,
poredaa01,P,,,,,,
poreesa01,P,,,,,,
porraed01,P,,,,,,
portean01,P,,,,,,
portebo01,P,,,,,,
portebo02,OF,,,,,,
portebo03,OF,,,,,,
portech01,P,,,,,,
porteco01,OF,,,,,,
porteda01,OF,,,,,,
porteda02,C,,,,,,
portedi01,OF,,,,,,
portehe01,P,,,,,,
porteir01,OF,,,,,,
porteja01,C,,,,,,
portelo01,C,,,,,,
portema01,OF,,,,,,
portene01,P,,,,,,
porteod01,P,,,,,,
portl01,C,,,,,,
portoal01,P,,,,,,
portoar01,P,,,,,,
portuba01,3B,,,,,,
portuma01,P,,,,,,
porzimi01,P,,,,,,
posadjo01,C,,,,,,
posadle01,OF,,,,,,
posedbi01,P,,,,,,
poserbo01,P,,,,,,
posesc01,OF,,,,,,
poseybu01,C,,,,,,
posselo01,P,,,,,,
postle01,OF,,,,,,
postsa01,1B,,,,,,
postwa01,OF,,,,,,
poteeco01,P,,,,,,
potelo01,P,,,,,,
pottedy01,P,,,,,,
pottela01,P,,,,,,
pottemi01,OF,,,,,,
pottene01,P,,,,,,
pottesq01,P,,,,,,
pottne01,P,,,,,,
pottsda01,C,,,,,,
pottsjo01,OF,,,,,,
pottsmi01,P,,,,,,
poulipj01,P,,,,,,
poulske01,3B,,,,,,
poundbi01,P,,,,,,
poundbr01,P,,,,,,
povicca01,P,,,,,,
povsema01,P,,,,,,
powel01,P,,,,,,
powel02,PH,,,,,,
powel03,PH,,,,,,
powelab01,OF,,,,,,
powelal01,OF,,,,,,
powelbi01,P,,,,,,
powelbi02,P,,,,,,
powelbo01,1B,,,,,,
powelbo02,OF,,,,,,
powelbr01,P,,,,,,
powelda01,OF,,,,,,
powelde01,P,,,,,,
poweled01,C,,,,,,
powelgr01,P,,,,,,
powelho01,OF,,,,,,
powelja01,P,,,,,,
powelja02,P,,,,,,
powelja03,OF,,,,,,
powelja04,P,,,,,,
powelje01,P,,,,,,
powelji01,1B,,,,,,
powella01,C,,,,,,
powelma01,1B,,,,,,
powelma02,OF,,,,,,
powelpa01,OF,,,,,,
powelra01,OF,,,,,,
powelro01,P,,,,,,
powelro02,PH,,,,,,
powelru01,C,,,,,,
powelwi01,P,,,,,,
powerdo01,C,,,,,,
powerik01,P,,,,,,
powerji01,P,,,,,,
powerjo01,OF,,,,,,
powerle01,1B,,,,,,
powermi01,OF,,,,,,
powerph01,C,,,,,,
powerte01,P,,,,,,
powerto01,1B,,,,,,
powervi01,1B,,,,,,
powisca01,OF,,,,,,
poynebo01,P,,,,,,
pozoar01,3B,,,,,,
pozoyo01,C,,,,,,
pradoma01,3B,,,,,,
prallwi01,P,,,,,,
pramejo01,C,,,,,,
pratses01,1B,,,,,,
pratsmi01,OF,,,,,,
prattal01,P,,,,,,
prattan01,P,,,,,,
prattde01,2B,,,,,,
prattla01,C,,,,,,
prattni01,1B,,,,,,
prattto01,1B,,,,,,
prattto02,C,,,,,,
pregejo01,P,,,,,,
preibme01,OF,,,,,,
prendji01,P,,,,,,
prendmi01,P,,,,,,
prentge01,P,,,,,,
prescbo01,OF,,,,,,
preskjo01,P,,,,,,
preslal01,OF,,,,,,
preslji01,3B,,,,,,
presshe01,SS,,,,,,
pressry01,P,,,,,,
pressto01,P,,,,,,
prestal01,P,,,,,,
prestwa01,OF,,,,,,
pricebi01,P,,,,,,
pricebr01,P,,,,,,
priceda01,P,,,,,,
priceja01,SS,,,,,,
priceji01,C,,,,,,
pricejo01,OF,,,,,,
pricejo02,P,,,,,,
prichbo01,1B,,,,,,
priddbo01,P,,,,,,
priddje01,2B,,,,,,
pridecu01,OF,,,,,,
pridija01,OF,,,,,,
priesed01,P,,,,,,
priesjo01,2B,,,,,,
priesqu01,P,,,,,,
prietal01,2B,,,,,,
prietar01,P,,,,,,
prietce01,2B,,,,,,
prietch01,OF,,,,,,
primra01,P,,,,,,
primra02,P,,,,,,
princ01,P,,,,,,
princdo01,P,,,,,,
princjo01,OF,,,,,,
princjo02,3B,,,,,,
princto01,C,,,,,,
princwa01,1B,,,,,,
prinzbr01,P,,,,,,
priorma01,P,,,,,,
priorro01,P,,,,,,
pritcbu01,SS,,,,,,
pritcch01,1B,,,,,,
pritcwi01,P,,,,,,
proct01,OF,,,,,,
proctfo01,2B,,,,,,
proctge01,P,,,,,,
proctji01,P,,,,,,
proctre01,P,,,,,,
proctsc01,P,,,,,,
proesge01,OF,,,,,,
profaju01,OF,,,,,,
prokolu01,P,,,,,,
prolymi01,P,,,,,,
prophwi01,OF,,,,,,
prothdo01,3B,,,,,,
prougbi01,P,,,,,,
provege01,3B,,,,,,
prudhau01,P,,,,,,
pruesea01,OF,,,,,,
pruethu01,P,,,,,,
pruetji01,C,,,,,,
pruiete01,P,,,,,,
pruitau01,P,,,,,,
pruitro01,OF,,,,,,
pryoran01,2B,,,,,,
pryorbi01,P,,,,,,
pryored01,2B,,,,,,
pryorgr01,3B,,,,,,
pryorst01,P,,,,,,
pryorwe01,3B,,,,,,
puccige01,OF,,,,,,
puckeki01,OF,,,,,,
pucketr01,P,,,,,,
puellce01,OF,,,,,,
puentmi01,P,,,,,,
puffebr01,P,,,,,,
pughjo01,OF,,,,,,
pughti01,P,,,,,,
puhljo01,3B,,,,,,
puhlte01,OF,,,,,,
puigri01,2B,,,,,,
puigya01,OF,,,,,,
pujolal01,1B,,,,,,
pujollu01,C,,,,,,
pukaj01,P,,,,,,
puleoch01,P,,,,,,
pulidal01,P,,,,,,
pulidca01,P,,,,,,
pulleon01,C,,,,,,
pulliha01,OF,,,,,,
pulsibi01,P,,,,,,
pumpesp01,P,,,,,,
puntoni01,2B,,,,,,
purcebl01,OF,,,,,,
purceda01,P,,,,,,
purcehe01,P,,,,,,
purdijo01,P,,,,,,
purdypi01,OF,,,,,,
purkebo01,P,,,,,,
purkema01,P,,,,,,
purneje01,3B,,,,,,
purneos01,P,,,,,,
purtebi01,3B,,,,,,
putkolu01,P,,,,,,
putmaed01,C,,,,,,
putnada01,OF,,,,,,
putnapa01,1B,,,,,,
putnaza01,P,,,,,,
puttmam01,P,,,,,,
putzjj01,P,,,,,,
pyburji01,OF,,,,,,
pyechjo01,P,,,,,,
pyeed01,2B,,,,,,
pyleew01,P,,,,,,
pyleha01,P,,,,,,
pylesh01,P,,,,,,
pytlafr01,C,,,,,,
pyznati01,1B,,,,,,
quackke01,P,,,,,,
quallch01,P,,,,,,
quallji01,OF,,,,,,
qualtto01,P,,,,,,
quantca01,P,,,,,,
quantpa01,P,,,,,,
quarlbi01,P,,,,,,
queenbi01,OF,,,,,,
queenme01,P,,,,,,
queenme02,P,,,,,,
quellge01,OF,,,,,,
quentca01,OF,,,,,,
quereju01,3B,,,,,,
queroed01,C,,,,,,
questjo01,2B,,,,,,
queveru01,P,,,,,,
quezajo01,P,,,,,,
quick01,OF,,,,,,
quicked01,P,,,,,,
quickha01,SS,,,,,,
quijajo01,P,,,,,,
quilifr01,2B,,,,,,
quillle01,3B,,,,,,
quinl01,SS,,,,,,
quinlfi01,OF,,,,,,
quinlfr01,C,,,,,,
quinlro01,1B,,,,,,
quinlto01,3B,,,,,,
quinnfr01,OF,,,,,,
quinnfr02,P,,,,,,
quinnja01,P,,,,,,
quinnjo01,C,,,,,,
quinnjo02,2B,,,,,,
quinnjo03,C,,,,,,
quinnma01,OF,,,,,,
quinnpa01,OF,,,,,,
quinnpa02,C,,,,,,
quinnro01,OF,,,,,,
quinnta01,P,,,,,,
quinnto01,C,,,,,,
quinnwi01,P,,,,,,
quinolu01,3B,,,,,,
quinore01,SS,,,,,,
quinoto01,P,,,,,,
quintbu01,2B,,,,,,
quintca01,1B,,,,,,
quinthu01,C,,,,,,
quintjo01,P,,,,,,
quintlu01,P,,,,,,
quintma01,C,,,,,,
quintom01,SS,,,,,,
quirira01,P,,,,,,
quirkar01,P,,,,,,
quirkja01,C,,,,,,
quiroes01,2B,,,,,,
quirogu01,C,,,,,,
quiseda01,P,,,,,,
raabebr01,3B,,,,,,
rabbijo01,OF,,,,,,
rabbjo01,C,,,,,,
rabech01,P,,,,,,
rabejo01,OF,,,,,,
rabelmi01,C,,,,,,
raburry01,OF,,,,,,
rachust01,P,,,,,,
racklma01,OF,,,,,,
raczkmi01,P,,,,,,
radatdi01,P,,,,,,
radboch01,P,,,,,,
radboge01,P,,,,,,
radclal01,3B,,,,,,
radcljo01,SS,,,,,,
radclri01,OF,,,,,,
radclte01,C,,,,,,
radebro01,P,,,,,,
raderda01,C,,,,,,
raderdo01,SS,,,,,,
raderdo02,3B,,,,,,
raderdr01,P,,,,,,
radfopa01,OF,,,,,,
radinsc01,P,,,,,,
radkebr01,P,,,,,,
radloro01,P,,,,,,
radmary01,OF,,,,,,
radtkja01,2B,,,,,,
raethha01,P,,,,,,
rafaece01,OF,,,,,,
raffeke01,P,,,,,,
raffoal01,P,,,,,,
rafteja01,C,,,,,,
rafteto01,OF,,,,,,
raganco01,P,,,,,,
raganpa01,P,,,,,,
raggibr01,P,,,,,,
raglafr01,P,,,,,,
raglahe01,P,,,,,,
raglato01,2B,,,,,,
ragsdca01,P,,,,,,
raicher01,P,,,,,,
rainech01,P,,,,,,
rainejo01,OF,,,,,,
rainela01,3B,,,,,,
raineta01,P,,,,,,
raineti01,OF,,,,,,
raineti02,OF,,,,,,
rainst01,P,,,,,,
rajsida01,P,,,,,,
rajsiga01,1B,,,,,,
rakeraa01,P,,,,,,
rakerja01,P,,,,,,
rakowed01,P,,,,,,
raleica01,C,,,,,,
raleijo01,P,,,,,,
raleybr01,P,,,,,,
raleylu01,OF,,,,,,
ralstdo01,OF,,,,,,
ramazbo01,2B,,,,,,
rambepe01,P,,,,,,
rambope01,P,,,,,,
ramirag01,C,,,,,,
ramiral01,P,,,,,,
ramiral02,OF,,,,,,
ramiral03,SS,,,,,,
ramirar01,3B,,,,,,
ramirca01,P,,,,,,
ramired01,P,,,,,,
ramirel01,P,,,,,,
ramirel02,P,,,,,,
ramirem01,P,,,,,,
ramirer01,P,,,,,,
ramirer02,P,,,,,,
ramirha01,SS,,,,,,
ramirha02,OF,,,,,,
ramirhe01,P,,,,,,
ramirho01,P,,,,,,
ramirjc01,P,,,,,,
ramirjo01,3B,,,,,,
ramirjo02,P,,,,,,
ramirju01,OF,,,,,,
ramirma01,SS,,,,,,
ramirma02,OF,,,,,,
ramirma03,C,,,,,,
ramirmi01,SS,,,,,,
ramirne01,P,,,,,,
ramirni01,P,,,,,,
ramirno01,P,,,,,,
ramiror01,SS,,,,,,
ramirra01,SS,,,,,,
ramirra02,P,,,,,,
ramirra03,P,,,,,,
ramirra04,OF,,,,,,
ramirro01,P,,,,,,
ramirro02,P,,,,,,
ramirsa01,P,,,,,,
ramirwi01,OF,,,,,,
ramirye01,P,,,,,,
ramiryo01,P,,,,,,
ramosaj01,P,,,,,,
ramosbo01,C,,,,,,
ramosbr01,3B,,,,,,
ramosce01,P,,,,,,
ramosch01,OF,,,,,,
ramosch02,OF,,,,,,
ramosdo01,SS,,,,,,
ramosed01,P,,,,,,
ramosed02,P,,,,,,
ramosez01,2B,,,,,,
ramoshe01,OF,,,,,,
ramoshe02,OF,,,,,,
ramosjo01,C,,,,,,
ramoske01,OF,,,,,,
ramosma01,P,,,,,,
ramospe01,P,,,,,,
ramoswi01,C,,,,,,
ramsaro01,P,,,,,,
ramsdwi01,P,,,,,,
ramsebi01,OF,,,,,,
ramsefe01,OF,,,,,,
ramsela01,P,,,,,,
ramsela02,P,,,,,,
ramsema01,P,,,,,,
ramsemi01,2B,,,,,,
ramsemi02,OF,,,,,,
ramseto01,P,,,,,,
ranauan01,P,,,,,,
randabo01,2B,,,,,,
randajo01,3B,,,,,,
randane01,OF,,,,,,
randasa01,1B,,,,,,
randasc01,P,,,,,,
randawi01,OF,,,,,,
randdi01,C,,,,,,
randlle01,3B,,,,,,
randost01,P,,,,,,
randowi01,2B,,,,,,
ranewme01,C,,,,,,
raneyri01,P,,,,,,
rangeal01,P,,,,,,
ransoco01,SS,,,,,,
ransoje01,C,,,,,,
ransojo01,C,,,,,,
rapadcl01,P,,,,,,
rappea01,OF,,,,,,
rappgo01,3B,,,,,,
rapppa01,P,,,,,,
raqueni01,P,,,,,,
raridbi01,C,,,,,,
raschvi01,P,,,,,,
rashita01,P,,,,,,
rasmuco01,OF,,,,,,
rasmuco02,P,,,,,,
rasmude01,P,,,,,,
rasmudr01,P,,,,,,
rasmuer01,P,,,,,,
rasmuha01,P,,,,,,
rasmuro01,P,,,,,,
rasneda01,P,,,,,,
rathfr01,P,,,,,,
rathfr02,P,,,,,,
rathga01,P,,,,,,
rathmo01,2B,,,,,,
ratlijo01,P,,,,,,
ratlipa01,C,,,,,,
ratzest01,P,,,,,,
raubto01,C,,,,,,
rauchbo01,P,,,,,,
rauchjo01,P,,,,,,
raudmbo01,OF,,,,,,
raudo01,P,,,,,,
rautzla01,P,,,,,,
ravejo01,OF,,,,,,
ravelra01,1B,,,,,,
ravinjo01,P,,,,,,
rawlesh01,P,,,,,,
rawlijo01,2B,,,,,,
rayca01,P,,,,,,
raych01,P,,,,,,
rayco01,OF,,,,,,
raydocu01,P,,,,,,
rayfa01,P,,,,,,
rayfofl01,3B,,,,,,
rayfr01,OF,,,,,,
rayir01,SS,,,,,,
rayji01,P,,,,,,
rayjo01,2B,,,,,,
rayjo02,OF,,,,,,
rayke01,P,,,,,,
rayla01,OF,,,,,,
raymefr01,2B,,,,,,
raymobu01,P,,,,,,
raymocl01,P,,,,,,
raymoha01,3B,,,,,,
raymolo01,2B,,,,,,
raynojo01,OF,,,,,,
rayot01,C,,,,,,
rayro01,P,,,,,,
rayro02,P,,,,,,
raziaba01,P,,,,,,
reachal01,OF,,,,,,
reachbo01,SS,,,,,,
reaco01,P,,,,,,
readra01,C,,,,,,
readyra01,2B,,,,,,
reagari01,P,,,,,,
realmjt01,C,,,,,,
reamebr01,P,,,,,,
reardje01,P,,,,,,
reardje02,P,,,,,,
reardph01,OF,,,,,,
rearich01,P,,,,,,
reavial01,P,,,,,,
rebelar01,OF,,,,,,
reberfr01,P,,,,,,
rebouje01,2B,,,,,,
reccijo01,OF,,,,,,
recciph01,3B,,,,,,
reckean01,C,,,,,,
recto01,OF,,,,,,
rectoco01,P,,,,,,
reddeu01,3B,,,,,,
reddidi01,P,,,,,,
reddijo01,OF,,,,,,
reddiph01,P,,,,,,
redditi01,P,,,,,,
reddobo01,P,,,,,,
reddul01,SS,,,,,,
rederjo01,1B,,,,,,
redfebu01,2B,,,,,,
redfepe01,P,,,,,,
redfijo01,3B,,,,,,
redmama01,P,,,,,,
redmapr01,OF,,,,,,
redmati01,OF,,,,,,
redmobi01,SS,,,,,,
redmogl01,2B,,,,,,
redmoha01,2B,,,,,,
redmoja01,C,,,,,,
redmomi01,C,,,,,,
redmoto01,P,,,,,,
redmowa01,OF,,,,,,
redusga01,OF,,,,,,
reduswi01,OF,,,,,,
redwibe01,P,,,,,,
reecebo01,C,,,,,,
reedad01,P,,,,,,
reedaj01,1B,,,,,,
reedal01,P,,,,,,
reedan01,3B,,,,,,
reedbi01,2B,,,,,,
reedbo01,P,,,,,,
reedch01,P,,,,,,
reedco01,P,,,,,,
reedda01,OF,,,,,,
reedebi01,P,,,,,,
reedeic01,OF,,,,,,
reedeni01,3B,,,,,,
reeder01,OF,,,,,,
reedev01,P,,,,,,
reedho01,P,,,,,,
reedhu01,OF,,,,,,
reedja01,OF,,,,,,
reedja02,P,,,,,,
reedje01,P,,,,,,
reedje02,C,,,,,,
reedje03,OF,,,,,,
reedjo01,2B,,,,,,
reedjo02,OF,,,,,,
reedke01,OF,,,,,,
reedmi01,SS,,,,,,
reedmi02,OF,,,,,,
reedri01,P,,,,,,
reedro01,P,,,,,,
reedst01,P,,,,,,
reedte01,3B,,,,,,
reelji01,OF,,,,,,
reeseji01,2B,,,,,,
reeseji02,P,,,,,,
reesejo01,OF,,,,,,
reeseke01,OF,,,,,,
reesepe01,SS,,,,,,
reesepo01,2B,,,,,,
reesera01,OF,,,,,,
reeseri01,1B,,,,,,
reesst01,P,,,,,,
reetzja01,C,,,,,,
reevebo01,3B,,,,,,
reevedo01,OF,,,,,,
refsnro01,OF,,,,,,
regalpe01,SS,,,,,,
regalru01,3B,,,,,,
reganbi01,2B,,,,,,
reganjo01,OF,,,,,,
reganmi01,P,,,,,,
reganph01,P,,,,,,
regilni01,P,,,,,,
regisst01,P,,,,,,
regoto01,C,,,,,,
rehgwa01,OF,,,,,,
reibefr01,C,,,,,,
reichda01,P,,,,,,
reichdi01,OF,,,,,,
reichhe01,1B,,,,,,
reichri01,OF,,,,,,
reidam01,OF,,,,,,
reidbi01,2B,,,,,,
reidea01,P,,,,,,
reidfse01,P,,,,,,
reidje01,OF,,,,,,
reidry01,P,,,,,,
reidsc01,OF,,,,,,
reidybi01,P,,,,,,
reillar01,3B,,,,,,
reillba01,2B,,,,,,
reillch01,C,,,,,,
reillch02,3B,,,,,,
reilldu01,OF,,,,,,
reillha01,OF,,,,,,
reilljo01,1B,,,,,,
reilljo02,2B,,,,,,
reilljo03,2B,,,,,,
reillto01,SS,,,,,,
reimeke01,OF,,,,,,
reimono01,OF,,,,,,
reinbmi01,OF,,,,,,
reinech01,P,,,,,,
reinewa01,3B,,,,,,
reinhar01,P,,,,,,
reinhar02,3B,,,,,,
reinhja01,OF,,,,,,
reiniza01,P,,,,,,
reipsch01,C,,,,,,
reisbo01,P,,,,,,
reisepe01,OF,,,,,,
reisibu01,P,,,,,,
reisich01,OF,,,,,,
reisja01,P,,,,,,
reisla01,P,,,,,,
reisldo01,P,,,,,,
reissal01,SS,,,,,,
reisto01,P,,,,,,
reithbr01,P,,,,,,
reitsch01,P,,,,,,
reitzhe01,2B,,,,,,
reitzke01,3B,,,,,,
rekarbr01,P,,,,,,
reksza01,OF,,,,,,
relafde01,SS,,,,,,
remenbu01,C,,,,,,
remilza01,2B,,,,,,
remlimi01,P,,,,,,
remmewi01,P,,,,,,
remneal01,P,,,,,,
remseja01,OF,,,,,,
remyje01,2B,,,,,,
rendato01,2B,,,,,,
rendoan01,3B,,,,,,
renfeer01,P,,,,,,
renfrch01,2B,,,,,,
renfrhu01,OF,,,,,,
renfrla01,P,,,,,,
renfrma01,P,,,,,,
rengilu01,2B,,,,,,
renicri01,3B,,,,,,
renifha01,P,,,,,,
reninji01,P,,,,,,
renkost01,P,,,,,,
rennabi01,OF,,,,,,
rensato01,C,,,,,,
renteed01,SS,,,,,,
renteri01,2B,,,,,,
repasbo01,2B,,,,,,
repkoja01,OF,,,,,,
reploan01,P,,,,,,
repozro01,OF,,,,,,
repulri01,OF,,,,,,
rescixa01,P,,,,,,
resopch01,P,,,,,,
resslla01,OF,,,,,,
restedi01,OF,,,,,,
restomi01,OF,,,,,,
retteme01,OF,,,,,,
rettgge01,P,,,,,,
rettiot01,P,,,,,,
retzeke01,C,,,,,,
reulbed01,P,,,,,,
reuscpa01,P,,,,,,
reuscri01,P,,,,,,
reussje01,P,,,,,,
revento01,P,,,,,,
reverbe01,OF,,,,,,
reverda01,1B,,,,,,
revilhe01,OF,,,,,,
rextewi01,OF,,,,,,
reyesal01,P,,,,,,
reyesal02,P,,,,,,
reyesan01,P,,,,,,
reyesar01,2B,,,,,,
reyesca01,P,,,,,,
reyesde01,P,,,,,,
reyesde02,P,,,,,,
reyesfr01,OF,,,,,,
reyesge01,P,,,,,,
reyesgi01,C,,,,,,
reyesje01,P,,,,,,
reyesjo01,SS,,,,,,
reyesjo02,C,,,,,,
reyesjo03,P,,,,,,
reyesna01,3B,,,,,,
reyespa01,OF,,,,,,
reyesre01,OF,,,,,,
reyesvi01,OF,,,,,,
reynoal01,P,,,,,,
reynoar01,P,,,,,,
reynoar02,P,,,,,,
reynobi01,C,,,,,,
reynobi02,2B,,,,,,
reynobo01,P,,,,,,
reynobr01,OF,,,,,,
reynoca01,OF,,,,,,
reynoch01,P,,,,,,
reynoch02,C,,,,,,
reynocr01,SS,,,,,,
reynoda01,SS,,,,,,
reynodi01,OF,,,,,,
reynodo01,OF,,,,,,
reynogr01,P,,,,,,
reynoha01,2B,,,,,,
reynoji01,OF,,,,,,
reynojo01,P,,,,,,
reynoke01,P,,,,,,
reynolo01,1B,,,,,,
reynoma01,3B,,,,,,
reynoma02,P,,,,,,
reynoma03,SS,,,,,,
reynorj01,OF,,,,,,
reynoro01,P,,,,,,
reynoro02,C,,,,,,
reynose01,P,,,,,,
reynosh01,P,,,,,,
reynoto01,OF,,,,,,
rhameja01,P,,,,,,
rhawnbo01,3B,,,,,,
rheamcy01,1B,,,,,,
rheinjo01,P,,,,,,
rhemfl01,P,,,,,,
rhielbi01,3B,,,,,,
rhinebi01,P,,,,,,
rhoadbo01,P,,,,,,
rhodear01,P,,,,,,
rhodear02,1B,,,,,,
rhodebi01,P,,,,,,
rhodech01,P,,,,,,
rhodedu01,OF,,,,,,
rhodedu02,P,,,,,,
rhodego01,P,,,,,,
rhodeha01,P,,,,,,
rhodeka01,OF,,,,,,
rhoderi01,P,,,,,,
rhombke01,OF,,,,,,
rhonedo01,P,,,,,,
rhymewi01,2B,,,,,,
rhyneha01,SS,,,,,,
ribalor01,P,,,,,,
ribande01,P,,,,,,
riccefr01,P,,,,,,
riccich01,P,,,,,,
ricebe01,1B,,,,,,
ricebo01,3B,,,,,,
ricede01,C,,,,,,
riceha01,OF,,,,,,
riceha02,OF,,,,,,
riceji01,OF,,,,,,
ricele01,C,,,,,,
ricepa01,P,,,,,,
ricesa01,OF,,,,,,
ricesc01,P,,,,,,
richa01,2B,,,,,,
richaan01,OF,,,,,,
richabi01,1B,,,,,,
richabo01,2B,,,,,,
richach01,OF,,,,,,
richacl01,P,,,,,,
richada01,2B,,,,,,
richada02,2B,,,,,,
richadu01,P,,,,,,
richadu02,P,,,,,,
richaea01,SS,,,,,,
richafr01,1B,,,,,,
richaga01,P,,,,,,
richage01,OF,,,,,,
richage02,P,,,,,,
richage03,2B,,,,,,
richagl01,2B,,,,,,
richago01,P,,,,,,
richaha01,2B,,,,,,
richahe01,P,,,,,,
richaja01,P,,,,,,
richaje01,SS,,,,,,
richaje02,P,,,,,,
richajo01,C,,,,,,
richajr01,P,,,,,,
richake01,2B,,,,,,
richake02,C,,,,,,
richale01,SS,,,,,,
richaly01,P,,,,,,
richami01,2B,,,,,,
richano01,3B,,,,,,
richapa01,C,,,,,,
richaru01,P,,,,,,
richata01,P,,,,,,
richato02,P,,,,,,
richatr01,P,,,,,,
richavi01,SS,,,,,,
richbla01,OF,,,,,,
richble01,P,,,,,,
richepe01,P,,,,,,
richile01,P,,,,,,
richiro01,OF,,,,,,
richmbe01,P,,,,,,
richmdo01,3B,,,,,,
richmjo01,SS,,,,,,
richmle01,P,,,,,,
richmra01,P,,,,,,
richmsc01,P,,,,,,
richtal01,SS,,,,,,
richtjo01,3B,,,,,,
richtre01,P,,,,,,
richwo01,P,,,,,,
rickajo01,OF,,,,,,
rickebr01,C,,,,,,
rickeda01,C,,,,,,
rickedi01,P,,,,,,
rickejo01,OF,,,,,,
rickema01,OF,,,,,,
ricklch01,SS,,,,,,
ricksbi01,P,,,,,,
rickscu01,P,,,,,,
ricksjo01,3B,,,,,,
ricoar01,C,,,,,,
ricofr01,OF,,,,,,
riconha01,3B,,,,,,
riddive01,3B,,,,,,
riddlde01,P,,,,,,
riddldo01,P,,,,,,
riddlel01,P,,,,,,
riddljo01,C,,,,,,
riddljo02,C,,,,,,
riddljt01,SS,,,,,,
riddlma01,2B,,,,,,
ridge01,OF,,,,,,
ridglbu01,2B,,,,,,
ridgwja01,P,,,,,,
ridgwje01,P,,,,,,
ridinst01,P,,,,,,
ridleja01,OF,,,,,,
ridzist01,P,,,,,,
riebeha01,C,,,,,,
riedljo01,P,,,,,,
riefecj01,P,,,,,,
riegeel01,P,,,,,,
rienzan01,P,,,,,,
riesgni01,OF,,,,,,
rigalma01,SS,,,,,,
rigbybr01,P,,,,,,
rigdopa01,P,,,,,,
riggaje01,P,,,,,,
riggash01,C,,,,,,
riggejo01,OF,,,,,,
riggibi01,SS,,,,,,
riggsad01,2B,,,,,,
riggsle01,3B,,,,,,
righeda01,P,,,,,,
rightro01,P,,,,,,
rignebi01,2B,,,,,,
rignejo01,P,,,,,,
rigneto01,SS,,,,,,
rijojo01,P,,,,,,
rikarcu01,OF,,,,,,
rileed01,1B,,,,,,
rileser01,SS,,,,,,
rileyau01,3B,,,,,,
rileybi01,OF,,,,,,
rileyge01,P,,,,,,
rileyja01,2B,,,,,,
rileyji01,OF,,,,,,
rileyji02,2B,,,,,,
rileyle01,OF,,,,,,
rileyma01,P,,,,,,
rincoan01,P,,,,,,
rincoju01,P,,,,,,
rincori01,P,,,,,,
rineeje01,P,,,,,,
ringji01,P,,,,,,
ringofr01,C,,,,,,
ringro01,P,,,,,,
rinkebo01,C,,,,,,
riosal01,OF,,,,,,
riosar01,OF,,,,,,
riosda01,P,,,,,,
riosed01,3B,,,,,,
riosju01,2B,,,,,,
riosma01,3B,,,,,,
riosya01,P,,,,,,
ripkebi01,2B,,,,,,
ripkeca01,SS,,,,,,
ripleal01,P,,,,,,
riplewa01,P,,,,,,
rippera01,P,,,,,,
ripplch01,P,,,,,,
ripplji01,OF,,,,,,
risbesw01,SS,,,,,,
risinpo01,OF,,,,,,
riskeda01,P,,,,,,
rislebi01,P,,,,,,
ritch01,P,,,,,,
ritchcl01,2B,,,,,,
ritchja01,P,,,,,,
ritchjo01,C,,,,,,
ritchto01,P,,,,,,
ritchwa01,P,,,,,,
rittech01,2B,,,,,,
rittefl01,C,,,,,,
ritteha01,P,,,,,,
rittele01,C,,,,,,
rittere01,P,,,,,,
rittery01,SS,,,,,,
rittewh01,C,,,,,,
rittwji01,P,,,,,,
ritzji01,3B,,,,,,
ritzke01,P,,,,,,
rivasal01,1B,,,,,,
rivasfr01,2B,,,,,,
rivasle01,2B,,,,,,
rivaslu01,2B,,,,,,
rivaswe01,C,,,,,,
riverbe01,P,,,,,,
riverbo01,OF,,,,,,
riverca01,1B,,,,,,
riverca02,3B,,,,,,
riverch01,3B,,,,,,
riverde01,OF,,,,,,
riverem01,3B,,,,,,
riverfe01,P,,,,,,
riverge01,3B,,,,,,
riverji01,OF,,,,,,
riverju01,OF,,,,,,
riverlu01,SS,,,,,,
riverlu02,P,,,,,,
riverma01,P,,,,,,
rivermi01,OF,,,,,,
rivermi02,C,,,,,,
riverre01,C,,,,,,
riverro01,P,,,,,,
riverru01,OF,,,,,,
riversa01,P,,,,,,
riverse01,C,,,,,,
rivertj01,2B,,,,,,
riverya01,3B,,,,,,
rivieti01,P,,,,,,
rixeyep01,P,,,,,,
rizzoan01,1B,,,,,,
rizzojo01,OF,,,,,,
rizzoto01,P,,,,,,
rizzuph01,SS,,,,,,
rlealse01,P,,,,,,
roach01,P,,,,,,
roachdo01,P,,,,,,
roachja01,P,,,,,,
roachjo01,P,,,,,,
roachme01,2B,,,,,,
roachmi01,C,,,,,,
roachro01,SS,,,,,,
roachsk01,P,,,,,,
roajo01,P,,,,,,
roarkmi01,C,,,,,,
roarkta01,P,,,,,,
roatfr01,3B,,,,,,
robbibr01,P,,,,,,
robbija01,P,,,,,,
robbisl01,2B,,,,,,
robelto01,2B,,,,,,
rober01,SS,,,,,,
rober02,C,,,,,,
roberan01,SS,,,,,,
roberbe01,P,,,,,,
roberbi01,2B,,,,,,
roberbo01,1B,,,,,,
roberbr01,2B,,,,,,
roberch01,P,,,,,,
roberch02,OF,,,,,,
roberco01,P,,,,,,
robercu01,2B,,,,,,
roberda01,OF,,,,,,
roberda02,SS,,,,,,
roberda03,1B,,,,,,
roberda04,P,,,,,,
roberda05,P,,,,,,
roberda06,3B,,,,,,
roberda07,OF,,,,,,
roberda08,P,,,,,,
roberda09,OF,,,,,,
roberda10,2B,,,,,,
roberda11,P,,,,,,
roberdi01,P,,,,,,
roberdo01,OF,,,,,,
roberel01,OF,,,,,,
roberet01,P,,,,,,
roberge01,3B,,,,,,
robergr01,P,,,,,,
roberje01,P,,,,,,
roberje02,P,,,,,,
roberji01,P,,,,,,
roberji02,C,,,,,,
roberke01,OF,,,,,,
roberke02,P,,,,,,
roberkr01,SS,,,,,,
roberle01,OF,,,,,,
roberle02,1B,,,,,,
roberlu01,OF,,,,,,
robermi01,1B,,,,,,
roberna01,P,,,,,,
roberni01,P,,,,,,
roberra01,P,,,,,,
roberra02,OF,,,,,,
roberre01,SS,,,,,,
roberri01,P,,,,,,
roberri02,P,,,,,,
roberro01,P,,,,,,
roberro02,P,,,,,,
roberry01,3B,,,,,,
robersh01,OF,,,,,,
robersi01,P,,,,,,
robersk01,C,,,,,,
robersk02,3B,,,,,,
robersp01,P,,,,,,
roberty01,P,,,,,,
roberwi01,P,,,,,,
roberwi02,OF,,,,,,
robidbi01,1B,,,,,,
robin01,SS,,,,,,
robin02,1B,,,,,,
robin03,2B,,,,,,
robin04,3B,,,,,,
robinaa01,C,,,,,,
robinal01,1B,,,,,,
robinbi01,P,,,,,,
robinbi02,OF,,,,,,
robinbo01,3B,,,,,,
robinbo02,OF,,,,,,
robinbr01,3B,,,,,,
robinbr02,C,,,,,,
robinch01,C,,,,,,
robinch02,C,,,,,,
robinch03,C,,,,,,
robinch04,OF,,,,,,
robincl01,1B,,,,,,
robincr01,SS,,,,,,
robinda01,OF,,,,,,
robinde01,P,,,,,,
robinde02,OF,,,,,,
robindo01,P,,,,,,
robindr01,OF,,,,,,
robinea01,OF,,,,,,
robined01,1B,,,,,,
robined02,OF,,,,,,
robinfl01,OF,,,,,,
robinfr01,2B,,,,,,
robinfr02,OF,,,,,,
robinfr03,C,,,,,,
robinge01,P,,,,,,
robingi01,OF,,,,,,
robinha01,P,,,,,,
robinha02,SS,,,,,,
robinhu01,P,,,,,,
robinja01,C,,,,,,
robinja02,2B,,,,,,
robinja03,P,,,,,,
robinja04,OF,,,,,,
robinja05,3B,,,,,,
robinje01,P,,,,,,
robinje02,P,,,,,,
robinjo01,OF,,,,,,
robinke01,P,,,,,,
robinke02,OF,,,,,,
robinle01,P,,,,,,
robinne01,OF,,,,,,
robinne02,SS,,,,,,
robinno01,OF,,,,,,
robinra01,2B,,,,,,
robinra02,P,,,,,,
robinro01,P,,,,,,
robinsh01,OF,,,,,,
robinsk01,2B,,,,,,
robintr01,OF,,,,,,
robinva01,OF,,,,,,
robinwi01,C,,,,,,
robinya01,2B,,,,,,
robitch01,P,,,,,,
robleha01,P,,,,,,
roblema01,P,,,,,,
robleos01,SS,,,,,,
roblera01,SS,,,,,,
roblese01,C,,,,,,
roblevi01,OF,,,,,,
robsoja01,OF,,,,,,
robsoto01,1B,,,,,,
rocapad01,OF,,,,,,
rocchbr01,SS,,,,,,
roccomi01,1B,,,,,,
rochear01,P,,,,,,
rochebe01,1B,,,,,,
rocheja01,C,,,,,,
rochelo01,2B,,,,,,
rochfmi01,P,,,,,,
rockeik01,2B,,,,,,
rockejo01,P,,,,,,
rockeku01,P,,,,,,
rockepa01,SS,,,,,,
rockjo01,P,,,,,,
rockle01,1B,,,,,,
rodasri01,P,,,,,,
rodenal01,OF,,,,,,
rodgean01,SS,,,,,,
rodgebi01,2B,,,,,,
rodgebi02,OF,,,,,,
rodgebr01,P,,,,,,
rodgebr02,2B,,,,,,
rodgebu01,C,,,,,,
rodiner01,OF,,,,,,
rodnefe01,P,,,,,,
rodonca01,P,,,,,,
rodrial01,SS,,,,,,
rodrian01,P,,,,,,
rodrian02,2B,,,,,,
rodriau01,3B,,,,,,
rodribe01,P,,,,,,
rodribi01,OF,,,,,,
rodribr01,P,,,,,,
rodrica01,SS,,,,,,
rodrica02,P,,,,,,
rodrich01,P,,,,,,
rodrico01,P,,,,,,
rodrico02,OF,,,,,,
rodride01,P,,,,,,
rodried01,P,,,,,,
rodried02,2B,,,,,,
rodried03,P,,,,,,
rodried04,C,,,,,,
rodried05,P,,,,,,
rodriel01,C,,,,,,
rodriel02,P,,,,,,
rodrien01,C,,,,,,
rodrife01,P,,,,,,
rodrife02,P,,,,,,
rodrifr01,P,,,,,,
rodrifr02,P,,,,,,
rodrifr03,P,,,,,,
rodrifr04,P,,,,,,
rodrigr01,P,,,,,,
rodrigu01,C,,,,,,
rodrigu02,3B,,,,,,
rodrihe01,3B,,,,,,
rodrihe02,OF,,,,,,
rodrihe03,P,,,,,,
rodrihe04,2B,,,,,,
rodriiv01,C,,,,,,
rodrije01,P,,,,,,
rodrijo01,2B,,,,,,
rodrijo02,P,,,,,,
rodrijo03,OF,,,,,,
rodrijo04,P,,,,,,
rodrijo05,SS,,,,,,
rodrijo06,P,,,,,,
rodrijo07,2B,,,,,,
rodrijo08,OF,,,,,,
rodrijo09,P,,,,,,
rodriju01,OF,,,,,,
rodrili01,2B,,,,,,
rodrilu01,SS,,,,,,
rodrima01,P,,,,,,
rodrima02,P,,,,,,
rodrine01,P,,,,,,
rodrini01,P,,,,,,
rodrira01,P,,,,,,
rodrira02,P,,,,,,
rodriri01,P,,,,,,
rodriri02,P,,,,,,
rodriri03,P,,,,,,
rodriri04,P,,,,,,
rodriri05,P,,,,,,
rodriro01,P,,,,,,
rodriro02,P,,,,,,
rodriro03,2B,,,,,,
rodriru01,C,,,,,,
rodrise01,2B,,,,,,
rodrist01,2B,,,,,,
rodrist02,P,,,,,,
rodrito01,SS,,,,,,
rodrivi01,2B,,,,,,
rodrivi02,C,,,,,,
rodriwa01,P,,,,,,
rodriwi01,P,,,,,,
rodriwi02,P,,,,,,
rodriya01,P,,,,,,
rodriye01,P,,,,,,
rodriyo01,OF,,,,,,
roebued01,P,,,,,,
roech01,P,,,,,,
roecl01,P,,,,,,
roeniga01,OF,,,,,,
roenijo01,P,,,,,,
roeniro01,OF,,,,,,
roepr01,P,,,,,,
roeslmi01,P,,,,,,
roettos01,1B,,,,,,
roettwa01,OF,,,,,,
roetzed01,SS,,,,,,
rogaljo01,P,,,,,,
roganbu99,OF,,,,,,
rogelbi01,SS,,,,,,
rogerbr01,P,,,,,,
rogerbu01,P,,,,,,
rogered01,SS,,,,,,
rogerem01,C,,,,,,
rogeres01,P,,,,,,
rogerfr01,OF,,,,,,
rogerja01,C,,,,,,
rogerja02,1B,,,,,,
rogerja03,C,,,,,,
rogerji01,1B,,,,,,
rogerji02,P,,,,,,
rogerjo01,P,,,,,,
rogerke01,P,,,,,,
rogerke02,P,,,,,,
rogerle01,P,,,,,,
rogerma01,P,,,,,,
rogerna01,OF,,,,,,
rogerpa01,SS,,,,,,
rogerst01,P,,,,,,
rogerta01,P,,,,,,
rogerto01,P,,,,,,
rogertr01,P,,,,,,
rogerty01,P,,,,,,
roggecl01,P,,,,,,
roggega01,P,,,,,,
rogodmi01,OF,,,,,,
rogovsa01,P,,,,,,
rohdeda01,2B,,,,,,
rohege01,3B,,,,,,
rohliry01,3B,,,,,,
rohnda01,2B,,,,,,
rohrbi01,P,,,,,,
rohrle01,P,,,,,,
rohrmda01,1B,,,,,,
rohwera01,OF,,,,,,
roigto01,SS,,,,,,
rojasco01,2B,,,,,,
rojasjo01,3B,,,,,,
rojasjo02,OF,,,,,,
rojasjo03,OF,,,,,,
rojasme01,P,,,,,,
rojasmi01,P,,,,,,
rojasmi02,SS,,,,,,
rojasra01,OF,,,,,,
rojekst01,SS,,,,,,
rojoju01,C,,,,,,
rolanji01,P,,,,,,
rolensc01,3B,,,,,,
rolfere01,3B,,,,,,
rolisna01,1B,,,,,,
rolisry01,P,,,,,,
rollech01,OF,,,,,,
rollibi01,C,,,,,,
rollica01,OF,,,,,,
rollida01,P,,,,,,
rolliji01,SS,,,,,,
rollira01,2B,,,,,,
rollire01,3B,,,,,,
rolliri01,3B,,,,,,
rollsda01,OF,,,,,,
romagje01,OF,,,,,,
romakja01,OF,,,,,,
romanbi01,1B,,,,,,
romanja01,OF,,,,,,
romanji01,P,,,,,,
romanjo01,C,,,,,,
romanjo02,P,,,,,,
romanjo03,P,,,,,,
romanmi01,P,,,,,,
romanro01,P,,,,,,
romansa01,P,,,,,,
romanto01,OF,,,,,,
rombedu01,P,,,,,,
rombybo01,P,,,,,,
romdr01,P,,,,,,
romeral01,OF,,,,,,
romerda01,P,,,,,,
romered01,SS,,,,,,
romeren01,P,,,,,,
romerfe01,P,,,,,,
romerjc01,P,,,,,,
romerjh01,P,,,,,,
romerjo01,P,,,,,,
romerma01,C,,,,,,
romerni01,SS,,,,,,
romerra01,P,,,,,,
romerri01,P,,,,,,
romerse01,P,,,,,,
romerst01,OF,,,,,,
romerto01,P,,,,,,
rominan01,SS,,,,,,
rominau01,C,,,,,,
rominke01,OF,,,,,,
rommeed01,P,,,,,,
romodr01,C,,,,,,
romoen01,P,,,,,,
romonjo01,P,,,,,,
romose01,P,,,,,,
romovi01,P,,,,,,
ronanma01,C,,,,,,
rondehe01,OF,,,,,,
rondoan01,P,,,,,,
rondobr01,P,,,,,,
rondogi01,P,,,,,,
rondohe01,P,,,,,,
rondojo01,P,,,,,,
rondojo02,SS,,,,,,
roneyma01,P,,,,,,
roofge01,OF,,,,,,
roofph01,C,,,,,,
rookebr01,OF,,,,,,
rookeji01,P,,,,,,
rooksge01,OF,,,,,,
roomero01,OF,,,,,,
roonecl01,P,,,,,,
roonefr01,1B,,,,,,
roonejo01,P,,,,,,
roonepa01,OF,,,,,,
rootch01,P,,,,,,
roperjo01,P,,,,,,
roquejo01,OF,,,,,,
roquejo02,OF,,,,,,
roquera01,P,,,,,,
rortvbe01,C,,,,,,
rosaad01,P,,,,,,
rosaca01,P,,,,,,
rosadjo01,P,,,,,,
rosadlu01,1B,,,,,,
rosalad01,2B,,,,,,
rosalle01,P,,,,,,
rosaral01,C,,,,,,
rosaram01,SS,,,,,,
rosarbu01,C,,,,,,
rosared01,OF,,,,,,
rosareg01,3B,,,,,,
rosarfr01,P,,,,,,
rosarji01,OF,,,,,,
rosarme01,C,,,,,,
rosarra01,P,,,,,,
rosarro01,P,,,,,,
rosarsa01,1B,,,,,,
rosarsa02,P,,,,,,
rosarvi01,SS,,,,,,
rosarwi01,C,,,,,,
rose01,P,,,,,,
rose02,1B,,,,,,
rosebjo01,C,,,,,,
rosebo01,2B,,,,,,
rosebr01,P,,,,,,
rosebze01,P,,,,,,
rosech01,P,,,,,,
rosedo01,P,,,,,,
roseha01,OF,,,,,,
roselba01,P,,,,,,
roselbo01,C,,,,,,
roselda01,2B,,,,,,
rosemch01,OF,,,,,,
rosemi01,C,,,,,,
rosenal01,3B,,,,,,
rosenbj01,P,,,,,,
rosengo01,OF,,,,,,
rosenha01,OF,,,,,,
rosenke01,P,,,,,,
rosenla01,OF,,,,,,
rosenlo01,2B,,,,,,
rosenma01,OF,,,,,,
rosensi01,OF,,,,,,
rosenst01,P,,,,,,
rosentr01,P,,,,,,
rosenwa01,P,,,,,,
rosepe01,OF,,,,,,
rosepe02,3B,,,,,,
roserbu01,OF,,,,,,
roserst01,P,,,,,,
rosinse01,P,,,,,,
roskojo01,OF,,,,,,
rossbo01,P,,,,,,
rossbu01,P,,,,,,
rossbu02,P,,,,,,
rossch01,OF,,,,,,
rosscl01,P,,,,,,
rossco01,OF,,,,,,
rosscza01,P,,,,,,
rossda01,C,,,,,,
rossdi01,OF,,,,,,
rossdo01,3B,,,,,,
rossejo01,P,,,,,,
rosser01,P,,,,,,
rossga01,P,,,,,,
rossge01,P,,,,,,
rossho01,P,,,,,,
rossijo01,C,,,,,,
rossjo01,P,,,,,,
rossma01,P,,,,,,
rossmbu01,P,,,,,,
rossmcl01,1B,,,,,,
rossofr01,P,,,,,,
rossora01,P,,,,,,
rossro01,P,,,,,,
rossty01,P,,,,,,
rosswi01,P,,,,,,
rossyri01,SS,,,,,,
rotblma01,P,,,,,,
rothbr01,OF,,,,,,
rothebo01,2B,,,,,,
rothebo02,3B,,,,,,
rothfja01,1B,,,,,,
rothfr01,C,,,,,,
rothgcl01,OF,,,,,,
rothhe01,C,,,,,,
rothmi01,P,,,,,,
rothrja01,OF,,,,,,
rothsla01,P,,,,,,
rottivi01,OF,,,,,,
rounsge01,P,,,,,,
rouppla01,P,,,,,,
rousemi01,2B,,,,,,
roushed01,OF,,,,,,
roussji01,OF,,,,,,
routcph01,OF,,,,,,
rovirlu01,3B,,,,,,
rowanaa01,OF,,,,,,
rowanda01,1B,,,,,,
rowanja01,P,,,,,,
rowdowa01,3B,,,,,,
rowe01,1B,,,,,,
roweda01,OF,,,,,,
rowedo01,P,,,,,,
roweha01,3B,,,,,,
roweja01,SS,,,,,,
roweke01,P,,,,,,
rowelba01,2B,,,,,,
rowenbe01,P,,,,,,
rowened01,C,,,,,,
rowesc01,P,,,,,,
rowlach01,C,,,,,,
rowlami01,P,,,,,,
rowlari01,C,,,,,,
rowlary01,P,,,,,,
rowlech01,P,,,,,,
roxbuji01,C,,,,,,
royaldi01,P,,,,,,
royaljo01,OF,,,,,,
royce01,3B,,,,,,
roych01,P,,,,,,
roycrch01,P,,,,,,
royem01,P,,,,,,
royerca01,1B,,,,,,
royerst01,3B,,,,,,
royje01,P,,,,,,
royla01,OF,,,,,,
roylu01,P,,,,,,
royno01,P,,,,,,
royor01,2B,,,,,,
roystje01,3B,,,,,,
roystwi01,C,,,,,,
rozekdi01,P,,,,,,
rozemda01,P,,,,,,
roznovi01,C,,,,,,
ruanwi01,OF,,,,,,
ruary01,OF,,,,,,
rubelal01,3B,,,,,,
ruberso01,C,,,,,,
rubiojo01,P,,,,,,
rublear01,OF,,,,,,
rucindr01,P,,,,,,
ruckeda01,P,,,,,,
ruckejo01,OF,,,,,,
ruckemi01,P,,,,,,
ruckena01,P,,,,,,
ruddejo01,OF,,,,,,
rudijo01,OF,,,,,,
rudoldi01,P,,,,,,
rudoldo01,P,,,,,,
rudoldu01,OF,,,,,,
rudoler01,P,,,,,,
rudolke01,C,,,,,,
ruebema01,P,,,,,,
ruelmu01,C,,,,,,
rueteki01,P,,,,,,
ruethdu01,P,,,,,,
rufda01,1B,,,,,,
ruferru01,SS,,,,,,
ruffcsc01,P,,,,,,
ruffibr01,P,,,,,,
ruffich01,P,,,,,,
ruffijo01,P,,,,,,
ruffile01,C,,,,,,
ruffire01,P,,,,,,
ruggiju01,OF,,,,,,
ruhleve01,P,,,,,,
ruizan01,P,,,,,,
ruizca01,C,,,,,,
ruizch01,2B,,,,,,
ruizch02,3B,,,,,,
ruizes01,OF,,,,,,
ruizjo01,P,,,,,,
ruizke01,C,,,,,,
ruizno01,P,,,,,,
ruizra01,1B,,,,,,
ruizri01,3B,,,,,,
ruizsi01,P,,,,,,
rullojo01,2B,,,,,,
rumbeni01,P,,,,,,
rumlewi01,C,,,,,,
rundlri01,P,,,,,,
rungepa01,3B,,,,,,
runnepe01,1B,,,,,,
runneto01,SS,,,,,,
runyase01,P,,,,,,
runzlda01,P,,,,,,
rupejo01,P,,,,,,
rupery01,P,,,,,,
ruppca01,C,,,,,,
ruschgl01,P,,,,,,
rushan01,P,,,,,,
rushbo01,P,,,,,,
rushfji01,OF,,,,,,
rushida01,C,,,,,,
rusieam01,P,,,,,,
rusinch01,P,,,,,,
ruskisc01,P,,,,,,
russea01,OF,,,,,,
russead01,P,,,,,,
russead02,SS,,,,,,
russeal01,P,,,,,,
russebi01,SS,,,,,,
russebi02,P,,,,,,
russebr01,OF,,,,,,
russeew01,3B,,,,,,
russefr01,2B,,,,,,
russeha01,C,,,,,,
russeja01,P,,,,,,
russeja02,P,,,,,,
russeje01,P,,,,,,
russeji01,OF,,,,,,
russejo01,P,,,,,,
russejo02,C,,,,,,
russejo03,2B,,,,,,
russele01,P,,,,,,
russepa01,2B,,,,,,
russere01,P,,,,,,
russeri01,1B,,,,,,
russjo01,OF,,,,,,
russoke01,3B,,,,,,
russoma01,P,,,,,,
russpy01,SS,,,,,,
rustedi01,P,,,,,,
ruszkha01,C,,,,,,
ruthba01,OF,,,,,,
ruthebl01,OF,,,,,,
rutheji01,OF,,,,,,
ruthejo01,P,,,,,,
ruthvdi01,P,,,,,,
rutleja01,P,,,,,,
rutlejo01,SS,,,,,,
rutnemi01,3B,,,,,,
rutscad01,C,,,,,,
ryalma01,OF,,,,,,
ryalru01,OF,,,,,,
ryanbj01,P,,,,,,
ryanbl01,SS,,,,,,
ryanbr01,SS,,,,,,
ryanbu01,OF,,,,,,
ryanco01,2B,,,,,,
ryancy01,1B,,,,,,
ryandu01,C,,,,,,
ryanja01,C,,,,,,
ryanja02,P,,,,,,
ryanja03,OF,,,,,,
ryanja04,P,,,,,,
ryanji01,OF,,,,,,
ryanjo01,OF,,,,,,
ryanjo02,P,,,,,,
ryanjo03,OF,,,,,,
ryanjo04,P,,,,,,
ryanke01,P,,,,,,
ryanky01,P,,,,,,
ryanmi01,3B,,,,,,
ryanmi02,C,,,,,,
ryanmi03,OF,,,,,,
ryanno01,P,,,,,,
ryanre01,P,,,,,,
ryanri01,P,,,,,,
ryanro01,P,,,,,,
ryanro02,OF,,,,,,
ryanry01,P,,,,,,
rybami01,P,,,,,,
ryderto01,OF,,,,,,
ryege01,OF,,,,,,
ryersga01,P,,,,,,
ryuhy01,P,,,,,,
ryuja01,P,,,,,,
rzepcma01,P,,,,,,
saalfan01,P,,,,,,
saarlki01,P,,,,,,
sabatcc01,P,,,,,,
sabeler01,P,,,,,,
saberbr01,P,,,,,,
saboal01,C,,,,,,
saboch01,3B,,,,,,
sabolbl01,C,,,,,,
sabroer01,P,,,,,,
saccoma01,1B,,,,,,
sackafr01,C,,,,,,
sackibr01,P,,,,,,
sadecra01,P,,,,,,
sadekmi01,C,,,,,,
sadlebi01,P,,,,,,
sadlebi02,SS,,,,,,
sadleca01,P,,,,,,
sadleca02,P,,,,,,
sadledo01,OF,,,,,,
sadlera01,OF,,,,,,
sadowbo01,3B,,,,,,
sadowbo02,P,,,,,,
sadowed01,C,,,,,,
sadowji01,P,,,,,,
sadowry01,P,,,,,,
sadowte01,P,,,,,,
sadzeco01,P,,,,,,
saenzch01,P,,,,,,
saenzol01,1B,,,,,,
saffeto01,OF,,,,,,
sageha01,C,,,,,,
sageraj01,P,,,,,,
sagerpo01,OF,,,,,,
saggeth01,2B,,,,,,
sagmoma01,OF,,,,,,
saiervi01,1B,,,,,,
sainjo01,P,,,,,,
saipemi01,P,,,,,,
saitota01,P,,,,,,
sakatle01,2B,,,,,,
saladty01,3B,,,,,,
salasfe01,P,,,,,,
salasju01,P,,,,,,
salasma01,C,,,,,,
salasma02,P,,,,,,
salaswi01,P,,,,,,
salazan01,SS,,,,,,
salazca01,P,,,,,,
salazce01,C,,,,,,
salazda01,P,,,,,,
salazed01,P,,,,,,
salazje01,OF,,,,,,
salazla01,OF,,,,,,
salazlu01,3B,,,,,,
salazos01,OF,,,,,,
salazsa01,1B,,,,,,
salech01,P,,,,,,
salefr01,P,,,,,,
salesed01,SS,,,,,,
salisbi01,P,,,,,,
salisha01,P,,,,,,
salkebi01,C,,,,,,
salkero01,P,,,,,,
sallesl01,P,,,,,,
salmobr01,P,,,,,,
salmoch01,2B,,,,,,
salmoha01,P,,,,,,
salmoro01,P,,,,,,
salmoti01,OF,,,,,,
saltaja01,C,,,,,,
salteed01,OF,,,,,,
saltzja01,3B,,,,,,
salvama01,2B,,,,,,
salvegu01,P,,,,,,
salveja01,P,,,,,,
salvoma01,P,,,,,,
samarje01,P,,,,,,
sambijo01,P,,,,,,
samcoed01,2B,,,,,,
samforo01,SS,,,,,,
sammobr01,P,,,,,,
sammocl01,C,,,,,,
sampebi01,P,,,,,,
samplbi01,OF,,,,,,
sampsad01,P,,,,,,
sampsbe01,P,,,,,,
sampsch01,P,,,,,,
sampsem01,OF,,,,,,
sampske01,P,,,,,,
sampsor01,SS,,,,,,
sampsto01,2B,,,,,,
samueam01,SS,,,,,,
samuejo01,P,,,,,,
samueju01,2B,,,,,,
samuero01,P,,,,,,
samulik01,3B,,,,,,
sanabal01,P,,,,,,
sanabca01,P,,,,,,
sanbegu01,C,,,,,,
sanchaa01,P,,,,,,
sanchad01,2B,,,,,,
sanchal01,OF,,,,,,
sanchal02,P,,,,,,
sanchal03,OF,,,,,,
sanchal04,C,,,,,,
sanchan01,P,,,,,,
sanchan02,SS,,,,,,
sanchan03,P,,,,,,
sanchbr01,P,,,,,,
sanchca01,2B,,,,,,
sanchce01,3B,,,,,,
sanchcr01,P,,,,,,
sanchdu01,P,,,,,,
sanched01,P,,,,,,
sanchfe01,P,,,,,,
sanchfr01,2B,,,,,,
sanchga01,1B,,,,,,
sanchga02,C,,,,,,
sanchgo01,C,,,,,,
sanchhe01,C,,,,,,
sanchhu01,P,,,,,,
sanchis01,P,,,,,,
sanchje01,P,,,,,,
sanchje02,OF,,,,,,
sanchjo01,P,,,,,,
sanchlu01,P,,,,,,
sanchmi01,P,,,,,,
sanchor01,C,,,,,,
sanchra01,P,,,,,,
sanchra02,P,,,,,,
sanchre01,SS,,,,,,
sanchri01,P,,,,,,
sanchro01,P,,,,,,
sanchsi01,P,,,,,,
sanchto01,C,,,,,,
sandbja01,3B,,,,,,
sandbry01,2B,,,,,,
sandean01,OF,,,,,,
sandebe01,P,,,,,,
sandeca01,P,,,,,,
sandeda01,P,,,,,,
sandede01,P,,,,,,
sandede02,OF,,,,,,
sandejo02,SS,,,,,,
sandeke01,P,,,,,,
sandele01,SS,,,,,,
sandeph01,P,,,,,,
sandera01,1B,,,,,,
sandere01,1B,,,,,,
sandere02,OF,,,,,,
sandero01,P,,,,,,
sandero02,P,,,,,,
sandesc01,P,,,,,,
sandesc02,P,,,,,,
sandewa01,P,,,,,,
sandhe01,SS,,,,,,
sandlmi01,C,,,,,,
sandlni01,P,,,,,,
sandoda01,2B,,,,,,
sandofr01,2B,,,,,,
sandopa01,3B,,,,,,
sandopa02,P,,,,,,
sandrja01,P,,,,,,
sandsch01,C,,,,,,
sandsco01,P,,,,,,
sandsdo01,C,,,,,,
sandsje01,OF,,,,,,
sandtto01,SS,,,,,,
sanfoch01,3B,,,,,,
sanfofr01,P,,,,,,
sanfoja01,1B,,,,,,
sanfoja02,P,,,,,,
sanfomo01,P,,,,,,
sanguma01,C,,,,,,
saniced01,OF,,,,,,
sanitam01,P,,,,,,
sankebe01,SS,,,,,,
sanmare01,P,,,,,,
sanojja01,OF,,,,,,
sanomi01,3B,,,,,,
sanpe01,P,,,,,,
santaan01,SS,,,,,,
santaan02,OF,,,,,,
santaan03,2B,,,,,,
santaca01,1B,,,,,,
santada01,OF,,,,,,
santade01,P,,,,,,
santado01,OF,,,,,,
santaed01,P,,,,,,
santaer01,P,,,,,,
santaes01,OF,,,,,,
santafp01,OF,,,,,,
santajo01,P,,,,,,
santaju01,P,,,,,,
santama01,P,,,,,,
santape01,2B,,,,,,
santara01,SS,,,,,,
santibe01,C,,,,,,
santica01,SS,,,,,,
santihe01,P,,,,,,
santijo01,P,,,,,,
santijo02,P,,,,,,
santijo03,P,,,,,,
santira01,SS,,,,,,
santito01,P,,,,,,
santoal01,P,,,,,,
santoan01,2B,,,,,,
santoan02,P,,,,,,
santoch01,1B,,,,,,
santofr01,OF,,,,,,
santogr01,P,,,,,,
santolo99,C,,,,,,
santolu01,P,,,,,,
santone01,C,,,,,,
santoom01,C,,,,,,
santoro01,3B,,,,,,
santose01,P,,,,,,
santovi01,P,,,,,,
santred01,SS,,,,,,
sappeda01,OF,,,,,,
sardibr01,OF,,,,,,
sardida01,C,,,,,,
sardilu01,SS,,,,,,
sarfade01,P,,,,,,
sargejo01,2B,,,,,,
sarmima01,P,,,,,,
sarnibi01,C,,,,,,
sarvian01,P,,,,,,
sasakka01,P,,,,,,
sasakro01,P,,,,,,
sassema01,C,,,,,,
satinjo01,1B,,,,,,
satrito01,C,,,,,,
satteal01,2B,,,,,,
saturlu01,OF,,,,,,
sauceta01,P,,,,,,
saucifr01,OF,,,,,,
saucike01,P,,,,,,
sauered01,OF,,,,,,
sauerha01,OF,,,,,,
sauerma01,P,,,,,,
sauersc01,P,,,,,,
sault01,P,,,,,,
saundau01,2B,,,,,,
saundbo01,P,,,,,,
saundcl01,C,,,,,,
saundde01,P,,,,,,
saunddo01,2B,,,,,,
saundjo01,P,,,,,,
saundmi01,OF,,,,,,
saundru01,OF,,,,,,
saundto01,P,,,,,,
saupowa01,P,,,,,,
sauteal01,3B,,,,,,
sauveri01,P,,,,,,
savagbo01,P,,,,,,
savagdo01,3B,,,,,,
savagja01,P,,,,,,
savagji01,OF,,,,,,
savagji02,P,,,,,,
savagju01,P,,,,,,
savagte01,OF,,,,,,
saverbo01,2B,,,,,,
saverjo01,P,,,,,,
saviddo01,P,,,,,,
savidra01,P,,,,,,
savramo01,P,,,,,,
sawamhi01,P,,,,,,
sawatca01,C,,,,,,
sawyeca01,2B,,,,,,
sawyeri01,P,,,,,,
sawyewi01,P,,,,,,
saxda01,C,,,,,,
saxol01,3B,,,,,,
saxonth01,P,,,,,,
saxst01,2B,,,,,,
sayji01,3B,,,,,,
saylebi01,P,,,,,,
saylo01,SS,,,,,,
sayloal01,P,,,,,,
sayloph01,P,,,,,,
sborzja01,P,,,,,,
sborzjo01,P,,,,,,
scahiro01,P,,,,,,
scalaje01,OF,,,,,,
scalebo01,OF,,,,,,
scalege01,2B,,,,,,
scaleju01,3B,,,,,,
scalzsk01,SS,,,,,,
scanlbo01,P,,,,,,
scanldo01,P,,,,,,
scanlfr01,P,,,,,,
scanlmo01,1B,,,,,,
scanlpa01,OF,,,,,,
scanlpa02,3B,,,,,,
scantpa01,P,,,,,,
scarbra01,P,,,,,,
scarbra02,P,,,,,,
scarcma01,P,,,,,,
scarrru01,OF,,,,,,
scarsle01,1B,,,,,,
scarsst01,2B,,,,,,
sceroma01,P,,,,,,
schaapa01,3B,,,,,,
schacal01,P,,,,,,
schacha01,P,,,,,,
schacsi01,P,,,,,,
schaege01,2B,,,,,,
schaeha01,P,,,,,,
schaeje01,SS,,,,,,
schaeje02,C,,,,,,
schaema01,P,,,,,,
schafha01,3B,,,,,,
schafji01,C,,,,,,
schafjo01,P,,,,,,
schafjo02,OF,,,,,,
schaflo01,OF,,,,,,
schaijo01,3B,,,,,,
schalar01,P,,,,,,
schalbi01,OF,,,,,,
schalge01,1B,,,,,,
schalra01,C,,,,,,
schalro01,2B,,,,,,
schanbo01,C,,,,,,
schanch01,P,,,,,,
schanno01,1B,,,,,,
schanwa01,C,,,,,,
schapjo01,P,,,,,,
scharar01,3B,,,,,,
scharbi01,P,,,,,,
scharge01,SS,,,,,,
scharni01,OF,,,,,,
schatda01,P,,,,,,
schatje01,P,,,,,,
schauru01,P,,,,,,
schebsc01,OF,,,,,,
scheeal01,OF,,,,,,
scheefr01,OF,,,,,,
scheehe01,2B,,,,,,
scheeow01,P,,,,,,
schefaa01,P,,,,,,
schefbo01,C,,,,,,
schefte01,OF,,,,,,
schegle01,P,,,,,,
scheica01,P,,,,,,
scheifr01,SS,,,,,,
scheija01,P,,,,,,
scheiri01,OF,,,,,,
scheiri02,P,,,,,,
schelal01,C,,,,,,
schelda01,OF,,,,,,
schelji01,P,,,,,,
schemfr01,P,,,,,,
schemmi01,1B,,,,,,
schenbi01,3B,,,,,,
schenha01,2B,,,,,,
schenjo01,P,,,,,,
schepjo01,3B,,,,,,
schepta01,P,,,,,,
scherbi01,P,,,,,,
scherbo01,C,,,,,,
scherfr01,P,,,,,,
scherha01,OF,,,,,,
scherma01,P,,,,,,
schesdu01,P,,,,,,
schetlo01,P,,,,,,
schialo01,OF,,,,,,
schicmo01,OF,,,,,,
schiena01,OF,,,,,,
schilch01,2B,,,,,,
schilcu01,P,,,,,,
schilre01,P,,,,,,
schimry01,2B,,,,,,
schinbi01,C,,,,,,
schirca01,P,,,,,,
schlala01,2B,,,,,,
schlead01,C,,,,,,
schleda01,P,,,,,,
schlibi01,P,,,,,,
schlibr01,P,,,,,,
schlica01,P,,,,,,
schlidu01,1B,,,,,,
schlitr01,P,,,,,,
schlogu01,P,,,,,,
schluja01,OF,,,,,,
schluno01,C,,,,,,
schmabr01,P,,,,,,
schmara01,1B,,,,,,
schmeal01,P,,,,,,
schmege01,OF,,,,,,
schmibo01,C,,,,,,
schmibo02,C,,,,,,
schmibu01,1B,,,,,,
schmica01,2B,,,,,,
schmicl01,P,,,,,,
schmicr01,P,,,,,,
schmicu01,P,,,,,,
schmida01,P,,,,,,
schmida02,C,,,,,,
schmifr01,P,,,,,,
schmihe01,P,,,,,,
schmija01,P,,,,,,
schmije01,P,,,,,,
schmijo01,P,,,,,,
schmiko01,C,,,,,,
schmimi01,3B,,,,,,
schmipe01,P,,,,,,
schmiwa01,C,,,,,,
schmiwi01,P,,,,,,
schmost01,P,,,,,,
schmuch01,P,,,,,,
schnebr01,C,,,,,,
schneda01,P,,,,,,
schneda02,OF,,,,,,
schneda03,OF,,,,,,
schneda04,2B,,,,,,
schnefr01,P,,,,,,
schneje01,P,,,,,,
schneka01,P,,,,,,
schnepe01,P,,,,,,
schoege01,P,,,,,,
schoeju01,1B,,,,,,
schoere01,2B,,,,,,
schoesc01,P,,,,,,
schofdi01,SS,,,,,,
schofdi02,SS,,,,,,
scholje01,P,,,,,,
schomot01,1B,,,,,,
schooje01,OF,,,,,,
schoojo01,2B,,,,,,
schoomi01,P,,,,,,
schored01,P,,,,,,
schotge01,P,,,,,,
schoupe01,P,,,,,,
schrapa01,OF,,,,,,
schreba01,P,,,,,,
schreha01,3B,,,,,,
schrejo01,P,,,,,,
schreos01,C,,,,,,
schrepa01,P,,,,,,
schrest01,P,,,,,,
schrete01,3B,,,,,,
schripo01,C,,,,,,
schroal01,P,,,,,,
schrobi01,C,,,,,,
schrobo01,2B,,,,,,
schroch01,P,,,,,,
schroke01,P,,,,,,
schroma01,OF,,,,,,
schubhe01,SS,,,,,,
schuema01,SS,,,,,,
schuero01,P,,,,,,
schugaj01,P,,,,,,
schulal01,P,,,,,,
schular01,1B,,,,,,
schulba01,P,,,,,,
schulbo01,P,,,,,,
schulbo02,P,,,,,,
schulbu01,P,,,,,,
schulda01,P,,,,,,
schuldo01,P,,,,,,
schuler01,P,,,,,,
schulfr01,OF,,,,,,
schulfr02,OF,,,,,,
schulha01,2B,,,,,,
schulho01,1B,,,,,,
schulja01,SS,,,,,,
schulja02,P,,,,,,
schulje01,OF,,,,,,
schuljo01,P,,,,,,
schuljo02,C,,,,,,
schuljo03,OF,,,,,,
schuljo04,C,,,,,,
schuljo05,C,,,,,,
schulle01,3B,,,,,,
schulmi01,P,,,,,,
schulmi02,P,,,,,,
schulpa01,P,,,,,,
schulwa01,P,,,,,,
schulwe01,P,,,,,,
schulwe02,OF,,,,,,
schumha01,P,,,,,,
schumha02,P,,,,,,
schumsk01,OF,,,,,,
schunaa01,2B,,,,,,
schupfe01,P,,,,,,
schuri01,3B,,,,,,
schurwa01,P,,,,,,
schusbi01,SS,,,,,,
schuspa01,P,,,,,,
schutca01,P,,,,,,
schwabi01,C,,,,,,
schwabi02,1B,,,,,,
schwabl01,P,,,,,,
schwado01,P,,,,,,
schwaje01,P,,,,,,
schwaky01,OF,,,,,,
schwami01,P,,,,,,
schwara01,1B,,,,,,
schweal01,OF,,,,,,
schweha01,P,,,,,,
schwepi01,C,,,,,,
schweru01,P,,,,,,
schwesp01,P,,,,,,
schwiar01,3B,,,,,,
schwich01,P,,,,,,
schwifr01,1B,,,,,,
schwimi01,P,,,,,,
schypje01,SS,,,,,,
sciosmi01,C,,,,,,
scofflo01,OF,,,,,,
scoggji01,P,,,,,,
sconida01,1B,,,,,,
scorehe01,P,,,,,,
scotljo01,OF,,,,,,
scott01,OF,,,,,,
scott02,OF,,,,,,
scottbi01,OF,,,,,,
scottbo01,OF,,,,,,
scottbo02,1B,,,,,,
scottch01,P,,,,,,
scottda01,P,,,,,,
scottde01,P,,,,,,
scottdi01,P,,,,,,
scottdi02,P,,,,,,
scottdi03,SS,,,,,,
scottdo01,C,,,,,,
scotted01,P,,,,,,
scotteu01,C,,,,,,
scottev01,SS,,,,,,
scottga01,3B,,,,,,
scottge01,P,,,,,,
scottge02,1B,,,,,,
scottja01,P,,,,,,
scottji01,P,,,,,,
scottji02,SS,,,,,,
scottjo01,OF,,,,,,
scottjo02,1B,,,,,,
scottjo03,OF,,,,,,
scottjo04,OF,,,,,,
scottjo05,1B,,,,,,
scottle01,OF,,,,,,
scottle02,P,,,,,,
scottll01,2B,,,,,,
scottlu01,OF,,,,,,
scottmi01,1B,,,,,,
scottmi02,P,,,,,,
scottmi03,P,,,,,,
scottpe01,OF,,,,,,
scottro01,2B,,,,,,
scottro02,P,,,,,,
scottta01,P,,,,,,
scottta02,P,,,,,,
scottti01,P,,,,,,
scottto01,OF,,,,,,
scottvi01,OF,,,,,,
scranji01,SS,,,,,,
scribev01,P,,,,,,
scribtr01,P,,,,,,
scrivch01,SS,,,,,,
scrogjo01,P,,,,,,
scruban01,P,,,,,,
scrugto01,OF,,,,,,
scrugxa01,1B,,,,,,
scuddsc01,P,,,,,,
scurrro01,P,,,,,,
scutama01,SS,,,,,,
seaboco01,P,,,,,,
seabosc01,3B,,,,,,
seageco01,SS,,,,,,
seageky01,3B,,,,,,
sealejo01,P,,,,,,
seamaki01,P,,,,,,
seaneru01,P,,,,,,
searara01,P,,,,,,
searcst01,P,,,,,,
searsjp01,P,,,,,,
searske01,C,,,,,,
searsto01,1B,,,,,,
seatoto01,P,,,,,,
seatsto01,P,,,,,,
seaveto01,P,,,,,,
seaybo01,P,,,,,,
seaydi01,2B,,,,,,
sebrabo01,P,,,,,,
sebriji01,OF,,,,,,
sechrdo01,P,,,,,,
secorfr01,OF,,,,,,
secrido01,P,,,,,,
seddoch01,P,,,,,,
sedgwdu01,P,,,,,,
sedlash01,P,,,,,,
sedloco01,P,,,,,,
seech01,OF,,,,,,
seedsbo01,OF,,,,,,
seela01,1B,,,,,,
seelbch01,P,,,,,,
seelbch02,P,,,,,,
seerepa01,OF,,,,,,
seeryem01,OF,,,,,,
sefcike01,OF,,,,,,
segedro01,1B,,,,,,
segelhe01,P,,,,,,
segovza01,P,,,,,,
segrajc01,OF,,,,,,
segrasa01,OF,,,,,,
segrika01,2B,,,,,,
seguida01,1B,,,,,,
seguidi01,P,,,,,,
seguife01,1B,,,,,,
segurje01,SS,,,,,,
segurjo01,P,,,,,,
seibeku01,2B,,,,,,
seibeph01,P,,,,,,
seiboso01,P,,,,,,
seiglan01,3B,,,,,,
seilhri01,C,,,,,,
seitzke01,3B,,,,,,
selbaki01,OF,,,,,,
selbybi01,3B,,,,,,
selbyco01,P,,,,,,
seldebe01,SS,,,,,,
seldewi01,P,,,,,,
seleaa01,P,,,,,,
selfto01,OF,,,,,,
selkige01,OF,,,,,,
selle01,C,,,,,,
selleje01,P,,,,,,
selleju01,SS,,,,,,
sellep01,P,,,,,,
selleru01,OF,,,,,,
sellsda01,P,,,,,,
selmadi01,P,,,,,,
selmafr01,3B,,,,,,
selmasa01,P,,,,,,
selphca01,3B,,,,,,
selskst01,OF,,,,,,
sembeca01,P,,,,,,
sembemi01,3B,,,,,,
semiema01,SS,,,,,,
seminan01,C,,,,,,
seminfr01,P,,,,,,
semprra01,P,,,,,,
senerso01,3B,,,,,,
sengako01,P,,,,,,
sengeha01,C,,,,,,
senseco01,OF,,,,,,
sentepa01,3B,,,,,,
sentest01,P,,,,,,
senzaan01,P,,,,,,
senzeni01,OF,,,,,,
seoanma01,P,,,,,,
seoja01,P,,,,,,
sephuan01,SS,,,,,,
sepkote01,2B,,,,,,
septile01,P,,,,,,
seradbi01,P,,,,,,
serafda01,P,,,,,,
serenbi01,3B,,,,,,
sernapa01,SS,,,,,,
serraal01,P,,,,,,
serraji01,P,,,,,,
serrawa01,P,,,,,,
serrebo01,2B,,,,,,
serumga01,P,,,,,,
servasc01,C,,,,,,
servebr01,C,,,,,,
servisc01,P,,,,,,
sessiwa01,OF,,,,,,
settlme01,P,,,,,,
sevcijo01,C,,,,,,
several01,P,,,,,,
severan01,P,,,,,,
severat01,P,,,,,,
severha01,C,,,,,,
severlu01,P,,,,,,
severpe01,C,,,,,,
severri01,SS,,,,,,
sewalpa01,P,,,,,,
sewared01,P,,,,,,
sewarfr01,P,,,,,,
sewarge01,OF,,,,,,
seweljo01,SS,,,,,,
sewellu01,C,,,,,,
sewelri01,P,,,,,,
sexauel01,P,,,,,,
sexsori01,1B,,,,,,
sextoch01,2B,,,,,,
sextofr01,P,,,,,,
sextoji01,SS,,,,,,
sextoto01,SS,,,,,,
seyboso01,OF,,,,,,
seyfrgo01,P,,,,,,
seymobo01,1B,,,,,,
seymoca01,P,,,,,,
seymocy01,OF,,,,,,
seymoia01,P,,,,,,
seymoja01,P,,,,,,
shabaad01,OF,,,,,,
shackbr01,P,,,,,,
shackjo01,3B,,,,,,
shackke01,P,,,,,,
shafeju01,P,,,,,,
shafeti01,3B,,,,,,
shaff01,OF,,,,,,
shafff01,OF,,,,,,
shaffjo01,P,,,,,,
shaffor01,OF,,,,,,
shaffri01,1B,,,,,,
shaffta01,2B,,,,,,
shallgu01,P,,,,,,
shambji01,3B,,,,,,
shamsar01,OF,,,,,,
shanagr01,P,,,,,,
shandji01,OF,,,,,,
shanewa01,OF,,,,,,
shank01,SS,,,,,,
shankha01,P,,,,,,
shankho01,OF,,,,,,
shankjo01,1B,,,,,,
shanldo01,SS,,,,,,
shann01,OF,,,,,,
shannbi01,P,,,,,,
shannda01,2B,,,,,,
shannfr01,SS,,,,,,
shannjo01,OF,,,,,,
shannmi01,3B,,,,,,
shannow01,C,,,,,,
shannre01,2B,,,,,,
shannsp01,OF,,,,,,
shannwa01,3B,,,,,,
shannwa02,2B,,,,,,
shantbi01,C,,,,,,
shantbo01,P,,,,,,
sharmra01,OF,,,,,,
sharodi01,OF,,,,,,
sharp01,SS,,,,,,
sharpbi01,OF,,,,,,
sharpbu01,1B,,,,,,
sharpjo01,P,,,,,,
sharpmi01,3B,,,,,,
sharppe01,P,,,,,,
sharpst01,P,,,,,,
sharrge01,P,,,,,,
sharrja01,P,,,,,,
shaugsh01,OF,,,,,,
shautjo01,P,,,,,,
shaveje01,P,,,,,,
shavejo01,SS,,,,,,
shaw01,OF,,,,,,
shawal01,C,,,,,,
shawal02,OF,,,,,,
shawami01,P,,,,,,
shawbe01,1B,,,,,,
shawbo01,P,,,,,,
shawbr01,P,,,,,,
shawch01,OF,,,,,,
shawdo01,P,,,,,,
shawdu01,P,,,,,,
shawhe01,PH,,,,,,
shawje01,P,,,,,,
shawji01,P,,,,,,
shawkbo01,P,,,,,,
shawma01,3B,,,,,,
shawro01,OF,,,,,,
shawsa01,P,,,,,,
shawte01,P,,,,,,
shawtr01,3B,,,,,,
shayda01,SS,,,,,,
shayma01,2B,,,,,,
sheafda01,C,,,,,,
sheage01,C,,,,,,
sheajo01,P,,,,,,
shealal01,P,,,,,,
shealry01,1B,,,,,,
sheame01,C,,,,,,
sheami01,P,,,,,,
sheana01,C,,,,,,
sheanda01,2B,,,,,,
sheare01,P,,,,,,
shearge01,P,,,,,,
shearjo01,OF,,,,,,
shearra01,OF,,,,,,
shearto01,P,,,,,,
sheasp01,P,,,,,,
sheast01,P,,,,,,
sheckji01,OF,,,,,,
sheehbi01,OF,,,,,,
sheehem01,P,,,,,,
sheehja01,SS,,,,,,
sheehji01,C,,,,,,
sheehto01,3B,,,,,,
sheehto02,P,,,,,,
sheelbu01,C,,,,,,
sheelea01,1B,,,,,,
sheerch01,2B,,,,,,
sheetan01,SS,,,,,,
sheetbe01,P,,,,,,
sheetga01,OF,,,,,,
sheetla01,OF,,,,,,
sheffga01,OF,,,,,,
sheffjo01,P,,,,,,
sheffju01,P,,,,,,
shelbhi01,OF,,,,,,
shelbjo01,OF,,,,,,
sheldbo01,2B,,,,,,
sheldro01,P,,,,,,
sheldsc01,3B,,,,,,
shellfr01,P,,,,,,
shellhu01,OF,,,,,,
shellji01,P,,,,,,
shellst01,P,,,,,,
sheltbe01,OF,,,,,,
sheltch01,1B,,,,,,
sheltje01,OF,,,,,,
sheltsk01,OF,,,,,,
shemost01,2B,,,,,,
shentau01,1B,,,,,,
shepabe01,P,,,,,,
shepafr01,OF,,,,,,
shepaja01,C,,,,,,
shepara01,C,,,,,,
shephch01,P,,,,,,
shephfr01,P,,,,,,
shephke01,P,,,,,,
shephro01,OF,,,,,,
sheppge01,OF,,,,,,
sheppjo01,OF,,,,,,
sheppra01,3B,,,,,,
sheppwi01,P,,,,,,
sherdbi01,P,,,,,,
sherfji01,P,,,,,,
sheri01,OF,,,,,,
sheripa01,OF,,,,,,
sherire01,SS,,,,,,
sheriro01,P,,,,,,
sherkge01,P,,,,,,
sherlmo01,1B,,,,,,
sherlvi01,2B,,,,,,
shermda01,P,,,,,,
shermda02,OF,,,,,,
shermjo01,P,,,,,,
sherrde01,SS,,,,,,
sherrfr01,P,,,,,,
sherrge01,P,,,,,,
sherrla01,P,,,,,,
sherrno01,C,,,,,,
sherrry01,P,,,,,,
sherrti01,P,,,,,,
shetrba01,OF,,,,,,
shetzjo01,3B,,,,,,
shevlji01,1B,,,,,,
shewmbr01,SS,,,,,,
shielbe01,P,,,,,,
shielch01,P,,,,,,
shielch02,P,,,,,,
shielja01,P,,,,,,
shielja02,P,,,,,,
shielji01,P,,,,,,
shielpe01,1B,,,,,,
shielsc01,P,,,,,,
shielst01,P,,,,,,
shielto01,2B,,,,,,
shielvi01,P,,,,,,
shiffga01,P,,,,,,
shiffst01,P,,,,,,
shillji01,2B,,,,,,
shinagi01,C,,,,,,
shinaza01,P,,,,,,
shindbi01,3B,,,,,,
shinera01,1B,,,,,,
shinjts01,OF,,,,,,
shinnra01,OF,,,,,,
shinnti01,2B,,,,,,
shipada01,P,,,,,,
shipkbi01,3B,,,,,,
shiplbr01,P,,,,,,
shiplcr01,3B,,,,,,
shipljo01,P,,,,,,
shippje01,C,,,,,,
shirear01,1B,,,,,,
shiredu01,P,,,,,,
shirlba01,SS,,,,,,
shirlbo01,P,,,,,,
shirlmu01,1B,,,,,,
shirlst01,P,,,,,,
shirlte01,P,,,,,,
shivege01,OF,,,,,,
shiveiv01,OF,,,,,,
shochge01,OF,,,,,,
shockco01,1B,,,,,,
shockur01,P,,,,,,
shoemch01,2B,,,,,,
shoemma01,P,,,,,,
shoffmi01,P,,,,,,
shofnst01,3B,,,,,,
shokeed01,1B,,,,,,
shoopro01,C,,,,,,
shopato01,OF,,,,,,
shoppke01,C,,,,,,
shorebi01,P,,,,,,
shoreer01,P,,,,,,
shorera01,P,,,,,,
short01,C,,,,,,
shortbi01,P,,,,,,
shortch01,OF,,,,,,
shortch02,P,,,,,,
shortda01,OF,,,,,,
shortri01,2B,,,,,,
shortza01,SS,,,,,,
shottbu01,OF,,,,,,
shouncl01,P,,,,,,
shoupjo01,SS,,,,,,
shousbr01,P,,,,,,
shovljo01,2B,,,,,,
shower01,P,,,,,,
shrevch01,P,,,,,,
shrevle01,P,,,,,,
shrivha01,P,,,,,,
shropra01,C,,,,,,
shubage01,OF,,,,,,
shuckja01,OF,,,,,,
shueypa01,P,,,,,,
shugach01,P,,,,,,
shugafr01,SS,,,,,,
shultto01,P,,,,,,
shumaan01,P,,,,,,
shumaha01,P,,,,,,
shumpte01,2B,,,,,,
shupevi01,1B,,,,,,
shustja01,P,,,,,,
shyba01,P,,,,,,
sianimi01,OF,,,,,,
siasge01,3B,,,,,,
sickied01,2B,,,,,,
siddajo01,C,,,,,,
siebe01,OF,,,,,,
siebedi01,1B,,,,,,
siebeno01,1B,,,,,,
siebepa01,P,,,,,,
siebeso01,P,,,,,,
siebldw01,P,,,,,,
siefkfr01,3B,,,,,,
siegejo01,3B,,,,,,
siegljo01,OF,,,,,,
siegrke01,P,,,,,,
siemeos01,C,,,,,,
sierrca01,P,,,,,,
sierrfe01,2B,,,,,,
sierrma01,OF,,,,,,
sierrmo01,OF,,,,,,
sierrru01,OF,,,,,,
sieveed01,P,,,,,,
sievero01,1B,,,,,,
siffefr01,C,,,,,,
sigaffr01,3B,,,,,,
siglipa01,2B,,,,,,
sigmatr01,OF,,,,,,
signewa01,P,,,,,,
sigsbse01,P,,,,,,
sikorbr01,P,,,,,,
silbeed01,OF,,,,,,
silched01,OF,,,,,,
silsech01,P,,,,,,
silvaca01,P,,,,,,
silvada01,3B,,,,,,
silvajo01,P,,,,,,
silvape01,P,,,,,,
silvawa01,P,,,,,,
silveal01,OF,,,,,,
silvech01,C,,,,,,
silveda01,3B,,,,,,
silveke01,C,,,,,,
silvelu01,OF,,,,,,
silveto01,OF,,,,,,
simaal01,P,,,,,,
simasbi01,P,,,,,,
simmo01,PH,,,,,,
simmoal01,OF,,,,,,
simmoan01,SS,,,,,,
simmobr01,OF,,,,,,
simmocu01,P,,,,,,
simmoha01,2B,,,,,,
simmojo01,OF,,,,,,
simmojo02,OF,,,,,,
simmone01,OF,,,,,,
simmopa01,P,,,,,,
simmosh01,P,,,,,,
simmosi01,P,,,,,,
simmote01,C,,,,,,
simms01,SS,,,,,,
simmsmi01,OF,,,,,,
simmswi01,OF,,,,,,
simonal01,P,,,,,,
simondo01,P,,,,,,
simonha01,OF,,,,,,
simonja01,P,,,,,,
simonme01,OF,,,,,,
simonmi01,C,,,,,,
simonra01,1B,,,,,,
simonro01,OF,,,,,,
simonsy01,3B,,,,,,
simps01,C,,,,,,
simpsal01,P,,,,,,
simpsch01,OF,,,,,,
simpscl01,OF,,,,,,
simpsde01,1B,,,,,,
simpsdi01,OF,,,,,,
simpsdu01,P,,,,,,
simpsha01,OF,,,,,,
simpsjo01,OF,,,,,,
simpsjo02,P,,,,,,
simpsla01,P,,,,,,
simpsma01,2B,,,,,,
simpsst01,P,,,,,,
simpswa01,P,,,,,,
simsdu01,C,,,,,,
simsgr01,OF,,,,,,
simsle01,SS,,,,,,
simslu01,P,,,,,,
simspe01,P,,,,,,
sinatma01,C,,,,,,
sinclst01,P,,,,,,
sincobe01,P,,,,,,
sinerho01,3B,,,,,,
singebi01,P,,,,,,
singebr01,P,,,,,,
singeor01,OF,,,,,,
singlal01,P,,,,,,
singlch01,OF,,,,,,
singldu01,OF,,,,,,
singlel01,P,,,,,,
singljo01,P,,,,,,
singljo02,1B,,,,,,
singlke01,OF,,,,,,
singtfr01,OF,,,,,,
sinkbbr01,P,,,,,,
sipekdi01,OF,,,,,,
sipinjo01,2B,,,,,,
sippto01,P,,,,,,
sirijo01,OF,,,,,,
sirotmi01,P,,,,,,
siscoan01,P,,,,,,
siscoch01,C,,,,,,
siscora01,3B,,,,,,
siscost01,OF,,,,,,
siskdo01,P,,,,,,
siskev01,P,,,,,,
siskto01,P,,,,,,
sisleda01,P,,,,,,
sisledi01,1B,,,,,,
sislege01,1B,,,,,,
sistisi01,2B,,,,,,
sittibr01,P,,,,,,
sittoca01,P,,,,,,
sivespe01,P,,,,,,
siwyji01,P,,,,,,
sixsmed01,C,,,,,,
sizemgr01,OF,,,,,,
sizemsc01,3B,,,,,,
sizemte01,2B,,,,,,
skafffr01,1B,,,,,,
skaggda01,C,,,,,,
skaggty01,P,,,,,,
skalsjo01,P,,,,,,
skaugda01,P,,,,,,
skeelda01,P,,,,,,
skenepa01,P,,,,,,
sketcbu01,OF,,,,,,
skiffbi01,C,,,,,,
skinnal01,OF,,,,,,
skinnan01,P,,,,,,
skinnbo01,OF,,,,,,
skinnca01,OF,,,,,,
skinnjo01,C,,,,,,
skipwky01,C,,,,,,
skizalo01,OF,,,,,,
skogler01,P,,,,,,
skokcr01,P,,,,,,
skolema01,1B,,,,,,
skopejo01,P,,,,,,
skowrbi01,1B,,,,,,
skrmema01,P,,,,,,
skubata01,P,,,,,,
skubebo01,OF,,,,,,
sladear01,OF,,,,,,
sladego01,SS,,,,,,
slaglji01,OF,,,,,,
slagljo01,P,,,,,,
slaglro01,P,,,,,,
slaglwa01,P,,,,,,
slamaan01,P,,,,,,
slanida01,P,,,,,,
slapncy01,P,,,,,,
slappjo01,P,,,,,,
slateau01,OF,,,,,,
slatedo01,P,,,,,,
slateju01,P,,,,,,
slatoji01,P,,,,,,
slattja01,C,,,,,,
slattmi01,OF,,,,,,
slattph01,P,,,,,,
slaugba01,P,,,,,,
slaugdo01,C,,,,,,
slaugen01,OF,,,,,,
slaugst01,P,,,,,,
slaybbi01,P,,,,,,
slaybsc01,2B,,,,,,
slaytst01,P,,,,,,
sleatlo01,P,,,,,,
sledgte01,OF,,,,,,
slegeaa01,P,,,,,,
sloanbr01,OF,,,,,,
sloanro01,OF,,,,,,
sloanto01,OF,,,,,,
sloanwi01,OF,,,,,,
sloatle01,P,,,,,,
slocubr01,P,,,,,,
slocuhe01,P,,,,,,
slocuro01,3B,,,,,,
sloweke01,P,,,,,,
slusajo01,P,,,,,,
smajscr01,2B,,,,,,
smallaa01,P,,,,,,
smallch01,OF,,,,,,
smallet01,P,,,,,,
smallha01,1B,,,,,,
smallji01,OF,,,,,,
smallle01,2B,,,,,,
smallma01,P,,,,,,
smallro01,SS,,,,,,
smallro02,SS,,,,,,
smallwa01,P,,,,,,
smallwi01,3B,,,,,,
smartjd01,P,,,,,,
smartle01,P,,,,,,
smaulow01,P,,,,,,
smazajo01,OF,,,,,,
smeltde01,P,,,,,,
smilebi01,2B,,,,,,
smilejo01,P,,,,,,
smith01,OF,,,,,,
smith02,P,,,,,,
smith03,OF,,,,,,
smith04,OF,,,,,,
smith05,P,,,,,,
smith06,P,,,,,,
smith07,OF,,,,,,
smith08,P,,,,,,
smith09,P,,,,,,
smith10,P,,,,,,
smith11,PH,,,,,,
smith12,PH,,,,,,
smith13,OF,,,,,,
smith14,OF,,,,,,
smith15,P,,,,,,
smith16,SS,,,,,,
smitha01,2B,,,,,,
smithaj01,P,,,,,,
smithal01,C,,,,,,
smithal02,P,,,,,,
smithal03,P,,,,,,
smithal04,OF,,,,,,
smithar01,P,,,,,,
smithbe01,OF,,,,,,
smithbi01,OF,,,,,,
smithbi02,OF,,,,,,
smithbi03,P,,,,,,
smithbi04,P,,,,,,
smithbi05,2B,,,,,,
smithbi06,P,,,,,,
smithbi07,C,,,,,,
smithbl01,P,,,,,,
smithbo01,P,,,,,,
smithbo02,P,,,,,,
smithbo03,P,,,,,,
smithbo04,OF,,,,,,
smithbo05,P,,,,,,
smithbo06,3B,,,,,,
smithbo07,C,,,,,,
smithbr01,P,,,,,,
smithbr02,1B,,,,,,
smithbr03,P,,,,,,
smithbu01,OF,,,,,,
smithbu02,P,,,,,,
smithbu03,P,,,,,,
smithca01,OF,,,,,,
smithca02,P,,,,,,
smithca03,P,,,,,,
smithca04,OF,,,,,,
smithca05,P,,,,,,
smithca06,SS,,,,,,
smithca07,OF,,,,,,
smithch01,3B,,,,,,
smithch02,P,,,,,,
smithch03,P,,,,,,
smithch04,3B,,,,,,
smithch05,1B,,,,,,
smithch06,P,,,,,,
smithch07,P,,,,,,
smithch08,P,,,,,,
smithch09,P,,,,,,
smithch10,P,,,,,,
smithch12,OF,,,,,,
smithcl01,P,,,,,,
smithcl02,OF,,,,,,
smithcl03,2B,,,,,,
smithcl04,2B,,,,,,
smithda01,P,,,,,,
smithda02,P,,,,,,
smithda03,P,,,,,,
smithda04,P,,,,,,
smithda05,P,,,,,,
smithda06,P,,,,,,
smithda07,P,,,,,,
smithdi01,3B,,,,,,
smithdi02,OF,,,,,,
smithdi03,OF,,,,,,
smithdo01,P,,,,,,
smithdo02,1B,,,,,,
smithdo03,P,,,,,,
smithdr01,P,,,,,,
smithdw01,OF,,,,,,
smithdw02,OF,,,,,,
smithdy01,P,,,,,,
smithea01,OF,,,,,,
smithea02,C,,,,,,
smithea03,OF,,,,,,
smithed01,OF,,,,,,
smithed02,OF,,,,,,
smithed03,P,,,,,,
smithed04,P,,,,,,
smithed05,P,,,,,,
smithel01,OF,,,,,,
smithel02,OF,,,,,,
smither01,SS,,,,,,
smither02,OF,,,,,,
smitheu01,P,,,,,,
smithfo01,P,,,,,,
smithfr01,C,,,,,,
smithfr02,P,,,,,,
smithfr03,P,,,,,,
smithfr04,P,,,,,,
smithfr05,3B,,,,,,
smithfr06,P,,,,,,
smithge01,SS,,,,,,
smithge02,P,,,,,,
smithge03,P,,,,,,
smithge04,2B,,,,,,
smithge05,SS,,,,,,
smithgr01,2B,,,,,,
smithgr02,P,,,,,,
smithgu01,P,,,,,,
smithha01,2B,,,,,,
smithha02,3B,,,,,,
smithha03,C,,,,,,
smithha04,OF,,,,,,
smithha05,P,,,,,,
smithha06,C,,,,,,
smithha07,P,,,,,,
smithha08,C,,,,,,
smithha09,C,,,,,,
smithhe01,2B,,,,,,
smithhe02,2B,,,,,,
smithhe03,OF,,,,,,
smithhe04,P,,,,,,
smithhe05,P,,,,,,
smithhi99,P,,,,,,
smithhu01,P,,,,,,
smithj01,OF,,,,,,
smithja01,P,,,,,,
smithja02,3B,,,,,,
smithja03,OF,,,,,,
smithja04,P,,,,,,
smithja05,2B,,,,,,
smithja06,P,,,,,,
smithja07,SS,,,,,,
smithji01,SS,,,,,,
smithji02,SS,,,,,,
smithji03,3B,,,,,,
smithji04,C,,,,,,
smithjo01,SS,,,,,,
smithjo02,1B,,,,,,
smithjo03,C,,,,,,
smithjo04,1B,,,,,,
smithjo05,P,,,,,,
smithjo06,P,,,,,,
smithjo07,P,,,,,,
smithjo08,P,,,,,,
smithjo09,3B,,,,,,
smithjo10,P,,,,,,
smithjo11,OF,,,,,,
smithju01,3B,,,,,,
smithke01,OF,,,,,,
smithke02,1B,,,,,,
smithke03,SS,,,,,,
smithke04,C,,,,,,
smithke05,3B,,,,,,
smithkl01,OF,,,,,,
smithl01,OF,,,,,,
smithle01,SS,,,,,,
smithle02,P,,,,,,
smithlo01,OF,,,,,,
smithma01,OF,,,,,,
smithma02,P,,,,,,
smithma03,OF,,,,,,
smithma04,P,,,,,,
smithma05,OF,,,,,,
smithma06,OF,,,,,,
smithmi01,OF,,,,,,
smithmi02,3B,,,,,,
smithmi03,P,,,,,,
smithmi04,P,,,,,,
smithmi05,P,,,,,,
smithmi06,P,,,,,,
smithmi07,C,,,,,,
smithmu01,P,,,,,,
smithna01,C,,,,,,
smithol01,OF,,,,,,
smithol02,P,,,,,,
smithoz01,SS,,,,,,
smithpa01,OF,,,,,,
smithpa02,C,,,,,,
smithpa03,1B,,,,,,
smithpa04,OF,,,,,,
smithpe01,P,,,,,,
smithpe02,P,,,,,,
smithph01,P,,,,,,
smithpo01,2B,,,,,,
smithpo02,P,,,,,,
smithqu01,OF,,,,,,
smithr01,P,,,,,,
smithra01,C,,,,,,
smithra02,P,,,,,,
smithre01,P,,,,,,
smithre02,3B,,,,,,
smithre03,C,,,,,,
smithre04,SS,,,,,,
smithre05,C,,,,,,
smithre06,OF,,,,,,
smithre07,3B,,,,,,
smithre08,C,,,,,,
smithri01,P,,,,,,
smithro01,P,,,,,,
smithro02,P,,,,,,
smithro03,P,,,,,,
smithrs01,SS,,,,,,
smithru01,P,,,,,,
smithse01,OF,,,,,,
smithsh01,P,,,,,,
smithsh02,P,,,,,,
smithsk01,1B,,,,,,
smithst01,SS,,,,,,
smithst02,OF,,,,,,
smithsy01,C,,,,,,
smithta01,P,,,,,,
smithth01,P,,,,,,
smithto01,2B,,,,,,
smithto02,P,,,,,,
smithto03,SS,,,,,,
smithto04,OF,,,,,,
smithtr01,P,,,,,,
smithty01,SS,,,,,,
smithvi01,C,,,,,,
smithwa01,3B,,,,,,
smithwi01,C,,,,,,
smithwi02,OF,,,,,,
smithwi03,P,,,,,,
smithwi04,P,,,,,,
smithwi05,C,,,,,,
smithwi06,OF,,,,,,
smithwi07,3B,,,,,,
smithwi08,P,,,,,,
smithwy01,OF,,,,,,
smithza01,P,,,,,,
smoakju01,1B,,,,,,
smokejo01,P,,,,,,
smolija01,OF,,,,,,
smollle01,P,,,,,,
smoltjo01,P,,,,,,
smootho01,OF,,,,,,
smoyehe01,SS,,,,,,
smykafr01,SS,,,,,,
smylydr01,P,,,,,,
smythha01,P,,,,,,
smythre01,OF,,,,,,
smythst01,P,,,,,,
snarery01,P,,,,,,
sneaded01,P,,,,,,
sneades01,OF,,,,,,
sneadki01,P,,,,,,
sneadsy01,OF,,,,,,
sneedcy01,P,,,,,,
sneedjo01,OF,,,,,,
snellbl01,P,,,,,,
snellch01,C,,,,,,
snellch02,OF,,,,,,
snellia01,P,,,,,,
snellna01,P,,,,,,
snellwa01,C,,,,,,
sneltdj01,P,,,,,,
snideco01,P,,,,,,
snidedu01,OF,,,,,,
snidetr01,OF,,,,,,
snideva01,OF,,,,,,
snodgch01,OF,,,,,,
snodgfr01,OF,,,,,,
snodgsc01,P,,,,,,
snookfr01,P,,,,,,
snopech01,3B,,,,,,
snoveco01,P,,,,,,
snowch01,C,,,,,,
snowdda01,P,,,,,,
snowdmo01,3B,,,,,,
snowfe01,3B,,,,,,
snowjt01,1B,,,,,,
snydebe01,2B,,,,,,
snydebi01,P,,,,,,
snydebr01,P,,,,,,
snydebr02,1B,,,,,,
snydebr03,1B,,,,,,
snydech01,C,,,,,,
snydech02,C,,,,,,
snydech03,C,,,,,,
snydeco01,C,,,,,,
snydeco02,OF,,,,,,
snydeea01,1B,,,,,,
snydefr01,C,,,,,,
snydege01,P,,,,,,
snydege02,P,,,,,,
snydeja01,C,,,,,,
snydeje01,SS,,,,,,
snydeji01,SS,,,,,,
snydeji02,2B,,,,,,
snydejo01,OF,,,,,,
snydejo02,P,,,,,,
snydeky01,P,,,,,,
snydeni01,P,,,,,,
snydepo01,C,,,,,,
snydere01,OF,,,,,,
snyderu01,OF,,,,,,
sobkosc01,P,,,,,,
sobotch01,P,,,,,,
sockach01,OF,,,,,,
socolmi01,P,,,,,,
soderer01,3B,,,,,,
soderst01,P,,,,,,
soderty01,1B,,,,,,
sodowcl01,P,,,,,,
soffra01,P,,,,,,
sofieri01,OF,,,,,,
sogarer01,2B,,,,,,
sogarni01,2B,,,,,,
sojolu01,2B,,,,,,
solaito01,1B,,,,,,
solakni01,2B,,,,,,
solando01,2B,,,,,,
solanjh01,C,,,,,,
solanju01,P,,,,,,
solarya01,3B,,,,,,
solde01,P,,,,,,
soleral01,P,,,,,,
solerjo01,OF,,,,,,
solisal01,C,,,,,,
solisma01,P,,,,,,
solismi01,3B,,,,,,
solissa01,P,,,,,,
solomed01,P,,,,,,
solomja01,P,,,,,,
solommo01,OF,,,,,,
solompe01,P,,,,,,
soltemo01,OF,,,,,,
somered01,2B,,,,,,
somerjo01,1B,,,,,,
sommean01,P,,,,,,
sommebi01,3B,,,,,,
sommedr01,P,,,,,,
sommejo01,OF,,,,,,
sommepe01,C,,,,,,
sommeru01,P,,,,,,
somsela01,P,,,,,,
songedo01,P,,,,,,
sonnaan01,P,,,,,,
sorenla01,P,,,,,,
sorenza01,2B,,,,,,
soriaal01,OF,,,,,,
soriage01,P,,,,,,
soriajo01,P,,,,,,
soriajo02,P,,,,,,
soriara01,P,,,,,,
sorokmi01,P,,,,,,
sorrebi01,3B,,,,,,
sorrech01,SS,,,,,,
sorrepa01,1B,,,,,,
sorrevi01,P,,,,,,
sosaed01,SS,,,,,,
sosael01,P,,,,,,
sosahe01,P,,,,,,
sosajo01,P,,,,,,
sosajo02,P,,,,,,
sosaju01,OF,,,,,,
sosale01,2B,,,,,,
sosasa01,OF,,,,,,
sosavi01,C,,,,,,
sothede01,OF,,,,,,
sothoal01,P,,,,,,
sotoel01,SS,,,,,,
sotoge01,C,,,,,,
sotogi01,P,,,,,,
sotogr01,P,,,,,,
sotoju01,OF,,,,,,
sotoli01,SS,,,,,,
sotoma01,P,,,,,,
sotone01,1B,,,,,,
souchst01,OF,,,,,,
souelhe01,3B,,,,,,
sousabe01,P,,,,,,
south01,SS,,,,,,
southbi01,OF,,,,,,
southbi02,3B,,,,,,
southcl01,C,,,,,,
souzama01,P,,,,,,
souzast01,OF,,,,,,
sowdebi01,P,,,,,,
sowdejo01,P,,,,,,
sowdele01,OF,,,,,,
sowelcl01,P,,,,,,
sowerje01,P,,,,,,
spadebo01,P,,,,,,
spahnwa01,P,,,,,,
spaldal01,P,,,,,,
spalddi01,OF,,,,,,
spande01,OF,,,,,,
spangal01,OF,,,,,,
spangco01,3B,,,,,,
spannbu01,2B,,,,,,
spansbi01,P,,,,,,
spark01,OF,,,,,,
sparkgl01,P,,,,,,
sparkje01,P,,,,,,
sparkjo01,2B,,,,,,
sparkst01,P,,,,,,
sparkst02,P,,,,,,
sparktu01,P,,,,,,
sparmjo01,P,,,,,,
speakbo01,OF,,,,,,
speaktr01,OF,,,,,,
spearch01,C,,,,,,
spearcl01,OF,,,,,,
spearco01,OF,,,,,,
spearfr01,3B,,,,,,
spearhe01,3B,,,,,,
spearna01,OF,,,,,,
spearwi01,P,,,,,,
speasal01,P,,,,,,
speckcl01,P,,,,,,
speecby01,P,,,,,,
speedho01,OF,,,,,,
speerfl01,P,,,,,,
speerki01,P,,,,,,
spehrti01,C,,,,,,
speiech01,SS,,,,,,
speiega01,P,,,,,,
speieju01,P,,,,,,
speiery01,P,,,,,,
speigle01,P,,,,,,
spenc01,SS,,,,,,
spencbe01,OF,,,,,,
spencbo01,1B,,,,,,
spencch01,OF,,,,,,
spencda01,SS,,,,,,
spencge01,P,,,,,,
spencgl01,P,,,,,,
spencha01,P,,,,,,
spencji01,1B,,,,,,
spencjo01,P,,,,,,
spencjo02,2B,,,,,,
spencjo03,OF,,,,,,
spencmi01,P,,,,,,
spencro01,C,,,,,,
spencse01,P,,,,,,
spencsh01,OF,,,,,,
spencst01,OF,,,,,,
spencst02,P,,,,,,
spencto01,OF,,,,,,
spenctu01,C,,,,,,
spencve01,OF,,,,,,
spencwi01,3B,,,,,,
spencza01,P,,,,,,
sperapa01,3B,,,,,,
sperbed01,OF,,,,,,
sperrro01,2B,,,,,,
sperrst01,2B,,,,,,
spicebo01,P,,,,,,
spierbi01,SS,,,,,,
spierca01,P,,,,,,
spiesha01,1B,,,,,,
spiezed01,3B,,,,,,
spiezsc01,1B,,,,,,
spikech01,OF,,,,,,
spilbry01,OF,,,,,,
spillda01,P,,,,,,
spilmha01,1B,,,,,,
spindha01,C,,,,,,
spinksc01,P,,,,,,
spitzsh01,P,,,,,,
spiveju01,2B,,,,,,
splitpa01,P,,,,,,
spognan01,2B,,,,,,
spohral01,C,,,,,,
spoljpa01,P,,,,,,
spongca01,P,,,,,,
spoonka01,P,,,,,,
spoonti01,P,,,,,,
spottji01,C,,,,,,
spradje01,P,,,,,,
spragch01,OF,,,,,,
spraged01,P,,,,,,
spraged02,3B,,,,,,
spragho01,P,,,,,,
spratha01,SS,,,,,,
sprigge01,OF,,,,,,
sprinbr01,P,,,,,,
sprinde01,P,,,,,,
sprined01,P,,,,,,
springe01,OF,,,,,,
sprinja01,P,,,,,,
sprinje01,P,,,,,,
sprinjo01,C,,,,,,
sprinru01,P,,,,,,
sprinst01,3B,,,,,,
sproabr01,P,,,,,,
sproubo01,P,,,,,,
sprouch01,P,,,,,,
sprowbo01,P,,,,,,
spruijo01,P,,,,,,
spruize01,P,,,,,,
spurgfr01,2B,,,,,,
spurgja01,P,,,,,,
spurlch01,P,,,,,,
spurned01,SS,,,,,,
squirmi01,1B,,,,,,
stablge01,P,,,,,,
stacked01,P,,,,,,
staehma01,2B,,,,,,
staffbi01,P,,,,,,
staffbo01,OF,,,,,,
staffge01,OF,,,,,,
staffjo01,P,,,,,,
staggst01,2B,,,,,,
stahlch01,OF,,,,,,
stahlja01,1B,,,,,,
stahlla01,OF,,,,,,
stahosc01,1B,,,,,,
staigro01,3B,,,,,,
staintu01,OF,,,,,,
stairma01,OF,,,,,,
stalega01,2B,,,,,,
stalege01,P,,,,,,
staleha01,P,,,,,,
stallge01,C,,,,,,
stallge02,OF,,,,,,
stallja01,C,,,,,,
stalltr01,P,,,,,,
stallvi01,SS,,,,,,
stameer01,SS,,,,,,
stammcr01,P,,,,,,
stamphu01,P,,,,,,
stanaos01,C,,,,,,
stancch01,P,,,,,,
standja01,P,,,,,,
standje01,2B,,,,,,
standpe01,P,,,,,,
staneal01,P,,,,,,
stanery01,P,,,,,,
stanfja01,P,,,,,,
stanfke01,P,,,,,,
stangda01,P,,,,,,
stangle01,P,,,,,,
stanhdo01,P,,,,,,
stanipe01,OF,,,,,,
staniro01,P,,,,,,
stankan01,2B,,,,,,
stanked01,2B,,,,,,
stankjo01,P,,,,,,
stankto01,3B,,,,,,
stanlbo01,P,,,,,,
stanlbu01,P,,,,,,
stanlco01,C,,,,,,
stanlfr01,SS,,,,,,
stanlji01,SS,,,,,,
stanljo01,OF,,,,,,
stanljo02,OF,,,,,,
stanlmi01,OF,,,,,,
stanlmi02,C,,,,,,
stanlne01,P,,,,,,
stanlpa01,OF,,,,,,
stanscr01,2B,,,,,,
stansja01,3B,,,,,,
stantbu01,OF,,,,,,
stantha01,C,,,,,,
stantle01,OF,,,,,,
stantmi01,P,,,,,,
stantmi02,P,,,,,,
stantmi03,OF,,,,,,
stantto01,C,,,,,,
staplda01,1B,,,,,,
staplda02,P,,,,,,
stapljo01,OF,,,,,,
stargwi01,OF,,,,,,
stark01,C,,,,,,
starkco01,P,,,,,,
starkde01,P,,,,,,
starkdo01,SS,,,,,,
starkji01,1B,,,,,,
starkma01,C,,,,,,
starkot01,P,,,,,,
starlbu01,OF,,,,,,
starnge01,C,,,,,,
starrbi01,C,,,,,,
starrch01,2B,,,,,,
starrdi01,P,,,,,,
starrhe01,P,,,,,,
starrra01,P,,,,,,
startjo01,1B,,,,,,
stashco01,P,,,,,,
stassbr01,1B,,,,,,
stassma01,C,,,,,,
statoda01,1B,,,,,,
statojo01,1B,,,,,,
statzji01,OF,,,,,,
staubru01,OF,,,,,,
staufed01,P,,,,,,
staufti01,P,,,,,,
staumjo01,P,,,,,,
stavini01,OF,,,,,,
stclaeb01,C,,,,,,
stclara01,P,,,,,,
stearbi01,P,,,,,,
stearec01,1B,,,,,,
stearjo01,C,,,,,,
steartu99,OF,,,,,,
stechch01,P,,,,,,
stechge01,P,,,,,,
steckdr01,P,,,,,,
stedrjo01,3B,,,,,,
steelbi01,P,,,,,,
steelbo01,P,,,,,,
steeled01,OF,,,,,,
steelel01,P,,,,,,
steelfa01,C,,,,,,
steelji01,OF,,,,,,
steelju01,P,,,,,,
steenbi01,P,,,,,,
steenke01,P,,,,,,
steenmi01,P,,,,,,
steerge01,SS,,,,,,
steersp01,1B,,,,,,
steevmo01,P,,,,,,
stefami01,2B,,,,,,
stefejo01,C,,,,,,
stegmda01,OF,,,,,,
steinbe01,2B,,,,,,
steinbi01,C,,,,,,
steinbi02,3B,,,,,,
steinbl01,P,,,,,,
steined01,P,,,,,,
steinge01,2B,,,,,,
steinha01,3B,,,,,,
steinha02,OF,,,,,,
steinir01,P,,,,,,
steinju01,3B,,,,,,
steinra01,P,,,,,,
steinra02,P,,,,,,
steinre01,C,,,,,,
steinte01,C,,,,,,
steirri01,P,,,,,,
stellbi01,P,,,,,,
stellbi02,OF,,,,,,
stelmri01,C,,,,,,
stembje01,P,,,,,,
stemfr01,1B,,,,,,
stemlst01,P,,,,,,
stemmbi01,P,,,,,,
stengca01,OF,,,,,,
stenhda01,P,,,,,,
stenhmi01,OF,,,,,,
stennre01,2B,,,,,,
stensde01,OF,,,,,,
stenzja01,OF,,,,,,
stephal01,P,,,,,,
stephbe01,P,,,,,,
stephbo01,SS,,,,,,
stephbr01,P,,,,,,
stephbu01,P,,,,,,
stephcl01,P,,,,,,
stephdu01,OF,,,,,,
stephea01,P,,,,,,
stephga01,P,,,,,,
stephge01,OF,,,,,,
stephja01,P,,,,,,
stephja02,SS,,,,,,
stephje01,P,,,,,,
stephji01,C,,,,,,
stephjo01,C,,,,,,
stephjo02,C,,,,,,
stephjo03,P,,,,,,
stephjo04,OF,,,,,,
stephph01,1B,,,,,,
stephra01,C,,,,,,
stephri01,OF,,,,,,
stephro01,P,,,,,,
stephtr01,P,,,,,,
stephty01,C,,,,,,
stephve01,SS,,,,,,
stephwa01,C,,,,,,
sterljo01,P,,,,,,
sterlra01,P,,,,,,
sternad01,OF,,,,,,
sternju01,P,,,,,,
sterrdu01,OF,,,,,,
stettmi01,P,,,,,,
stevean01,OF,,,,,,
stevebo01,SS,,,,,,
steveca01,OF,,,,,,
stevech01,1B,,,,,,
stevech02,2B,,,,,,
steveda01,P,,,,,,
steveed01,1B,,,,,,
stevefo01,C,,,,,,
stevefr01,P,,,,,,
steveje01,P,,,,,,
steveji01,P,,,,,,
stevele01,1B,,,,,,
steverc01,1B,,,,,,
stevero01,OF,,,,,,
steveto01,OF,,,,,,
stevewi01,P,,,,,,
stewa01,SS,,,,,,
stewa02,OF,,,,,,
stewaac01,2B,,,,,,
stewaan01,C,,,,,,
stewaar01,P,,,,,,
stewabi01,OF,,,,,,
stewabr01,P,,,,,,
stewabu01,OF,,,,,,
stewabu02,P,,,,,,
stewach01,C,,,,,,
stewach02,OF,,,,,,
stewada01,P,,,,,,
stewadj01,OF,,,,,,
stewafr01,P,,,,,,
stewafr02,P,,,,,,
stewagl01,SS,,,,,,
stewaia01,3B,,,,,,
stewaji01,OF,,,,,,
stewajo01,P,,,,,,
stewajo02,P,,,,,,
stewako01,P,,,,,,
stewale01,P,,,,,,
stewale02,P,,,,,,
stewama01,C,,,,,,
stewama02,P,,,,,,
stewama03,3B,,,,,,
stewane01,OF,,,,,,
stewaos01,P,,,,,,
stewari01,P,,,,,,
stewasa01,P,,,,,,
stewasa02,1B,,,,,,
stewasc01,P,,,,,,
stewash01,OF,,,,,,
stewast01,2B,,,,,,
stewatu01,OF,,,,,,
stewaza01,P,,,,,,
stidhph01,P,,,,,,
stiebda01,P,,,,,,
stielfr01,P,,,,,,
stievjo01,P,,,,,,
stigmdi01,P,,,,,,
stile01,OF,,,,,,
stilero01,P,,,,,,
stillku01,SS,,,,,,
stillro01,2B,,,,,,
stillro02,OF,,,,,,
stimacr01,C,,,,,,
stimmar01,P,,,,,,
stimsca01,P,,,,,,
stineha01,P,,,,,,
stinele01,P,,,,,,
stinnke01,C,,,,,,
stinsbo01,C,,,,,,
stinsfr01,OF,,,,,,
stinsjo01,P,,,,,,
stirega01,OF,,,,,,
stirmto01,OF,,,,,,
stirnsn01,2B,,,,,,
stitema01,P,,,,,,
stiveja01,P,,,,,,
stjohlo01,P,,,,,,
stobbch01,P,,,,,,
stockke01,SS,,,,,,
stockle01,OF,,,,,,
stockme01,OF,,,,,,
stockmi01,3B,,,,,,
stockot01,P,,,,,,
stockph01,P,,,,,,
stockro01,P,,,,,,
stockte01,SS,,,,,,
stockwe01,P,,,,,,
stodd01,OF,,,,,,
stoddbo01,P,,,,,,
stoddti01,P,,,,,,
stokeal01,C,,,,,,
stokear01,P,,,,,,
stokebr01,P,,,,,,
stoketr01,OF,,,,,,
stonear01,P,,,,,,
stonebi01,P,,,,,,
stonede01,P,,,,,,
stonedi01,P,,,,,,
stonedw01,P,,,,,,
stoneed01,OF,,,,,,
stonega01,P,,,,,,
stonege01,OF,,,,,,
stonege02,P,,,,,,
stonege03,1B,,,,,,
stoneje01,OF,,,,,,
stonejo01,OF,,,,,,
stonejo02,OF,,,,,,
stoneli01,P,,,,,,
stoneri01,P,,,,,,
stonero01,P,,,,,,
stonero02,OF,,,,,,
stonest01,P,,,,,,
stoneti01,OF,,,,,,
stoneto01,P,,,,,,
stoopji01,P,,,,,,
storedr01,P,,,,,,
storemi01,P,,,,,,
storiho01,C,,,,,,
storkal01,1B,,,,,,
stortli01,3B,,,,,,
storytr01,SS,,,,,,
stottbr01,2B,,,,,,
stottme01,P,,,,,,
stottme02,P,,,,,,
stottto01,P,,,,,,
stoucto01,2B,,,,,,
stoudle01,P,,,,,,
stoutal01,P,,,,,,
stouter01,P,,,,,,
stova01,P,,,,,,
stovada01,OF,,,,,,
stovage01,1B,,,,,,
stovaje01,P,,,,,,
stovege01,OF,,,,,,
stoveha01,OF,,,,,,
stovira01,OF,,,,,,
stowech01,OF,,,,,,
stoweha01,P,,,,,,
stoweky01,OF,,,,,,
stpiema01,C,,,,,,
strahdi01,P,,,,,,
strahma01,P,,,,,,
strahmi01,P,,,,,,
straida01,P,,,,,,
straijo01,2B,,,,,,
strakle01,P,,,,,,
strambo01,P,,,,,,
stranal01,SS,,,,,,
strando01,3B,,,,,,
stranla01,3B,,,,,,
stranpa01,OF,,,,,,
stranpa02,P,,,,,,
stransa01,3B,,,,,,
strasst01,P,,,,,,
stratas01,SS,,,,,,
stratch01,P,,,,,,
strated01,P,,,,,,
stratfe01,3B,,,,,,
strathu01,P,,,,,,
stratmo01,P,,,,,,
stratsc01,P,,,,,,
straujo01,C,,,,,,
straujo02,OF,,,,,,
straury01,OF,,,,,,
strawda01,OF,,,,,,
strawmy01,OF,,,,,,
streega01,C,,,,,,
streehu01,P,,,,,,
streesa01,P,,,,,,
streios01,P,,,,,,
streled01,P,,,,,,
stremph01,P,,,,,,
streuwa01,C,,,,,,
stricbi01,P,,,,,,
striccu01,2B,,,,,,
stricel01,P,,,,,,
stricge01,SS,,,,,,
striche01,P,,,,,,
strichu01,P,,,,,,
stricji01,P,,,,,,
stricjo01,C,,,,,,
stricsc01,P,,,,,,
stridsp01,P,,,,,,
striege01,2B,,,,,,
strikja01,P,,,,,,
strikjo01,P,,,,,,
strinlo01,2B,,,,,,
strinni01,P,,,,,,
stripjo01,3B,,,,,,
stripro01,P,,,,,,
stritma01,C,,,,,,
strobal01,2B,,,,,,
strohjo01,P,,,,,,
strombr01,P,,,,,,
stromfl01,P,,,,,,
stromma01,P,,,,,,
stronja01,OF,,,,,,
stronji01,3B,,,,,,
stronjo01,P,,,,,,
stronjo02,P,,,,,,
stronte01,OF,,,,,,
stroppe01,P,,,,,,
strotsa01,C,,,,,,
stroued01,OF,,,,,,
strousa01,P,,,,,,
stroust01,OF,,,,,,
strowka01,P,,,,,,
strunam01,OF,,,,,,
strusst01,P,,,,,,
struval01,C,,,,,,
strykdu01,P,,,,,,
strzepe01,P,,,,,,
stthola01,C,,,,,,
stuarbi01,SS,,,,,,
stuardi01,1B,,,,,,
stuarjo01,P,,,,,,
stuarlu01,2B,,,,,,
stuarma01,P,,,,,,
stubbcj01,C,,,,,,
stubbdr01,OF,,,,,,
stubbfr01,1B,,,,,,
stubbga01,C,,,,,,
studlse01,OF,,,,,,
stuelge01,P,,,,,,
stuffpa01,P,,,,,,
stullev01,P,,,,,,
stulter01,P,,,,,,
stultge01,P,,,,,,
stumpbi01,SS,,,,,,
stumpda01,P,,,,,,
stumpge01,OF,,,,,,
stumpji01,P,,,,,,
stupejo01,P,,,,,,
sturdgu01,1B,,,,,,
sturdto01,P,,,,,,
sturdty01,P,,,,,,
sturgbo01,SS,,,,,,
sturgde01,C,,,,,,
sturmjo01,1B,,,,,,
sturtta01,P,,,,,,
stutemi01,P,,,,,,
stutzge01,SS,,,,,,
stvraji01,P,,,,,,
stylele01,C,,,,,,
stynech01,3B,,,,,,
stynene01,C,,,,,,
suareal01,P,,,,,,
suarean01,P,,,,,,
suareeu01,3B,,,,,,
suarejo01,P,,,,,,
suarejo02,P,,,,,,
suareke01,C,,,,,,
suarelu01,3B,,,,,,
suarera01,P,,,,,,
suarero01,P,,,,,,
sublewi01,P,,,,,,
suchdi01,P,,,,,,
suchech01,P,,,,,,
sucheji01,P,,,,,,
suckto01,C,,,,,,
sucreje01,C,,,,,,
sudakbi01,3B,,,,,,
suderpe01,2B,,,,,,
sudhowi01,P,,,,,,
suerowa01,P,,,,,,
suerowi01,2B,,,,,,
suganto01,P,,,,,,
sugdejo01,C,,,,,,
suggsge01,P,,,,,,
suhrgu01,1B,,,,,,
sukefcl01,C,,,,,,
suklaed01,P,,,,,,
sulargu01,SS,,,,,,
suliker01,OF,,,,,,
sulli01,OF,,,,,,
sulli02,PH,,,,,,
sullian01,SS,,,,,,
sullibi01,OF,,,,,,
sullibi02,P,,,,,,
sullibi03,C,,,,,,
sullibi04,C,,,,,,
sullibr01,C,,,,,,
sullich01,1B,,,,,,
sullich02,P,,,,,,
sullico01,OF,,,,,,
sullida01,C,,,,,,
sullide01,3B,,,,,,
sullide02,OF,,,,,,
sullifl01,P,,,,,,
sullifr01,P,,,,,,
sulliha01,P,,,,,,
sulliha02,C,,,,,,
sullija01,2B,,,,,,
sulliji01,P,,,,,,
sulliji02,P,,,,,,
sullijo01,SS,,,,,,
sullijo02,C,,,,,,
sullijo03,P,,,,,,
sullijo04,OF,,,,,,
sullijo05,P,,,,,,
sullijo06,SS,,,,,,
sullijo07,C,,,,,,
sullile01,P,,,,,,
sullima01,OF,,,,,,
sullima02,C,,,,,,
sullimi01,OF,,,,,,
sullimi02,P,,,,,,
sullipa01,3B,,,,,,
sulliru01,OF,,,,,,
sullisc01,P,,,,,,
sullisl01,C,,,,,,
sullisu01,3B,,,,,,
sullite01,OF,,,,,,
sullito01,P,,,,,,
sullito02,P,,,,,,
sullito03,C,,,,,,
sulliwi01,OF,,,,,,
sulsebe01,P,,,,,,
sulseco01,P,,,,,,
summaho01,OF,,,,,,
summech01,OF,,,,,,
summeed01,P,,,,,,
summeki01,C,,,,,,
summelo01,OF,,,,,,
summeta01,OF,,,,,,
sumneca01,OF,,,,,,
sumrawi01,P,,,,,,
sundaar01,OF,,,,,,
sundabi01,OF,,,,,,
sundbji01,C,,,,,,
sundigo01,P,,,,,,
sundrst01,P,,,,,,
sunkepe01,P,,,,,,
sunketo01,P,,,,,,
suppaje01,P,,,,,,
surhobj01,OF,,,,,,
surhori01,P,,,,,,
surkaer01,P,,,,,,
surkoma01,P,,,,,,
susacan01,C,,,,,,
suscege01,C,,,,,,
suscege02,P,,,,,,
susdost01,OF,,,,,,
suskope01,1B,,,,,,
sutclbu01,C,,,,,,
sutclri01,P,,,,,,
sutclsy01,C,,,,,,
suterbr01,P,,,,,,
suterha01,P,,,,,,
sutheda01,P,,,,,,
suthedi01,P,,,,,,
suthega01,2B,,,,,,
suthele01,OF,,,,,,
suthesu01,P,,,,,,
sutkogl01,C,,,,,,
suttebr01,P,,,,,,
sutthja01,P,,,,,,
suttlmu99,1B,,,,,,
suttodo01,P,,,,,,
suttodr01,2B,,,,,,
suttoez01,3B,,,,,,
suttoja01,3B,,,,,,
suttojo01,P,,,,,,
suttola01,OF,,,,,,
suttole01,P,,,,,,
suwinja01,OF,,,,,,
suzukic01,OF,,,,,,
suzukku01,C,,,,,,
suzukma01,P,,,,,,
suzukse01,OF,,,,,,
svansma01,P,,,,,,
sveumda01,SS,,,,,,
swababi01,P,,,,,,
swaciha01,1B,,,,,,
swaggbi01,P,,,,,,
swaggtr01,OF,,,,,,
swaimcy01,P,,,,,,
swan01,SS,,,,,,
swanan01,1B,,,,,,
swancno01,P,,,,,,
swancr01,P,,,,,,
swandma01,3B,,,,,,
swandpi01,OF,,,,,,
swandu01,P,,,,,,
swannpe01,OF,,,,,,
swanru01,P,,,,,,
swansbi01,2B,,,,,,
swansda01,SS,,,,,,
swanser01,P,,,,,,
swansev01,OF,,,,,,
swanska01,2B,,,,,,
swansre01,P,,,,,,
swansst01,OF,,,,,,
swarmma01,P,,,,,,
swartbu01,P,,,,,,
swartda01,P,,,,,,
swarted01,OF,,,,,,
swartmo01,P,,,,,,
swartpa01,P,,,,,,
swarzan01,P,,,,,,
sweasch01,2B,,,,,,
sweatge01,OF,,,,,,
sweenbi01,P,,,,,,
sweenbi02,2B,,,,,,
sweenbi03,1B,,,,,,
sweenbr01,P,,,,,,
sweenbu01,OF,,,,,,
sweench01,P,,,,,,
sweenda01,OF,,,,,,
sweenda02,OF,,,,,,
sweened01,C,,,,,,
sweenha01,1B,,,,,,
sweenje01,1B,,,,,,
sweenma01,OF,,,,,,
sweenmi01,1B,,,,,,
sweenpe01,3B,,,,,,
sweenro01,C,,,,,,
sweenry01,OF,,,,,,
sweentr01,SS,,,,,,
sweetde01,P,,,,,,
sweetle01,P,,,,,,
sweetri01,C,,,,,,
sweigha01,OF,,,,,,
swetost01,P,,,,,,
swettpo01,C,,,,,,
swiftbi01,P,,,,,,
swiftbi02,P,,,,,,
swiftbo01,C,,,,,,
swigaoa01,P,,,,,,
swiggmu01,OF,,,,,,
swiglad01,P,,,,,,
swihabl01,C,,,,,,
swindch01,C,,,,,,
swindgr01,P,,,,,,
swindjo01,P,,,,,,
swindrj01,P,,,,,,
swingpa01,P,,,,,,
swishni01,OF,,,,,,
swishst01,C,,,,,,
switzjo01,P,,,,,,
swoboro01,OF,,,,,,
swormle01,P,,,,,,
sydnodo01,OF,,,,,,
sykesbo01,P,,,,,,
sykesdo01,P,,,,,,
sykesme01,OF,,,,,,
sylvelo01,OF,,,,,,
syndeno01,P,,,,,,
szaputh01,P,,,,,,
szczuma01,OF,,,,,,
szekejo01,OF,,,,,,
szotkke01,SS,,,,,,
szumija01,P,,,,,,
tabakje01,P,,,,,,
tabatjo01,OF,,,,,,
tabbje01,1B,,,,,,
taberjo01,P,,,,,,
taberle01,P,,,,,,
tablepa01,1B,,,,,,
taborea01,C,,,,,,
taborgr01,2B,,,,,,
taborji01,3B,,,,,,
tackeje01,C,,,,,,
tadanka01,P,,,,,,
taffjo01,P,,,,,,
tagucso01,OF,,,,,,
taijetr01,OF,,,,,,
taillja01,P,,,,,,
taittdo01,OF,,,,,,
takahhi01,P,,,,,,
takahke01,P,,,,,,
takatsh01,P,,,,,,
talbeda01,3B,,,,,,
talbobo01,OF,,,,,,
talbofr01,P,,,,,,
talbomi01,P,,,,,,
talcoro01,P,,,,,,
tallebr01,P,,,,,,
talleki01,P,,,,,,
taltoti01,C,,,,,,
tamarjo01,C,,,,,,
tamje01,P,,,,,,
tamulvi01,P,,,,,,
tanakke01,OF,,,,,,
tanakma01,P,,,,,,
tananfr01,P,,,,,,
tankede01,P,,,,,,
tankele01,C,,,,,,
tanketa01,P,,,,,,
tannebr01,P,,,,,,
tannech01,OF,,,,,,
tannehi01,2B,,,,,,
tanneje01,P,,,,,,
tannele01,3B,,,,,,
tapanke01,P,,,,,,
tapiado01,P,,,,,,
tapiara01,OF,,,,,,
taplejo01,3B,,,,,,
tapleto01,SS,,,,,,
tappawa01,SS,,,,,,
tappeel01,C,,,,,,
tappete01,OF,,,,,,
tarasto01,OF,,,,,,
tarbear01,OF,,,,,,
tarnofr01,P,,,,,,
tarplst01,P,,,,,,
tarraja01,P,,,,,,
tartada01,OF,,,,,,
tartajo01,OF,,,,,,
tartatr01,C,,,,,,
tarvela01,OF,,,,,,
tasbywi01,OF,,,,,,
taschja01,P,,,,,,
tatajo01,P,,,,,,
tateal01,P,,,,,,
tatebe01,C,,,,,,
tatedi01,P,,,,,,
tatehu01,OF,,,,,,
tatele01,SS,,,,,,
tatepo01,C,,,,,,
tatera01,P,,,,,,
tatero01,OF,,,,,,
tatest01,P,,,,,,
tateyyo01,P,,,,,,
tatisfe01,3B,,,,,,
tatisfe02,OF,,,,,,
tatisra01,P,,,,,,
tatumcr01,C,,,,,,
tatumgo01,1B,,,,,,
tatumja01,OF,,,,,,
tatumji01,1B,,,,,,
tatumke01,P,,,,,,
tatumto01,OF,,,,,,
taubeed01,C,,,,,,
taubety01,P,,,,,,
taubyfr01,OF,,,,,,
tauchmi01,OF,,,,,,
tauscwa01,P,,,,,,
taussdo01,OF,,,,,,
tavarje01,OF,,,,,,
tavarju01,P,,,,,,
tavenja01,SS,,,,,,
taveral01,2B,,,,,,
taverfr01,SS,,,,,,
taverle01,OF,,,,,,
taveros01,OF,,,,,,
taverwi01,OF,,,,,,
tawati01,OF,,,,,,
taylo01,3B,,,,,,
taylo02,P,,,,,,
tayloaa01,P,,,,,,
tayloal01,1B,,,,,,
tayloan01,P,,,,,,
tayloar01,P,,,,,,
taylobe01,P,,,,,,
taylobe02,1B,,,,,,
taylobe03,P,,,,,,
taylobe04,C,,,,,,
taylobe99,1B,,,,,,
taylobi01,P,,,,,,
taylobi02,3B,,,,,,
taylobi03,OF,,,,,,
taylobi04,P,,,,,,
taylobl01,P,,,,,,
taylobo01,OF,,,,,,
taylobo02,PH,,,,,,
taylobr01,P,,,,,,
tayloca01,C,,,,,,
tayloca99,3B,,,,,,
tayloch01,OF,,,,,,
tayloch02,P,,,,,,
tayloch03,OF,,,,,,
tayloci99,2B,,,,,,
tayloda01,OF,,,,,,
taylodo01,P,,,,,,
taylodu01,P,,,,,,
taylodw01,OF,,,,,,
tayloed01,P,,,,,,
tayloed02,3B,,,,,,
taylofr01,1B,,,,,,
tayloga01,P,,,,,,
tayloge01,1B,,,,,,
taylogr01,P,,,,,,
taylogr02,P,,,,,,
tayloha01,1B,,,,,,
tayloha02,1B,,,,,,
tayloha03,P,,,,,,
tayloha04,C,,,,,,
tayloha05,P,,,,,,
taylohe01,OF,,,,,,
tayloja01,P,,,,,,
tayloja02,P,,,,,,
tayloje01,1B,,,,,,
taylojo01,OF,,,,,,
taylojo02,P,,,,,,
taylojo03,2B,,,,,,
taylojo04,P,,,,,,
taylojo05,P,,,,,,
tayloke01,P,,,,,,
taylole02,OF,,,,,,
tayloli01,OF,,,,,,
taylomi01,OF,,,,,,
taylomi02,OF,,,,,,
taylope01,P,,,,,,
taylora01,C,,,,,,
taylore01,OF,,,,,,
tayloro01,P,,,,,,
taylosa02,C,,,,,,
taylosa03,OF,,,,,,
taylosa04,1B,,,,,,
taylosc01,P,,,,,,
taylosc02,P,,,,,,
taylost01,P,,,,,,
taylote01,P,,,,,,
tayloto01,3B,,,,,,
tayloto02,2B,,,,,,
taylotr01,P,,,,,,
tayloty01,OF,,,,,,
taylowa01,P,,,,,,
taylowa02,P,,,,,,
taylowi01,P,,,,,,
tayloza01,1B,,,,,,
tayloza02,C,,,,,,
tazawju01,P,,,,,,
teachbu01,P,,,,,,
teafoev01,P,,,,,,
teagata01,C,,,,,,
teahema01,3B,,,,,,
teaslro01,OF,,,,,,
tebbebi01,C,,,,,,
tebeage01,OF,,,,,,
tebeapa01,1B,,,,,,
tebeapu01,OF,,,,,,
tedroal01,P,,,,,,
teelky01,C,,,,,,
teherju01,P,,,,,,
teixema01,1B,,,,,,
tejadmi01,SS,,,,,,
tejadru01,SS,,,,,,
tejadwi01,C,,,,,,
tejedan01,SS,,,,,,
tejedro01,P,,,,,,
tejermi01,P,,,,,,
tekotbl01,OF,,,,,,
tekulke01,P,,,,,,
telemam01,P,,,,,,
telfoan01,P,,,,,,
telghda01,P,,,,,,
telisto01,C,,,,,,
tellero01,1B,,,,,,
tellmto01,P,,,,,,
templch01,P,,,,,,
templga01,SS,,,,,,
templjo01,2B,,,,,,
tenacge01,C,,,,,,
tenajo01,3B,,,,,,
tenerjo01,P,,,,,,
tengka01,P,,,,,,
tennaji01,P,,,,,,
tennefr01,P,,,,,,
tennefr02,1B,,,,,,
tennywi01,C,,,,,,
teodobr01,OF,,,,,,
tepedfr01,1B,,,,,,
teperry01,P,,,,,,
tepesni01,P,,,,,,
tepsijo01,OF,,,,,,
teranre01,2B,,,,,,
terdojo01,1B,,,,,,
terlebo01,P,,,,,,
terlegr01,P,,,,,,
terpkje01,P,,,,,,
terreje01,3B,,,,,,
terrela01,P,,,,,,
terrelu01,OF,,,,,,
terreto01,C,,,,,,
terrewa01,P,,,,,,
terriwi01,SS,,,,,,
terry01,1B,,,,,,
terryad01,P,,,,,,
terrybi01,1B,,,,,,
terrycu01,1B,,,,,,
terryfe01,2B,,,,,,
terryjo01,P,,,,,,
terryra01,P,,,,,,
terrysc01,P,,,,,,
terryta01,2B,,,,,,
terryya01,P,,,,,,
terryze01,SS,,,,,,
terwidi01,P,,,,,,
terwiwa01,2B,,,,,,
teschal01,2B,,,,,,
tesreje01,P,,,,,,
tessmja01,P,,,,,,
testani01,C,,,,,,
tetreja01,P,,,,,,
tettedi01,OF,,,,,,
tettlmi01,C,,,,,,
teufeti01,2B,,,,,,
teutna01,P,,,,,,
tewksbo01,P,,,,,,
texeika01,P,,,,,,
textoge01,C,,,,,,
thackmo01,C,,,,,,
thaisma01,C,,,,,,
thakeal01,OF,,,,,,
thameer01,1B,,,,,,
thamema01,OF,,,,,,
thatcgr01,P,,,,,,
thatcjo01,P,,,,,,
thayeda01,P,,,,,,
thayegr01,P,,,,,,
theisdu01,P,,,,,,
theisja01,P,,,,,,
thenju01,P,,,,,,
theobro01,2B,,,,,,
theodge01,OF,,,,,,
theriry01,SS,,,,,,
therrje01,P,,,,,,
theseju01,P,,,,,,
theveto01,SS,,,,,,
thielbe01,P,,,,,,
thielca01,P,,,,,,
thielhe01,P,,,,,,
thielja01,P,,,,,,
thiesda01,P,,,,,,
thiesja01,P,,,,,,
thigpbo01,P,,,,,,
thigpcu01,C,,,,,,
thobejj01,P,,,,,,
thobeto01,P,,,,,,
thoendi01,P,,,,,,
tholejo01,C,,,,,,
thomaal01,OF,,,,,,
thomaan01,SS,,,,,,
thomaar01,OF,,,,,,
thomaar02,1B,,,,,,
thomabi01,OF,,,,,,
thomabl01,P,,,,,,
thomabr01,P,,,,,,
thomabu01,P,,,,,,
thomabu02,SS,,,,,,
thomac01,OF,,,,,,
thomaca01,P,,,,,,
thomach01,OF,,,,,,
thomach02,C,,,,,,
thomach03,OF,,,,,,
thomacl01,P,,,,,,
thomacl02,OF,,,,,,
thomacl03,OF,,,,,,
thomaco01,OF,,,,,,
thomaco02,P,,,,,,
thomaco03,OF,,,,,,
thomada01,OF,,,,,,
thomada02,1B,,,,,,
thomada03,OF,,,,,,
thomada04,2B,,,,,,
thomade01,2B,,,,,,
thomade02,P,,,,,,
thomadi01,OF,,,,,,
thomaer01,P,,,,,,
thomaer02,OF,,,,,,
thomafa01,P,,,,,,
thomafr01,P,,,,,,
thomafr02,3B,,,,,,
thomafr03,OF,,,,,,
thomafr04,1B,,,,,,
thomaga01,OF,,,,,,
thomage01,OF,,,,,,
thomago01,OF,,,,,,
thomahe01,OF,,,,,,
thomahe02,P,,,,,,
thomaia01,P,,,,,,
thomair01,C,,,,,,
thomajo01,OF,,,,,,
thomaju01,P,,,,,,
thomaju02,OF,,,,,,
thomaki01,OF,,,,,,
thomal01,C,,,,,,
thomala01,P,,,,,,
thomala02,OF,,,,,,
thomala03,OF,,,,,,
thomale01,P,,,,,,
thomale02,3B,,,,,,
thomale03,OF,,,,,,
thomama01,OF,,,,,,
thomami01,P,,,,,,
thomamy01,P,,,,,,
thomane01,P,,,,,,
thomapi01,C,,,,,,
thomara01,C,,,,,,
thomare01,OF,,,,,,
thomarh01,OF,,,,,,
thomaro01,OF,,,,,,
thomaro02,P,,,,,,
thomast01,P,,,,,,
thomato01,P,,,,,,
thomato02,P,,,,,,
thomava01,C,,,,,,
thomawa01,SS,,,,,,
thomawa02,OF,,,,,,
thomeji01,1B,,,,,,
thomp01,2B,,,,,,
thomp02,1B,,,,,,
thomp03,OF,,,,,,
thomp04,2B,,,,,,
thomp05,3B,,,,,,
thomp06,OF,,,,,,
thomp07,P,,,,,,
thompaa01,P,,,,,,
thompan02,OF,,,,,,
thompbo01,OF,,,,,,
thompbr01,P,,,,,,
thompbu01,OF,,,,,,
thompch01,OF,,,,,,
thompda01,SS,,,,,,
thompda02,P,,,,,,
thompde01,P,,,,,,
thompdo01,OF,,,,,,
thompfo01,P,,,,,,
thompfr01,C,,,,,,
thompfr02,3B,,,,,,
thompfr03,2B,,,,,,
thompfr04,P,,,,,,
thompfu01,P,,,,,,
thompgu01,P,,,,,,
thompgu02,P,,,,,,
thompha01,P,,,,,,
thompha02,3B,,,,,,
thompha03,P,,,,,,
thompho01,C,,,,,,
thompja01,1B,,,,,,
thompja02,1B,,,,,,
thompja03,P,,,,,,
thompjo01,P,,,,,,
thompju01,P,,,,,,
thompju02,P,,,,,,
thompke01,OF,,,,,,
thompke02,P,,,,,,
thomple01,P,,,,,,
thompma01,P,,,,,,
thompma02,P,,,,,,
thompmi01,P,,,,,,
thompmi02,OF,,,,,,
thompmi03,P,,,,,,
thompri01,P,,,,,,
thompri02,OF,,,,,,
thompri03,P,,,,,,
thompro01,2B,,,,,,
thompry01,OF,,,,,,
thompry02,P,,,,,,
thompsa01,OF,,,,,,
thompsa02,OF,,,,,,
thompsa03,P,,,,,,
thompsc01,OF,,,,,,
thompsh01,OF,,,,,,
thompta01,P,,,,,,
thompti01,C,,,,,,
thompto01,P,,,,,,
thompto02,OF,,,,,,
thomptr01,OF,,,,,,
thomptu01,OF,,,,,,
thompwi01,P,,,,,,
thompza01,P,,,,,,
thompza02,P,,,,,,
thomsbo01,OF,,,,,,
thomsjo01,P,,,,,,
thondi01,SS,,,,,,
thoneja01,OF,,,,,,
thormha01,P,,,,,,
thormpa01,P,,,,,,
thormsc01,1B,,,,,,
thorn01,C,,,,,,
thornan01,1B,,,,,,
thornge01,OF,,,,,,
thornja01,1B,,,,,,
thornjo01,P,,,,,,
thornlo01,OF,,,,,,
thornma01,P,,,,,,
thornot01,C,,,,,,
thorntr01,P,,,,,,
thornty01,P,,,,,,
thornwa01,OF,,,,,,
thorpbo01,OF,,,,,,
thorpbo02,P,,,,,,
thorpcl01,P,,,,,,
thorpdr01,P,,,,,,
thorpji01,OF,,,,,,
thorple01,P,,,,,,
thrasbu01,OF,,,,,,
threeer01,P,,,,,,
thronfa01,OF,,,,,,
thronma01,1B,,,,,,
throoge01,P,,,,,,
thumalo01,P,,,,,,
thurmbo01,OF,,,,,,
thurmbu01,1B,,,,,,
thurmco01,P,,,,,,
thurmga01,OF,,,,,,
thurmji01,OF,,,,,,
thurmma01,P,,,,,,
thurmmi01,P,,,,,,
thurs01,P,,,,,,
thursjo01,3B,,,,,,
thurssl01,P,,,,,,
tiantlu01,P,,,,,,
tiantlu02,P,,,,,,
tibbsja01,P,,,,,,
ticety01,P,,,,,,
tidrodi01,P,,,,,,
tidwebl01,P,,,,,,
tiefebo01,P,,,,,,
tiefeve01,P,,,,,,
tiemeed01,1B,,,,,,
tiernbi01,1B,,,,,,
tiernco01,2B,,,,,,
tiernmi01,OF,,,,,,
tietjle01,P,,,,,,
tiffete01,3B,,,,,,
tiftra01,P,,,,,,
till01,OF,,,,,,
tillear01,OF,,,,,,
tillejo01,OF,,,,,,
tillmbo01,C,,,,,,
tillmch01,P,,,,,,
tillmjo01,P,,,,,,
tillmru01,OF,,,,,,
tilloth01,P,,,,,,
tilsoch01,OF,,,,,,
timbega01,P,,,,,,
timlimi01,P,,,,,,
timmeto01,P,,,,,,
timmooz01,OF,,,,,,
timpncl01,OF,,,,,,
tincube01,P,,,,,,
tinglro01,C,,,,,,
tinkeha01,OF,,,,,,
tinkejo01,SS,,,,,,
tinneth01,OF,,,,,,
tinnibu01,P,,,,,,
tinocje01,P,,,,,,
tinslle01,OF,,,,,,
tippeji01,OF,,,,,,
tipplda01,P,,,,,,
tipto01,PH,,,,,,
tiptoer01,OF,,,,,,
tiptojo01,C,,,,,,
tischto01,C,,,,,,
tisdaju01,OF,,,,,,
tisinja01,P,,,,,,
titcoca01,P,,,,,,
titusjo01,OF,,,,,,
tobikda01,P,,,,,,
tobinbi01,1B,,,,,,
tobinja01,OF,,,,,,
tobinji01,P,,,,,,
tobinjo02,3B,,,,,,
tobinma01,P,,,,,,
tobinpa01,P,,,,,,
tocajo01,1B,,,,,,
toccica01,OF,,,,,,
toddal01,C,,,,,,
toddfr01,P,,,,,,
toddja01,P,,,,,,
toddje01,P,,,,,,
toddji01,P,,,,,,
todtph01,1B,,,,,,
toeneha01,P,,,,,,
toglimi01,1B,,,,,,
tolanbo01,OF,,,,,,
tolarke01,P,,,,,,
tolbeja01,C,,,,,,
tolbema01,2B,,,,,,
tolbety01,OF,,,,,,
tolenjo01,1B,,,,,,
tolesan01,OF,,,,,,
tolivfr01,P,,,,,,
tollbbr01,P,,,,,,
tollepa01,P,,,,,,
tollesh01,P,,,,,,
tollest01,2B,,,,,,
tollewa01,SS,,,,,,
tollias01,P,,,,,,
tolmati01,OF,,,,,,
tolosab01,P,,,,,,
tolsoch01,1B,,,,,,
tomandi01,P,,,,,,
tomasan01,P,,,,,,
tomasya01,OF,,,,,,
tombean01,OF,,,,,,
tomka01,OF,,,,,,
tomkobr01,P,,,,,,
tomli01,PH,,,,,,
tomlida01,P,,,,,,
tomlijo01,P,,,,,,
tomlike01,2B,,,,,,
tomlira01,P,,,,,,
tomm01,OF,,,,,,
tomneph01,SS,,,,,,
tompk01,OF,,,,,,
tompkch01,P,,,,,,
tompkro01,P,,,,,,
tomsto01,P,,,,,,
toneyal01,SS,,,,,,
toneyfr01,P,,,,,,
tongjo01,P,,,,,,
tonismi01,C,,,,,,
tonkido01,P,,,,,,
tonkimi01,P,,,,,,
tonneto01,C,,,,,,
toolebe01,SS,,,,,,
toolest01,P,,,,,,
topaju01,P,,,,,,
toporsp01,SS,,,,,,
toppiru01,P,,,,,,
torboje01,C,,,,,,
torcato01,OF,,,,,,
toregwy01,C,,,,,,
torgeea01,1B,,,,,,
torialo01,P,,,,,,
torkere01,P,,,,,,
torkesp01,1B,,,,,,
toroab01,3B,,,,,,
torphre01,1B,,,,,,
torreal01,P,,,,,,
torrean01,P,,,,,,
torrean02,OF,,,,,,
torrear01,P,,,,,,
torreca01,P,,,,,,
torredi01,P,,,,,,
torreei01,SS,,,,,,
torrefe01,3B,,,,,,
torrefr01,1B,,,,,,
torrega01,OF,,,,,,
torregi01,SS,,,,,,
torregl01,2B,,,,,,
torrehe01,SS,,,,,,
torrejo01,C,,,,,,
torrejo02,P,,,,,,
torrelu01,C,,,,,,
torremi01,P,,,,,,
torrepa01,P,,,,,,
torrera01,2B,,,,,,
torreri01,C,,,,,,
torrero01,3B,,,,,,
torreru01,OF,,,,,,
torresa01,P,,,,,,
torrest01,C,,,,,,
torrety01,OF,,,,,,
torreyo01,C,,,,,,
torricr99,OF,,,,,,
torveke01,1B,,,,,,
tosonre01,OF,,,,,,
tostlo01,P,,,,,,
tothpa01,P,,,,,,
touchcl01,P,,,,,,
toussto01,P,,,,,,
tovarce01,OF,,,,,,
tovarez01,SS,,,,,,
tovarwi01,SS,,,,,,
towel01,P,,,,,,
towerjo01,P,,,,,,
towlejr01,C,,,,,,
towneba01,C,,,,,,
townsge01,C,,,,,,
townsha01,P,,,,,,
townsir01,P,,,,,,
townsle01,P,,,,,,
toyji01,1B,,,,,,
tozerbi01,P,,,,,,
trabebi01,P,,,,,,
trabeji01,1B,,,,,,
traburu01,P,,,,,,
tracedi01,SS,,,,,,
tracese01,P,,,,,,
trachst01,P,,,,,,
tracyan01,3B,,,,,,
tracych01,3B,,,,,,
tracyji01,OF,,,,,,
tracyma01,P,,,,,,
traffbi01,C,,,,,,
traffjo01,OF,,,,,,
tragewa01,C,,,,,,
trahabl01,SS,,,,,,
trambre01,OF,,,,,,
trammal01,SS,,,,,,
trammbu01,OF,,,,,,
trammna01,1B,,,,,,
trammta01,OF,,,,,,
trautfr01,P,,,,,,
trautjo01,P,,,,,,
traveal01,P,,,,,,
travebi01,P,,,,,,
travice01,SS,,,,,,
travide01,2B,,,,,,
travisa01,1B,,,,,,
traxlbr01,1B,,,,,,
trayji01,C,,,,,,
traynpi01,3B,,,,,,
treacfr01,OF,,,,,,
treacpe01,SS,,,,,,
treadel01,P,,,,,,
treadge01,OF,,,,,,
treadha01,P,,,,,,
treadje01,2B,,,,,,
treadra01,3B,,,,,,
treadre01,OF,,,,,,
treanma01,C,,,,,,
trechfr01,SS,,,,,,
trehewa01,1B,,,,,,
treinbl01,P,,,,,,
trejoal01,2B,,,,,,
trekeha01,P,,,,,,
tremani01,OF,,,,,,
tremebi01,P,,,,,,
tremich01,C,,,,,,
trempov01,OF,,,,,,
trentte01,P,,,,,,
trenwge01,3B,,,,,,
treshmi01,C,,,,,,
treshto01,OF,,,,,,
trevial01,C,,,,,,
trevibo01,OF,,,,,,
trevijo01,C,,,,,,
triangu01,C,,,,,,
tricebo01,P,,,,,,
triggan01,P,,,,,,
trillma01,2B,,,,,,
trimbjo01,P,,,,,,
trinkke01,P,,,,,,
triolja01,3B,,,,,,
triplco01,OF,,,,,,
triunca01,SS,,,,,,
trivilo01,P,,,,,,
trlicri01,P,,,,,,
troedri01,P,,,,,,
trombmi01,P,,,,,,
trompch01,C,,,,,,
troncra01,P,,,,,,
tropeni01,P,,,,,,
troskha01,1B,,,,,,
troskha02,P,,,,,,
trostmi01,C,,,,,,
trottbi01,P,,,,,,
trottsa01,C,,,,,,
troupqu01,C,,,,,,
troutdi01,P,,,,,,
troutmi01,OF,,,,,,
troutst01,P,,,,,,
trowbbo01,P,,,,,,
troybu01,P,,,,,,
troyda01,2B,,,,,,
troydo01,P,,,,,,
truaxfr01,OF,,,,,,
trubych01,3B,,,,,,
trubyha01,2B,,,,,,
truckvi01,P,,,,,,
truesfr01,2B,,,,,,
trujijj01,P,,,,,,
trujimi01,P,,,,,,
trumbed01,OF,,,,,,
trumbma01,OF,,,,,,
tsamige01,P,,,,,,
tsaoch01,P,,,,,,
tsengje01,P,,,,,,
tsitojo01,P,,,,,,
tsutsyo01,1B,,,,,,
tubbs01,PH,,,,,,
tubbsgr01,OF,,,,,,
tuck01,OF,,,,,,
tuckebu01,2B,,,,,,
tuckeco01,OF,,,,,,
tuckeed01,C,,,,,,
tuckeky01,OF,,,,,,
tuckemi01,OF,,,,,,
tuckeol01,OF,,,,,,
tuckepr01,OF,,,,,,
tuckery01,P,,,,,,
tucketh01,OF,,,,,,
tucketj01,P,,,,,,
tucketo01,1B,,,,,,
tucketo02,P,,,,,,
tudorjo01,P,,,,,,
tueroos01,P,,,,,,
tuftsbo01,P,,,,,,
tuiasma01,OF,,,,,,
tuivasa01,P,,,,,,
tullyta01,P,,,,,,
tulowtr01,SS,,,,,,
tunnele01,P,,,,,,
tupmama01,C,,,,,,
turanbr01,OF,,,,,,
turanbr02,2B,,,,,,
turbege01,P,,,,,,
turbije01,SS,,,,,,
turched01,3B,,,,,,
turgepe01,SS,,,,,,
turklu01,P,,,,,,
turlebo01,P,,,,,,
turleni01,P,,,,,,
turnbde01,P,,,,,,
turnbsp01,P,,,,,,
turne01,P,,,,,,
turneag01,2B,,,,,,
turnebo01,OF,,,,,,
turnech01,C,,,,,,
turneco01,SS,,,,,,
turneea01,C,,,,,,
turnehe01,C,,,,,,
turneja01,P,,,,,,
turneje01,OF,,,,,,
turneje02,OF,,,,,,
turneji01,P,,,,,,
turnejo01,P,,,,,,
turneju01,3B,,,,,,
turneke01,P,,,,,,
turnele01,1B,,,,,,
turnema01,P,,,,,,
turneod01,1B,,,,,,
turnesh01,3B,,,,,,
turnest01,C,,,,,,
turnete01,SS,,,,,,
turnete02,P,,,,,,
turneti01,P,,,,,,
turneto01,C,,,,,,
turneto02,1B,,,,,,
turnetr01,SS,,,,,,
turnetu01,OF,,,,,,
turnewy01,C,,,,,,
tuttlbi01,OF,,,,,,
tutwiel01,P,,,,,,
tutwigu01,1B,,,,,,
twinear01,C,,,,,,
twinitw01,P,,,,,,
twitcla01,OF,,,,,,
twitcwa01,P,,,,,,
twittje01,P,,,,,,
twombba01,OF,,,,,,
twombcy01,P,,,,,,
twombge01,OF,,,,,,
tyackji01,OF,,,,,,
tyeda01,3B,,,,,,
tyler01,PH,,,,,,
tylereu01,OF,,,,,,
tylerfr01,C,,,,,,
tylerjo01,OF,,,,,,
tylerky01,P,,,,,,
tylerle01,P,,,,,,
tylerro01,OF,,,,,,
tylerst01,P,,,,,,
tynerja01,OF,,,,,,
tyngji01,P,,,,,,
tyreeea01,C,,,,,,
tyreeru01,P,,,,,,
tyrivda01,P,,,,,,
tyronji01,OF,,,,,,
tyronwa01,OF,,,,,,
tysonca01,C,,,,,,
tysonmi01,2B,,,,,,
tysonty01,OF,,,,,,
ucetaed01,P,,,,,,
uchriji01,P,,,,,,
ueckebo01,C,,,,,,
ueharko01,P,,,,,,
uelmeer01,P,,,,,,
ugglada01,2B,,,,,,
uguetlu01,2B,,,,,,
uhaltfr01,OF,,,,,,
uhlaete01,OF,,,,,,
uhlbo01,P,,,,,,
uhlege01,P,,,,,,
uhler01,OF,,,,,,
uhlerma01,OF,,,,,,
uhlirch01,OF,,,,,,
ujdurje01,P,,,,,,
ulisnmi01,C,,,,,,
ullgesc01,1B,,,,,,
ullrisa01,P,,,,,,
ulricdu01,P,,,,,,
ulricge01,OF,,,,,,
umbacar01,P,,,,,,
umbarji01,P,,,,,,
umbriji01,P,,,,,,
umphlto01,OF,,,,,,
under01,PH,,,,,,
underdu01,P,,,,,,
underel01,OF,,,,,,
underfr01,P,,,,,,
underpa01,P,,,,,,
underto01,P,,,,,,
underwi01,P,,,,,,
unglabo01,1B,,,,,,
unroeti01,1B,,,,,,
unseral01,C,,,,,,
unserde01,OF,,,,,,
upchuwo01,P,,,,,,
uphambi01,P,,,,,,
uphamjo01,P,,,,,,
uppje01,P,,,,,,
upshace01,P,,,,,,
upshawi01,1B,,,,,,
uptonbi01,P,,,,,,
uptonbj01,OF,,,,,,
uptonju01,OF,,,,,,
uptonto01,SS,,,,,,
urban01,3B,,,,,,
urbanbi01,SS,,,,,,
urbanja01,P,,,,,,
urbanlu01,C,,,,,,
urbanto01,P,,,,,,
urbinug01,P,,,,,,
urdanli01,P,,,,,,
urenajo01,P,,,,,,
urenari01,SS,,,,,,
uriasju01,P,,,,,,
uriaslu01,2B,,,,,,
uriasra01,3B,,,,,,
uribeab01,P,,,,,,
uribejo01,SS,,,,,,
uribeju01,SS,,,,,,
urquijo01,P,,,,,,
urreajo01,P,,,,,,
urruthe01,OF,,,,,,
urshegi01,3B,,,,,,
urylo01,1B,,,,,,
usherbo01,OF,,,,,,
ussatdu01,3B,,,,,,
utleych01,2B,,,,,,
uwasana01,P,,,,,,
vachete01,OF,,,,,,
vadebge01,C,,,,,,
vailbo01,P,,,,,,
vailmi01,OF,,,,,,
valaich01,2B,,,,,,
valaipa01,2B,,,,,,
valbulu01,3B,,,,,,
valdeca01,P,,,,,,
valdeca02,OF,,,,,,
valdece01,P,,,,,,
valdeed01,P,,,,,,
valdeef01,P,,,,,,
valdeen01,2B,,,,,,
valdefa01,P,,,,,,
valdefe01,2B,,,,,,
valdefr01,P,,,,,,
valdeis01,P,,,,,,
valdejo01,P,,,,,,
valdejo02,OF,,,,,,
valdejo03,P,,,,,,
valdeju01,SS,,,,,,
valdelu01,P,,,,,,
valdelu02,P,,,,,,
valdema01,P,,,,,,
valdema02,1B,,,,,,
valdeme01,P,,,,,,
valdepe01,OF,,,,,,
valdeph01,P,,,,,,
valdera01,P,,,,,,
valdera02,P,,,,,,
valdere01,P,,,,,,
valdero02,OF,,,,,,
valdesa01,OF,,,,,,
valdese01,P,,,,,,
valdesi01,2B,,,,,,
valdeto01,2B,,,,,,
valdewi01,SS,,,,,,
valdijo01,SS,,,,,,
valenbe01,3B,,,,,,
valenbo01,C,,,,,,
valenbo02,SS,,,,,,
valenco01,P,,,,,,
valenda01,3B,,,,,,
valenel01,OF,,,,,,
valener01,OF,,,,,,
valenfe01,P,,,,,,
valenfr01,OF,,,,,,
valenja01,C,,,,,,
valenje01,3B,,,,,,
valenjo01,P,,,,,,
valenjo02,SS,,,,,,
valenjo03,SS,,,,,,
valenjo04,P,,,,,,
valenvi01,P,,,,,,
valerbr01,2B,,,,,,
valerge01,OF,,,,,,
valerju01,P,,,,,,
valeryo01,C,,,,,,
valleda01,C,,,,,,
vallehe01,C,,,,,,
vallich01,P,,,,,,
valoel01,OF,,,,,,
valvejo01,P,,,,,,
vanalcl01,P,,,,,,
vanasri01,P,,,,,,
vanatru01,P,,,,,,
vanbebr01,P,,,,,,
vanbejo01,P,,,,,,
vanbroz01,P,,,,,,
vanbude01,OF,,,,,,
vanbuje01,P,,,,,,
vanbuty01,1B,,,,,,
vancaal01,OF,,,,,,
vanceco01,P,,,,,,
vanceco02,P,,,,,,
vanceda01,P,,,,,,
vancejo01,P,,,,,,
vancesa01,P,,,,,,
vancuch01,P,,,,,,
vancujo01,P,,,,,,
vandaca01,2B,,,,,,
vandebo01,OF,,,,,,
vandeed01,P,,,,,,
vandehy01,P,,,,,,
vandejo01,P,,,,,,
vandejo02,OF,,,,,,
vanderi01,P,,,,,,
vandybe01,P,,,,,,
vandybi01,OF,,,,,,
vanegti01,P,,,,,,
vanevjo01,OF,,,,,,
vangiel01,P,,,,,,
vangoda01,C,,,,,,
vanhage01,OF,,,,,,
vanhean01,P,,,,,,
vanlawi01,P,,,,,,
vanmejo01,2B,,,,,,
vannoja01,OF,,,,,,
vanpoto01,P,,,,,,
vanroma01,OF,,,,,,
vanrybe01,P,,,,,,
vanslan01,OF,,,,,,
vanslsc01,OF,,,,,,
vanwelo01,P,,,,,,
vanzadi01,3B,,,,,,
vanzaik01,OF,,,,,,
vargaan01,P,,,,,,
vargaca01,P,,,,,,
vargace01,P,,,,,,
vargacl01,P,,,,,,
vargaed01,1B,,,,,,
vargail01,3B,,,,,,
vargaja01,P,,,,,,
vargajo01,OF,,,,,,
vargake01,1B,,,,,,
vargami01,3B,,,,,,
vargaro01,P,,,,,,
vargate01,OF,,,,,,
vargubi01,P,,,,,,
varitja01,C,,,,,,
varlagu01,P,,,,,,
varlalo01,P,,,,,,
varnebu01,OF,,,,,,
varnedi01,P,,,,,,
varnepe01,C,,,,,,
varonor01,SS,,,,,,
varshda01,OF,,,,,,
varshga01,OF,,,,,,
varvaan01,P,,,,,,
vasbica01,P,,,,,,
vasilmi01,P,,,,,,
vasquan01,P,,,,,,
vasquan02,P,,,,,,
vasques01,P,,,,,,
vasqujo01,P,,,,,,
vasqura01,P,,,,,,
vasqura02,P,,,,,,
vasquvi01,P,,,,,,
vastoje01,P,,,,,,
vatchji01,OF,,,,,,
vaugh01,PH,,,,,,
vaughan01,1B,,,,,,
vaughar01,SS,,,,,,
vaughbo01,2B,,,,,,
vaughch01,P,,,,,,
vaughde01,P,,,,,,
vaughfa01,C,,,,,,
vaughfr01,2B,,,,,,
vaughgl01,SS,,,,,,
vaughgr01,OF,,,,,,
vaughha01,OF,,,,,,
vaughhi01,P,,,,,,
vaughmo01,1B,,,,,,
vaughpo01,P,,,,,,
vaughro01,P,,,,,,
vaughsl01,P,,,,,,
vavrate01,OF,,,,,,
vazquar01,1B,,,,,,
vazquch01,C,,,,,,
vazquja01,P,,,,,,
vazqulu01,SS,,,,,,
vazqura01,SS,,,,,,
veachal01,P,,,,,,
veachbo01,OF,,,,,,
veachpe01,1B,,,,,,
vealco01,SS,,,,,,
vealdo01,P,,,,,,
vealebo01,P,,,,,,
veddelo01,P,,,,,,
veenza01,OF,,,,,,
vegaje01,1B,,,,,,
veigeal01,P,,,,,,
veilbu01,P,,,,,,
velanjo01,2B,,,,,,
velarra01,2B,,,,,,
velasgu01,1B,,,,,,
velasjo01,P,,,,,,
velasvi01,P,,,,,,
velazan01,SS,,,,,,
velazca01,P,,,,,,
velazfr01,C,,,,,,
velazgi01,3B,,,,,,
velazhe01,P,,,,,,
velazne01,OF,,,,,,
velezeu01,2B,,,,,,
velezot01,OF,,,,,,
veltmpa01,C,,,,,,
venabma01,OF,,,,,,
venabwi01,OF,,,,,,
venafmi01,P,,,,,,
vendipa01,P,,,,,,
venezan01,P,,,,,,
ventejo01,P,,,,,,
ventomi01,OF,,,,,,
venturo01,3B,,,,,,
ventuvi01,OF,,,,,,
ventuyo01,P,,,,,,
verasda01,P,,,,,,
verasjo01,P,,,,,,
verasqu01,2B,,,,,,
veraswi01,3B,,,,,,
verbaem01,2B,,,,,,
verbajo01,P,,,,,,
verblge01,SS,,,,,,
verdeal01,P,,,,,,
verdifr01,SS,,,,,,
verdual01,OF,,,,,,
verdury01,P,,,,,,
verekto01,P,,,,,,
veresda01,P,,,,,,
veresra01,P,,,,,,
vergejo01,3B,,,,,,
verhadr01,P,,,,,,
verhojo01,P,,,,,,
verlaju01,P,,,,,,
vermija01,P,,,,,,
vernojo01,P,,,,,,
vernomi01,1B,,,,,,
verrelo01,P,,,,,,
versazo01,SS,,,,,,
veryzto01,SS,,,,,,
veselbo01,P,,,,,,
vesiaal01,P,,,,,,
vespini01,P,,,,,,
vestwi01,P,,,,,,
viaule01,P,,,,,,
vicieda01,OF,,,,,,
vicker01,C,,,,,,
vickeru01,P,,,,,,
vicketo01,P,,,,,,
vicksa01,OF,,,,,,
vicoge01,1B,,,,,,
victosh01,OF,,,,,,
vidaljo01,OF,,,,,,
vidrojo01,2B,,,,,,
vieauca01,P,,,,,,
vieirth01,P,,,,,,
vielmen01,2B,,,,,,
vientma01,3B,,,,,,
vierich01,OF,,,,,,
vierlma01,OF,,,,,,
viladry01,OF,,,,,,
villabr01,P,,,,,,
villabr02,P,,,,,,
villaca01,P,,,,,,
villach01,3B,,,,,,
villada01,3B,,,,,,
villaed01,P,,,,,,
villael01,P,,,,,,
villael02,P,,,,,,
villahe01,C,,,,,,
villahe02,P,,,,,,
villajo01,SS,,,,,,
villama01,OF,,,,,,
villaos01,P,,,,,,
villape01,P,,,,,,
villavi01,OF,,,,,,
villeis01,P,,,,,,
villolu01,C,,,,,,
villoro01,P,,,,,,
vilorme01,C,,,,,,
vinafe01,2B,,,,,,
vinceir01,P,,,,,,
vinceni01,P,,,,,,
vinceza01,SS,,,,,,
vinesbo01,P,,,,,,
vinesda01,P,,,,,,
vinesed01,1B,,,,,,
vineyda01,P,,,,,,
vininke01,P,,,,,,
vinsoch01,1B,,,,,,
vinsoru01,OF,,,,,,
vintobi01,P,,,,,,
violafr01,P,,,,,,
violape01,P,,,,,,
vioxji01,2B,,,,,,
virdobi01,OF,,,,,,
virgioz01,3B,,,,,,
virgioz02,C,,,,,,
virtuja01,1B,,,,,,
visnejo01,OF,,,,,,
viteljo01,P,,,,,,
vitiejo01,1B,,,,,,
vitkojo01,P,,,,,,
vittejo01,3B,,,,,,
vittos01,3B,,,,,,
vivasjo01,2B,,,,,,
vivenjo01,P,,,,,,
vizcaar01,P,,,,,,
vizcajo01,SS,,,,,,
vizcalu01,P,,,,,,
vizquom01,SS,,,,,,
vodnivi01,P,,,,,,
vogelda01,1B,,,,,,
vogelot01,OF,,,,,,
vogelry01,P,,,,,,
vogtst01,C,,,,,,
voigtja01,OF,,,,,,
voigtol01,P,,,,,,
voisebi01,P,,,,,,
voitlu01,1B,,,,,,
vollmcl01,OF,,,,,,
volpean01,SS,,,,,,
volqued01,P,,,,,,
volstch01,P,,,,,,
volzja01,P,,,,,,
vonfrto01,P,,,,,,
vonhobr01,P,,,,,,
vonkofr01,3B,,,,,,
vonohda01,P,,,,,,
vorhecy01,P,,,,,,
vosbeed01,P,,,,,,
vosleja01,3B,,,,,,
vosmijo01,OF,,,,,,
vossal01,P,,,,,,
vossbi01,OF,,,,,,
vothau01,P,,,,,,
vottojo01,1B,,,,,,
vowinri01,P,,,,,,
voylebr01,P,,,,,,
voyleph01,OF,,,,,,
vuckope01,P,,,,,,
vukovge01,OF,,,,,,
vukovjo01,3B,,,,,,
wachami01,P,,,,,,
wachtpa01,P,,,,,,
wackech01,P,,,,,,
wadats01,P,,,,,,
waddebr01,P,,,,,,
waddefr01,OF,,,,,,
waddeja01,P,,,,,,
wadderu01,P,,,,,,
waddeto01,P,,,,,,
waddyew01,P,,,,,,
wadebe01,P,,,,,,
wadeco01,P,,,,,,
wadega01,OF,,,,,,
wadeha01,OF,,,,,,
wadeja01,P,,,,,,
wadeko01,P,,,,,,
wadela01,1B,,,,,,
wadele01,P,,,,,,
waderi01,OF,,,,,,
wadete01,P,,,,,,
wadety01,2B,,,,,,
wadswja01,P,,,,,,
waechdo01,P,,,,,,
wagamer01,1B,,,,,,
wagenwo01,3B,,,,,,
wagnebi01,C,,,,,,
wagnebi02,P,,,,,,
wagnebu01,3B,,,,,,
wagnebu02,P,,,,,,
wagnech01,P,,,,,,
wagnega01,P,,,,,,
wagneha01,C,,,,,,
wagnehe01,SS,,,,,,
wagnehe02,P,,,,,,
wagneho01,SS,,,,,,
wagnejo01,2B,,,,,,
wagnele01,OF,,,,,,
wagnema01,SS,,,,,,
wagnema02,P,,,,,,
wagnene01,P,,,,,,
wagnepa01,P,,,,,,
wagnery01,P,,,,,,
wagnety01,P,,,,,,
wagnewi01,2B,,,,,,
wagueja01,P,,,,,,
wahlbo01,P,,,,,,
wahlke01,3B,,,,,,
wainhda01,P,,,,,,
wainwad01,P,,,,,,
waitear01,P,,,,,,
waiteco01,P,,,,,,
waitked01,1B,,,,,,
waitsri01,P,,,,,,
waittch01,OF,,,,,,
wakamdo01,C,,,,,,
wakefbe01,1B,,,,,,
wakefbi01,P,,,,,,
wakefdi01,OF,,,,,,
wakefho01,C,,,,,,
wakefti01,P,,,,,,
wakelch01,OF,,,,,,
walbema01,C,,,,,,
walberu01,P,,,,,,
walczed01,2B,,,,,,
waldbdo01,P,,,,,,
waldefr01,C,,,,,,
waldege01,OF,,,,,,
waldejo01,P,,,,,,
waldema01,P,,,,,,
waldike01,P,,,,,,
waldimi01,3B,,,,,,
waldool01,OF,,,,,,
waldrhu01,P,,,,,,
waldrir01,OF,,,,,,
waldrky01,P,,,,,,
waldrky02,OF,,,,,,
waldrma01,P,,,,,,
walewji01,2B,,,,,,
walkbo01,P,,,,,,
walke01,OF,,,,,,
walke02,P,,,,,,
walkead01,P,,,,,,
walkeal01,P,,,,,,
walkebi01,P,,,,,,
walkeca01,C,,,,,,
walkech01,OF,,,,,,
walkech02,1B,,,,,,
walkecu01,OF,,,,,,
walkedi01,P,,,,,,
walkedi02,OF,,,,,,
walkedu01,OF,,,,,,
walkeed01,P,,,,,,
walkeed02,P,,,,,,
walkeer01,OF,,,,,,
walkefl01,C,,,,,,
walkefr01,OF,,,,,,
walkege01,P,,,,,,
walkege02,OF,,,,,,
walkege03,P,,,,,,
walkegr01,1B,,,,,,
walkeha01,OF,,,,,,
walkeho01,SS,,,,,,
walkehu01,OF,,,,,,
walkeja01,P,,,,,,
walkeje01,P,,,,,,
walkeje02,P,,,,,,
walkejo01,1B,,,,,,
walkejo02,OF,,,,,,
walkejo03,P,,,,,,
walkeke01,P,,,,,,
walkela01,OF,,,,,,
walkelu01,P,,,,,,
walkema01,P,,,,,,
walkemi01,P,,,,,,
walkemi02,P,,,,,,
walkemy01,P,,,,,,
walkene01,2B,,,,,,
walkeos01,OF,,,,,,
walkepe01,P,,,,,,
walkero01,P,,,,,,
walkert01,P,,,,,,
walkeru01,C,,,,,,
walkery01,P,,,,,,
walkesh01,OF,,,,,,
walkesp01,1B,,,,,,
walkest01,OF,,,,,,
walketa01,P,,,,,,
walketi01,OF,,,,,,
walketo01,P,,,,,,
walketo02,P,,,,,,
walketo03,OF,,,,,,
walketo04,2B,,,,,,
walketo05,OF,,,,,,
walketo06,P,,,,,,
walkety01,P,,,,,,
walkewa01,C,,,,,,
walkewe01,OF,,,,,,
walkewi01,OF,,,,,,
walkuji01,P,,,,,,
walkuji02,P,,,,,,
wallabo01,SS,,,,,,
wallabo02,C,,,,,,
wallabr01,1B,,,,,,
wallach01,C,,,,,,
wallada01,P,,,,,,
wallade01,P,,,,,,
walladi01,SS,,,,,,
wallado01,SS,,,,,,
wallado02,2B,,,,,,
wallahu01,P,,,,,,
wallaja01,C,,,,,,
wallaja02,SS,,,,,,
wallaja03,2B,,,,,,
wallaje01,P,,,,,,
wallaji01,OF,,,,,,
wallale01,P,,,,,,
wallami01,P,,,,,,
wallati01,3B,,,,,,
walldo01,P,,,,,,
walled01,P,,,,,,
walleno01,3B,,,,,,
wallere01,P,,,,,,
wallety01,3B,,,,,,
wallfo01,OF,,,,,,
wallho01,SS,,,,,,
wallide01,3B,,,,,,
wallijo01,OF,,,,,,
walljo01,C,,,,,,
walljo02,P,,,,,,
wallmu01,P,,,,,,
wallnma01,OF,,,,,,
walls01,C,,,,,,
wallsle01,OF,,,,,,
wallst01,P,,,,,,
wallsta01,SS,,,,,,
walrole01,P,,,,,,
walsh01,P,,,,,,
walshau01,OF,,,,,,
walshau02,P,,,,,,
walshco01,P,,,,,,
walshco02,3B,,,,,,
walshda01,P,,,,,,
walshde01,OF,,,,,,
walshed01,P,,,,,,
walshed02,P,,,,,,
walshja01,1B,,,,,,
walshja02,P,,,,,,
walshji01,3B,,,,,,
walshji02,OF,,,,,,
walshji03,P,,,,,,
walshjo01,2B,,,,,,
walshjo02,3B,,,,,,
walshjo03,C,,,,,,
walshjo04,SS,,,,,,
walshju01,P,,,,,,
walshto01,C,,,,,,
walstbl01,P,,,,,,
waltean01,P,,,,,,
waltebe01,P,,,,,,
waltebr01,P,,,,,,
waltebu01,P,,,,,,
waltech01,P,,,,,,
waltecl01,P,,,,,,
walteda01,C,,,,,,
waltefr01,C,,,,,,
waltege01,P,,,,,,
walteke01,OF,,,,,,
waltemi01,P,,,,,,
waltena01,P,,,,,,
waltepj01,P,,,,,,
waltero01,C,,,,,,
walteza01,OF,,,,,,
waltobr01,P,,,,,,
waltoda01,OF,,,,,,
waltodo01,2B,,,,,,
waltofu01,OF,,,,,,
waltoje01,OF,,,,,,
waltore01,OF,,,,,,
wambsbi01,2B,,,,,,
wanerll01,OF,,,,,,
wanerpa01,OF,,,,,,
wangch01,P,,,,,,
wangwe01,P,,,,,,
wanneja01,SS,,,,,,
wannipe01,SS,,,,,,
wantzan01,P,,,,,,
wantzdi01,P,,,,,,
wapnist01,P,,,,,,
ward01,2B,,,,,,
wardaa01,2B,,,,,,
wardbr01,P,,,,,,
wardch01,SS,,,,,,
wardch02,OF,,,,,,
wardco01,P,,,,,,
wardco02,P,,,,,,
wardda01,OF,,,,,,
warddi01,P,,,,,,
warddu01,P,,,,,,
wardejo01,P,,,,,,
wardga01,OF,,,,,,
wardha01,OF,,,,,,
wardja01,2B,,,,,,
wardji01,C,,,,,,
wardjo01,SS,,,,,,
wardjo02,OF,,,,,,
wardjo03,P,,,,,,
wardjo04,2B,,,,,,
wardke01,OF,,,,,,
wardlcu01,P,,,,,,
wardpe01,3B,,,,,,
wardpi01,OF,,,,,,
wardpi02,OF,,,,,,
wardpr01,1B,,,,,,
wardru01,OF,,,,,,
wardta01,OF,,,,,,
wardth01,P,,,,,,
wardtu01,OF,,,,,,
wardwi01,OF,,,,,,
ware01,OF,,,,,,
warear01,1B,,,,,,
wareje01,P,,,,,,
warejo01,OF,,,,,,
warejo02,P,,,,,,
waresbu01,SS,,,,,,
warewi01,1B,,,,,,
warfifr01,2B,,,,,,
warhoja01,P,,,,,,
warmahp01,1B,,,,,,
warmasa01,OF,,,,,,
warmocy01,P,,,,,,
warneed01,P,,,,,,
warnefr01,3B,,,,,,
warneho01,3B,,,,,,
warneja01,3B,,,,,,
warneja02,P,,,,,,
warneja03,OF,,,,,,
warnejo01,C,,,,,,
warnelo01,P,,,,,,
warnoha01,OF,,,,,,
warre01,P,,,,,,
warre02,2B,,,,,,
warread01,P,,,,,,
warrear01,P,,,,,,
warreau01,P,,,,,,
warrebe01,C,,,,,,
warrebi01,C,,,,,,
warreci01,P,,,,,,
warreje01,3B,,,,,,
warremi01,P,,,,,,
warreto01,P,,,,,,
warrewi01,P,,,,,,
warriwi01,OF,,,,,,
warstra01,SS,,,,,,
warthda01,P,,,,,,
warwibi01,C,,,,,,
warwica01,OF,,,,,,
wasdeji01,OF,,,,,,
wasdijo01,P,,,,,,
wasemli01,C,,,,,,
washbge01,P,,,,,,
washbgr01,P,,,,,,
washbja01,P,,,,,,
washbli01,OF,,,,,,
washbra01,P,,,,,,
washebu01,P,,,,,,
washi01,3B,,,,,,
washicl01,OF,,,,,,
washida01,OF,,,,,,
washied01,1B,,,,,,
washifa01,P,,,,,,
washige01,OF,,,,,,
washige02,P,,,,,,
washija01,1B,,,,,,
washijo01,1B,,,,,,
washila01,OF,,,,,,
washina01,OF,,,,,,
washipe01,OF,,,,,,
washiri01,3B,,,,,,
washiro01,SS,,,,,,
washiru01,P,,,,,,
washito01,C,,,,,,
washiul01,SS,,,,,,
washiwi01,C,,,,,,
wasinma01,3B,,,,,,
waslega01,P,,,,,,
wasseeh01,P,,,,,,
waszgbj01,C,,,,,,
water01,P,,,,,,
waterch01,P,,,,,,
waterdr01,OF,,,,,,
waterfr01,3B,,,,,,
waterfr02,P,,,,,,
waterst01,P,,,,,,
waterte01,OF,,,,,,
wathadu01,C,,,,,,
wathajo01,C,,,,,,
watkibi01,3B,,,,,,
watkibo01,P,,,,,,
watkida01,C,,,,,,
watkied01,OF,,,,,,
watkige01,OF,,,,,,
watkige02,3B,,,,,,
watkilo01,2B,,,,,,
watkimu01,3B,,,,,,
watkipa01,OF,,,,,,
watkisc01,P,,,,,,
watkisp01,P,,,,,,
watkist01,P,,,,,,
watkito01,3B,,,,,,
watline01,C,,,,,,
watsoal01,P,,,,,,
watsoam01,P,,,,,,
watsoar01,C,,,,,,
watsobo01,1B,,,,,,
watsobr01,OF,,,,,,
watsoda01,P,,,,,,
watsodo01,P,,,,,,
watsojo01,SS,,,,,,
watsojo02,OF,,,,,,
watsoma01,P,,,,,,
watsoma02,OF,,,,,,
watsomi01,P,,,,,,
watsomo01,P,,,,,,
watsomu01,P,,,,,,
watsoto01,P,,,,,,
wattal01,2B,,,,,,
wattch01,1B,,,,,,
watted01,P,,,,,,
watted02,2B,,,,,,
wattfr01,P,,,,,,
wattshe01,P,,,,,,
wattsja01,C,,,,,,
watwojo01,OF,,,,,,
waughji01,P,,,,,,
waybo01,2B,,,,,,
wayenfr01,P,,,,,,
waynega01,P,,,,,,
wayneju01,P,,,,,,
weafeke01,P,,,,,,
weathda01,P,,,,,,
weathro01,OF,,,,,,
weathry01,P,,,,,,
weavear01,C,,,,,,
weavebu01,SS,,,,,,
weavedi01,PH,,,,,,
weaveer01,P,,,,,,
weavefa01,OF,,,,,,
weavefl01,P,,,,,,
weaveha01,P,,,,,,
weaveje01,P,,,,,,
weaveje02,P,,,,,,
weaveji01,P,,,,,,
weaveji02,P,,,,,,
weaveji03,OF,,,,,,
weavelu01,P,,,,,,
weavemo01,P,,,,,,
weaveor01,P,,,,,,
weavero01,P,,,,,,
weavesa01,P,,,,,,
weavewi01,OF,,,,,,
webb01,P,,,,,,
webbba01,1B,,,,,,
webbbi01,2B,,,,,,
webbbi02,P,,,,,,
webbbr01,P,,,,,,
webbda01,P,,,,,,
webbea01,OF,,,,,,
webbele01,P,,,,,,
webbha01,P,,,,,,
webbja01,P,,,,,,
webbjo01,P,,,,,,
webble01,P,,,,,,
webblo01,P,,,,,,
webbre01,P,,,,,,
webbry01,P,,,,,,
webbsk01,SS,,,,,,
webbty01,P,,,,,,
weberbe01,P,,,,,,
weberch01,P,,,,,,
weberha01,C,,,,,,
weberjo01,OF,,,,,,
weberne01,P,,,,,,
weberry01,P,,,,,,
weberth01,P,,,,,,
webstal01,P,,,,,,
webstda01,P,,,,,,
webstle01,C,,,,,,
webstmi01,OF,,,,,,
webstpe01,C,,,,,,
webstra01,2B,,,,,,
webstra02,1B,,,,,,
webstwi01,C,,,,,,
weckbpe01,C,,,,,,
wedgeer01,C,,,,,,
weekljo01,OF,,,,,,
weeksje01,2B,,,,,,
weeksri01,2B,,,,,,
weemsjo01,P,,,,,,
wegenmi01,P,,,,,,
wegmabi01,P,,,,,,
wehdebi01,P,,,,,,
wehmehe01,P,,,,,,
wehnejo01,3B,,,,,,
wehrmda01,P,,,,,,
weigepa01,P,,,,,,
weigera01,C,,,,,,
weihepo01,OF,,,,,,
weikdi01,P,,,,,,
weilabo01,P,,,,,,
weilaed01,P,,,,,,
weilaky01,P,,,,,,
weilmca01,P,,,,,,
weimeja01,P,,,,,,
weinele01,P,,,,,,
weingel01,SS,,,,,,
weinhro01,P,,,,,,
weintph01,1B,,,,,,
weirro01,P,,,,,,
weisal01,2B,,,,,,
weisbu01,OF,,,,,,
weisebu01,OF,,,,,,
weissga01,SS,,,,,,
weissgr01,P,,,,,,
weissjo01,1B,,,,,,
weisswa01,SS,,,,,,
weissza01,P,,,,,,
welajjo01,OF,,,,,,
welchbo01,P,,,,,,
welchcu01,OF,,,,,,
welchdo01,P,,,,,,
welchfr01,OF,,,,,,
welchha01,OF,,,,,,
welchhe01,SS,,,,,,
welchjo01,P,,,,,,
welchmi01,P,,,,,,
welchmi02,C,,,,,,
welchmi03,P,,,,,,
welchte01,P,,,,,,
welchtu01,C,,,,,,
welchwi01,OF,,,,,,
weldami01,OF,,,,,,
welkeco01,3B,,,,,,
welkedu01,P,,,,,,
welleto01,P,,,,,,
wellmbo01,OF,,,,,,
wellmbr01,2B,,,,,,
wellsal01,P,,,,,,
wellsau01,C,,,,,,
wellsbo01,P,,,,,,
wellsca01,OF,,,,,,
wellsda01,P,,,,,,
wellsed01,P,,,,,,
wellsgr01,1B,,,,,,
wellsja01,C,,,,,,
wellsja02,P,,,,,,
wellsjo01,P,,,,,,
wellski01,P,,,,,,
wellsle01,3B,,,,,,
wellsra01,P,,,,,,
wellste01,P,,,,,,
wellsty01,P,,,,,,
wellsve01,OF,,,,,,
wellswi01,SS,,,,,,
wellswi99,SS,,,,,,
welmaro01,P,,,,,,
welshch01,P,,,,,,
welshji01,OF,,,,,,
weltedi01,P,,,,,,
welzeto01,P,,,,,,
wendejb01,P,,,,,,
wendele01,C,,,,,,
wendetu01,P,,,,,,
wendljo01,2B,,,,,,
wendzda01,3B,,,,,,
wengedo01,P,,,,,,
wenslbu01,P,,,,,,
wentzja01,2B,,,,,,
wentzjo01,P,,,,,,
wentzst01,OF,,,,,,
wenzfr01,P,,,,,,
weraju01,3B,,,,,,
werbebi01,3B,,,,,,
werdepe01,1B,,,,,,
werhajo01,3B,,,,,,
werlebi01,P,,,,,,
werlege01,P,,,,,,
wernean01,P,,,,,,
wernedo01,C,,,,,,
werrijo01,3B,,,,,,
wertdo01,3B,,,,,,
werthde01,1B,,,,,,
werthja01,OF,,,,,,
wertsjo01,P,,,,,,
wertzbi01,P,,,,,,
wertzde01,SS,,,,,,
wertzvi01,OF,,,,,,
weslech01,2B,,,,,,
wesleed01,1B,,,,,,
wesneha01,P,,,,,,
wessiji01,2B,,,,,,
wessoba01,OF,,,,,,
west01,P,,,,,,
westbi01,2B,,,,,,
westbja01,P,,,,,,
westbja02,2B,,,,,,
westbjo01,3B,,,,,,
westbu01,OF,,,,,,
westda01,P,,,,,,
westdi01,C,,,,,,
westehu01,P,,,,,,
westeos01,SS,,,,,,
westfr01,P,,,,,,
westhi01,P,,,,,,
westji01,1B,,,,,,
westle01,P,,,,,,
westlwa01,OF,,,,,,
westma01,OF,,,,,,
westma02,OF,,,,,,
westma03,P,,,,,,
westol01,P,,,,,,
westomi01,P,,,,,,
westrwe01,C,,,,,,
westsa01,OF,,,,,,
westse01,P,,,,,,
wetheje01,OF,,,,,,
wettejo01,P,,,,,,
wetzebu01,P,,,,,,
wetzedu01,OF,,,,,,
wetzesh01,P,,,,,,
weverst01,P,,,,,,
weyhigu01,P,,,,,,
weyhijo01,P,,,,,,
whalebi01,OF,,,,,,
whalero01,P,,,,,,
whalibe01,C,,,,,,
whatlda01,OF,,,,,,
wheatch01,P,,,,,,
wheatle01,P,,,,,,
wheatma01,C,,,,,,
wheatwo01,OF,,,,,,
wheatza01,OF,,,,,,
wheelbo01,SS,,,,,,
wheelda01,P,,,,,,
wheeldi01,OF,,,,,,
wheeldo01,C,,,,,,
wheeled01,3B,,,,,,
wheeled02,3B,,,,,,
wheelga01,P,,,,,,
wheelge01,P,,,,,,
wheelha01,OF,,,,,,
wheelja01,P,,,,,,
wheeljo01,P,,,,,,
wheelri01,P,,,,,,
wheelry01,3B,,,,,,
wheelsa01,OF,,,,,,
wheelza01,P,,,,,,
wheelze01,3B,,,,,,
whelake01,P,,,,,,
whelato01,1B,,,,,,
whillja01,P,,,,,,
whiseca01,P,,,,,,
whisela01,OF,,,,,,
whisema01,P,,,,,,
whisepe01,OF,,,,,,
whislwe01,P,,,,,,
whistle01,1B,,,,,,
whitalo01,2B,,,,,,
whitapa01,P,,,,,,
whitast01,OF,,,,,,
whitbbi01,P,,,,,,
whitcbo01,P,,,,,,
whitcsh01,3B,,,,,,
whiteaa01,OF,,,,,,
whiteab01,P,,,,,,
whiteal01,P,,,,,,
whitear01,P,,,,,,
whiteba01,3B,,,,,,
whitebi01,1B,,,,,,
whitebi02,SS,,,,,,
whitebi03,1B,,,,,,
whitebi04,P,,,,,,
whitebr01,P,,,,,,
whitebu01,2B,,,,,,
whitebu02,C,,,,,,
whitebu03,1B,,,,,,
whitech01,P,,,,,,
whitech02,C,,,,,,
whitech03,OF,,,,,,
whitecl01,P,,,,,,
whitecl02,C,,,,,,
whitede01,3B,,,,,,
whitede02,P,,,,,,
whitede03,OF,,,,,,
whitede04,1B,,,,,,
whitedo01,P,,,,,,
whitedo02,OF,,,,,,
whitedo03,P,,,,,,
whiteea01,P,,,,,,
whiteed01,OF,,,,,,
whiteed02,3B,,,,,,
whiteed03,P,,,,,,
whiteel01,OF,,,,,,
whiteel02,SS,,,,,,
whiteel03,C,,,,,,
whiteel04,OF,,,,,,
whiteer01,P,,,,,,
whiteeu01,2B,,,,,,
whiteev01,1B,,,,,,
whitefr01,2B,,,,,,
whitefu01,OF,,,,,,
whitega01,P,,,,,,
whitege01,OF,,,,,,
whitege02,P,,,,,,
whitegi01,OF,,,,,,
whitegu01,OF,,,,,,
whiteha01,P,,,,,,
whiteja01,OF,,,,,,
whiteja02,2B,,,,,,
whiteja03,2B,,,,,,
whiteje01,OF,,,,,,
whitejo01,OF,,,,,,
whitejo02,P,,,,,,
whitejo03,1B,,,,,,
whiteki01,P,,,,,,
whitela01,P,,,,,,
whitela02,P,,,,,,
whitele01,P,,,,,,
whitema01,OF,,,,,,
whitema02,P,,,,,,
whitema03,P,,,,,,
whitemi01,SS,,,,,,
whitemi02,OF,,,,,,
whitemi03,P,,,,,,
whitemy01,OF,,,,,,
whiteow01,P,,,,,,
whiteri01,P,,,,,,
whitero01,OF,,,,,,
whitero02,OF,,,,,,
whitero03,2B,,,,,,
whitesa01,C,,,,,,
whitesa02,C,,,,,,
whitese01,P,,,,,,
whitese02,P,,,,,,
whiteso99,SS,,,,,,
whitest01,P,,,,,,
whitety01,1B,,,,,,
whitewa01,3B,,,,,,
whitewa02,P,,,,,,
whitewi01,P,,,,,,
whitffr01,1B,,,,,,
whitfte01,OF,,,,,,
whitied01,C,,,,,,
whitije01,P,,,,,,
whitl01,1B,,,,,,
whitlch01,P,,,,,,
whitlfo01,P,,,,,,
whitlga01,P,,,,,,
whitlko01,P,,,,,,
whitmda01,C,,,,,,
whitmda02,OF,,,,,,
whitmdi01,OF,,,,,,
whitmfr01,SS,,,,,,
whitnar01,3B,,,,,,
whitnca01,OF,,,,,,
whitnfr01,OF,,,,,,
whitnji01,P,,,,,,
whitnpi01,3B,,,,,,
whitrbi01,P,,,,,,
whitsed01,P,,,,,,
whitter01,C,,,,,,
whittpo01,OF,,,,,,
whittwa01,P,,,,,,
whitwdi01,P,,,,,,
wickake01,P,,,,,,
wickebo01,P,,,,,,
wickeda01,P,,,,,,
wickefl01,OF,,,,,,
wickeke01,P,,,,,,
wicklal01,OF,,,,,,
wickmbo01,P,,,,,,
wickro01,P,,,,,,
wicksel01,3B,,,,,,
wicksjo01,P,,,,,,
wickwfr01,P,,,,,,
widenta01,P,,,,,,
widgech01,C,,,,,,
widmaal01,P,,,,,,
widnewi01,P,,,,,,
wieante01,P,,,,,,
wieckbr01,P,,,,,,
wiedech01,P,,,,,,
wiedeto01,OF,,,,,,
wiedmst01,P,,,,,,
wieghto01,C,,,,,,
wielajo01,P,,,,,,
wiemejo01,OF,,,,,,
wieneja01,P,,,,,,
wieslbo01,P,,,,,,
wietema01,C,,,,,,
wietewh01,SS,,,,,,
wiggial01,2B,,,,,,
wiggijo01,3B,,,,,,
wiggiru01,P,,,,,,
wiggisc01,P,,,,,,
wiggity01,3B,,,,,,
wiggsji01,P,,,,,,
wightbi01,P,,,,,,
wiginfr01,P,,,,,,
wihtosa01,P,,,,,,
wilbede01,C,,,,,,
wilbocl01,OF,,,,,,
wilbote01,OF,,,,,,
wilcoco01,P,,,,,,
wilcomi01,P,,,,,,
wilesco01,P,,,,,,
wilesna01,P,,,,,,
wilesra01,P,,,,,,
wiley01,3B,,,,,,
wileydo01,C,,,,,,
wileyfr01,P,,,,,,
wileyjo01,3B,,,,,,
wileyma01,P,,,,,,
wileysa01,3B,,,,,,
wilforo01,2B,,,,,,
wilheha01,P,,,,,,
wilheho01,P,,,,,,
wilheji01,OF,,,,,,
wilheka01,P,,,,,,
wilhesp01,SS,,,,,,
wilheto01,P,,,,,,
wilhojo01,OF,,,,,,
wiliede01,OF,,,,,,
wilkad01,P,,,,,,
wilkeaa01,P,,,,,,
wilkebr01,OF,,,,,,
wilkecu01,SS,,,,,,
wilkeha01,3B,,,,,,
wilkeji01,OF,,,,,,
wilkest01,OF,,,,,,
wilkian01,1B,,,,,,
wilkibi01,P,,,,,,
wilkibo01,SS,,,,,,
wilkide01,P,,,,,,
wilkied01,OF,,,,,,
wilkier01,P,,,,,,
wilkile01,P,,,,,,
wilkima01,P,,,,,,
wilkira01,OF,,,,,,
wilkiri01,C,,,,,,
wilkiro01,P,,,,,,
wilkste01,P,,,,,,
willaje01,C,,,,,,
willbo01,OF,,,,,,
willeca01,P,,,,,,
willeed01,P,,,,,,
willepe01,SS,,,,,,
willhni01,P,,,,,,
willi01,OF,,,,,,
willi02,C,,,,,,
williac01,P,,,,,,
williad01,2B,,,,,,
willial01,P,,,,,,
willial02,P,,,,,,
willial03,P,,,,,,
willial04,SS,,,,,,
william01,P,,,,,,
willian01,1B,,,,,,
willian02,1B,,,,,,
williar01,OF,,,,,,
williau01,P,,,,,,
willibe01,OF,,,,,,
willibe02,OF,,,,,,
willibe03,3B,,,,,,
willibi01,OF,,,,,,
willibi02,OF,,,,,,
willibi03,OF,,,,,,
willibi04,P,,,,,,
willibi05,P,,,,,,
willibo01,C,,,,,,
willibo02,SS,,,,,,
willibo03,OF,,,,,,
willibr01,P,,,,,,
willibr02,P,,,,,,
willibu01,3B,,,,,,
willic01,3B,,,,,,
willica01,P,,,,,,
willica02,SS,,,,,,
willich01,P,,,,,,
willich02,2B,,,,,,
willich03,SS,,,,,,
willicl01,C,,,,,,
willicl02,P,,,,,,
willicl03,OF,,,,,,
willico01,P,,,,,,
willicu01,SS,,,,,,
willicy01,OF,,,,,,
willida01,P,,,,,,
willida02,P,,,,,,
willida03,2B,,,,,,
willida04,P,,,,,,
willida05,OF,,,,,,
willida06,OF,,,,,,
willida07,P,,,,,,
willide01,OF,,,,,,
willide02,C,,,,,,
willide03,P,,,,,,
willide04,OF,,,,,,
willidi01,2B,,,,,,
willidi02,OF,,,,,,
willido01,P,,,,,,
willido02,P,,,,,,
willido03,P,,,,,,
williea01,C,,,,,,
williea02,C,,,,,,
willied01,1B,,,,,,
williel01,P,,,,,,
williel02,OF,,,,,,
willife01,OF,,,,,,
willifr01,P,,,,,,
willifr02,OF,,,,,,
willifr03,C,,,,,,
williga01,P,,,,,,
willige01,2B,,,,,,
willige02,OF,,,,,,
willige03,C,,,,,,
willige04,1B,,,,,,
willige05,SS,,,,,,
willige06,P,,,,,,
willigl01,3B,,,,,,
willigu01,P,,,,,,
willigu02,OF,,,,,,
williha01,1B,,,,,,
williha02,3B,,,,,,
williha03,2B,,,,,,
willihe01,C,,,,,,
willihe02,P,,,,,,
willihu01,SS,,,,,,
willij01,SS,,,,,,
willija01,C,,,,,,
willije01,P,,,,,,
willije02,P,,,,,,
willije03,SS,,,,,,
willije04,C,,,,,,
willije05,C,,,,,,
williji01,2B,,,,,,
williji02,P,,,,,,
williji03,SS,,,,,,
williji04,OF,,,,,,
williji05,OF,,,,,,
williji06,P,,,,,,
willijo01,P,,,,,,
willijo02,P,,,,,,
willijo03,OF,,,,,,
willijo04,P,,,,,,
willijo05,SS,,,,,,
willijo06,P,,,,,,
willijo07,1B,,,,,,
willijo99,P,,,,,,
williju01,OF,,,,,,
williju02,OF,,,,,,
willike01,OF,,,,,,
willike02,OF,,,,,,
willike03,OF,,,,,,
williko01,SS,,,,,,
willil01,PH,,,,,,
willile01,P,,,,,,
willile02,P,,,,,,
willile03,P,,,,,,
willile04,P,,,,,,
willile05,P,,,,,,
willile06,OF,,,,,,
willile07,2B,,,,,,
willile08,C,,,,,,
willili01,OF,,,,,,
willilo01,OF,,,,,,
willilu01,OF,,,,,,
willima01,P,,,,,,
willima02,OF,,,,,,
willima03,P,,,,,,
willima04,3B,,,,,,
willima05,P,,,,,,
willima06,P,,,,,,
willima07,OF,,,,,,
willima08,OF,,,,,,
willima09,2B,,,,,,
willime01,OF,,,,,,
willimi01,P,,,,,,
willimi02,P,,,,,,
willimi03,P,,,,,,
willimo01,P,,,,,,
willimu01,P,,,,,,
willine01,3B,,,,,,
willini01,OF,,,,,,
willini02,C,,,,,,
williot01,SS,,,,,,
willipa01,1B,,,,,,
williph01,3B,,,,,,
willipo01,P,,,,,,
willipo02,C,,,,,,
willira01,P,,,,,,
willire01,OF,,,,,,
willire02,OF,,,,,,
willire03,OF,,,,,,
williri01,C,,,,,,
williri02,3B,,,,,,
williri03,P,,,,,,
williro01,P,,,,,,
williro02,P,,,,,,
williro03,P,,,,,,
willisa01,P,,,,,,
willisc01,P,,,,,,
willish01,P,,,,,,
willisi01,P,,,,,,
willist01,P,,,,,,
willist02,P,,,,,,
willist03,P,,,,,,
willita01,P,,,,,,
willite01,OF,,,,,,
willito01,P,,,,,,
willito02,P,,,,,,
willito03,P,,,,,,
willitr01,P,,,,,,
willivi01,P,,,,,,
williw01,P,,,,,,
williwa01,OF,,,,,,
williwa02,OF,,,,,,
williwi01,1B,,,,,,
williwi02,1B,,,,,,
williwi03,OF,,,,,,
williwo01,2B,,,,,,
williwo02,P,,,,,,
williwo03,P,,,,,,
willocl01,P,,,,,,
willoji01,P,,,,,,
wills01,OF,,,,,,
willsbu01,2B,,,,,,
willsda01,1B,,,,,,
willsfr01,P,,,,,,
willski01,OF,,,,,,
willsma01,SS,,,,,,
willste01,P,,,,,,
wilmepa01,P,,,,,,
wilmoal01,P,,,,,,
wilmowa01,OF,,,,,,
wilshte01,P,,,,,,
wilshwh01,P,,,,,,
wilsoal01,P,,,,,,
wilsoal02,C,,,,,,
wilsoan01,OF,,,,,,
wilsoar01,C,,,,,,
wilsoar02,SS,,,,,,
wilsoar03,OF,,,,,,
wilsobe01,OF,,,,,,
wilsobi01,C,,,,,,
wilsobi02,OF,,,,,,
wilsobi03,P,,,,,,
wilsobo01,3B,,,,,,
wilsobo02,C,,,,,,
wilsobr01,P,,,,,,
wilsobr02,P,,,,,,
wilsoch01,OF,,,,,,
wilsoch02,SS,,,,,,
wilsoch03,P,,,,,,
wilsoch04,OF,,,,,,
wilsocj01,P,,,,,,
wilsocr01,3B,,,,,,
wilsocr02,3B,,,,,,
wilsocr03,OF,,,,,,
wilsoda01,C,,,,,,
wilsoda02,OF,,,,,,
wilsode01,1B,,,,,,
wilsodo01,P,,,,,,
wilsodu01,P,,,,,,
wilsoea01,P,,,,,,
wilsoed01,OF,,,,,,
wilsoed02,OF,,,,,,
wilsoel01,2B,,,,,,
wilsoem01,OF,,,,,,
wilsoen01,2B,,,,,,
wilsoer01,SS,,,,,,
wilsofe01,C,,,,,,
wilsofi01,P,,,,,,
wilsofr01,OF,,,,,,
wilsofr02,OF,,,,,,
wilsoga01,2B,,,,,,
wilsoga02,P,,,,,,
wilsoga03,P,,,,,,
wilsoge01,OF,,,,,,
wilsoge02,P,,,,,,
wilsogl01,OF,,,,,,
wilsogr01,SS,,,,,,
wilsoh01,2B,,,,,,
wilsoha01,OF,,,,,,
wilsohe01,C,,,,,,
wilsohi01,P,,,,,,
wilsohu01,P,,,,,,
wilsoj01,OF,,,,,,
wilsoja01,P,,,,,,
wilsoja02,SS,,,,,,
wilsoja03,3B,,,,,,
wilsoja04,SS,,,,,,
wilsoja05,OF,,,,,,
wilsoji01,C,,,,,,
wilsoji02,P,,,,,,
wilsoji03,1B,,,,,,
wilsoji04,OF,,,,,,
wilsojo01,P,,,,,,
wilsojo02,P,,,,,,
wilsojo03,SS,,,,,,
wilsoju10,P,,,,,,
wilsoju99,3B,,,,,,
wilsokr01,P,,,,,,
wilsole01,OF,,,,,,
wilsole02,P,,,,,,
wilsoma01,P,,,,,,
wilsoma02,OF,,,,,,
wilsomi01,C,,,,,,
wilsomi02,OF,,,,,,
wilsomo01,OF,,,,,,
wilsomu01,P,,,,,,
wilsone01,C,,,,,,
wilsoni01,OF,,,,,,
wilsopa01,C,,,,,,
wilsopa02,P,,,,,,
wilsope01,P,,,,,,
wilsope02,1B,,,,,,
wilsopr01,OF,,,,,,
wilsora01,1B,,,,,,
wilsore01,C,,,,,,
wilsoro01,P,,,,,,
wilsosq01,C,,,,,,
wilsost01,P,,,,,,
wilsost02,P,,,,,,
wilsota01,OF,,,,,,
wilsote01,P,,,,,,
wilsoto01,C,,,,,,
wilsoto02,C,,,,,,
wilsoto03,SS,,,,,,
wilsotr01,P,,,,,,
wilsotu01,OF,,,,,,
wilsoty01,P,,,,,,
wilsova01,C,,,,,,
wilsowa01,P,,,,,,
wilsowe01,OF,,,,,,
wilsowi01,P,,,,,,
wilsowi02,OF,,,,,,
wilsowi03,2B,,,,,,
wilsoze01,P,,,,,,
wiltsha01,P,,,,,,
wiltsho01,P,,,,,,
wiltssn01,P,,,,,,
wimmeal01,P,,,,,,
winanal01,P,,,,,,
winceed01,3B,,,,,,
winchfr01,P,,,,,,
winchsc01,P,,,,,,
winckjo01,P,,,,,,
windejo01,P,,,,,,
windhgo01,OF,,,,,,
windlbi01,1B,,,,,,
windsja01,P,,,,,,
wineaed01,P,,,,,,
winebo01,SS,,,,,,
winegra01,P,,,,,,
winero01,C,,,,,,
winfida01,OF,,,,,,
winfoji01,P,,,,,,
wingaer01,P,,,,,,
wingetr01,P,,,,,,
wingfda01,OF,,,,,,
wingfte01,P,,,,,,
wingoal01,OF,,,,,,
wingodo01,C,,,,,,
wingoed01,C,,,,,,
wingoiv01,C,,,,,,
winhala01,P,,,,,,
winkege01,OF,,,,,,
winkeje01,OF,,,,,,
winkejo01,P,,,,,,
winklda01,P,,,,,,
winklge01,OF,,,,,,
winklja01,2B,,,,,,
winnco01,P,,,,,,
winnge01,P,,,,,,
winnihe01,OF,,,,,,
winnji01,P,,,,,,
winnke01,P,,,,,,
winnma01,SS,,,,,,
winnra01,OF,,,,,,
winseto01,OF,,,,,,
winstbo01,OF,,,,,,
winstda01,P,,,,,,
winstha01,P,,,,,,
winstha02,OF,,,,,,
wintecl01,P,,,,,,
wintege01,P,,,,,,
winteje01,P,,,,,,
wintema01,OF,,,,,,
winteni01,P,,,,,,
wirthal01,P,,,,,,
wirtske01,C,,,,,,
wisdopa01,3B,,,,,,
wisear01,P,,,,,,
wisebi01,P,,,,,,
wiseca01,2B,,,,,,
wisede01,OF,,,,,,
wisehu01,C,,,,,,
wiselbr01,2B,,,,,,
wisema01,P,,,,,,
wiseni01,C,,,,,,
wiseri01,P,,,,,,
wisero01,P,,,,,,
wisesa01,SS,,,,,,
wislema01,P,,,,,,
wisneja01,P,,,,,,
wisneph01,SS,,,,,,
wissmda01,OF,,,,,,
wistete01,3B,,,,,,
wistewh01,P,,,,,,
witasja01,P,,,,,,
witekmi01,2B,,,,,,
withech01,P,,,,,,
withele01,OF,,,,,,
withero01,P,,,,,,
withesh01,P,,,,,,
withrch01,P,,,,,,
withrco01,OF,,,,,,
withrfr01,C,,,,,,
witmero01,1B,,,,,,
wittbo01,P,,,,,,
wittbo02,SS,,,,,,
witteje01,1B,,,,,,
wittge01,P,,,,,,
wittgni01,P,,,,,,
wittijo01,P,,,,,,
wittke01,1B,,,,,,
wittmi01,P,,,,,,
wittwh01,OF,,,,,,
wockejo01,C,,,,,,
woehran01,3B,,,,,,
woerljo01,SS,,,,,,
wohlema01,P,,,,,,
wohlfji01,OF,,,,,,
wojcias01,P,,,,,,
wojcijo01,OF,,,,,,
wojcist01,P,,,,,,
wojeype01,P,,,,,,
wojnaed01,P,,,,,,
wolcobo01,P,,,,,,
wolfeba01,P,,,,,,
wolfebi01,P,,,,,,
wolfebr01,P,,,,,,
wolfech01,P,,,,,,
wolfeed01,P,,,,,,
wolfeha01,OF,,,,,,
wolfela01,3B,,,,,,
wolfepo01,OF,,,,,,
wolfer01,P,,,,,,
wolffro01,P,,,,,,
wolfgme01,P,,,,,,
wolfja01,P,,,,,,
wolfji01,OF,,,,,,
wolfle01,P,,,,,,
wolfra01,1B,,,,,,
wolfra02,P,,,,,,
wolfrgr01,P,,,,,,
wolfro01,P,,,,,,
wolfwa01,P,,,,,,
wolstab01,C,,,,,,
wolteha01,OF,,,,,,
woltery01,P,,,,,,
wolteto01,C,,,,,,
wolveha01,3B,,,,,,
womacdo01,P,,,,,,
womacge01,C,,,,,,
womacja01,1B,,,,,,
womacsi01,C,,,,,,
womacto01,2B,,,,,,
wongco01,C,,,,,,
wongja01,P,,,,,,
wongke01,2B,,,,,,
wongko01,2B,,,,,,
woobr01,P,,,,,,
wood01,2B,,,,,,
woodabr01,P,,,,,,
woodada01,2B,,,,,,
woodal02,P,,,,,,
woodala01,C,,,,,,
woodami01,2B,,,,,,
woodast01,P,,,,,,
woodbge01,P,,,,,,
woodbl01,P,,,,,,
woodbo01,C,,,,,,
woodbr01,3B,,,,,,
woodcfr01,P,,,,,,
wooddo01,SS,,,,,,
woodege01,P,,,,,,
woodeha01,P,,,,,,
woodfja01,P,,,,,,
woodfr01,C,,,,,,
woodge01,OF,,,,,,
woodha01,OF,,,,,,
woodhre01,3B,,,,,,
woodhu01,P,,,,,,
woodja01,2B,,,,,,
woodja02,1B,,,,,,
woodja03,OF,,,,,,
woodji01,2B,,,,,,
woodjo01,P,,,,,,
woodjo02,OF,,,,,,
woodjo03,2B,,,,,,
woodjo04,P,,,,,,
woodke01,OF,,,,,,
woodke02,P,,,,,,
woodlge01,OF,,,,,,
woodmda01,P,,,,,,
woodmi01,P,,,,,,
woodpe01,P,,,,,,
woodrbr01,P,,,,,,
woodro01,OF,,,,,,
woodrpe01,OF,,,,,,
woodrsa01,3B,,,,,,
woodsal01,OF,,,,,,
woodscl01,P,,,,,,
woodsdi01,P,,,,,,
woodsed01,OF,,,,,,
woodsga01,OF,,,,,,
woodsja01,P,,,,,,
woodsji01,3B,,,,,,
woodsjo01,P,,,,,,
woodske01,P,,,,,,
woodsp01,P,,,,,,
woodspa01,3B,,,,,,
woodspi01,P,,,,,,
woodsro01,OF,,,,,,
woodssa01,P,,,,,,
woodssi01,P,,,,,,
woodsto01,3B,,,,,,
woodstr01,3B,,,,,,
woodswa01,P,,,,,,
woodswi01,P,,,,,,
woodswi02,OF,,,,,,
woodswi03,SS,,,,,,
woodte01,OF,,,,,,
woodti01,P,,,,,,
woodtr01,P,,,,,,
woodwch01,SS,,,,,,
woodwfr01,P,,,,,,
woodwi01,P,,,,,,
woodwro01,P,,,,,,
woodwwo01,SS,,,,,,
woodyma01,P,,,,,,
wooldch01,1B,,,,,,
wooldfl01,P,,,,,,
woolfle01,P,,,,,,
woolred01,SS,,,,,,
wooteju01,OF,,,,,,
wootero01,P,,,,,,
wootesh01,1B,,,,,,
wordefr01,P,,,,,,
wordsfa01,SS,,,,,,
workmbr01,P,,,,,,
workmch01,OF,,,,,,
workmga01,3B,,,,,,
workmha01,1B,,,,,,
workmho01,P,,,,,,
worksra01,P,,,,,,
worleva01,P,,,,,,
worrema01,P,,,,,,
worreti01,P,,,,,,
worreto01,P,,,,,,
worthal01,P,,,,,,
worthcr01,3B,,,,,,
worthda01,2B,,,,,,
worthfr01,SS,,,,,,
worthhe01,OF,,,,,,
worthre01,OF,,,,,,
worthri01,P,,,,,,
wortmch01,SS,,,,,,
wothema01,P,,,,,,
wotusro01,SS,,,,,,
woulfji01,OF,,,,,,
wrigh01,P,,,,,,
wrigh02,C,,,,,,
wrigh03,OF,,,,,,
wrighab01,OF,,,,,,
wrighal01,2B,,,,,,
wrighbi01,C,,,,,,
wrighbo01,P,,,,,,
wrighbr01,OF,,,,,,
wrighbr02,2B,,,,,,
wrighch01,P,,,,,,
wrighcl01,P,,,,,,
wrighcy01,SS,,,,,,
wrighda01,P,,,,,,
wrighda02,P,,,,,,
wrighda03,3B,,,,,,
wrighda04,P,,,,,,
wrighdi01,C,,,,,,
wrighed01,P,,,,,,
wrighge01,SS,,,,,,
wrighge02,P,,,,,,
wrighge03,OF,,,,,,
wrighge04,SS,,,,,,
wrighgl01,SS,,,,,,
wrighha01,OF,,,,,,
wrighhe01,P,,,,,,
wrighja01,P,,,,,,
wrighja02,P,,,,,,
wrighji01,P,,,,,,
wrighji02,P,,,,,,
wrighji03,P,,,,,,
wrighjo01,OF,,,,,,
wrighjo02,P,,,,,,
wrighke01,P,,,,,,
wrighky01,P,,,,,,
wrighlu01,P,,,,,,
wrighme01,P,,,,,,
wrighmi01,P,,,,,,
wrighmo01,PH,,,,,,
wrighpa01,2B,,,,,,
wrighra01,OF,,,,,,
wrighra02,P,,,,,,
wrighre01,C,,,,,,
wrighri01,P,,,,,,
wrighro01,P,,,,,,
wrighru01,3B,,,,,,
wrighsa01,SS,,,,,,
wrighst01,P,,,,,,
wrighta01,OF,,,,,,
wrighto01,OF,,,,,,
wrighwe01,P,,,,,,
wrighwi01,OF,,,,,,
wrighzo01,OF,,,,,,
wriglze01,SS,,,,,,
wroblju01,P,,,,,,
wronari01,C,,,,,,
wuertmi01,P,,,,,,
wuestya01,SS,,,,,,
wunscke01,P,,,,,,
wurmfr01,P,,,,,,
wyattda01,2B,,,,,,
wyattjo01,OF,,,,,,
wyattjo02,P,,,,,,
wyattra01,SS,,,,,,
wyattwh01,P,,,,,,
wyattwi01,C,,,,,,
wyckowe01,P,,,,,,
wyliere01,OF,,,,,,
wyliest01,P,,,,,,
wymanfr01,OF,,,,,,
wynegbu01,C,,,,,,
wynnea01,P,,,,,,
wynnebi01,P,,,,,,
wynnebi02,P,,,,,,
wynnema01,OF,,,,,,
wynnera01,P,,,,,,
wynnji01,OF,,,,,,
wynnsau01,C,,,,,,
wynnwi01,C,,,,,,
wyrosjo01,OF,,,,,,
wyseha01,P,,,,,,
wysonbi01,P,,,,,,
xiquele01,OF,,,,,,
yabuke01,P,,,,,,
yabutya01,P,,,,,,
yacabji01,P,,,,,,
yaikhe01,C,,,,,,
yajurmi01,P,,,,,,
yalead01,1B,,,,,,
yamagsh01,P,,,,,,
yamamjo01,P,,,,,,
yamamyo01,P,,,,,,
yance01,OF,,,,,,
yancebi01,SS,,,,,,
yancyhu01,2B,,,,,,
yanes01,P,,,,,,
yanghy01,P,,,,,,
yankoge01,C,,,,,,
yantzge01,C,,,,,,
yarbo01,P,,,,,,
yarboge01,C,,,,,,
yarbrry01,P,,,,,,
yardler01,P,,,,,,
yarnaed01,P,,,,,,
yarnaru01,P,,,,,,
yarriru01,P,,,,,,
yaryaya01,C,,,,,,
yastrca01,OF,,,,,,
yastrmi01,OF,,,,,,
yatesal01,OF,,,,,,
yateski01,P,,,,,,
yatesty01,P,,,,,,
ydeem01,P,,,,,,
yeagege01,C,,,,,,
yeagejo01,3B,,,,,,
yeagest01,C,,,,,,
yeargal01,P,,,,,,
yeatmbi01,OF,,,,,,
yeldier01,SS,,,,,,
yelicch01,OF,,,,,,
yellear01,C,,,,,,
yellela01,P,,,,,,
yelloch01,P,,,,,,
yepezju01,1B,,,,,,
yerkeca01,P,,,,,,
yerkest01,P,,,,,,
yerkest02,2B,,,,,,
yesavtr01,P,,,,,,
yettri01,P,,,,,,
yewcito01,C,,,,,,
yeweled01,2B,,,,,,
yinglch01,SS,,,,,,
yinglea01,P,,,,,,
yingljo01,P,,,,,,
ynoaga01,P,,,,,,
ynoahu01,P,,,,,,
ynoami01,P,,,,,,
ynoara01,3B,,,,,,
yochile01,P,,,,,,
yochira01,P,,,,,,
yohebi01,3B,,,,,,
yohocr01,P,,,,,,
yokella01,P,,,,,,
yorkeni01,2B,,,,,,
yorkji01,P,,,,,,
yorkji02,C,,,,,,
yorkle01,P,,,,,,
yorkmi01,P,,,,,,
yorkru01,1B,,,,,,
yorkto01,OF,,,,,,
yorkto02,SS,,,,,,
yoshima01,P,,,,,,
yoshima02,OF,,,,,,
yosted01,3B,,,,,,
yostgu01,P,,,,,,
yostne01,C,,,,,,
yoterel01,3B,,,,,,
youklke01,1B,,,,,,
youmafl01,P,,,,,,
youmash01,P,,,,,,
young01,P,,,,,,
youngad01,P,,,,,,
youngad02,3B,,,,,,
youngal01,P,,,,,,
youngan01,P,,,,,,
youngan02,2B,,,,,,
youngba01,1B,,,,,,
youngbo01,2B,,,,,,
youngbr01,P,,,,,,
youngbu01,OF,,,,,,
youngch01,P,,,,,,
youngch02,P,,,,,,
youngch03,P,,,,,,
youngch04,OF,,,,,,
youngcl01,P,,,,,,
youngco01,2B,,,,,,
youngcu01,P,,,,,,
youngcy01,P,,,,,,
youngda01,P,,,,,,
youngda02,P,,,,,,
youngde01,OF,,,,,,
youngde02,SS,,,,,,
youngde03,OF,,,,,,
youngde04,OF,,,,,,
youngdi01,2B,,,,,,
youngdm01,OF,,,,,,
youngdo01,OF,,,,,,
younged01,1B,,,,,,
younger01,2B,,,,,,
younger02,OF,,,,,,
younger03,OF,,,,,,
youngge02,OF,,,,,,
youngha01,P,,,,,,
youngha02,SS,,,,,,
younghe01,3B,,,,,,
younghe02,3B,,,,,,
youngir01,P,,,,,,
youngja01,P,,,,,,
youngja02,1B,,,,,,
youngja03,OF,,,,,,
youngjb01,P,,,,,,
youngjo01,1B,,,,,,
youngjo02,OF,,,,,,
youngke01,1B,,,,,,
youngki01,P,,,,,,
youngle01,OF,,,,,,
youngle02,SS,,,,,,
youngma01,P,,,,,,
youngma02,OF,,,,,,
youngma03,P,,,,,,
youngma04,P,,,,,,
youngmi01,OF,,,,,,
youngmi02,SS,,,,,,
youngno01,SS,,,,,,
youngpe01,2B,,,,,,
youngpe02,P,,,,,,
youngra01,2B,,,,,,
youngro01,OF,,,,,,
youngru01,C,,,,,,
youngti01,P,,,,,,
youngto01,C,,,,,,
youngto02,C,,,,,,
youngwa01,1B,,,,,,
youngwi01,P,,,,,,
yountdu01,P,,,,,,
younted01,OF,,,,,,
yountla01,P,,,,,,
yountro01,SS,,,,,,
yowelca01,P,,,,,,
yuhased01,P,,,,,,
yurakje01,OF,,,,,,
yvarssa01,C,,,,,,
zabalad01,P,,,,,,
zabalan01,P,,,,,,
zabelzi01,P,,,,,,
zachach01,P,,,,,,
zachach02,P,,,,,,
zachato01,P,,,,,,
zacheel01,OF,,,,,,
zachrpa01,P,,,,,,
zackege01,P,,,,,,
zagunma01,OF,,,,,,
zagurmi01,P,,,,,,
zahnefr01,C,,,,,,
zahnge01,P,,,,,,
zahnipa01,P,,,,,,
zakfr01,SS,,,,,,
zalusja01,C,,,,,,
zambrca01,P,,,,,,
zambred01,OF,,,,,,
zambrvi01,P,,,,,,
zamloca01,P,,,,,,
zamorda01,P,,,,,,
zamoros01,P,,,,,,
zannido01,P,,,,,,
zappji01,OF,,,,,,
zapusjo01,OF,,,,,,
zaratma01,P,,,,,,
zardojo01,OF,,,,,,
zarilal01,OF,,,,,,
zaskeje01,P,,,,,,
zastrro01,P,,,,,,
zauchno01,1B,,,,,,
zaungr01,C,,,,,,
zavadcl01,P,,,,,,
zavalse01,C,,,,,,
zavarcl01,P,,,,,,
zawadla01,2B,,,,,,
zay01,OF,,,,,,
zdebjo01,OF,,,,,,
zearfda01,C,,,,,,
zeberge01,2B,,,,,,
zeferry01,P,,,,,,
zeidero01,2B,,,,,,
zeidjo01,P,,,,,,
zeihehe01,C,,,,,,
zeileto01,3B,,,,,,
zeisema01,P,,,,,,
zelleba01,C,,,,,,
zeppbi01,P,,,,,,
zerbech01,P,,,,,,
zernigu01,OF,,,,,,
zerpaan01,P,,,,,,
zettlge01,P,,,,,,
zeuchtj01,P,,,,,,
zickbo01,P,,,,,,
zieglbr01,P,,,,,,
zieglch01,3B,,,,,,
zieglge01,P,,,,,,
ziemst01,P,,,,,,
zientbe01,2B,,,,,,
ziesbi01,C,,,,,,
zimmebi01,OF,,,,,,
zimmebr01,OF,,,,,,
zimmebr02,P,,,,,,
zimmech01,C,,,,,,
zimmedo01,3B,,,,,,
zimmeed01,3B,,,,,,
zimmehe01,3B,,,,,,
zimmeje01,C,,,,,,
zimmeje02,P,,,,,,
zimmejo01,P,,,,,,
zimmejo02,P,,,,,,
zimmeky01,P,,,,,,
zimmero01,1B,,,,,,
zimmery01,3B,,,,,,
zinkch01,P,,,,,,
zinkwa01,P,,,,,,
zinnfr01,C,,,,,,
zinngu01,OF,,,,,,
zinnji01,P,,,,,,
zinsebi01,P,,,,,,
zinteal01,1B,,,,,,
zipfebu01,1B,,,,,,
ziskri01,OF,,,,,,
zitoba01,P,,,,,,
zitzmbi01,OF,,,,,,
zmiched01,P,,,,,,
zobribe01,2B,,,,,,
zoccope01,OF,,,,,,
zoldasa01,P,,,,,,
zomphch01,2B,,,,,,
zoskyed01,SS,,,,,,
zuberbi01,P,,,,,,
zuberjo01,1B,,,,,,
zuberty01,P,,,,,,
zuletju01,1B,,,,,,
zulueyo01,P,,,,,,
zumayjo01,P,,,,,,
zuniggu01,P,,,,,,
zuninmi01,C,,,,,,
zupcibo01,OF,,,,,,
zupofr01,C,,,,,,
zuvelpa01,SS,,,,,,
zuverge01,P,,,,,,
zwilldu01,OF,,,,,,
zychto01,P,,,,,,
