Rk,Name,HOF (1/0),Induction Year,Years,"Active (1,0)",tot_WAR,PA,IP,bat_from,bat_to,bat_ASG,bat_WAR,bat_G,bat_PA,bat_AB,bat_R,bat_H,bat_2B,bat_3B,bat_HR,bat_RBI,bat_SB,bat_CS,bat_BB,bat_SO,bat_IBB,bat_GDP,bat_SF,bat_SH,bat_BA,bat_OBP,bat_SLG,bat_OPS,pit_from,pit_to,pit_ASG,pit_WAR,pit_W,pit_L,W-L%,ERA_x,pit_G,pit_GS,pit_GF,pit_CG,pit_SHO,pit_SV,pit_IP,pit_H,pit_R,pit_ER,pit_HR,pit_BB,pit_IBB,pit_SO,pit_HBP,pit_BK,Voted By,1,2,3,4,5,6,7,8,9,10,11,12,13,14,15,16,Inducted As,Votes,% of Ballots
133,Tony Mullane,1,1946,13,0,66.6,2971,4531.1,,,,,784,2971,2720,407,661,99,38,8,223,112,0,221,159,0,0,0,1,0.243014706,0.306630764,0.316176471,0.622807235,,,,,284,220,0.563492063,55.14,555,504,52,468,30,15,4531.333333,4195,2523,1537,97,1408,0,1803,185,3,,,,,,,,,,,,,,,,,,,,
201,Bob Caruthers,1,1945,10,0,59.5,2906,2828.2,,,,,705,2906,2465,508,695,104,50,29,359,152,0,417,140,0,0,0,0,0.281947262,0.390915348,0.4,0.790915348,,,,,218,99,0.687697161,27.87,340,310,29,298,24,3,2828.666667,2678,1393,891,59,597,0,900,99,0,,,,,,,,,,,,,,,,,,,,
185,Charlie Buffinton,1,1964,11,0,60.7,2309,3404,,,,,586,2309,2214,245,543,67,16,7,255,14,0,91,114,0,0,0,0,0.245257453,0.276310091,0.299457995,0.575768086,,,,,233,152,0.605194805,36.81,414,396,17,351,30,3,3404,3344,1824,1120,87,856,0,1700,31,2,,,,,,,,,,,,,,,,,,,,
271,Bucky Walters,1,2008,19,0,53.6,2150,3104.2,,,,,715,2149,1966,227,477,99,16,23,234,12,1,114,303,0,34,0,64,0.242624619,0.277338297,0.344354018,0.621692315,,,,,198,160,0.553072626,59.71,428,398,18,242,42,4,3104.666667,2990,1343,1139,154,1121,0,1107,51,6,,,,,,,,,,,,,,,,,,,,
343,Jack Stivetts,1,1946,11,0,48.5,2148,2887.2,,,,,601,2148,1992,348,593,84,46,35,357,31,0,133,158,0,0,0,14,0.297690763,0.342178771,0.43875502,0.780933791,,,,,203,132,0.605970149,47.05,388,333,52,278,14,5,2887.666667,2905,1836,1199,130,1155,0,1223,99,0,,,,,,,,,,,,,,,,,,,,
78,Jim McCormic,1,1946,10,0,76.2,2104,4275.2,,,,,534,2104,2082,246,491,66,22,4,178,10,0,22,127,0,0,0,0,0.235830932,0.243821293,0.294428434,0.538249727,,,,,265,214,0.553235908,29,492,485,7,466,33,1,4275.666667,4092,2095,1155,82,749,0,1704,12,0,,,,,,,,,,,,,,,,,,,,
183,Tommy Bond,1,1946,10,0,60.9,1997,3628.2,,,,,488,1997,1975,213,471,53,11,0,174,5,1,22,63,0,7,0,0,0.238481013,0.246870305,0.276455696,0.523326001,,,,,234,163,0.589420655,31.21,417,408,13,386,42,0,3628.666667,3765,1931,862,50,193,0,972,2,0,,,,,,,,,,,,,,,,,,,,
255,Jack Powell,1,1945,16,0,55.3,1764,4389,,,,,585,1754,1610,133,309,38,14,8,124,3,0,87,299,0,0,0,50,0.191925466,0.229760547,0.247826087,0.477586634,,,,,245,255,0.49,48.69,578,516,57,422,46,15,4389,4319,1991,1450,110,1021,0,1621,120,2,,,,,,,,,,,,,,,,,,,,
373,George Mullin,1,1946,14,0,47.1,1701,3686.2,,,,,614,1685,1531,163,401,70,23,3,139,18,0,122,226,0,0,0,25,0.261920314,0.314540059,0.343566297,0.658106356,,,,,228,196,0.537735849,47.32,487,428,51,353,35,8,3686.666667,3518,1636,1156,42,1238,0,1482,130,1,,,,,,,,,,,,,,,,,,,,
377,Jesse Tannehill,1,1946,15,0,47,1561,2759.1,,,,,507,1553,1414,190,361,55,23,5,142,19,0,105,166,0,0,0,26,0.255304102,0.305215712,0.337340877,0.642556589,,,,,197,117,0.627388535,54.62,359,321,37,264,34,7,2759.333333,2794,1199,858,40,478,0,944,130,1,,,,,,,,,,,,,,,,,,,,
703,Will White,1,2013,10,0,34.9,1537,3542.2,,,,,403,1537,1478,167,271,28,7,1,111,0,0,56,128,0,0,0,0,0.183355886,0.214703969,0.213802436,0.428506405,,,,,229,166,0.579746835,28.55,403,402,1,394,36,0,3542.666667,3440,1844,896,65,496,0,1041,68,0,,,,,,,,,,,,,,,,,,,,
344,Doc White,1,1946,13,0,48.5,1532,3041,,,,,547,1516,1283,147,278,22,13,2,75,32,0,147,195,0,0,0,85,0.216679657,0.281002639,0.258768511,0.53977115,,,,,189,156,0.547826087,31.82,427,363,52,262,45,5,3041,2738,1118,808,33,670,0,1384,119,7,,,,,,,,,,,,,,,,,,,,
213,Jack Quinn,1,1993,23,0,58.6,1514,3920.1,,,,,771,1512,1349,90,248,38,7,8,113,5,0,89,335,0,0,0,71,0.183839881,0.224867725,0.24017791,0.465045635,,,,,247,218,0.531182796,81.05,756,444,216,243,28,57,3920.333333,4238,1835,1433,102,860,0,1329,94,5,,,,,,,,,,,,,,,,,,,,
315,Silver King,1,1969,10,0,50.4,1477,3180.2,,,,,419,1477,1305,182,259,32,23,4,135,24,0,166,279,0,0,0,3,0.198467433,0.289776574,0.26743295,0.557209524,,,,,203,152,0.571830986,44.89,397,370,25,328,19,6,3180.666667,3098,1803,1124,69,967,0,1222,146,0,,,,,,,,,,,,,,,,,,,,
272,Wilbur Cooper,1,1973,15,0,53.4,1317,3480,,,,,521,1316,1227,111,293,34,17,6,106,12,9,47,140,0,0,0,38,0.238793806,0.261398176,0.308883456,0.570281632,,,,,216,178,0.54822335,54.96,517,408,84,279,35,14,3480,3415,1406,1119,103,853,0,1252,100,0,,,,,,,,,,,,,,,,,,,,
273,Billy Pierce,1,1974,18,0,53.4,1255,3306.2,,,,,116,217,191,9,33,10,1,0,14,0,0,7,46,0,0,0,17,0.172774869,0.193548387,0.235602094,0.429150481,,,,,27,43,0.385714286,24.49,116,70,30,28,2,0,610.6666667,676,362,289,16,268,0,165,43,1,,,,,,,,,,,,,,,,,,,,
301,Carl Mays,1,1951,15,0,51.3,1202,3021.1,,,,,502,1199,1085,113,291,32,21,5,110,1,1,66,116,0,0,0,44,0.268202765,0.301084237,0.350230415,0.651314652,,,,,207,126,0.621621622,50.28,490,325,125,231,29,31,3021.333333,2912,1211,979,73,734,0,862,89,1,,,,,,,,,,,,,,,,,,,,
411,Larry French,1,1976,14,0,45.4,1198,3152,,,,,570,1193,1057,83,199,27,5,1,84,3,0,48,210,0,20,0,84,0.188268685,0.210393965,0.226111637,0.436505602,,,,,197,171,0.535326087,52.46,570,384,109,198,40,17,3152,3375,1440,1206,164,819,0,1187,42,4,,,,,,,,,,,,,,,,,,,,
350,Dolf Luque,1,1998,20,0,48.2,1192,3220.1,,,,,559,1189,1043,96,237,31,10,5,90,7,4,70,114,0,1,0,65,0.227229147,0.26745164,0.29050815,0.55795979,,,,,194,179,0.520107239,65.19,550,365,128,206,26,28,3220.333333,3231,1412,1161,113,918,0,1130,26,5,,,,,,,,,,,,,,,,,,,,
337,Dutch Leonard,1,1985,20,0,49,1161,3218.1,,,,,331,814,715,47,124,16,2,0,46,0,0,58,132,0,0,0,39,0.173426573,0.226044226,0.201398601,0.427442827,,,,,139,113,0.551587302,32.88,331,272,47,152,33,13,2192,2022,853,672,54,664,0,1160,68,3,,,,,,,,,,,,,,,,,,,,
316,Tommy Bridges,1,1967,16,0,50.4,1144,2826.1,,,,,424,1142,1003,83,181,27,8,0,72,0,0,74,271,0,6,0,65,0.180458624,0.223292469,0.22333001,0.446622479,,,,,194,138,0.584337349,59.53,424,362,47,200,33,10,2826.333333,2675,1321,1122,181,1192,0,1674,35,8,,,,,,,,,,,,,,,,,,,,
209,Bret Saberhagen,1,2006,16,0,58.9,227,2562.2,,,,,403,227,190,13,23,4,0,0,1,0,0,13,49,0,1,0,24,0.121052632,0.158590308,0.142105263,0.300695571,,,,,167,117,0.588028169,64.81,399,371,13,76,16,1,2562.666667,2452,1036,952,218,471,34,1715,59,12,,,,,,,,,,,,,,,,,,,,
67,Pete Rose,0,0,24,0,79.6,15890,,,,,,3562,15861,14053,2165,4256,746,135,160,1314,198,149,1566,1143,167,247,79,56,0.302853483,0.373809974,0.409307621,0.783117595,,,,,,,,,,,,,,,,,,,,,,,,,,,,,,,,,,,,,,,,,,,,
135,Buddy Bell,0,0,18,0,66.3,10009,,,,,,2405,10009,8995,1151,2514,425,56,201,1106,55,79,836,776,84,255,80,60,0.279488605,0.338495354,0.406225681,0.744721035,,,,,,,,,,,,,,,,,,,,,,,,,,,,,,,,,,,,,,,,,,,,
214,Sammy Sosa,0,0,18,0,58.6,9896,,,,,,2354,9896,8813,1475,2408,379,45,609,1667,234,107,929,2306,154,202,78,17,0.273232724,0.343168957,0.53375695,0.876925907,,,,,,,,,,,,,,,,,,,,,,,,,,,,,,,,,,,,,,,,,,,,
114,Robinson Canó,0,0,17,0,68.7,9550,,,,,,2267,9550,8773,1262,2639,572,33,335,1306,51,38,620,1214,112,286,62,10,0.300809301,0.350157068,0.488088453,0.838245521,,,,,,,,,,,,,,,,,,,,,,,,,,,,,,,,,,,,,,,,,,,,
693,Eddie Yost,0,0,18,0,35.1,9177,,,,,,2109,9175,7346,1215,1863,337,56,139,683,72,66,1614,920,15,133,18,98,0.253607405,0.389754768,0.371494691,0.761249459,,,,,,,,,,,,,,,,,,,,,,,,,,,,,,,,,,,,,,,,,,,,
454,Jimmy Ryan,0,0,18,0,43.8,9127,117,,,,,2014,9124,8172,1643,2513,451,157,118,1093,419,0,804,491,0,0,0,65,0.307513461,0.372643577,0.444444444,0.817088021,,,,,6,1,0.857142857,13.47,24,5,16,3,0,2,117,133,85,47,8,44,0,43,6,1,,,,,,,,,,,,,,,,,,,,
799,Édgar Rentería,0,0,16,0,32.4,9066,,,,,,2152,9066,8142,1200,2327,436,29,140,923,294,108,718,1182,42,241,76,99,0.285802014,0.339289654,0.398059445,0.737349099,,,,,,,,,,,,,,,,,,,,,,,,,,,,,,,,,,,,,,,,,,,,
802,Aramis Ramírez,0,0,18,0,32.3,8986,,,,,,1990,9017,8043,1642,2544,286,161,69,1015,583,0,871,498,0,0,0,65,0.316299888,0.382943329,0.417630237,0.800573566,,,,,40,31,0.563380282,43.8,93,68,23,65,5,4,689.3333333,809,527,310,34,244,0,281,57,1,,,,,,,,,,,,,,,,,,,,
262,José Cruz,0,0,19,0,54.4,8931,,,,,,2194,8986,8136,1098,2303,495,24,386,1417,29,18,633,1238,58,233,87,3,0.28306293,0.340863566,0.492133727,0.832997293,,,,,,,,,,,,,,,,,,,,,,,,,,,,,,,,,,,,,,,,,,,,
414,Tony Fernández,0,0,17,0,45.3,8793,,,,,,2353,8931,7917,1036,2251,391,94,165,1077,317,136,898,1031,142,119,82,27,0.284324871,0.353375882,0.419982317,0.773358199,,,,,,,,,,,,,,,,,,,,,,,,,,,,,,,,,,,,,,,,,,,,
967,Carlos Lee,0,0,14,0,28.3,8787,,,,,,2158,8793,7911,1057,2276,414,92,94,844,246,138,690,784,48,161,61,67,0.28770067,0.344592289,0.398938187,0.743530476,,,,,,,,,,,,,,,,,,,,,,,,,,,,,,,,,,,,,,,,,,,,
569,Donie Bush,0,0,16,0,39.4,8775,,,,,,2099,8786,7983,1125,2273,469,19,358,1363,125,47,655,984,60,206,98,3,0.284730051,0.338606875,0.482775899,0.821382774,,,,,,,,,,,,,,,,,,,,,,,,,,,,,,,,,,,,,,,,,,,,
635,Jay Bell,0,0,18,0,37.2,8525,,,,,,1946,8734,7210,1281,1804,186,74,9,436,404,93,1158,630,0,0,0,337,0.250208044,0.342454774,0.300277393,0.642732167,,,,,,,,,,,,,,,,,,,,,,,,,,,,,,,,,,,,,,,,,,,,
639,Herman Long,0,0,16,0,37,8512,,,,,,2063,8525,7398,1123,1963,394,67,195,860,91,60,853,1443,25,165,58,159,0.265341984,0.337008798,0.415788051,0.752796849,,,,,,,,,,,,,,,,,,,,,,,,,,,,,,,,,,,,,,,,,,,,
256,Stan Hack,0,0,16,0,55.2,8509,,,,,,1875,8505,7678,1456,2129,342,97,91,1055,537,0,612,462,0,0,0,158,0.277285751,0.328982951,0.382651732,0.711634683,,,,,,,,,,,,,,,,,,,,,,,,,,,,,,,,,,,,,,,,,,,,
498,Nelson Cruz,0,0,19,0,42,8396,,,,,,1938,8506,7278,1239,2193,363,81,57,642,165,0,1092,466,0,78,0,115,0.301319044,0.388666823,0.396949711,0.785616534,,,,,,,,,,,,,,,,,,,,,,,,,,,,,,,,,,,,,,,,,,,,
268,Ron Cey,0,0,17,0,53.7,8344,,,,,,204,38,33,1,3,1,0,0,2,0,0,1,12,0,0,0,4,0.090909091,0.105263158,0.121212121,0.226475279,,,,,15,23,0.394736842,31.07,204,18,55,0,0,2,348.3333333,369,205,195,59,109,15,277,24,1,,,,,,,,,,,,,,,,,,,,
476,Amos Otis,0,0,17,0,42.8,8247,,,,,,2073,8344,7162,977,1868,328,21,316,1139,24,29,1012,1235,117,185,82,26,0.260821,0.352588686,0.444847808,0.797436494,,,,,,,,,,,,,,,,,,,,,,,,,,,,,,,,,,,,,,,,,,,,
97,Bobby Grich,0,0,17,0,71.1,8220,,,,,,1998,8246,7299,1092,2020,374,66,193,1007,341,93,757,1008,53,158,103,54,0.27675024,0.340771283,0.42540074,0.766172023,,,,,,,,,,,,,,,,,,,,,,,,,,,,,,,,,,,,,,,,,,,,
345,Buddy Myer,0,0,17,0,48.4,8194,,,,,,2008,8220,6890,1033,1833,320,47,224,864,104,83,1087,1278,50,157,50,107,0.266037736,0.365693431,0.423657475,0.789350906,,,,,,,,,,,,,,,,,,,,,,,,,,,,,,,,,,,,,,,,,,,,
819,Víctor Martínez,0,0,16,0,31.8,8166,,,,,,1923,8187,7038,1174,2131,353,130,38,850,156,109,965,428,0,12,0,151,0.302784882,0.382191279,0.406081273,0.788272552,,,,,,,,,,,,,,,,,,,,,,,,,,,,,,,,,,,,,,,,,,,,
281,César Cedeño,0,0,17,0,53,8133,,,,,,1973,8166,7297,914,2153,423,3,246,1178,7,7,730,891,119,264,86,0,0.295052761,0.359539554,0.454981499,0.814521053,,,,,,,,,,,,,,,,,,,,,,,,,,,,,,,,,,,,,,,,,,,,
460,Adrián González,0,0,15,0,43.6,8046,,,,,,2006,8133,7310,1084,2087,436,60,199,976,550,179,664,938,83,167,71,32,0.285499316,0.345137096,0.443228454,0.78836555,,,,,,,,,,,,,,,,,,,,,,,,,,,,,,,,,,,,,,,,,,,,
243,Jim Wynn,0,0,15,0,55.9,8011,,,,,,1929,8043,7139,997,2050,437,12,317,1202,6,7,782,1401,158,207,73,4,0.287155064,0.35770235,0.484941869,0.842644219,,,,,,,,,,,,,,,,,,,,,,,,,,,,,,,,,,,,,,,,,,,,
717,Derrek Lee,0,0,15,0,34.6,7963,,,,,,1920,8010,6653,1105,1665,285,39,291,964,225,101,1224,1427,84,117,74,32,0.250263039,0.364044944,0.43604389,0.800088834,,,,,,,,,,,,,,,,,,,,,,,,,,,,,,,,,,,,,,,,,,,,
318,Fred Lynn,0,0,17,0,50.2,7923,,,,,,15,34,33,3,5,1,0,0,4,0,0,1,4,0,0,0,0,0.151515152,0.176470588,0.181818182,0.35828877,,,,,,,,,,,,,,,,,,,,,,,,,,,,,,,,,,,,,,,,,,,,
290,Norm Cash,0,0,17,0,52,7914,,,,,,1969,7923,6925,1063,1960,388,43,306,1111,72,54,857,1116,77,149,86,25,0.283032491,0.359333586,0.484043321,0.843376907,,,,,,,,,,,,,,,,,,,,,,,,,,,,,,,,,,,,,,,,,,,,
558,Moisés Alou,0,0,17,0,39.9,7913,,,,,,2089,7910,6705,1046,1820,241,41,377,1103,43,30,1043,1091,112,139,55,17,0.271439224,0.373324905,0.488292319,0.861617224,,,,,,,,,,,,,,,,,,,,,,,,,,,,,,,,,,,,,,,,,,,,
491,Felipe Alou,0,0,17,0,42.3,7908,,,,,,1942,7913,7037,1109,2134,421,39,332,1287,106,37,737,894,91,195,82,9,0.303254228,0.368886642,0.515702714,0.884589356,,,,,,,,,,,,,,,,,,,,,,,,,,,,,,,,,,,,,,,,,,,,
820,Wally Pipp,0,0,15,0,31.8,7837,,,,,,2082,7908,7339,985,2101,359,49,206,852,107,67,423,706,67,135,56,33,0.286278785,0.326378351,0.432756506,0.759134857,,,,,,,,,,,,,,,,,,,,,,,,,,,,,,,,,,,,,,,,,,,,
451,Al Dark,0,0,14,0,43.9,7833,1,,,,,1872,7820,6914,974,1941,311,148,90,998,125,60,596,551,0,0,0,272,0.280734741,0.329283887,0.407578826,0.736862713,,,,,,,,,,,,,,,,,,,,,,,,,,,,,,,,,,,,,,,,,,,,
586,Magglio Ordóñez,0,0,15,0,38.8,7745,,,,,,1828,7829,7219,1064,2089,358,72,126,757,59,27,430,534,20,134,31,95,0.28937526,0.328649891,0.4112758,0.739925691,,,,,0,0,,18,1,1,0,0,0,0,1,1,2,2,1,1,0,0,0,0,,,,,,,,,,,,,,,,,,,,
739,Ron Gant,0,0,16,0,34.1,7320,,,,,,1848,7742,6978,1076,2156,426,21,294,1236,94,50,651,852,36,242,65,3,0.308971052,0.368380263,0.502436228,0.870816491,,,,,,,,,,,,,,,,,,,,,,,,,,,,,,,,,,,,,,,,,,,,
627,Lu Blue,0,0,13,0,37.6,7223,,,,,,1832,7320,6449,1080,1651,302,50,321,1008,243,102,770,1411,38,98,57,12,0.256008684,0.33510929,0.467669406,0.802778696,,,,,,,,,,,,,,,,,,,,,,,,,,,,,,,,,,,,,,,,,,,,
384,Giancarlo Stanton,0,0,16,1,46.8,7177,,,,,,1615,7207,5904,1151,1696,319,109,44,695,151,85,1092,436,0,0,0,168,0.287262873,0.392812543,0.400575881,0.793388424,,,,,,,,,,,,,,,,,,,,,,,,,,,,,,,,,,,,,,,,,,,,
714,Shin-Soo Choo,0,0,16,0,34.7,7157,,,,,,1726,7173,6274,943,1619,313,11,453,1169,42,15,805,2059,91,158,40,0,0.258049091,0.34546215,0.528052279,0.873514429,,,,,13,22,0.371428571,42.65,277,3,131,0,0,31,384.3333333,398,218,197,27,182,20,304,9,5,,,,,,,,,,,,,,,,,,,,
592,Juan González,0,0,17,0,38.7,7155,,,,,,1652,7157,6087,961,1671,339,29,218,782,157,55,868,1579,43,101,40,10,0.274519468,0.375995529,0.44718252,0.823178049,,,,,,,,,,,,,,,,,,,,,,,,,,,,,,,,,,,,,,,,,,,,
608,Hanley Ramírez,0,0,15,0,38.3,7127,,,,,,13,7,5,0,1,0,0,0,0,0,0,2,3,0,0,0,0,0.2,0.428571429,0.2,0.628571429,,,,,0,0,,4.72,13,0,4,0,0,0,34.33333333,33,20,18,3,27,0,5,1,0,,,,,,,,,,,,,,,,,,,,
348,Heinie Groh,0,0,16,0,48.3,7040,,,,,,1668,7127,6349,1049,1834,375,32,271,917,281,93,660,1234,65,137,36,11,0.288864388,0.359898976,0.486060797,0.845959773,,,,,,,,,,,,,,,,,,,,,,,,,,,,,,,,,,,,,,,,,,,,
784,Sam West,0,0,16,0,32.7,6974,,,,,,1676,7035,6074,918,1774,308,87,26,566,180,66,696,345,0,0,0,182,0.292064537,0.362899787,0.384260784,0.747160571,,,,,,,,,,,,,,,,,,,,,,,,,,,,,,,,,,,,,,,,,,,,
679,Willie Kamm,0,0,13,0,35.6,6946,,,,,,1753,6972,6148,934,1838,347,101,75,838,53,56,696,540,0,6,0,123,0.298959011,0.36417097,0.424853611,0.789024581,,,,,,,,,,,,,,,,,,,,,,,,,,,,,,,,,,,,,,,,,,,,
225,José Ramírez,0,0,13,1,57.6,6759,,,,,,1693,6935,5851,802,1643,348,85,29,826,126,84,824,405,0,0,0,238,0.2808067,0.35890411,0.384207828,0.743111938,,,,,,,,,,,,,,,,,,,,,,,,,,,,,,,,,,,,,,,,,,,,
754,Billy Nash,0,0,15,0,33.8,6742,1.1,,,,,1609,6757,5970,1001,1668,398,43,285,949,287,62,666,802,110,87,57,19,0.279396985,0.352079325,0.503685092,0.855764417,,,,,,,,,,,,,,,,,,,,,,,,,,,,,,,,,,,,,,,,,,,,
823,Rudy York,0,0,13,0,31.7,6723,,,,,,1553,6742,5867,1080,1616,271,87,60,983,269,0,805,414,0,0,0,29,0.275438896,0.365173539,0.381966934,0.747140473,,,,,0,0,,0,2,0,2,0,0,0,1.333333333,1,0,0,0,1,0,0,0,0,,,,,,,,,,,,,,,,,,,,
520,Andy Van Slyke,0,0,13,0,41.3,6495,,,,,,1603,6720,5891,876,1621,291,52,277,1152,38,26,792,867,0,155,0,25,0.275165507,0.360863095,0.483279579,0.844142674,,,,,,,,,,,,,,,,,,,,,,,,,,,,,,,,,,,,,,,,,,,,
438,Lonny Frey,0,0,14,0,44.6,6402,,,,,,1658,6478,5711,835,1562,293,91,164,792,245,59,667,1063,55,94,61,12,0.273507267,0.348255634,0.442829627,0.791085261,,,,,,,,,,,,,,,,,,,,,,,,,,,,,,,,,,,,,,,,,,,,
970,César Tovar,0,0,12,0,28.3,6177,1,,,,,1535,6402,5517,848,1482,263,69,61,549,105,0,752,525,0,73,0,105,0.268624252,0.353327085,0.374478883,0.727805968,,,,,,,,,,,,,,,,,,,,,,,,,,,,,,,,,,,,,,,,,,,,
785,Ron Hunt,0,0,12,0,32.7,6158,,,,,,1488,6177,5569,834,1546,253,55,46,435,226,108,413,410,23,58,34,73,0.277608188,0.331390643,0.367570479,0.698961122,,,,,0,0,,0,1,1,0,0,0,0,1,0,0,0,0,1,0,1,0,1,,,,,,,,,,,,,,,,,,,,
971,Melvin Mora,0,0,13,0,28.3,6158,,,,,,1483,6158,5235,745,1429,223,23,39,370,65,55,555,382,22,100,22,103,0.272970392,0.361643391,0.346704871,0.708348262,,,,,,,,,,,,,,,,,,,,,,,,,,,,,,,,,,,,,,,,,,,,
427,J.D. Drew,0,0,14,0,44.9,6153,,,,,,1556,6158,5422,794,1503,283,19,171,754,93,55,520,953,18,112,49,50,0.277203984,0.347515427,0.431021763,0.77853719,,,,,,,,,,,,,,,,,,,,,,,,,,,,,,,,,,,,,,,,,,,,
559,George Gore,0,0,14,0,39.9,6104,,,,,,1566,6153,5173,944,1437,273,48,242,795,87,37,862,1137,52,84,44,19,0.277788517,0.382577604,0.489464527,0.872042131,,,,,,,,,,,,,,,,,,,,,,,,,,,,,,,,,,,,,,,,,,,,
949,Elmer Valo,0,0,20,0,28.7,6092,,,,,,1310,6104,5357,1327,1612,262,94,46,618,170,0,717,332,0,0,0,0,0.300914691,0.38646789,0.410677618,0.797145508,,,,,,,,,,,,,,,,,,,,,,,,,,,,,,,,,,,,,,,,,,,,
986,Denard Span,0,0,11,0,28,5956,,,,,,1806,6091,5029,768,1420,228,73,58,601,110,79,942,284,12,111,17,65,0.282362299,0.39402397,0.391330284,0.785354254,,,,,,,,,,,,,,,,,,,,,,,,,,,,,,,,,,,,,,,,,,,,
901,Javy López,0,0,15,0,29.7,5793,,,,,,1359,5956,5326,773,1498,265,72,71,490,185,59,515,716,9,86,27,52,0.281261735,0.344022834,0.398047315,0.742070149,,,,,,,,,,,,,,,,,,,,,,,,,,,,,,,,,,,,,,,,,,,,
893,Brandon Belt,0,0,13,0,29.9,5483,,,,,,1503,5793,5319,674,1527,267,19,260,864,8,19,357,969,43,172,45,6,0.287084038,0.336613154,0.49106975,0.827682904,,,,,,,,,,,,,,,,,,,,,,,,,,,,,,,,,,,,,,,,,,,,
972,Terry Puhl,0,0,15,0,28.3,5480,,,,,,1413,5483,4729,681,1232,290,36,194,627,47,21,678,1346,36,64,27,1,0.260520195,0.357103775,0.460139564,0.817243339,,,,,,,,,,,,,,,,,,,,,,,,,,,,,,,,,,,,,,,,,,,,
960,Bobby Ávila,0,0,11,0,28.5,5344,,,,,,1531,5479,4855,676,1361,226,56,62,435,217,99,505,507,49,59,36,57,0.280329557,0.345318489,0.388259526,0.733578015,,,,,,,,,,,,,,,,,,,,,,,,,,,,,,,,,,,,,,,,,,,,
688,Dave Fouts,0,0,13,0,35.4,4859,1997.1,,,,,1300,5343,4620,725,1296,185,35,80,467,78,52,561,399,3,121,14,134,0.280519481,0.350177803,0.387662338,0.737840141,,,,,,,,,,,,,,,,,,,,,,,,,,,,,,,,,,,,,,,,,,,,
482,Juan Soto,0,0,8,1,42.6,4803,,,,,,1136,4859,4537,784,1253,186,91,31,750,280,0,300,183,0,0,0,10,0.276173683,0.322082733,0.377782676,0.699865409,,,,,147,66,0.690140845,47.23,251,216,33,202,16,4,1997.333333,1843,1068,631,38,510,0,790,58,0,,,,,,,,,,,,,,,,,,,,
615,Lorenzo Cain,0,0,13,0,38.2,4758,,,,,,1096,4801,3857,775,1086,199,16,244,697,95,27,896,833,80,101,26,3,0.281565984,0.416788169,0.531241898,0.948030067,,,,,,,,,,,,,,,,,,,,,,,,,,,,,,,,,,,,,,,,,,,,
965,Jack Rowe,0,0,12,0,28.4,4626,,,,,,1171,4757,4314,626,1220,225,24,87,454,190,44,362,854,14,109,32,0,0.282800185,0.342863149,0.406583217,0.749446366,,,,,,,,,,,,,,,,,,,,,,,,,,,,,,,,,,,,,,,,,,,,
800,Kevin Youkilis,0,0,10,0,32.4,4436,,,,,,1044,4626,4386,764,1256,202,88,28,644,59,0,224,177,0,0,0,0,0.286365709,0.323389537,0.391700866,0.715090403,,,,,,,,,,,,,,,,,,,,,,,,,,,,,,,,,,,,,,,,,,,,
956,Ronald Acuña Jr.,0,0,8,1,28.6,3666,,,,,,1061,4436,3749,653,1053,254,18,150,618,26,14,539,828,22,74,44,0,0.2808749,0.38232642,0.47826087,0.86058729,,,,,,,,,,,,,,,,,,,,,,,,,,,,,,,,,,,,,,,,,,,,
546,Smoky Joe Wood,0,0,14,0,40.4,2282,1434.1,,,,,816,3663,3156,655,913,157,13,186,459,205,50,439,821,21,47,15,0,0.289290241,0.383565384,0.524081115,0.907646499,,,,,,,,,,,,,,,,,,,,,,,,,,,,,,,,,,,,,,,,,,,,
302,Al Orth,0,0,15,0,51.3,1792,3354.2,,,,,696,2272,1952,266,553,118,31,23,325,23,5,208,265,0,0,0,96,0.28329918,0.341989437,0.410860656,0.752850093,,,,,117,57,0.672413793,42.53,225,158,57,121,28,11,1434.333333,1138,497,324,10,421,0,989,49,0,,,,,,,,,,,,,,,,,,,,
246,George Uhle,0,0,17,0,55.7,1514,3119.2,,,,,602,1785,1698,183,464,61,30,12,184,30,0,51,166,0,0,0,28,0.273262662,0.292997199,0.365724382,0.658721581,,,,,204,189,0.519083969,63.46,440,394,44,324,31,6,3354.666667,3564,1704,1256,75,661,0,948,83,1,,,,,,,,,,,,,,,,,,,,
649,Bullet Joe Bush,0,0,17,0,36.8,1324,3085.1,,,,,722,1498,1360,172,393,60,21,9,187,6,8,98,112,0,0,0,36,0.288970588,0.330440587,0.383823529,0.714264116,,,,,200,166,0.546448087,114.3,513,368,114,232,21,25,3119.666667,3417,1635,1384,119,966,0,1135,113,5,,,,,,,,,,,,,,,,,,,,
628,Charlie Root,0,0,17,0,37.6,1192,3197.1,,,,,581,1316,1239,128,313,59,17,7,137,4,4,53,194,0,0,0,24,0.252623083,0.278115502,0.344632768,0.62274827,,,,,195,183,0.515873016,89.99,489,366,93,225,35,20,3087.333333,2992,1443,1205,96,1263,0,1319,62,1,,,,,,,,,,,,,,,,,,,,
853,Ice Box Chamberlain,0,0,10,0,30.7,1146,2521.2,,,,,632,1191,1086,86,196,46,7,11,93,1,0,44,329,0,9,0,54,0.180478821,0.207388749,0.26611418,0.473502929,,,,,201,160,0.556786704,64.35,632,341,185,177,21,40,3197.333333,3252,1467,1274,187,889,0,1459,79,3,,,,,,,,,,,,,,,,,,,,
887,Liván Hernández,0,0,17,0,30,1113,3189,,,,,332,1146,1051,114,213,33,14,9,110,27,0,85,125,0,0,0,3,0.202664129,0.266143106,0.286393911,0.552537017,,,,,157,120,0.566787004,50.1,321,301,19,264,16,1,2521.666667,2446,1560,999,63,1065,0,1133,113,0,,,,,,,,,,,,,,,,,,,,
835,Bill Lee,0,0,14,0,31.4,1099,2864,,,,,537,1113,973,64,215,38,2,10,85,0,0,10,130,0,34,3,123,0.220966084,0.205750225,0.294964029,0.500714254,,,,,178,177,0.501408451,100.31,519,474,17,50,9,1,3189,3525,1686,1572,362,1066,86,1976,78,13,,,,,,,,,,,,,,,,,,,,
574,George Cuppy,0,0,10,0,39.4,1066,2283,,,,,25,79,70,3,13,1,0,0,4,1,1,7,6,0,0,0,2,0.185714286,0.253164557,0.2,0.453164557,,,,,,,,,,,,,,,,,,,,,,,,,,,,,,,,,,,,,,,,,,,,
945,Art Nehf,0,0,15,0,28.8,1047,2707.2,,,,,314,1066,957,146,223,43,11,1,120,10,0,89,142,0,0,0,15,0.233019854,0.297373358,0.304075235,0.601448593,,,,,163,98,0.624521073,35.08,302,262,39,224,9,5,2283,2520,1346,884,62,609,0,504,69,2,,,,,,,,,,,,,,,,,,,,
178,Tommy John,0,0,26,0,61.6,1030,4710.1,,,,,464,1047,915,90,192,29,5,8,76,7,3,86,122,0,0,0,41,0.209836066,0.270296084,0.278688525,0.548984609,,,,,184,120,0.605263158,65.55,451,319,84,182,28,13,2707.666667,2715,1164,964,107,640,0,844,40,3,,,,,,,,,,,,,,,,,,,,
485,Schoolboy Rowe,0,0,15,0,42.5,1023,2219.1,,,,,761,1030,900,43,141,13,0,5,54,0,0,33,211,0,20,3,93,0.156666667,0.169902913,0.187777778,0.357680691,,,,,288,231,0.554913295,97.69,760,700,22,162,46,4,4710.333333,4783,2017,1749,302,1259,102,2245,98,16,,,,,,,,,,,,,,,,,,,,
801,Vern Law,0,0,16,0,32.4,1003,2672,,,,,491,1022,909,116,239,36,9,18,153,3,2,86,157,0,12,0,25,0.262926293,0.319960861,0.381738174,0.701699035,,,,,158,101,0.61003861,63.05,382,278,74,137,22,12,2219.333333,2332,1075,955,132,558,0,913,27,5,,,,,,,,,,,,,,,,,,,,
994,General Crowder,0,0,11,0,27.9,929,2344.1,,,,,516,1000,883,96,191,35,7,11,90,1,0,41,179,0,24,7,63,0.216308041,0.238,0.309173273,0.547173273,,,,,162,147,0.524271845,63.51,483,364,77,119,28,13,2672,2833,1274,1118,268,597,74,1092,40,3,,,,,,,,,,,,,,,,,,,,
732,Thornton Lee,0,0,16,0,34.3,886,2331.1,,,,,403,928,847,66,164,18,5,0,59,0,1,37,77,0,0,0,44,0.193624557,0.216594828,0.226682409,0.443277237,,,,,167,115,0.592198582,64.19,402,292,71,150,16,22,2344.333333,2453,1204,1072,136,800,0,799,16,3,,,,,,,,,,,,,,,,,,,,
865,Bill Byrd,0,0,15,0,30.5,880,1366.1,,,,,375,885,835,63,167,24,4,4,66,0,0,27,208,0,23,0,22,0.2,0.220338983,0.252694611,0.473033594,,,,,117,124,0.485477178,60.55,374,272,50,155,14,10,2331.333333,2327,1105,921,121,838,0,937,43,7,,,,,,,,,,,,,,,,,,,,
671,Bob Rush,0,0,13,0,36,872,2410.2,,,,,343,901,804,117,207,36,10,17,135,3,0,77,11,0,0,0,19,0.257462687,0.316315205,0.390547264,0.706862469,,,,,101,68,0.597633136,59.89,210,156,41,118,10,11,1374.666667,1394,672,539,43,290,3,741,27,0,,,,,,,,,,,,,,,,,,,,
917,Johnny Sain,0,0,11,0,29.4,857,2125.2,,,,,420,871,807,50,140,21,3,4,49,1,0,31,298,0,12,1,32,0.173482032,0.196326062,0.22180917,0.418135232,,,,,127,152,0.455197133,53.28,417,321,44,118,16,8,2410.666667,2327,1128,977,177,789,31,1244,34,1,,,,,,,,,,,,,,,,,,,,
875,Frank Lary,0,0,12,0,30.3,830,2162.1,,,,,433,856,774,69,190,28,4,3,101,0,0,24,20,0,25,0,56,0.245478036,0.252336449,0.303617571,0.55595402,,,,,139,116,0.545098039,51.14,412,245,124,140,16,51,2125.666667,2145,947,824,180,619,4,910,30,8,,,,,,,,,,,,,,,,,,,,
439,Noodles Hahn,0,0,8,0,44.6,813,2029.1,,,,,362,828,734,68,130,12,6,6,54,0,2,39,211,0,16,2,52,0.177111717,0.20531401,0.234332425,0.439646435,,,,,128,116,0.524590164,57.85,350,292,30,126,21,11,2162.333333,2123,960,838,197,616,35,1099,97,7,,,,,,,,,,,,,,,,,,,,
663,Rick Wise,0,0,18,0,36.3,741,3127.1,,,,,244,809,731,65,129,18,10,2,52,7,0,53,238,0,0,0,21,0.176470588,0.229913473,0.236662107,0.46657558,,,,,130,94,0.580357143,21.68,243,231,11,212,25,0,2029.333333,1916,821,574,27,381,0,917,52,1,,,,,,,,,,,,,,,,,,,,
709,William Bell,0,0,14,0,34.8,731,1438.2,,,,,511,741,668,60,130,21,5,15,66,0,0,27,240,0,7,3,40,0.194610778,0.215924426,0.308383234,0.52430766,,,,,188,181,0.509485095,72.96,506,455,15,138,30,0,3127,3227,1455,1281,261,804,83,1647,44,9,,,,,,,,,,,,,,,,,,,,
903,Preacher Roe,0,0,12,0,29.7,722,1914.1,,,,,294,820,729,80,182,27,4,1,84,4,0,54,4,0,0,0,33,0.249657064,0.292682927,0.301783265,0.594466192,,,,,123,56,0.687150838,66.6,232,167,38,127,12,10,1546,1499,703,574,41,344,0,685,31,1,,,,,,,,,,,,,,,,,,,,
933,Matt Cain,0,0,13,0,29,708,2085.2,,,,,333,721,620,37,68,3,0,1,28,0,0,38,215,0,7,0,63,0.109677419,0.147018031,0.119354839,0.26637287,,,,,127,84,0.601895735,54.11,333,261,42,101,17,10,1914.333333,1907,799,730,199,504,0,956,17,1,,,,,,,,,,,,,,,,,,,,
408,Javier Vázquez,0,0,14,0,45.6,692,2840,,,,,349,708,611,27,74,13,1,7,34,0,0,21,308,0,1,2,73,0.12111293,0.13559322,0.180032733,0.315625953,,,,,104,118,0.468468468,50.63,342,331,4,15,6,0,2085.666667,1849,910,853,211,712,42,1694,62,4,,,,,,,,,,,,,,,,,,,,
420,Vida Blue,0,0,17,0,45.1,618,3343.1,,,,,459,692,560,43,114,14,2,1,29,0,1,24,95,0,8,2,105,0.203571429,0.200867052,0.241071429,0.441938481,,,,,165,160,0.507692308,60.14,450,443,5,28,8,0,2840,2784,1431,1331,373,763,58,2536,88,4,,,,,,,,,,,,,,,,,,,,
342,Dennis Martínez,0,0,23,0,48.7,604,3999.2,,,,,508,618,512,37,53,9,0,4,15,0,2,49,271,0,2,1,53,0.103515625,0.169902913,0.14453125,0.314434163,,,,,209,161,0.564864865,59.82,502,473,11,143,37,2,3343.333333,2939,1357,1213,263,1185,61,2175,23,13,,,,,,,,,,,,,,,,,,,,
855,Jim Barr,0,0,12,0,30.7,601,2065.1,,,,,695,604,520,25,74,12,0,0,33,1,0,15,168,0,8,2,65,0.142307692,0.150662252,0.165384615,0.316046867,,,,,245,193,0.559360731,96.54,692,562,51,122,30,8,3999.666667,3897,1835,1643,372,1165,71,2149,122,30,,,,,,,,,,,,,,,,,,,,
729,Russ Ford,0,0,7,0,34.4,571,1487.1,,,,,481,601,513,28,83,15,2,1,31,2,0,15,129,0,4,1,68,0.161793372,0.169717138,0.204678363,0.374395501,,,,,101,112,0.474178404,44.26,454,252,75,64,20,12,2065.333333,2170,908,816,161,469,74,741,30,14,,,,,,,,,,,,,,,,,,,,
733,Derek Lowe,0,0,17,0,34.3,534,2671.1,,,,,204,568,506,55,106,17,8,1,37,14,1,34,161,0,0,0,26,0.209486166,0.25,0.280632411,0.530632411,,,,,99,71,0.582352941,25.47,199,170,28,126,15,9,1487.333333,1340,602,428,44,376,0,710,34,3,,,,,,,,,,,,,,,,,,,,
661,José Rijo,0,0,14,0,36.5,511,1880,,,,,682,534,436,30,65,13,0,1,25,1,0,29,129,0,7,2,67,0.149082569,0.176029963,0.185779817,0.36180978,,,,,176,157,0.528528529,81.19,681,377,168,10,4,86,2671.333333,2759,1333,1195,217,794,67,1722,78,13,,,,,,,,,,,,,,,,,,,,
169,David Cone,0,0,17,0,62.3,470,2898.2,,,,,377,511,445,25,85,13,0,2,29,2,1,8,101,0,4,0,58,0.191011236,0.181996086,0.233707865,0.415703951,,,,,116,91,0.560386473,48.83,376,269,43,22,4,3,1880,1710,772,676,147,663,34,1606,28,28,,,,,,,,,,,,,,,,,,,,
842,Brandon Webb,0,0,7,0,31.1,457,1319.2,,,,,451,470,412,28,64,9,0,0,22,0,1,16,91,0,8,1,38,0.155339806,0.176595745,0.177184466,0.353780211,,,,,194,126,0.60625,70.84,450,419,9,56,22,1,2898.666667,2504,1222,1115,258,1137,42,2668,106,32,,,,,,,,,,,,,,,,,,,,
817,Barry Zito,0,0,15,0,31.9,418,2576.2,,,,,199,457,391,12,44,9,0,0,29,0,0,10,182,0,4,1,55,0.112531969,0.118161926,0.135549872,0.253711798,,,,,87,62,0.583892617,32.88,199,198,1,15,8,0,1319.666667,1200,557,479,92,435,34,1065,50,6,,,,,,,,,,,,,,,,,,,,
983,Aníbal Sánchez,0,0,16,0,28.1,400,2017.2,,,,,434,418,344,12,35,0,0,0,11,0,0,18,99,0,4,0,56,0.101744186,0.126794258,0.101744186,0.228538444,,,,,165,143,0.535714286,68.34,433,421,9,12,5,0,2576.666667,2381,1254,1157,282,1064,52,1885,97,8,,,,,,,,,,,,,,,,,,,,
321,Wilbur Wood,0,0,17,0,50,381,2684,,,,,365,400,346,8,29,1,1,0,8,0,0,17,169,0,6,0,37,0.083815029,0.115,0.092485549,0.207485549,,,,,116,119,0.493617021,72.82,364,341,9,9,7,0,2017.666667,1960,987,910,238,686,44,1774,60,19,,,,,,,,,,,,,,,,,,,,
888,Lance Lynn,0,0,13,0,30,333,2006.1,,,,,651,381,322,11,27,2,0,0,13,1,0,20,189,0,7,0,38,0.083850932,0.125984252,0.090062112,0.216046364,,,,,164,156,0.5125,75.24,651,297,198,114,24,57,2684,2582,1130,965,209,724,71,1411,63,6,,,,,,,,,,,,,,,,,,,,
393,Bartolo Colón,0,0,21,0,46.3,326,3461.2,,,,,364,333,283,15,24,5,0,0,7,0,0,12,159,0,2,1,35,0.084805654,0.114114114,0.102473498,0.216587612,,,,,143,99,0.590909091,57.65,364,340,4,4,2,1,2006.333333,1856,916,834,231,704,21,2015,89,0,,,,,,,,,,,,,,,,,,,,
467,Cliff Lee,0,0,13,0,43.2,321,2156.2,,,,,521,1718,1583,216,475,87,28,38,216,14,11,104,186,0,0,0,30,0.300063171,0.337601863,0.46241314,0.800015003,,,,,,,,,,,,,,,,,,,,,,,,,,,,,,,,,,,,,,,,,,,,
706,Aaron Nola,0,0,11,1,34.9,318,1715.2,,,,,286,318,271,15,24,6,0,0,12,0,0,21,158,0,4,1,24,0.088560886,0.144654088,0.110701107,0.255355195,,,,,109,89,0.550505051,43.35,285,285,0,6,4,0,1715.666667,1522,769,730,217,449,16,1876,56,2,,,,,,,,,,,,,,,,,,,,
468,Gerrit Cole,0,0,12,1,43.2,286,1954,,,,,320,286,251,17,41,2,0,3,15,0,0,6,112,0,4,0,28,0.163346614,0.167832168,0.207171315,0.375003483,,,,,153,80,0.656652361,38.6,317,317,0,8,5,0,1954,1627,740,690,217,500,7,2251,61,9,,,,,,,,,,,,,,,,,,,,
758,Sonny Gray,0,0,13,1,33.6,118,1918,,,,,342,118,99,8,14,0,1,0,3,0,0,3,35,0,1,0,16,0.141414141,0.144067797,0.161616162,0.305683959,,,,,125,102,0.550660793,50.97,339,330,2,7,5,0,1918,1675,836,763,192,621,5,1925,57,6,,,,,,,,,,,,,,,,,,,,
738,Freddy García,0,0,15,0,34.2,99,2264,,,,,175,439,401,53,89,18,2,19,56,0,3,33,121,3,6,2,1,0.221945137,0.282460137,0.418952618,0.701412755,,,,,,,,,,,,,,,,,,,,,,,,,,,,,,,,,,,,,,,,,,,,
328,Félix Hernández,0,0,15,0,49.8,59,2729.2,,,,,2,0,0,0,0,0,0,0,0,0,0,0,0,0,0,0,0,,,,0,,,,,0,0,,40.5,2,0,0,0,0,0,1.333333333,5,6,6,0,3,1,2,1,0,,,,,,,,,,,,,,,,,,,,
227,Chris Sale,0,0,15,1,57.3,27,2084,,,,,393,27,26,1,3,1,0,0,0,0,0,0,14,0,0,0,1,0.115384615,0.111111111,0.153846154,0.264957265,,,,,145,88,0.622317597,44.77,393,312,25,16,3,12,2084,1692,750,697,213,487,15,2579,130,2,,,,,,,,,,,,,,,,,,,,
340,Jimmy Keppinger,0,0,15,0,48.9,3,2591.2,,,,,818,3154,2882,324,814,139,10,45,295,12,8,199,214,9,100,26,31,0.282442748,0.326252378,0.384455239,0.710707617,,,,,,,,,,,,,,,,,,,,,,,,,,,,,,,,,,,,,,,,,,,,
33,Carl Yastrzemski,1,1989,23,0,96.4,13992,,1961,1983,18,96.4,3308,13992,11988,1816,3419,646,59,452,1844,168,116,1845,1393,190,323,105,13,0.285,0.379,0.462,0.841,,,,,,,,,,,,,,,,,,,,,,,,,BBWAA,1,0,0,0,0,0,0,0,0,0,0,0,0,0,0,0,Player,423,94.60%
7,Henry Aaron,1,1982,23,0,143.2,13941,,1954,1976,25,143.2,3298,13941,12364,2174,3771,624,98,755,2297,240,73,1402,1383,293,328,121,21,0.305,0.374,0.555,0.928,,,,,,,,,,,,,,,,,,,,,,,,,BBWAA,1,0,0,0,0,0,0,0,0,0,0,0,0,0,0,0,Player,406,97.80%
19,Rickey Henderson,1,2009,25,0,111.2,13346,,1979,2003,10,111.2,3081,13346,10961,2295,3055,510,66,297,1115,1406,335,2190,1694,61,172,67,30,0.279,0.401,0.419,0.82,,,,,,,,,,,,,,,,,,,,,,,,,BBWAA,1,0,0,0,0,0,0,0,0,0,0,0,0,0,0,0,Player,511,94.80%
6,Ty Cobb,1,1936,24,0,151.4,13103,5,1905,1928,0,151.4,3034,13103,11440,2245,4189,724,295,117,1944,897,215,1249,680,9,,,292,0.366,0.433,0.512,0.944,,,,,,,,,,,,,,,,,,,,,,,,,BBWAA,1,0,0,0,0,0,0,0,0,0,0,0,0,0,0,0,Player,222,98.20%
35,Cal Ripken Jr.,1,2007,21,0,95.9,12883,,1981,2001,19,95.9,3001,12883,11551,1647,3184,603,44,431,1695,36,39,1129,1305,107,350,127,10,0.276,0.34,0.447,0.788,,,,,,,,,,,,,,,,,,,,,,,,,BBWAA,1,0,0,0,0,0,0,0,0,0,0,0,0,0,0,0,Player,537,98.50%
112,Eddie Murray,1,2003,21,0,68.7,12817,,1977,1997,8,68.7,3026,12817,11336,1627,3255,560,35,504,1917,110,43,1333,1516,222,315,128,2,0.287,0.359,0.476,0.836,,,,,,,,,,,,,,,,,,,,,,,,,BBWAA,1,0,0,0,0,0,0,0,0,0,0,0,0,0,0,0,Player,423,85.30%
11,Stan Musial,1,1969,22,0,128.6,12721,0,1941,1963,24,128.6,3026,12721,10972,1949,3630,725,177,475,1951,78,71,1599,696,298,243,53,35,0.331,0.417,0.559,0.976,,,,,,,,,,,,,,,,,,,,,,,,,BBWAA,1,0,0,0,0,0,0,0,0,0,0,0,0,0,0,0,Player,317,93.20%
96,Derek Jeter,1,2020,20,0,71.3,12602,,1995,2014,14,71.3,2747,12602,11195,1923,3465,544,66,260,1311,358,97,1082,1840,39,287,58,97,0.31,0.377,0.44,0.817,,,,,,,,,,,,,,,,,,,,,,,,,BBWAA,1,0,0,0,0,0,0,0,0,0,0,0,0,0,0,0,Player,396,99.70%
5,Willie Mays,1,1979,23,0,156.2,12545,,1948,1973,24,156.2,3005,12545,10924,2068,3293,525,141,660,1909,339,103,1468,1526,214,251,91,13,0.301,0.384,0.557,0.94,,,,,,,,,,,,,,,,,,,,,,,,,BBWAA,1,0,0,0,0,0,0,0,0,0,0,0,0,0,0,0,Player,409,94.70%
141,Craig Biggio,1,2015,20,0,65.5,12504,,1988,2007,7,65.5,2850,12504,10876,1844,3060,668,55,291,1175,414,124,1160,1753,68,150,81,101,0.281,0.363,0.433,0.796,,,,,,,,,,,,,,,,,,,,,,,,,BBWAA,1,0,0,0,0,0,0,0,0,0,0,0,0,0,0,0,Player,454,82.70%
148,Dave Winfield,1,2001,22,0,64.2,12358,,1973,1995,12,64.2,2973,12358,11003,1669,3110,540,88,465,1833,223,96,1216,1686,172,319,95,19,0.283,0.353,0.475,0.827,,,,,,,,,,,,,,,,,,,,,,,,,BBWAA,1,0,0,0,0,0,0,0,0,0,0,0,0,0,0,0,Player,435,84.50%
73,Robin Yount,1,1999,20,0,77.4,12249,,1974,1993,3,77.4,2856,12249,11008,1632,3142,583,126,251,1406,271,105,966,1350,95,217,123,104,0.285,0.342,0.43,0.772,,,,,,,,,,,,,,,,,,,,,,,,,BBWAA,1,0,0,0,0,0,0,0,0,0,0,0,0,0,0,0,Player,385,77.50%
79,Paul Molitor,1,2004,21,0,75.7,12167,,1978,1998,7,75.7,2683,12167,10835,1782,3319,605,114,234,1307,504,131,1094,1244,100,209,109,75,0.306,0.369,0.448,0.817,,,,,,,,,,,,,,,,,,,,,,,,,BBWAA,1,0,0,0,0,0,0,0,0,0,0,0,0,0,0,0,Player,431,85.20%
40,Adrian Beltré,1,2024,21,0,93.7,12130,,1998,2018,4,93.7,2933,12130,11068,1524,3166,636,38,477,1707,121,42,848,1732,112,279,103,14,0.286,0.339,0.48,0.819,,,,,,,,,,,,,,,,,,,,,,,,,BBWAA,1,0,0,0,0,0,0,0,0,0,0,0,0,0,0,0,Player,366,95.10%
13,Eddie Collins,1,1939,25,0,124.2,12087,,1906,1930,0,124.2,2826,12087,9949,1821,3315,438,187,47,1299,741,196,1499,467,15,,,512,0.333,0.424,0.429,0.853,,,,,,,,,,,,,,,,,,,,,,,,,BBWAA,1,0,0,0,0,0,0,0,0,0,0,0,0,0,0,0,Player,213,77.70%
9,Tris Speaker,1,1937,22,0,134.9,12021,1,1907,1928,0,135,2789,12021,10195,1882,3514,792,222,117,1531,436,158,1381,393,4,,,309,0.345,0.428,0.5,0.928,,,,,,,,,,,,,,,,,,,,,,,,,BBWAA,1,0,0,0,0,0,0,0,0,0,0,0,0,0,0,0,Player,165,82.10%
71,Brooks Robinson,1,1983,23,0,78.3,11782,,1955,1977,18,78.3,2896,11782,10654,1232,2848,482,68,268,1357,28,22,860,990,120,297,114,101,0.267,0.322,0.401,0.723,,,,,,,,,,,,,,,,,,,,,,,,,BBWAA,1,0,0,0,0,0,0,0,0,0,0,0,0,0,0,0,Player,344,92.00%
10,Honus Wagner,1,1936,21,0,131.1,11766,8.1,1897,1917,0,131.1,2794,11766,10439,1739,3420,643,252,101,1732,723,26,963,735,,,,221,0.328,0.391,0.467,0.858,,,,,,,,,,,,,,,,,,,,,,,,,BBWAA,1,0,0,0,0,0,0,0,0,0,0,0,0,0,0,0,Player,215,95.10%
23,Frank Robinson,1,1982,21,0,107.2,11744,,1956,1976,14,107.2,2808,11744,10006,1829,2943,528,72,586,1812,204,77,1420,1532,218,270,102,17,0.294,0.389,0.537,0.926,,,,,,,,,,,,,,,,,,,,,,,,,BBWAA,1,0,0,0,0,0,0,0,0,0,0,0,0,0,0,0,Player,370,89.20%
48,George Brett,1,1999,21,0,88.6,11625,,1973,1993,13,88.6,2707,11625,10349,1583,3154,665,137,317,1596,201,97,1096,908,229,235,120,26,0.305,0.369,0.487,0.857,,,,,,,,,,,,,,,,,,,,,,,,,BBWAA,1,0,0,0,0,0,0,0,0,0,0,0,0,0,0,0,Player,488,98.20%
42,Al Kaline,1,1980,22,0,92.8,11597,,1953,1974,18,92.8,2834,11597,10116,1622,3007,498,75,399,1582,137,65,1277,1020,133,271,104,45,0.297,0.376,0.48,0.855,,,,,,,,,,,,,,,,,,,,,,,,,BBWAA,1,0,0,0,0,0,0,0,0,0,0,0,0,0,0,0,Player,340,88.30%
88,Reggie Jackson,1,1993,21,0,74,11418,,1967,1987,14,74,2820,11418,9864,1551,2584,463,49,563,1702,228,115,1375,2597,164,183,68,13,0.262,0.356,0.49,0.846,,,,,,,,,,,,,,,,,,,,,,,,,BBWAA,1,0,0,0,0,0,0,0,0,0,0,0,0,0,0,0,Player,396,93.60%
20,Mel Ott,1,1951,22,0,111,11347,,1926,1947,11,111,2730,11347,9456,1859,2876,488,72,511,1860,89,95,1708,896,129,82,,110,0.304,0.414,0.533,0.947,,,,,,,,,,,,,,,,,,,,,,,,,BBWAA,1,0,0,0,0,0,0,0,0,0,0,0,0,0,0,0,Player,197,87.20%
39,Cap Anson,1,1939,27,0,94.3,11331,4,1871,1897,0,94.4,2524,11331,10281,1999,3435,582,142,97,2075,277,16,984,330,,6,,34,0.334,0.394,0.447,0.841,,,,,,,,,,,,,,,,,,,,,,,,,Old Timers,0,0,0,0,0,0,0,0,0,0,0,0,1,0,0,0,Player,,
31,Joe Morgan,1,1990,22,0,100.6,11329,,1963,1984,10,100.6,2649,11329,9277,1650,2517,449,96,268,1133,689,162,1865,1015,76,105,96,51,0.271,0.392,0.427,0.819,,,,,,,,,,,,,,,,,,,,,,,,,BBWAA,1,0,0,0,0,0,0,0,0,0,0,0,0,0,0,0,Player,363,81.80%
58,Ken Griffey Jr.,1,2016,22,0,83.8,11304,,1989,2010,13,83.8,2671,11304,9801,1662,2781,524,38,630,1836,184,69,1312,1779,246,199,102,8,0.284,0.37,0.538,0.907,,,,,,,,,,,,,,,,,,,,,,,,,BBWAA,1,0,0,0,0,0,0,0,0,0,0,0,0,0,0,0,Player,437,99.30%
450,Rabbit Maranville,1,1954,23,0,44,11260,,1912,1935,0,44,2670,11260,10078,1256,2605,380,177,28,884,291,150,839,756,4,21,,300,0.258,0.318,0.34,0.658,,,,,,,,,,,,,,,,,,,,,,,,,BBWAA,1,0,0,0,0,0,0,0,0,0,0,0,0,0,0,0,Player,209,82.90%
412,Lou Brock,1,1985,19,0,45.3,11240,,1961,1979,6,45.3,2616,11240,10332,1610,3023,486,141,149,900,938,307,761,1730,124,114,46,47,0.293,0.343,0.41,0.753,,,,,,,,,,,,,,,,,,,,,,,,,BBWAA,1,0,0,0,0,0,0,0,0,0,0,0,0,0,0,0,Player,315,79.70%
241,Luis Aparicio,1,1984,18,0,55.9,11231,,1956,1973,13,55.9,2599,11231,10230,1335,2677,394,92,83,791,506,136,736,742,22,184,76,161,0.262,0.311,0.343,0.653,,,,,,,,,,,,,,,,,,,,,,,,,BBWAA,1,0,0,0,0,0,0,0,0,0,0,0,0,0,0,0,Player,341,84.60%
584,Harold Baines,1,2019,22,0,38.8,11092,,1980,2001,6,38.8,2830,11092,9908,1299,2866,488,49,384,1628,34,34,1062,1441,187,298,99,9,0.289,0.356,0.465,0.82,,,,,,,,,,,,,,,,,,,,,,,,,Today's Game Era,0,0,0,1,0,0,0,0,0,0,0,0,0,0,0,0,Player,12,75.00%
105,Carlos Beltrán,1,2026,20,0,70,11031,,1998,2017,9,70,2586,11031,9768,1582,2725,565,78,435,1587,312,49,1084,1795,104,203,110,18,0.279,0.35,0.486,0.837,,,,,,,,,,,,,,,,,,,,,,,,,BBWAA,1,0,0,0,0,0,0,0,0,0,0,0,0,0,0,0,Player,358,84.20%
266,Tony Pérez,1,2000,23,0,53.9,10861,,1964,1986,7,53.9,2777,10861,9778,1272,2732,505,79,379,1652,49,33,925,1867,150,268,106,9,0.279,0.341,0.463,0.804,,,,,,,,,,,,,,,,,,,,,,,,,BBWAA,1,0,0,0,0,0,0,0,0,0,0,0,0,0,0,0,Player,385,77.20%
76,Ozzie Smith,1,2002,19,0,76.9,10778,,1978,1996,15,76.9,2573,10778,9396,1257,2460,402,69,28,793,580,148,1072,589,79,167,63,214,0.262,0.337,0.328,0.666,,,,,,,,,,,,,,,,,,,,,,,,,BBWAA,1,0,0,0,0,0,0,0,0,0,0,0,0,0,0,0,Player,433,91.70%
247,Max Carey,1,1961,20,0,55.6,10772,,1910,1929,0,55.6,2476,10772,9363,1545,2665,419,159,70,802,738,127,1040,695,6,,,290,0.285,0.361,0.386,0.747,,,,,,,,,,,,,,,,,,,,,,,,,Veterans,0,0,0,0,0,1,0,0,0,0,0,0,0,0,0,0,Player,,
87,Paul Waner,1,1952,20,0,74.7,10769,,1926,1945,4,74.7,2549,10769,9459,1627,3152,605,191,113,1309,104,101,1091,376,53,127,,174,0.333,0.404,0.473,0.878,,,,,,,,,,,,,,,,,,,,,,,,,BBWAA,1,0,0,0,0,0,0,0,0,0,0,0,0,0,0,0,Player,195,83.30%
142,Andre Dawson,1,2010,21,0,64.8,10769,,1976,1996,8,64.8,2627,10769,9927,1373,2774,503,98,438,1591,314,109,589,1509,143,217,118,24,0.279,0.323,0.482,0.806,,,,,,,,,,,,,,,,,,,,,,,,,BBWAA,1,0,0,0,0,0,0,0,0,0,0,0,0,0,0,0,Player,420,77.90%
43,Wade Boggs,1,2005,18,0,91.4,10740,2.1,1982,1999,12,91.4,2439,10740,9180,1513,3010,578,61,118,1014,24,35,1412,745,180,236,96,29,0.328,0.415,0.443,0.858,,,,,,,,,,,,,,,,,,,,,,,,,BBWAA,1,0,0,0,0,0,0,0,0,0,0,0,0,0,0,0,Player,474,91.90%
196,Ichiro Suzuki,1,2025,19,0,60,10734,1,2001,2019,10,60,2653,10734,9934,1420,3089,362,96,117,780,509,117,647,1080,181,92,48,50,0.311,0.355,0.402,0.757,,,,,,,,,,,,,,,,,,,,,,,,,BBWAA,1,0,0,0,0,0,0,0,0,0,0,0,0,0,0,0,Player,393,99.70%
1,Babe Ruth,1,1936,22,0,182.6,10628,1221.1,1914,1935,2,162.2,2503,10628,8399,2174,2873,506,136,714,2214,123,116,2062,1330,79,2,,114,0.342,0.474,0.69,1.164,1914,1935,2,20.36,94,46,0.671,2.28,163,147,12,107,17,4,1221.1,974,400,309,10,441,0,488,29,4,BBWAA,1,0,0,0,0,0,0,0,0,0,0,0,0,0,0,0,Player,215,95.10%
82,Sam Crawford,1,1957,19,0,75.3,10627,,1899,1917,0,75.3,2517,10627,9570,1391,2961,458,309,97,1523,367,43,760,580,,,,241,0.309,0.362,0.452,0.814,,,,,,,,,,,,,,,,,,,,,,,,,Veterans,0,0,0,0,0,1,0,0,0,0,0,0,0,0,0,0,Player,,
52,Chipper Jones,1,2018,19,0,85.3,10614,,1993,2012,8,85.3,2499,10614,8984,1619,2726,549,38,468,1623,150,46,1512,1409,177,253,97,3,0.303,0.401,0.529,0.93,,,,,,,,,,,,,,,,,,,,,,,,,BBWAA,1,0,0,0,0,0,0,0,0,0,0,0,0,0,0,0,Player,410,97.20%
63,Rod Carew,1,1991,19,0,81.2,10550,,1967,1985,18,81.2,2469,10550,9315,1424,3053,445,112,92,1015,353,187,1018,1028,144,216,64,128,0.328,0.393,0.429,0.822,,,,,,,,,,,,,,,,,,,,,,,,,BBWAA,1,0,0,0,0,0,0,0,0,0,0,0,0,0,0,0,Player,401,90.50%
155,Billy Williams,1,1987,18,0,63.7,10519,,1959,1976,6,63.7,2488,10519,9350,1410,2711,434,88,426,1475,90,49,1045,1046,182,200,73,8,0.29,0.361,0.492,0.853,,,,,,,,,,,,,,,,,,,,,,,,,BBWAA,1,0,0,0,0,0,0,0,0,0,0,0,0,0,0,0,Player,354,85.70%
181,Jake Beckley,1,1971,20,0,61.2,10518,4,1888,1907,0,61.5,2392,10518,9551,1603,2938,473,244,87,1581,315,,616,526,,,,167,0.308,0.361,0.436,0.797,,,,,,,,,,,,,,,,,,,,,,,,,Veterans,0,0,0,0,0,1,0,0,0,0,0,0,0,0,0,0,Player,,
24,Nap Lajoie,1,1937,21,0,106.9,10471,,1896,1916,0,106.9,2480,10471,9590,1504,3243,657,163,82,1599,380,26,516,347,,,,221,0.338,0.38,0.466,0.846,,,,,,,,,,,,,,,,,,,,,,,,,BBWAA,1,0,0,0,0,0,0,0,0,0,0,0,0,0,0,0,Player,168,83.60%
131,Roberto Alomar,1,2011,17,0,67,10400,,1988,2004,12,67,2379,10400,9073,1508,2724,504,80,210,1134,474,114,1032,1140,62,206,97,148,0.3,0.371,0.443,0.814,,,,,,,,,,,,,,,,,,,,,,,,,BBWAA,1,0,0,0,0,0,0,0,0,0,0,0,0,0,0,0,Player,523,90.00%
126,Ernie Banks,1,1977,19,0,67.8,10396,,1953,1971,14,67.8,2528,10396,9421,1305,2583,407,90,512,1636,50,53,763,1236,202,229,96,45,0.274,0.33,0.5,0.83,,,,,,,,,,,,,,,,,,,,,,,,,BBWAA,1,0,0,0,0,0,0,0,0,0,0,0,0,0,0,0,Player,321,83.80%
107,Tim Raines,1,2017,23,0,69.5,10359,,1979,2002,7,69.5,2502,10359,8872,1571,2605,430,113,170,980,808,146,1330,966,148,142,76,39,0.294,0.385,0.425,0.81,,,,,,,,,,,,,,,,,,,,,,,,,BBWAA,1,0,0,0,0,0,0,0,0,0,0,0,0,0,0,0,Player,380,86.00%
334,Nellie Fox,1,1997,19,0,49.3,10351,,1947,1965,15,49.3,2367,10351,9232,1279,2663,355,112,35,790,76,80,719,216,30,175,48,208,0.288,0.348,0.363,0.71,,,,,,,,,,,,,,,,,,,,,,,,,Veterans,0,0,0,0,0,1,0,0,0,0,0,0,0,0,0,0,Player,,
91,Jim Thome,1,2018,22,0,72.9,10313,,1991,2012,5,72.9,2543,10313,8422,1583,2328,451,26,612,1699,19,20,1747,2548,173,165,74,1,0.276,0.402,0.554,0.956,,,,,,,,,,,,,,,,,,,,,,,,,BBWAA,1,0,0,0,0,0,0,0,0,0,0,0,0,0,0,0,Player,379,89.80%
270,Harry Hooper,1,1971,17,0,53.6,10278,2,1909,1925,0,53.5,2309,10278,8785,1429,2466,389,160,75,816,375,141,1136,582,3,,,247,0.281,0.368,0.387,0.755,,,,,,,,,,,,,,,,,,,,,,,,,Veterans,0,0,0,0,0,1,0,0,0,0,0,0,0,0,0,0,Player,,
113,Iván Rodríguez,1,2017,21,0,68.7,10270,,1991,2011,14,68.7,2543,10270,9592,1354,2844,572,51,311,1332,127,64,513,1474,67,337,76,31,0.296,0.334,0.464,0.798,,,,,,,,,,,,,,,,,,,,,,,,,BBWAA,1,0,0,0,0,0,0,0,0,0,0,0,0,0,0,0,Player,336,76.00%
260,Sam Rice,1,1963,20,0,54.4,10260,39.1,1915,1934,0,54.3,2404,10260,9269,1514,2987,498,184,34,1077,351,147,708,275,10,,,213,0.322,0.374,0.427,0.801,,,,,,,,,,,,,,,,,,,,,,,,,Veterans,0,0,0,0,0,1,0,0,0,0,0,0,0,0,0,0,Player,,
75,Luke Appling,1,1964,20,0,77.2,10254,,1930,1950,7,77.2,2422,10254,8856,1319,2749,440,102,45,1116,179,108,1302,528,68,129,,74,0.31,0.399,0.398,0.798,,,,,,,,,,,,,,,,,,,,,,,,,Run Off,0,0,0,0,0,0,0,0,0,0,0,0,0,0,1,0,Player,189,94.00%
53,Charlie Gehringer,1,1949,19,0,84.8,10245,,1924,1942,6,84.8,2323,10245,8860,1775,2839,574,146,184,1427,181,93,1186,372,43,27,,141,0.32,0.404,0.48,0.884,,,,,,,,,,,,,,,,,,,,,,,,,Run Off,0,0,0,0,0,0,0,0,0,0,0,0,0,0,1,0,Player,159,85.00%
110,Tony Gwynn,1,2007,20,0,69.2,10232,,1982,2001,15,69.2,2440,10232,9288,1383,3141,543,85,135,1138,319,125,790,434,203,259,85,45,0.338,0.388,0.459,0.847,,,,,,,,,,,,,,,,,,,,,,,,,BBWAA,1,0,0,0,0,0,0,0,0,0,0,0,0,0,0,0,Player,532,97.60%
37,Roberto Clemente,1,1973,18,0,95,10212,,1955,1972,15,95,2433,10212,9454,1416,3000,440,166,240,1305,83,46,621,1230,167,275,66,36,0.317,0.359,0.475,0.834,,,,,,,,,,,,,,,,,,,,,,,,,Special Election,0,0,0,0,0,0,0,0,0,0,0,0,0,0,0,1,Player,,
54,George Davis,1,1998,20,0,84.5,10188,4,1890,1909,0,84.9,2372,10188,9045,1545,2665,453,163,73,1440,619,,874,613,,,,184,0.295,0.362,0.405,0.767,,,,,,,,,,,,,,,,,,,,,,,,,Veterans,0,0,0,0,0,1,0,0,0,0,0,0,0,0,0,0,Player,,
550,Dave Parker,1,2025,19,0,40.1,10184,,1973,1991,7,40.1,2466,10184,9358,1272,2712,526,75,339,1493,154,113,683,1537,170,209,86,1,0.29,0.339,0.471,0.81,,,,,,,,,,,,,,,,,,,,,,,,,Classic Baseball Era,0,0,0,0,0,0,0,0,1,0,0,0,0,0,0,0,Player,,
285,Fred McGriff,1,2023,19,0,52.6,10174,,1986,2004,5,52.6,2460,10174,8757,1349,2490,441,24,493,1550,72,38,1305,1882,171,226,71,2,0.284,0.377,0.509,0.886,,,,,,,,,,,,,,,,,,,,,,,,,Contemporary Baseball Era,0,0,0,0,0,0,0,0,0,1,0,0,0,0,0,0,Player,16,100.00%
34,Eddie Mathews,1,1978,17,0,96,10101,,1952,1968,12,96,2391,10101,8537,1509,2315,354,72,512,1453,68,39,1444,1487,142,123,58,36,0.271,0.376,0.509,0.885,,,,,,,,,,,,,,,,,,,,,,,,,BBWAA,1,0,0,0,0,0,0,0,0,0,0,0,0,0,0,0,Player,301,79.40%
94,Frankie Frisch,1,1947,19,0,72,10101,,1919,1937,3,72,2311,10101,9112,1532,2880,466,138,105,1244,419,176,728,272,25,55,,229,0.316,0.369,0.432,0.801,,,,,,,,,,,,,,,,,,,,,,,,,BBWAA,1,0,0,0,0,0,0,0,0,0,0,0,0,0,0,0,Player,136,84.50%
257,David Ortiz,1,2022,20,0,55,10091,,1997,2016,10,55,2408,10091,8640,1419,2472,632,19,541,1768,17,9,1319,1750,209,236,92,2,0.286,0.38,0.552,0.931,,,,,,,,,,,,,,,,,,,,,,,,,BBWAA,1,0,0,0,0,0,0,0,0,0,0,0,0,0,0,0,Player,307,77.90%
89,Frank Thomas,1,2014,19,0,73.8,10075,,1990,2008,5,73.8,2322,10075,8199,1494,2468,495,12,521,1704,32,23,1667,1397,168,226,121,0,0.301,0.419,0.555,0.974,,,,,,,,,,,,,,,,,,,,,,,,,BBWAA,1,0,0,0,0,0,0,0,0,0,0,0,0,0,0,0,Player,478,83.70%
25,Mike Schmidt,1,1995,18,0,106.9,10062,,1972,1989,12,106.9,2404,10062,8352,1506,2234,408,59,548,1595,174,92,1507,1883,201,156,108,16,0.267,0.38,0.527,0.908,,,,,,,,,,,,,,,,,,,,,,,,,BBWAA,1,0,0,0,0,0,0,0,0,0,0,0,0,0,0,0,Player,444,96.50%
187,Zack Wheat,1,1959,19,0,60.4,10007,,1909,1927,0,60.4,2410,10007,9106,1289,2884,476,172,132,1248,205,73,650,572,15,,,163,0.317,0.367,0.45,0.817,,,,,,,,,,,,,,,,,,,,,,,,,Veterans,0,0,0,0,0,1,0,0,0,0,0,0,0,0,0,0,Player,,
21,Mickey Mantle,1,1974,18,0,110.3,9910,,1951,1968,20,110.3,2401,9910,8102,1676,2415,344,72,536,1509,153,38,1733,1710,148,113,47,14,0.298,0.421,0.557,0.977,,,,,,,,,,,,,,,,,,,,,,,,,BBWAA,1,0,0,0,0,0,0,0,0,0,0,0,0,0,0,0,Player,322,88.20%
123,Fred Clarke,1,1945,21,0,68,9864,,1894,1915,0,68,2246,9864,8584,1622,2678,361,220,67,1015,509,0,875,511,,,,225,0.312,0.386,0.429,0.814,,,,,,,,,,,,,,,,,,,,,,,,,Old Timers,0,0,0,0,0,0,0,0,0,0,0,0,1,0,0,0,Player,,
120,Carlton Fisk,1,2000,24,0,68.4,9853,,1969,1993,11,68.4,2499,9853,8756,1276,2356,421,47,376,1330,128,58,849,1386,105,204,79,26,0.269,0.341,0.457,0.797,,,,,,,,,,,,,,,,,,,,,,,,,BBWAA,1,0,0,0,0,0,0,0,0,0,0,0,0,0,0,0,Player,397,79.60%
188,Harmon Killebrew,1,1984,22,0,60.4,9833,,1954,1975,13,60.4,2435,9833,8147,1283,2086,290,24,573,1584,19,18,1559,1699,160,243,77,0,0.256,0.376,0.509,0.884,,,,,,,,,,,,,,,,,,,,,,,,,BBWAA,1,0,0,0,0,0,0,0,0,0,0,0,0,0,0,0,Player,335,83.10%
137,Goose Goslin,1,1968,18,0,66,9831,,1921,1938,1,66,2287,9831,8656,1482,2735,500,173,248,1612,176,94,949,585,67,,,162,0.316,0.387,0.5,0.887,,,,,,,,,,,,,,,,,,,,,,,,,Veterans,0,0,0,0,0,1,0,0,0,0,0,0,0,0,0,0,Player,,
14,Ted Williams,1,1966,19,0,121.8,9792,2,1939,1960,19,121.8,2292,9792,7706,1798,2654,525,71,521,1839,24,17,2021,709,258,197,20,5,0.344,0.482,0.634,1.116,,,,,,,,,,,,,,,,,,,,,,,,,BBWAA,1,0,0,0,0,0,0,0,0,0,0,0,0,0,0,0,Player,282,93.40%
147,Richie Ashburn,1,1995,15,0,64.3,9737,,1948,1962,6,64.3,2189,9737,8365,1322,2574,317,109,29,586,234,117,1198,571,40,83,18,112,0.308,0.396,0.382,0.778,,,,,,,,,,,,,,,,,,,,,,,,,Veterans,0,0,0,0,0,1,0,0,0,0,0,0,0,0,0,0,Player,,
146,Willie McCovey,1,1986,22,0,64.5,9692,,1959,1980,6,64.5,2588,9692,8197,1229,2211,353,46,521,1555,26,22,1345,1550,260,176,70,5,0.27,0.374,0.515,0.889,,,,,,,,,,,,,,,,,,,,,,,,,BBWAA,1,0,0,0,0,0,0,0,0,0,0,0,0,0,0,0,Player,346,81.40%
313,Ted Simmons,1,2020,21,0,50.4,9685,,1968,1988,8,50.4,2456,9685,8680,1074,2472,483,47,248,1389,21,33,855,694,188,287,100,11,0.285,0.348,0.437,0.785,,,,,,,,,,,,,,,,,,,,,,,,,Modern Baseball Era,0,1,0,0,0,0,0,0,0,0,0,0,0,0,0,0,Player,13,81.30%
41,Jimmie Foxx,1,1951,20,0,92.9,9677,23.2,1925,1945,9,92.1,2317,9677,8134,1751,2646,458,125,534,1922,87,77,1452,1311,134,69,,72,0.325,0.428,0.609,1.038,,,,,,,,,,,,,,,,,,,,,,,,,BBWAA,1,0,0,0,0,0,0,0,0,0,0,0,0,0,0,0,Player,179,79.20%
18,Lou Gehrig,1,1939,17,0,113.7,9665,,1923,1939,7,113.7,2164,9665,8001,1888,2721,534,163,493,1995,102,102,1508,790,114,2,,107,0.34,0.447,0.632,1.08,,,,,,,,,,,,,,,,,,,,,,,,,Special Election,0,0,0,0,0,0,0,0,0,0,0,0,0,0,0,1,Player,,
77,Bobby Wallace,1,1953,25,0,76.4,9631,402,1894,1918,0,70.4,2383,9631,8618,1057,2309,391,143,34,1121,201,10,774,560,,,,173,0.268,0.332,0.358,0.69,,,,,,,,,,,,,,,,,,,,,,,,,Veterans,0,0,0,0,0,1,0,0,0,0,0,0,0,0,0,0,Player,,
197,Jesse Burkett,1,1946,16,0,59.7,9629,123,1890,1905,0,62.8,2067,9629,8426,1720,2850,320,182,75,952,389,,1029,613,,,,90,0.338,0.415,0.446,0.861,,,,,,,,,,,,,,,,,,,,,,,,,Old Timers,0,0,0,0,0,0,0,0,0,0,0,0,1,0,0,0,Player,,
263,Willie Keeler,1,1939,19,0,54.3,9619,,1892,1910,0,54.3,2123,9619,8591,1719,2932,241,145,33,810,495,,524,136,,,,366,0.341,0.388,0.415,0.802,,,,,,,,,,,,,,,,,,,,,,,,,BBWAA,1,0,0,0,0,0,0,0,0,0,0,0,0,0,0,0,Player,207,75.50%
253,Jeff Kent,1,2026,17,0,55.4,9537,,1992,2008,5,55.4,2298,9537,8498,1320,2461,560,47,377,1518,94,60,801,1522,61,224,103,10,0.29,0.356,0.5,0.855,,,,,,,,,,,,,,,,,,,,,,,,,Veterans,0,0,0,0,0,1,0,0,0,0,0,0,0,0,0,0,Player,,
116,Al Simmons,1,1953,20,0,68.5,9520,,1924,1944,3,68.5,2215,9520,8759,1507,2927,539,149,307,1828,88,68,615,737,79,23,,111,0.334,0.38,0.535,0.915,,,,,,,,,,,,,,,,,,,,,,,,,BBWAA,1,0,0,0,0,0,0,0,0,0,0,0,0,0,0,0,Player,199,75.40%
12,Rogers Hornsby,1,1942,23,0,127.3,9481,,1915,1937,0,127.3,2259,9481,8173,1579,2930,541,169,301,1584,135,81,1038,679,54,3,,216,0.358,0.434,0.577,1.01,,,,,,,,,,,,,,,,,,,,,,,,,BBWAA,1,0,0,0,0,0,0,0,0,0,0,0,0,0,0,0,Player,182,78.10%
117,Pee Wee Reese,1,1984,16,0,68.5,9472,,1940,1958,10,68.5,2166,9472,8058,1338,2170,330,80,126,885,232,99,1210,890,69,176,19,157,0.269,0.366,0.377,0.743,,,,,,,,,,,,,,,,,,,,,,,,,Veterans,0,0,0,0,0,1,0,0,0,0,0,0,0,0,0,0,Player,,
175,Todd Helton,1,2024,17,0,61.8,9453,,1997,2013,5,61.8,2247,9453,7962,1401,2519,592,37,369,1406,37,29,1335,1175,185,186,93,3,0.316,0.414,0.539,0.953,,,,,,,,,,,,,,,,,,,,,,,,,BBWAA,1,0,0,0,0,0,0,0,0,0,0,0,0,0,0,0,Player,307,79.70%
66,Jeff Bagwell,1,2017,15,0,79.9,9431,,1991,2005,4,79.9,2150,9431,7797,1517,2314,488,32,449,1529,202,78,1401,1558,155,221,102,3,0.297,0.408,0.54,0.948,,,,,,,,,,,,,,,,,,,,,,,,,BBWAA,1,0,0,0,0,0,0,0,0,0,0,0,0,0,0,0,Player,381,86.20%
287,Bid McPhee,1,2000,18,0,52.5,9429,,1882,1899,0,52.5,2138,9429,8304,1684,2258,303,189,53,1072,568,,982,377,,,,56,0.272,0.355,0.373,0.728,,,,,,,,,,,,,,,,,,,,,,,,,Veterans,0,0,0,0,0,1,0,0,0,0,0,0,0,0,0,0,Player,,
101,Ron Santo,1,2012,15,0,70.5,9397,,1960,1974,9,70.5,2243,9397,8143,1138,2254,365,67,342,1331,35,41,1108,1343,94,256,94,13,0.277,0.362,0.464,0.826,,,,,,,,,,,,,,,,,,,,,,,,,Veterans,0,0,0,0,0,1,0,0,0,0,0,0,0,0,0,0,Player,15,93.80%
99,Alan Trammell,1,2018,20,0,70.6,9376,,1977,1996,6,70.6,2293,9376,8288,1231,2365,412,55,185,1003,236,109,850,874,48,156,76,124,0.285,0.352,0.415,0.767,,,,,,,,,,,,,,,,,,,,,,,,,Modern Baseball Era,0,1,0,0,0,0,0,0,0,0,0,0,0,0,0,0,Player,13,81.30%
124,Ryne Sandberg,1,2005,16,0,68,9282,,1981,1997,10,68,2164,9282,8385,1318,2386,403,76,282,1061,344,107,761,1260,59,139,71,31,0.285,0.344,0.452,0.795,,,,,,,,,,,,,,,,,,,,,,,,,BBWAA,1,0,0,0,0,0,0,0,0,0,0,0,0,0,0,0,Player,393,76.20%
428,Red Schoendienst,1,1989,19,0,44.8,9224,,1945,1963,10,44.8,2216,9224,8479,1223,2449,427,78,84,773,89,60,606,346,30,180,19,97,0.289,0.337,0.387,0.724,,,,,,,,,,,,,,,,,,,,,,,,,Veterans,0,0,0,0,0,1,0,0,0,0,0,0,0,0,0,0,Player,,
226,Enos Slaughter,1,1985,19,0,57.5,9087,,1938,1959,10,57.5,2380,9087,7946,1247,2383,413,148,169,1304,71,60,1018,538,108,139,10,73,0.3,0.382,0.453,0.834,,,,,,,,,,,,,,,,,,,,,,,,,Veterans,0,0,0,0,0,1,0,0,0,0,0,0,0,0,0,0,Player,,
199,Vladimir Guerrero,1,2018,16,0,59.5,9059,,1996,2011,9,59.5,2147,9059,8155,1328,2590,477,46,449,1496,181,94,737,985,250,277,64,0,0.318,0.379,0.553,0.931,,,,,,,,,,,,,,,,,,,,,,,,,BBWAA,1,0,0,0,0,0,0,0,0,0,0,0,0,0,0,0,Player,392,92.90%
364,Jim Rice,1,2009,16,0,47.7,9058,,1974,1989,8,47.7,2089,9058,8225,1249,2452,373,79,382,1451,58,34,670,1423,77,315,94,5,0.298,0.352,0.502,0.854,,,,,,,,,,,,,,,,,,,,,,,,,BBWAA,1,0,0,0,0,0,0,0,0,0,0,0,0,0,0,0,Player,412,76.40%
102,Barry Larkin,1,2012,19,0,70.5,9057,,1986,2004,12,70.5,2180,9057,7937,1329,2340,441,76,198,960,379,77,939,817,66,178,67,59,0.295,0.371,0.444,0.815,,,,,,,,,,,,,,,,,,,,,,,,,BBWAA,1,0,0,0,0,0,0,0,0,0,0,0,0,0,0,0,Player,495,86.40%
289,Jim O'Rourke,1,1945,23,0,52.3,9052,19.2,1872,1904,0,52.1,1999,9052,8503,1729,2639,468,149,62,1208,229,12,513,362,,6,,0,0.31,0.352,0.422,0.775,,,,,,,,,,,,,,,,,,,,,,,,,Old Timers,0,0,0,0,0,0,0,0,0,0,0,0,1,0,0,0,Player,,
224,Willie Stargell,1,1988,21,0,57.6,9027,,1962,1982,7,57.6,2360,9027,7927,1194,2232,423,55,475,1540,17,16,937,1936,227,143,75,9,0.282,0.36,0.529,0.889,,,,,,,,,,,,,,,,,,,,,,,,,BBWAA,1,0,0,0,0,0,0,0,0,0,0,0,0,0,0,0,Player,352,82.40%
103,Gary Carter,1,2003,19,0,70.1,9019,,1974,1992,11,70.1,2296,9019,7971,1025,2092,371,31,324,1225,39,42,848,997,106,180,99,33,0.262,0.335,0.439,0.773,,,,,,,,,,,,,,,,,,,,,,,,,BBWAA,1,0,0,0,0,0,0,0,0,0,0,0,0,0,0,0,Player,387,78.00%
228,George Sisler,1,1939,15,0,57.2,9018,111,1915,1930,0,54.9,2055,9018,8267,1284,2812,425,164,102,1178,375,149,472,327,4,,,226,0.34,0.379,0.468,0.847,,,,,,,,,,,,,,,,,,,,,,,,,BBWAA,1,0,0,0,0,0,0,0,0,0,0,0,0,0,0,0,Player,235,85.80%
93,Harry Heilmann,1,1952,17,0,72.2,8972,,1914,1932,0,72.2,2147,8972,7787,1291,2660,542,151,183,1543,113,74,856,550,36,,,277,0.342,0.41,0.52,0.93,,,,,,,,,,,,,,,,,,,,,,,,,BBWAA,1,0,0,0,0,0,0,0,0,0,0,0,0,0,0,0,Player,203,86.80%
55,Roger Connor,1,1976,18,0,84.3,8847,,1880,1897,0,84.3,1998,8847,7797,1620,2467,441,233,138,1323,244,,1002,455,,,,9,0.316,0.397,0.486,0.883,,,,,,,,,,,,,,,,,,,,,,,,,Veterans,0,0,0,0,0,1,0,0,0,0,0,0,0,0,0,0,Player,,
143,Joe Cronin,1,1956,20,0,64.8,8840,,1926,1945,7,64.8,2124,8840,7579,1233,2285,515,118,170,1424,87,71,1059,700,41,57,,166,0.301,0.39,0.468,0.857,,,,,,,,,,,,,,,,,,,,,,,,,BBWAA,1,0,0,0,0,0,0,0,0,0,0,0,0,0,0,0,Player,152,78.80%
222,Joe Torre,1,2014,18,0,57.7,8802,,1960,1977,9,57.7,2209,8802,7874,996,2342,344,59,252,1185,23,29,779,1094,127,284,50,13,0.297,0.365,0.452,0.817,,,,,,,,,,,,,,,,,,,,,,,,,Expansion Era,0,0,0,0,0,0,1,0,0,0,0,0,0,0,0,0,Manager,16,100.00%
317,Orlando Cepeda,1,1999,17,0,50.2,8699,,1958,1974,11,50.2,2124,8699,7927,1131,2351,417,27,379,1365,142,80,588,1169,154,218,74,4,0.297,0.35,0.499,0.849,,,,,,,,,,,,,,,,,,,,,,,,,Veterans,0,0,0,0,0,1,0,0,0,0,0,0,0,0,0,0,Player,,
85,Johnny Bench,1,1989,17,0,75.1,8674,,1967,1983,14,75.1,2158,8674,7658,1091,2048,381,24,389,1376,68,43,891,1278,135,201,90,11,0.267,0.342,0.476,0.817,,,,,,,,,,,,,,,,,,,,,,,,,BBWAA,1,0,0,0,0,0,0,0,0,0,0,0,0,0,0,0,Player,431,96.40%
121,Edgar Martínez,1,2019,18,0,68.4,8674,,1987,2004,7,68.4,2055,8674,7213,1219,2247,514,15,309,1261,49,30,1283,1202,113,190,77,10,0.312,0.418,0.515,0.933,,,,,,,,,,,,,,,,,,,,,,,,,BBWAA,1,0,0,0,0,0,0,0,0,0,0,0,0,0,0,0,Player,363,85.40%
165,Andruw Jones,1,2025,17,0,62.7,8664,,1996,2012,5,62.7,2196,8664,7599,1204,1933,383,36,434,1289,152,59,891,1748,69,192,71,6,0.254,0.337,0.486,0.823,,,,,,,,,,,,,,,,,,,,,,,,,BBWAA,1,0,0,0,0,0,0,0,0,0,0,0,0,0,0,0,Player,333,78.40%
223,Billy Herman,1,1975,15,0,57.7,8641,,1931,1947,10,57.7,1922,8641,7707,1163,2345,486,82,47,839,67,72,737,428,34,191,,171,0.304,0.367,0.407,0.774,,,,,,,,,,,,,,,,,,,,,,,,,Veterans,0,0,0,0,0,1,0,0,0,0,0,0,0,0,0,0,Player,,
104,Scott Rolen,1,2023,17,0,70.1,8518,,1996,2012,7,70.1,2038,8518,7398,1211,2077,517,43,316,1287,118,49,899,1410,57,150,93,1,0.281,0.364,0.49,0.855,,,,,,,,,,,,,,,,,,,,,,,,,BBWAA,1,0,0,0,0,0,0,0,0,0,0,0,0,0,0,0,Player,297,76.30%
346,Heinie Manush,1,1964,17,0,48.3,8422,,1923,1939,1,48.3,2008,8422,7654,1288,2524,491,160,110,1183,113,69,506,345,33,11,,186,0.33,0.377,0.479,0.856,,,,,,,,,,,,,,,,,,,,,,,,,Veterans,0,0,0,0,0,1,0,0,0,0,0,0,0,0,0,0,Player,,
106,Ed Delahanty,1,1945,16,0,69.6,8402,,1888,1903,0,69.6,1837,8402,7510,1600,2597,522,186,101,1466,456,,742,439,,,,54,0.346,0.411,0.505,0.917,,,,,,,,,,,,,,,,,,,,,,,,,Old Timers,0,0,0,0,0,0,0,0,0,0,0,0,1,0,0,0,Player,,
654,Bill Mazeroski,1,2001,17,0,36.5,8379,,1956,1972,10,36.5,2163,8379,7755,769,2016,294,62,138,853,27,23,447,706,110,194,70,87,0.26,0.299,0.367,0.667,,,,,,,,,,,,,,,,,,,,,,,,,Veterans,0,0,0,0,0,1,0,0,0,0,0,0,0,0,0,0,Player,,
200,Yogi Berra,1,1972,19,0,59.5,8364,,1946,1965,18,59.5,2120,8364,7555,1175,2150,321,49,358,1430,30,26,704,414,91,146,44,9,0.285,0.348,0.482,0.83,,,,,,,,,,,,,,,,,,,,,,,,,BBWAA,1,0,0,0,0,0,0,0,0,0,0,0,0,0,0,0,Player,339,85.60%
669,Jim Bottomley,1,1974,16,0,36,8358,,1922,1937,0,36,1991,8358,7471,1177,2313,465,151,219,1422,58,55,664,591,35,33,,177,0.31,0.369,0.5,0.869,,,,,,,,,,,,,,,,,,,,,,,,,Veterans,0,0,0,0,0,1,0,0,0,0,0,0,0,0,0,0,Player,,
889,Lloyd Waner,1,1967,18,0,29.9,8337,,1927,1945,1,29.9,1993,8337,7772,1201,2459,281,118,27,598,67,60,420,173,9,57,,108,0.316,0.353,0.393,0.747,,,,,,,,,,,,,,,,,,,,,,,,,Veterans,0,0,0,0,0,1,0,0,0,0,0,0,0,0,0,0,Player,,
258,Joe Sewell,1,1977,14,0,54.9,8333,,1920,1933,0,54.9,1903,8333,7132,1141,2226,436,68,49,1054,74,74,842,114,25,,,275,0.312,0.391,0.413,0.804,,,,,,,,,,,,,,,,,,,,,,,,,Veterans,0,0,0,0,0,1,0,0,0,0,0,0,0,0,0,0,Player,,
588,Pie Traynor,1,1948,17,0,38.7,8298,,1920,1937,2,38.7,1941,8298,7559,1183,2416,371,164,58,1273,158,88,472,278,19,47,,231,0.32,0.362,0.435,0.797,,,,,,,,,,,,,,,,,,,,,,,,,BBWAA,1,0,0,0,0,0,0,0,0,0,0,0,0,0,0,0,Player,93,76.90%
322,Dave Bancroft,1,1971,16,0,49.9,8250,,1915,1930,0,49.9,1913,8250,7182,1048,2004,320,77,32,591,145,90,827,487,4,,,212,0.279,0.355,0.358,0.714,,,,,,,,,,,,,,,,,,,,,,,,,Veterans,0,0,0,0,0,1,0,0,0,0,0,0,0,0,0,0,Player,,
138,Duke Snider,1,1980,18,0,66,8237,,1947,1964,8,66,2143,8237,7161,1259,2116,358,85,407,1333,99,73,971,1237,154,166,32,52,0.295,0.38,0.54,0.919,,,,,,,,,,,,,,,,,,,,,,,,,BBWAA,1,0,0,0,0,0,0,0,0,0,0,0,0,0,0,0,Player,333,86.50%
278,Minnie Miñoso,1,2022,20,0,53.2,8233,,1946,1980,13,53.2,1948,8233,7059,1228,2113,365,95,195,1089,216,130,848,584,43,185,57,69,0.299,0.387,0.461,0.848,,,,,,,,,,,,,,,,,,,,,,,,,Golden Days Era,0,0,1,0,0,0,0,0,0,0,0,0,0,0,0,0,Player,14,87.50%
314,Joe Kelley,1,1971,17,0,50.4,8163,,1891,1908,0,50.4,1853,8163,7006,1421,2220,358,194,65,1194,443,,911,430,,,,140,0.317,0.402,0.451,0.853,,,,,,,,,,,,,,,,,,,,,,,,,Veterans,0,0,0,0,0,1,0,0,0,0,0,0,0,0,0,0,Player,,
400,Edd Roush,1,1962,18,0,45.8,8157,,1913,1931,0,45.8,1967,8157,7363,1099,2376,339,182,68,981,268,134,484,260,10,,,256,0.323,0.369,0.446,0.815,,,,,,,,,,,,,,,,,,,,,,,,,Veterans,0,0,0,0,0,1,0,0,0,0,0,0,0,0,0,0,Player,,
261,Joe Medwick,1,1968,17,0,54.4,8143,,1932,1948,10,54.4,1984,8143,7635,1198,2471,540,113,205,1383,42,37,437,551,101,203,,44,0.324,0.362,0.505,0.867,,,,,,,,,,,,,,,,,,,,,,,,,BBWAA,1,0,0,0,0,0,0,0,0,0,0,0,0,0,0,0,Player,240,84.80%
166,John Ward,1,1964,17,0,62.3,8114,2469.2,1878,1894,0,34.3,1827,8114,7656,1410,2107,231,96,26,869,540,,421,326,,,,20,0.275,0.314,0.341,0.655,1878,1894,0,28.06,164,103,0.614,2.1,293,262,32,245,24,3,2469.2,2324,1185,576,26,253,,920,,0,Veterans,0,0,0,0,0,1,0,0,0,0,0,0,0,0,0,0,Player,,
453,Gil Hodges,1,2022,18,0,43.8,8104,,1943,1963,8,43.8,2071,8104,7030,1105,1921,295,48,370,1274,63,42,943,1137,109,165,50,56,0.273,0.359,0.487,0.846,,,,,,,,,,,,,,,,,,,,,,,,,Golden Days Era,0,0,1,0,0,0,0,0,0,0,0,0,0,0,0,0,Player,12,75.00%
351,Kiki Cuyler,1,1968,18,0,48.1,8100,,1921,1938,1,48.1,1879,8100,7161,1305,2299,394,157,128,1065,328,148,676,752,20,53,,176,0.321,0.386,0.474,0.86,,,,,,,,,,,,,,,,,,,,,,,,,Veterans,0,0,0,0,0,1,0,0,0,0,0,0,0,0,0,0,Player,,
92,Larry Walker,1,2020,17,0,72.7,8030,,1989,2005,5,72.7,1988,8030,6907,1355,2160,471,62,383,1311,230,76,913,1231,117,153,65,7,0.313,0.4,0.565,0.965,,,,,,,,,,,,,,,,,,,,,,,,,BBWAA,1,0,0,0,0,0,0,0,0,0,0,0,0,0,0,0,Player,304,76.60%
299,Bobby Doerr,1,1986,14,0,51.4,8030,,1937,1951,9,51.4,1865,8030,7093,1094,2042,381,89,223,1247,54,64,809,608,53,187,,115,0.288,0.362,0.461,0.823,,,,,,,,,,,,,,,,,,,,,,,,,Veterans,0,0,0,0,0,1,0,0,0,0,0,0,0,0,0,0,Player,,
248,Joe Mauer,1,2024,15,0,55.6,7960,,2004,2018,6,55.6,1858,7960,6930,1018,2123,428,30,143,923,52,19,939,1034,145,208,60,6,0.306,0.388,0.439,0.827,,,,,,,,,,,,,,,,,,,,,,,,,BBWAA,1,0,0,0,0,0,0,0,0,0,0,0,0,0,0,0,Player,293,76.10%
473,Hugh Duffy,1,1945,17,0,43,7842,,1888,1906,0,43,1737,7842,7044,1554,2293,325,119,106,1302,574,,664,268,,,,104,0.326,0.386,0.451,0.837,,,,,,,,,,,,,,,,,,,,,,,,,Old Timers,0,0,0,0,0,0,0,0,0,0,0,0,1,0,0,0,Player,,
303,Kirby Puckett,1,2001,12,0,51.1,7831,,1984,1995,10,51.1,1783,7831,7244,1071,2304,414,57,207,1085,134,76,450,965,85,188,58,23,0.318,0.36,0.477,0.837,,,,,,,,,,,,,,,,,,,,,,,,,BBWAA,1,0,0,0,0,0,0,0,0,0,0,0,0,0,0,0,Player,423,82.10%
198,Mike Piazza,1,2016,16,0,59.6,7745,,1992,2007,12,59.6,1912,7745,6911,1048,2127,344,8,427,1335,17,20,759,1113,146,229,45,0,0.308,0.377,0.545,0.922,,,,,,,,,,,,,,,,,,,,,,,,,BBWAA,1,0,0,0,0,0,0,0,0,0,0,0,0,0,0,0,Player,365,83.00%
72,Arky Vaughan,1,1985,14,0,77.9,7723,,1932,1948,9,77.9,1817,7723,6622,1173,2103,356,128,96,926,118,90,937,276,85,70,,116,0.318,0.406,0.453,0.859,,,,,,,,,,,,,,,,,,,,,,,,,Veterans,0,0,0,0,0,1,0,0,0,0,0,0,0,0,0,0,Player,,
70,Dan Brouthers,1,1945,19,0,78.7,7691,23,1879,1904,0,79.8,1676,7691,6726,1529,2303,462,206,107,1301,257,,840,238,,,,20,0.342,0.423,0.52,0.943,,,,,,,,,,,,,,,,,,,,,,,,,Old Timers,0,0,0,0,0,0,0,0,0,0,0,0,1,0,0,0,Player,,
69,Joe DiMaggio,1,1955,13,0,79.1,7672,,1936,1951,13,79.1,1736,7672,6821,1390,2214,389,131,361,1537,30,9,790,369,111,130,,14,0.325,0.398,0.579,0.977,,,,,,,,,,,,,,,,,,,,,,,,,BBWAA,1,0,0,0,0,0,0,0,0,0,0,0,0,0,0,0,Player,223,88.80%
158,Billy Hamilton,1,1961,14,0,63.2,7609,,1888,1901,0,63.2,1594,7609,6283,1697,2164,242,95,40,742,914,,1189,362,,,,47,0.344,0.455,0.432,0.888,,,,,,,,,,,,,,,,,,,,,,,,,Veterans,0,0,0,0,0,1,0,0,0,0,0,0,0,0,0,0,Player,,
625,George Kell,1,1983,15,0,37.6,7529,,1943,1957,10,37.6,1795,7529,6702,880,2054,385,50,78,870,51,36,621,287,33,188,20,149,0.306,0.367,0.414,0.781,,,,,,,,,,,,,,,,,,,,,,,,,Veterans,0,0,0,0,0,1,0,0,0,0,0,0,0,0,0,0,Player,,
276,Jimmy Collins,1,1945,14,0,53.3,7460,,1895,1908,0,53.3,1725,7460,6795,1055,1999,352,116,65,983,194,,426,266,,,,147,0.294,0.343,0.409,0.752,,,,,,,,,,,,,,,,,,,,,,,,,Old Timers,0,0,0,0,0,0,0,0,0,0,0,0,1,0,0,0,Player,,
100,Johnny Mize,1,1981,15,0,70.6,7372,,1936,1953,10,70.6,1884,7372,6443,1118,2011,367,83,359,1337,28,12,856,524,150,99,,20,0.312,0.397,0.562,0.959,,,,,,,,,,,,,,,,,,,,,,,,,Veterans,0,0,0,0,0,1,0,0,0,0,0,0,0,0,0,0,Player,,
211,Dick Allen,1,2014,15,0,58.8,7315,,1963,1977,7,58.8,1749,7315,6332,1099,1848,320,79,351,1119,133,52,894,1556,138,164,53,19,0.292,0.378,0.534,0.912,,,,,,,,,,,,,,,,,,,,,,,,,Classic Baseball Era,0,0,0,0,0,0,0,0,1,0,0,0,0,0,0,0,Player,,
367,Tony Lazzeri,1,1991,14,0,47.6,7314,,1926,1939,1,47.6,1740,7314,6297,986,1840,334,115,178,1194,148,82,869,864,40,8,,116,0.292,0.38,0.467,0.846,,,,,,,,,,,,,,,,,,,,,,,,,Veterans,0,0,0,0,0,1,0,0,0,0,0,0,0,0,0,0,Player,,
251,Gabby Hartnett,1,1955,20,0,55.5,7300,,1922,1941,6,55.5,1990,7300,6432,867,1912,396,64,236,1179,28,32,703,697,114,93,,127,0.297,0.37,0.489,0.858,,,,,,,,,,,,,,,,,,,,,,,,,BBWAA,1,0,0,0,0,0,0,0,0,0,0,0,0,0,0,0,Player,195,77.70%
365,Johnny Evers,1,1946,18,0,47.7,7230,,1902,1929,0,47.7,1784,7230,6137,919,1659,216,70,12,536,324,26,778,293,0,,,256,0.27,0.356,0.334,0.69,,,,,,,,,,,,,,,,,,,,,,,,,Old Timers,0,0,0,0,0,0,0,0,0,0,0,0,1,0,0,0,Player,,
296,Earl Averill,1,1975,13,0,51.6,7221,,1929,1941,6,51.6,1669,7221,6353,1224,2019,401,128,238,1164,70,58,774,518,36,7,,55,0.318,0.395,0.534,0.928,,,,,,,,,,,,,,,,,,,,,,,,,Veterans,0,0,0,0,0,1,0,0,0,0,0,0,0,0,0,0,Player,,
390,Chuck Klein,1,1980,17,0,46.4,7172,,1928,1944,2,46.4,1753,7172,6486,1168,2076,398,74,300,1201,79,72,601,521,48,55,,69,0.32,0.379,0.543,0.922,,,,,,,,,,,,,,,,,,,,,,,,,Veterans,0,0,0,0,0,1,0,0,0,0,0,0,0,0,0,0,Player,,
277,Joe Tinker,1,1946,15,0,53.3,7166,,1902,1916,0,53.3,1806,7166,6441,774,1690,263,114,31,785,336,12,416,526,,,,285,0.262,0.308,0.353,0.661,,,,,,,,,,,,,,,,,,,,,,,,,Old Timers,0,0,0,0,0,0,0,0,0,0,0,0,1,0,0,0,Player,,
232,Bill Terry,1,1954,14,0,56.6,7111,,1923,1936,3,56.6,1721,7111,6428,1120,2193,373,112,154,1078,56,63,537,449,32,38,,137,0.341,0.393,0.506,0.899,,,,,,,,,,,,,,,,,,,,,,,,,BBWAA,1,0,0,0,0,0,0,0,0,0,0,0,0,0,0,0,Player,195,77.40%
851,Rick Ferrell,1,1984,18,0,30.7,7076,,1929,1947,7,30.7,1884,7076,6028,687,1692,324,45,28,734,29,35,931,277,68,55,,103,0.281,0.378,0.363,0.741,,,,,,,,,,,,,,,,,,,,,,,,,Veterans,0,0,0,0,0,1,0,0,0,0,0,0,0,0,0,0,Player,,
234,Bill Dickey,1,1954,17,0,56.4,7065,,1928,1946,11,56.4,1789,7065,6300,930,1969,343,72,202,1209,36,32,678,289,101,49,,51,0.313,0.382,0.486,0.868,,,,,,,,,,,,,,,,,,,,,,,,,BBWAA,1,0,0,0,0,0,0,0,0,0,0,0,0,0,0,0,Player,202,80.20%
160,Lou Boudreau,1,1970,15,0,63.1,7025,,1938,1952,7,63.1,1646,7025,6029,861,1779,385,66,68,789,51,50,796,309,40,155,,164,0.295,0.38,0.415,0.795,,,,,,,,,,,,,,,,,,,,,,,,,BBWAA,1,0,0,0,0,0,0,0,0,0,0,0,0,0,0,0,Player,232,77.30%
409,Deacon White,1,2013,20,0,45.5,6973,10,1871,1890,0,45.7,1560,6973,6624,1140,2067,270,98,24,988,70,9,308,221,,8,,,0.312,0.346,0.393,0.74,,,,,,,,,,,,,,,,,,,,,,,,,Pre-Integration Era,0,0,0,0,0,0,0,1,0,0,0,0,0,0,0,0,Player,14,87.50%
231,Larry Doby,1,1998,17,0,56.7,6920,,1942,1959,9,56.7,1674,6920,5883,1080,1697,276,72,273,1099,64,36,945,1011,60,97,25,27,0.288,0.389,0.499,0.888,,,,,,,,,,,,,,,,,,,,,,,,,Veterans,0,0,0,0,0,1,0,0,0,0,0,0,0,0,0,0,Player,,
469,Tony Oliva,1,2022,15,0,43.1,6880,,1962,1976,8,43.1,1676,6880,6301,870,1917,329,48,220,947,86,55,448,645,131,139,57,14,0.304,0.353,0.476,0.83,,,,,,,,,,,,,,,,,,,,,,,,,Golden Days Era,0,0,1,0,0,0,0,0,0,0,0,0,0,0,0,0,Player,12,75.00%
687,Miller Huggins,1,1964,13,0,35.4,6825,,1904,1916,0,35.4,1586,6825,5558,948,1474,146,50,9,318,324,31,1003,556,,,,192,0.265,0.382,0.314,0.696,,,,,,,,,,,,,,,,,,,,,,,,,Veterans,0,0,0,0,0,1,0,0,0,0,0,0,0,0,0,0,Manager,,
495,Phil Rizzuto,1,1994,13,0,42.1,6719,,1941,1956,5,42.1,1661,6719,5816,877,1588,239,62,38,563,149,58,651,398,35,107,2,193,0.273,0.351,0.355,0.706,,,,,,,,,,,,,,,,,,,,,,,,,Veterans,0,0,0,0,0,1,0,0,0,0,0,0,0,0,0,0,Player,,
447,Travis Jackson,1,1982,15,0,44.2,6682,,1922,1936,1,44.2,1656,6682,6086,833,1768,291,86,135,929,71,70,412,565,29,39,,171,0.291,0.337,0.433,0.77,,,,,,,,,,,,,,,,,,,,,,,,,Veterans,0,0,0,0,0,1,0,0,0,0,0,0,0,0,0,0,Player,,
161,Home Run Baker,1,1955,13,0,62.8,6677,,1908,1922,0,62.8,1575,6677,5984,887,1838,315,103,96,991,235,54,473,344,,,,153,0.307,0.363,0.442,0.805,,,,,,,,,,,,,,,,,,,,,,,,,Veterans,0,0,0,0,0,1,0,0,0,0,0,0,0,0,0,0,Player,,
999,George Kelly,1,1973,16,0,25.7,6570,0,1915,1932,0,25.7,1622,6570,5993,819,1778,337,76,148,1020,65,64,386,694,14,,,158,0.297,0.342,0.452,0.794,,,,,,,,,,,,,,,,,,,,,,,,,Veterans,0,0,0,0,0,1,0,0,0,0,0,0,0,0,0,0,Player,,
249,Joe Gordon,1,1967,11,0,55.6,6537,,1938,1950,9,55.6,1566,6537,5707,914,1530,264,52,253,975,89,60,759,702,87,159,,41,0.268,0.357,0.466,0.822,,,,,,,,,,,,,,,,,,,,,,,,,Veterans,0,0,0,0,0,1,0,0,0,0,0,0,0,0,0,0,Player,10,83.30%
440,Sam Thompson,1,1974,15,0,44.4,6526,,1885,1906,0,44.4,1410,6526,5998,1261,1988,343,161,126,1308,232,,452,234,,,,13,0.331,0.384,0.505,0.89,,,,,,,,,,,,,,,,,,,,,,,,,Veterans,0,0,0,0,0,1,0,0,0,0,0,0,0,0,0,0,Player,,
421,Earle Combs,1,1970,12,0,45,6514,,1924,1935,0,45,1455,6514,5746,1186,1866,309,154,58,633,98,70,670,278,8,,,74,0.325,0.397,0.462,0.859,,,,,,,,,,,,,,,,,,,,,,,,,Veterans,0,0,0,0,0,1,0,0,0,0,0,0,0,0,0,0,Player,,
397,King Kelly,1,1945,16,0,46,6457,45.2,1878,1893,0,47,1456,6457,5896,1357,1813,359,102,69,950,368,,549,418,,,,,0.307,0.368,0.438,0.806,,,,,,,,,,,,,,,,,,,,,,,,,Old Timers,0,0,0,0,0,0,0,0,0,0,0,0,1,0,0,0,Player,,
284,Elmer Flick,1,1963,13,0,52.7,6434,,1898,1910,0,52.7,1483,6434,5597,950,1752,268,164,48,756,330,,597,567,,,,121,0.313,0.389,0.445,0.834,,,,,,,,,,,,,,,,,,,,,,,,,Veterans,0,0,0,0,0,1,0,0,0,0,0,0,0,0,0,0,Player,,
620,Ernie Lombardi,1,1986,17,0,37.8,6353,,1931,1947,7,37.8,1853,6353,5855,601,1792,277,27,190,990,8,9,430,262,153,261,,18,0.306,0.358,0.46,0.818,,,,,,,,,,,,,,,,,,,,,,,,,Veterans,0,0,0,0,0,1,0,0,0,0,0,0,0,0,0,0,Player,,
352,Ralph Kiner,1,1975,10,0,48.1,6256,,1946,1955,6,48.1,1472,6256,5205,971,1451,216,39,369,1015,22,18,1011,749,90,126,7,9,0.279,0.398,0.548,0.946,,,,,,,,,,,,,,,,,,,,,,,,,BBWAA,1,0,0,0,0,0,0,0,0,0,0,0,0,0,0,0,Player,273,75.40%
773,Ray Schalk,1,1955,18,0,33.1,6243,,1912,1929,0,33.1,1762,6243,5306,579,1345,199,49,11,593,177,69,638,358,5,,,214,0.253,0.34,0.316,0.656,,,,,,,,,,,,,,,,,,,,,,,,,Veterans,0,0,0,0,0,1,0,0,0,0,0,0,0,0,0,0,Player,,
324,Mickey Cochrane,1,1947,13,0,49.8,6211,,1925,1937,2,49.8,1482,6211,5169,1041,1652,333,64,119,830,64,47,857,217,20,,,151,0.32,0.419,0.478,0.897,,,,,,,,,,,,,,,,,,,,,,,,,BBWAA,1,0,0,0,0,0,0,0,0,0,0,0,0,0,0,0,Player,128,79.50%
958,Freddie Lindstrom,1,1976,13,0,28.5,6109,,1924,1936,0,28.5,1438,6109,5611,895,1747,301,81,103,779,84,99,334,276,11,35,,146,0.311,0.351,0.449,0.8,,,,,,,,,,,,,,,,,,,,,,,,,Veterans,0,0,0,0,0,1,0,0,0,0,0,0,0,0,0,0,Player,,
252,Hank Greenberg,1,1956,13,0,55.5,6098,,1930,1947,4,55.5,1394,6098,5193,1046,1628,379,71,331,1274,58,30,852,844,82,66,,35,0.313,0.412,0.605,1.017,,,,,,,,,,,,,,,,,,,,,,,,,BBWAA,1,0,0,0,0,0,0,0,0,0,0,0,0,0,0,0,Player,164,85.00%
151,Jackie Robinson,1,1962,11,0,63.9,5941,,1945,1956,7,63.9,1416,5941,4997,972,1563,286,55,141,761,200,76,756,291,61,113,9,105,0.313,0.41,0.477,0.887,,,,,,,,,,,,,,,,,,,,,,,,,BBWAA,1,0,0,0,0,0,0,0,0,0,0,0,0,0,0,0,Player,124,77.50%
357,Buck Ewing,1,1939,18,0,47.9,5772,47,1880,1897,0,48,1315,5772,5363,1129,1625,250,178,71,883,354,,392,294,,,,8,0.303,0.351,0.456,0.807,,,,,,,,,,,,,,,,,,,,,,,,,Old Timers,0,0,0,0,0,0,0,0,0,0,0,0,1,0,0,0,Player,,
504,Roy Campanella,1,1969,18,0,41.8,5727,15.1,1937,1957,11,42,1449,5727,5030,786,1422,232,31,260,1019,38,20,609,501,114,146,18,35,0.283,0.363,0.496,0.859,,,,,,,,,,,,,,,,,,,,,,,,,BBWAA,1,0,0,0,0,0,0,0,0,0,0,0,0,0,0,0,Player,270,79.40%
490,Hughie Jennings,1,1945,18,0,42.3,5648,,1891,1918,0,42.3,1284,5648,4895,992,1526,232,88,18,840,359,0,347,234,,,,119,0.312,0.391,0.406,0.797,,,,,,,,,,,,,,,,,,,,,,,,,Old Timers,0,0,0,0,0,0,0,0,0,0,0,0,1,0,0,0,Player,,
589,Hack Wilson,1,1979,12,0,38.7,5557,,1923,1934,0,38.7,1348,5557,4760,884,1461,266,67,244,1063,52,34,674,713,29,15,,102,0.307,0.395,0.545,0.94,,,,,,,,,,,,,,,,,,,,,,,,,Veterans,0,0,0,0,0,1,0,0,0,0,0,0,0,0,0,0,Player,,
475,Roger Bresnahan,1,1945,17,0,42.9,5389,50.1,1897,1915,0,42.1,1446,5389,4481,682,1252,218,71,26,530,212,4,714,403,,,,112,0.279,0.386,0.377,0.764,,,,,,,,,,,,,,,,,,,,,,,,,Old Timers,0,0,0,0,0,0,0,0,0,0,0,0,1,0,0,0,Player,,
710,Cool Papa Bell,1,1974,21,0,34.7,5361,309.2,1922,1946,8,30.9,1202,5361,4767,1152,1548,262,72,57,596,285,,531,,1,0,0,49,0.325,0.394,0.446,0.84,,,,,,,,,,,,,,,,,,,,,,,,,Negro League,0,0,0,0,0,0,0,0,0,0,0,1,0,0,0,0,Player,,
781,Ross Youngs,1,1972,10,0,32.8,5337,,1917,1926,0,32.8,1211,5337,4627,812,1491,236,93,42,592,153,93,550,390,6,,,119,0.322,0.399,0.441,0.839,,,,,,,,,,,,,,,,,,,,,,,,,Veterans,0,0,0,0,0,1,0,0,0,0,0,0,0,0,0,0,Player,,
399,Frank Chance,1,1946,17,0,46,5138,,1898,1914,0,46,1288,5138,4299,798,1274,200,79,20,596,403,0,556,320,,,,111,0.296,0.394,0.394,0.788,,,,,,,,,,,,,,,,,,,,,,,,,Old Timers,0,0,0,0,0,0,0,0,0,0,0,0,1,0,0,0,Player,,
838,Chick Hafey,1,1971,13,0,31.2,5116,,1924,1937,1,31.2,1283,5116,4625,777,1466,341,67,164,833,70,52,372,477,37,28,,83,0.317,0.372,0.526,0.898,,,,,,,,,,,,,,,,,,,,,,,,,Veterans,0,0,0,0,0,1,0,0,0,0,0,0,0,0,0,0,Player,,
404,John McGraw,1,1937,17,0,45.7,4946,,1891,1907,0,45.7,1100,4946,3924,1024,1309,121,70,13,462,436,,836,155,,,,46,0.334,0.466,0.41,0.876,,,,,,,,,,,,,,,,,,,,,,,,,Centennial,0,0,0,0,0,0,0,0,0,0,0,0,0,1,0,0,Manager,,
331,Willie Wells,1,1997,21,0,49.5,4471,0.2,1924,1948,10,49.5,1039,4471,3920,932,1292,257,65,140,873,160,,487,,0,,,36,0.33,0.407,0.535,0.943,,,,,,,,,,,,,,,,,,,,,,,,,Veterans,0,0,0,0,0,1,0,0,0,0,0,0,0,0,0,0,Player,,
332,Turkey Stearnes,1,2000,18,0,49.5,4279,7,1923,1940,5,49.8,993,4279,3807,917,1326,231,113,187,1009,130,,418,,0,0,,25,0.348,0.417,0.616,1.032,,,,,,,,,,,,,,,,,,,,,,,,,Veterans,0,0,0,0,0,1,0,0,0,0,0,0,0,0,0,0,Player,,
809,Monte Irvin,1,1973,18,0,32.1,4062,,1938,1956,7,32.1,1044,4062,3523,580,1076,155,43,139,684,52,9,474,220,26,81,11,24,0.305,0.391,0.492,0.883,,,,,,,,,,,,,,,,,,,,,,,,,Negro League,0,0,0,0,0,0,0,0,0,0,0,1,0,0,0,0,Player,,
354,Oscar Charleston,1,1976,18,0,48,3885,80.2,1920,1941,3,48.3,918,3885,3317,854,1210,241,80,143,853,210,,478,,0,0,,62,0.365,0.449,0.615,1.064,,,,,,,,,,,,,,,,,,,,,,,,,Negro League,0,0,0,0,0,0,0,0,0,0,0,1,0,0,0,0,Player,,
652,Mule Suttles,1,2006,21,0,36.6,3623,16,1924,1944,5,36.5,909,3623,3220,720,1093,213,75,180,883,85,,370,,2,1,0,18,0.339,0.41,0.62,1.03,,,,,,,,,,,,,,,,,,,,,,,,,Negro League,0,0,0,0,0,0,0,0,0,0,0,1,0,0,0,0,Player,,
764,Jud Wilson,1,2006,21,0,33.3,3563,,1923,1945,3,33.3,911,3563,3082,625,1080,203,50,77,728,104,,416,,1,0,0,26,0.35,0.434,0.524,0.958,,,,,,,,,,,,,,,,,,,,,,,,,Negro League,0,0,0,0,0,0,0,0,0,0,0,1,0,0,0,0,Player,,
3,Cy Young,1,1937,22,0,163.6,3104,7356,1890,1911,0,-2,918,3104,2960,325,623,87,35,18,290,29,,81,381,,,,50,0.21,0.234,0.282,0.516,1890,1911,0,165.55,511,315,0.619,2.63,906,815,84,749,76,18,7356,7092,3167,2147,138,1217,,2803,161,3,BBWAA,1,0,0,0,0,0,0,0,0,0,0,0,0,0,0,0,Player,153,76.10%
90,Pud Galvin,1,1965,15,0,73.4,2788,6003.1,1875,1892,0,-9.8,731,2788,2748,278,552,87,31,5,220,23,0,38,631,,1,,,0.201,0.212,0.261,0.473,1875,1892,0,83.25,365,310,0.541,2.85,705,688,19,646,57,2,6003.1,6405,3352,1903,121,745,,1807,61,2,Veterans,0,0,0,0,0,1,0,0,0,0,0,0,0,0,0,0,Player,,
81,Old Hoss Radbourn,1,1939,12,0,75.4,2654,4527.1,1880,1891,0,2.2,653,2654,2487,308,585,64,11,9,259,26,,158,244,,,,,0.235,0.283,0.281,0.564,1880,1891,0,73.2,310,194,0.615,2.68,527,502,24,488,35,2,4527.1,4328,2273,1347,118,875,,1830,54,0,Old Timers,0,0,0,0,0,0,0,0,0,0,0,0,1,0,0,0,Player,,
885,Buck Leonard,1,1972,14,0,30,2614,,1935,1948,13,30,604,2614,2163,549,748,144,50,97,548,32,,403,,2,2,0,28,0.346,0.453,0.593,1.046,,,,,,,,,,,,,,,,,,,,,,,,,Negro League,0,0,0,0,0,0,0,0,0,0,0,1,0,0,0,0,Player,,
2,Walter Johnson,1,1936,21,0,167.8,2534,5914.1,1907,1927,0,12.7,934,2534,2324,241,547,94,41,24,255,13,4,110,419,0,,,70,0.235,0.274,0.342,0.616,1907,1927,0,155.08,417,279,0.599,2.17,802,666,127,531,110,34,5914.1,4913,1902,1424,97,1363,,3509,205,4,BBWAA,1,0,0,0,0,0,0,0,0,0,0,0,0,0,0,0,Player,189,83.60%
616,Josh Gibson,1,1972,14,0,38.1,2526,1.2,1930,1946,12,38.2,602,2526,2168,612,808,135,58,166,733,40,,336,,11,1,0,18,0.373,0.458,0.718,1.176,,,,,,,,,,,,,,,,,,,,,,,,,Negro League,0,0,0,0,0,0,0,0,0,0,0,1,0,0,0,0,Player,,
180,Bullet Rogan,1,1998,13,0,61.3,2345,1500,1920,1938,1,23.4,681,2345,2052,413,693,106,60,50,419,106,,248,,,,,29,0.338,0.413,0.521,0.934,1920,1938,1,37.84,120,52,0.698,2.65,214,157,18,136,18,16,1500,1330,611,442,22,405,0,918,30,1,Veterans,0,0,0,0,0,1,0,0,0,0,0,0,0,0,0,0,Player,,
167,Mickey Welch,1,1973,13,0,62.3,2286,4802,1880,1892,0,-0.8,607,2286,2201,268,492,93,16,12,202,10,,82,329,,,,,0.224,0.252,0.297,0.549,1880,1892,0,63.11,307,210,0.594,2.71,565,549,16,525,41,4,4802,4588,2556,1447,106,1297,,1850,52,1,Veterans,0,0,0,0,0,1,0,0,0,0,0,0,0,0,0,0,Player,,
17,Kid Nichols,1,1949,15,0,116.3,2264,5067.1,1890,1906,0,-0.4,650,2264,2090,273,472,58,24,16,278,19,,137,343,,,,25,0.226,0.277,0.3,0.577,1890,1906,0,116.71,362,208,0.635,2.96,621,562,56,532,48,16,5067.1,4929,2480,1664,156,1272,,1881,129,1,Old Timers,0,0,0,0,0,0,0,0,0,0,0,0,1,0,0,0,Player,,
50,Tim Keefe,1,1964,14,0,86.9,2262,5049.2,1880,1893,0,-2.3,618,2262,2083,248,390,60,38,12,134,13,,175,411,,,,,0.187,0.252,0.27,0.521,1880,1893,0,89.14,342,225,0.603,2.63,600,594,7,554,39,2,5049.2,4438,2470,1474,75,1233,,2564,98,0,Veterans,0,0,0,0,0,1,0,0,0,0,0,0,0,0,0,0,Player,,
115,Red Ruffing,1,1967,22,0,68.6,2084,4344,1924,1947,6,13.2,882,2084,1937,207,521,98,13,36,273,1,1,97,266,4,13,,44,0.269,0.306,0.389,0.695,1924,1947,6,55.34,273,225,0.548,3.8,624,538,69,335,45,18,4344,4284,2115,1833,254,1541,67,1987,58,7,Run Off,0,0,0,0,0,0,0,0,0,0,0,0,0,0,1,0,Player,266,86.90%
59,John Clarkson,1,1963,12,0,83.2,2060,4536.1,1882,1894,0,-1.8,546,2060,1974,254,432,73,26,24,232,31,,81,382,,,,4,0.219,0.25,0.319,0.569,1882,1894,0,84.98,328,178,0.648,2.81,531,518,12,485,37,5,4536.1,4295,2384,1417,159,1191,,1978,80,0,Veterans,0,0,0,0,0,1,0,0,0,0,0,0,0,0,0,0,Player,,
32,Warren Spahn,1,1973,21,0,100.1,2056,5243.2,1942,1965,17,7.6,783,2056,1872,141,363,57,6,35,189,4,2,94,487,0,23,14,68,0.194,0.234,0.287,0.52,1942,1965,17,92.55,363,245,0.597,3.09,750,665,67,382,63,28,5243.2,4830,2016,1798,434,1434,112,2583,42,5,BBWAA,1,0,0,0,0,0,0,0,0,0,0,0,0,0,0,0,Player,316,83.20%
192,Al Spalding,1,1939,8,0,60.2,1988,2886.1,1871,1878,0,6.8,411,1988,1959,417,613,86,19,2,338,18,3,29,26,,5,,,0.313,0.323,0.379,0.702,1871,1878,0,53.37,251,65,0.794,2.13,347,325,31,279,24,13,2886.1,3280,1790,684,15,164,,248,,2,Old Timers,0,0,0,0,0,0,0,0,0,0,0,0,1,0,0,0,Pioneer/Executive,,
15,Grover Alexander,1,1938,20,0,119.7,1982,5190,1911,1930,0,3.1,703,1982,1810,154,378,60,13,11,163,3,6,77,276,0,,,88,0.209,0.242,0.275,0.517,1911,1930,0,116.64,373,208,0.642,2.56,696,600,81,436,90,32,5190,4868,1852,1476,165,951,8,2198,70,1,BBWAA,1,0,0,0,0,0,0,0,0,0,0,0,0,0,0,0,Player,212,80.90%
182,Early Wynn,1,1972,23,0,61,1904,4564,1939,1963,9,9.4,796,1904,1704,136,365,59,5,17,173,1,0,141,330,1,33,4,52,0.214,0.274,0.285,0.559,1939,1963,9,51.55,300,244,0.551,3.54,691,611,67,289,49,16,4564,4291,2037,1796,338,1775,100,2334,64,2,BBWAA,1,0,0,0,0,0,0,0,0,0,0,0,0,0,0,0,Player,301,76.00%
27,Christy Mathewson,1,1936,17,0,106.7,1900,4788.2,1900,1916,0,6.2,647,1900,1687,151,362,50,12,7,167,20,1,116,218,,,,69,0.215,0.272,0.271,0.543,1900,1916,0,100.47,373,188,0.665,2.13,636,552,73,435,79,30,4788.2,4219,1620,1135,89,848,,2507,59,8,BBWAA,1,0,0,0,0,0,0,0,0,0,0,0,0,0,0,0,Player,205,90.70%
45,Steve Carlton,1,1994,24,0,90.2,1881,5217.2,1965,1988,10,6.1,699,1881,1719,123,346,49,6,13,140,2,2,41,413,0,33,13,94,0.201,0.223,0.259,0.482,1965,1988,10,84.13,329,244,0.574,3.22,741,709,13,254,55,2,5217.2,4672,2130,1864,414,1833,150,4136,53,90,BBWAA,1,0,0,0,0,0,0,0,0,0,0,0,0,0,0,0,Player,436,95.60%
28,Greg Maddux,1,2014,23,0,106.6,1812,5008.1,1986,2008,8,1.8,737,1812,1591,103,272,35,2,5,84,11,3,34,419,0,15,2,180,0.171,0.191,0.205,0.395,1986,2008,8,104.79,355,227,0.61,3.16,744,740,3,109,35,0,5008.1,4726,1981,1756,353,999,177,3371,137,28,BBWAA,1,0,0,0,0,0,0,0,0,0,0,0,0,0,0,0,Player,555,97.20%
51,Robin Roberts,1,1976,19,0,86.2,1784,4688.2,1948,1966,7,3.2,688,1784,1525,107,255,55,10,5,103,3,1,135,372,0,37,6,108,0.167,0.238,0.226,0.464,1948,1966,7,83.06,286,245,0.539,3.41,676,609,49,305,45,25,4688.2,4582,1962,1774,505,902,109,2357,54,3,BBWAA,1,0,0,0,0,0,0,0,0,0,0,0,0,0,0,0,Player,337,86.90%
44,Eddie Plank,1,1946,17,0,91.2,1783,4495.2,1901,1917,0,3.3,630,1783,1607,130,331,39,7,3,122,13,3,71,265,,,,76,0.206,0.25,0.245,0.495,1901,1917,0,87.97,326,194,0.627,2.35,623,529,77,410,69,23,4495.2,3958,1566,1174,42,1072,,2246,190,6,Old Timers,0,0,0,0,0,0,0,0,0,0,0,0,1,0,0,0,Player,,
140,Amos Rusie,1,1977,10,0,65.8,1765,3778.2,1889,1901,0,0.6,487,1765,1730,209,429,42,29,8,176,25,,27,186,,,,2,0.248,0.262,0.32,0.582,1889,1901,0,65.21,246,174,0.586,3.07,463,427,35,393,30,5,3778.2,3389,2068,1288,75,1707,,1950,112,1,Veterans,0,0,0,0,0,1,0,0,0,0,0,0,0,0,0,0,Player,,
98,Ted Lyons,1,1955,21,0,70.7,1729,4161,1923,1946,1,3.9,705,1729,1563,162,364,49,9,5,149,0,1,73,201,0,9,,83,0.233,0.27,0.285,0.556,1923,1946,1,66.77,260,230,0.531,3.67,594,484,91,356,27,25,4161,4489,2056,1696,222,1121,49,1073,31,6,BBWAA,1,0,0,0,0,0,0,0,0,0,0,0,0,0,0,0,Player,217,86.50%
36,Phil Niekro,1,1997,24,0,95.9,1707,5404,1964,1987,5,-1.1,742,1707,1537,80,260,42,1,7,109,0,1,17,314,0,35,12,129,0.169,0.183,0.211,0.395,1964,1987,5,96.97,318,274,0.537,3.35,864,716,83,245,45,29,5404,5044,2337,2012,482,1809,86,3342,123,42,BBWAA,1,0,0,0,0,0,0,0,0,0,0,0,0,0,0,0,Player,380,80.30%
283,Burleigh Grimes,1,1964,19,0,52.9,1687,4180,1916,1934,0,6.2,632,1687,1535,157,380,62,11,2,168,15,6,69,241,0,1,,76,0.248,0.282,0.306,0.588,1916,1934,0,46.7,270,212,0.56,3.53,616,497,95,314,35,18,4180,4412,2050,1638,148,1295,25,1512,101,12,Veterans,0,0,0,0,0,1,0,0,0,0,0,0,0,0,0,0,Player,,
242,Eppa Rixey,1,1963,21,0,55.9,1667,4494.2,1912,1933,0,-1.4,694,1667,1522,95,291,33,4,3,111,2,2,49,220,0,2,,87,0.191,0.221,0.224,0.445,1912,1933,0,57.33,266,251,0.515,3.15,692,554,99,290,37,14,4494.2,4633,1986,1572,93,1082,16,1350,76,10,Veterans,0,0,0,0,0,1,0,0,0,0,0,0,0,0,0,0,Player,,
65,Tom Glavine,1,2014,22,0,80.7,1645,4413.1,1987,2008,10,6.8,688,1645,1323,93,246,25,2,1,90,1,0,101,329,0,14,3,216,0.186,0.244,0.21,0.454,1987,2008,10,73.96,305,203,0.6,3.54,682,682,0,56,25,0,4413.1,4298,1900,1734,356,1500,145,2607,66,7,BBWAA,1,0,0,0,0,0,0,0,0,0,0,0,0,0,0,0,Player,525,91.90%
159,Vic Willis,1,1995,13,0,63.2,1632,3996,1898,1910,0,-3.9,531,1632,1493,107,248,19,4,1,84,3,,81,199,,,,41,0.166,0.213,0.186,0.399,1898,1910,0,67,249,205,0.548,2.63,513,471,41,388,50,11,3996,3621,1620,1167,66,1212,,1651,156,6,Veterans,0,0,0,0,0,1,0,0,0,0,0,0,0,0,0,0,Player,,
152,Clark Griffith,1,1946,21,0,63.8,1590,3385.2,1891,1914,0,3.9,485,1590,1380,202,321,49,17,8,166,22,1,166,126,,,,27,0.233,0.318,0.31,0.628,1891,1914,0,59.88,237,146,0.619,3.31,453,372,78,337,22,8,3385.2,3670,1852,1246,76,774,,955,171,3,Old Timers,0,0,0,0,0,0,0,0,0,0,0,0,1,0,0,0,Pioneer/Executive,,
26,Lefty Grove,1,1947,17,0,106.8,1580,3940.2,1925,1941,6,-6.5,619,1580,1369,119,202,27,5,15,121,1,1,105,593,0,1,,103,0.148,0.209,0.207,0.417,1925,1941,6,113.24,300,141,0.68,3.06,616,457,123,298,35,54,3940.2,3849,1594,1339,162,1187,24,2266,42,1,BBWAA,1,0,0,0,0,0,0,0,0,0,0,0,0,0,0,0,Player,123,76.40%
132,Don Sutton,1,1998,23,0,66.7,1559,5282.1,1966,1988,4,-1.6,611,1559,1354,64,195,15,1,0,64,1,0,60,365,0,29,3,136,0.144,0.183,0.157,0.34,1966,1988,4,68.28,324,256,0.559,3.26,774,756,12,178,58,5,5282.1,4692,2104,1914,472,1343,102,3574,82,21,BBWAA,1,0,0,0,0,0,0,0,0,0,0,0,0,0,0,0,Player,386,81.60%
153,Red Faber,1,1964,20,0,63.8,1559,4086.2,1914,1933,0,-3.6,670,1559,1269,98,170,21,2,3,71,7,0,169,479,0,,,104,0.134,0.24,0.161,0.401,1914,1933,0,67.39,254,213,0.544,3.15,669,483,134,273,29,27,4086.2,4106,1813,1430,111,1213,10,1471,103,2,Veterans,0,0,0,0,0,1,0,0,0,0,0,0,0,0,0,0,Player,,
22,Tom Seaver,1,1992,20,0,109.9,1552,4783,1967,1986,12,3.9,582,1552,1315,99,202,28,5,12,86,4,0,108,485,0,22,4,121,0.154,0.219,0.21,0.429,1967,1986,12,106.07,311,205,0.603,2.86,656,647,6,231,61,1,4783,3971,1674,1521,380,1390,116,3640,76,8,BBWAA,1,0,0,0,0,0,0,0,0,0,0,0,0,0,0,0,Player,425,98.80%
307,Theodore Breitenstein,1,1945,11,0,50.6,1538,2973.1,,,,,,,,,,,,,,,,,,,,,,,,,,,,,,,,,,,,,,,,,,,,,,,,,,,,,,,,,,,,,,,,,,,,,
47,Bob Gibson,1,1981,17,0,89.2,1489,3884.1,1959,1975,9,7.5,596,1489,1328,132,274,44,5,24,144,13,10,63,415,0,13,18,72,0.206,0.243,0.301,0.545,1959,1975,9,81.66,251,174,0.591,2.91,528,482,21,255,56,6,3884.1,3279,1420,1258,257,1336,118,3117,102,13,BBWAA,1,0,0,0,0,0,0,0,0,0,0,0,0,0,0,0,Player,337,84.00%
157,Bob Feller,1,1962,18,0,63.4,1486,3827,1936,1956,8,-1.8,570,1486,1282,99,193,28,13,8,99,1,2,100,505,0,15,0,100,0.151,0.214,0.211,0.425,1936,1956,8,65.2,266,162,0.621,3.25,570,484,52,279,44,22,3827,3271,1557,1384,224,1764,89,2581,60,13,BBWAA,1,0,0,0,0,0,0,0,0,0,0,0,0,0,0,0,Player,150,93.80%
422,Herb Pennock,1,1948,22,0,45,1427,3571.2,1912,1934,0,0.8,620,1427,1214,108,232,33,4,4,103,1,0,94,178,0,,,111,0.191,0.253,0.235,0.488,1912,1934,0,44.18,241,162,0.598,3.6,617,419,135,249,35,37,3571.2,3900,1699,1428,128,916,18,1227,36,6,BBWAA,1,0,0,0,0,0,0,0,0,0,0,0,0,0,0,0,Player,94,77.70%
204,Joe McGinnity,1,1946,10,0,59,1424,3441.1,1899,1908,0,-2.9,477,1424,1297,109,251,21,10,0,90,26,,34,158,,,,81,0.194,0.221,0.225,0.446,1899,1908,0,61.91,246,142,0.634,2.66,465,381,73,314,32,24,3441.1,3276,1436,1016,52,812,,1068,179,4,Old Timers,0,0,0,0,0,0,0,0,0,0,0,0,1,0,0,0,Player,,
288,Waite Hoyt,1,1969,21,0,52.4,1423,3762.1,1918,1938,0,-1.8,674,1423,1287,96,255,26,11,0,100,0,1,40,161,0,10,,91,0.198,0.223,0.235,0.458,1918,1938,0,54.14,237,182,0.566,3.59,674,425,172,226,26,53,3762.1,4037,1780,1500,154,1003,24,1206,49,5,Veterans,0,0,0,0,0,1,0,0,0,0,0,0,0,0,0,0,Player,,
610,Ray Brown,1,2006,14,0,38.2,1407,1480.2,1931,1945,2,6.5,429,1407,1260,193,335,74,21,25,197,10,,123,,2,0,0,23,0.266,0.332,0.417,0.749,1931,1945,2,31.69,119,46,0.721,3.12,216,157,35,140,18,16,1480.2,1400,648,514,33,415,0,719,24,2,Negro League,0,0,0,0,0,0,0,0,0,0,0,1,0,0,0,0,Player,,
202,Jim Bunning,1,1996,17,0,59.4,1401,3760.1,1955,1971,9,-0.9,601,1401,1275,82,213,21,4,7,75,0,2,34,362,0,36,6,85,0.167,0.188,0.206,0.395,1955,1971,9,60.33,224,184,0.549,3.27,591,519,39,151,40,16,3760.1,3433,1527,1366,372,1000,98,2855,160,8,Veterans,0,0,0,0,0,1,0,0,0,0,0,0,0,0,0,0,Player,,
118,Carl Hubbell,1,1947,16,0,68.5,1397,3590.1,1928,1943,9,-0.4,535,1397,1288,95,246,30,2,4,101,1,2,33,172,0,12,,75,0.191,0.212,0.227,0.439,1928,1943,9,68.83,253,154,0.622,2.98,535,433,82,260,36,33,3590.1,3461,1380,1188,227,725,68,1677,53,1,BBWAA,1,0,0,0,0,0,0,0,0,0,0,0,0,0,0,0,Player,140,87.00%
309,Jim Kaat,1,2022,25,0,50.5,1363,4530.1,1959,1983,3,5.3,840,1363,1251,117,232,44,5,16,106,5,1,63,367,1,14,7,34,0.185,0.227,0.267,0.494,1959,1983,3,45.24,283,237,0.544,3.45,898,625,102,180,31,17,4530.1,4620,2038,1738,395,1083,116,2461,122,6,Golden Days Era,0,0,1,0,0,0,0,0,0,0,0,0,0,0,0,0,Player,12,75.00%
162,Juan Marichal,1,1983,16,0,62.8,1343,3507,1960,1975,10,1,464,1343,1221,73,202,29,2,4,75,2,5,38,269,0,20,7,71,0.165,0.191,0.202,0.393,1960,1975,10,61.78,243,142,0.631,2.89,471,457,11,244,52,2,3507,3153,1329,1126,320,709,82,2303,40,20,BBWAA,1,0,0,0,0,0,0,0,0,0,0,0,0,0,0,0,Player,313,83.70%
349,Bob Lemon,1,1976,15,0,48.2,1330,2850,1941,1958,7,10.7,615,1330,1183,148,274,54,9,37,147,2,1,93,241,0,9,3,49,0.232,0.288,0.386,0.674,1941,1958,7,37.54,207,128,0.618,3.23,460,350,73,188,31,22,2850,2559,1185,1024,180,1251,55,1277,57,2,BBWAA,1,0,0,0,0,0,0,0,0,0,0,0,0,0,0,0,Player,305,78.60%
130,Don Drysdale,1,1984,14,0,67.1,1309,3432,1956,1969,9,5.8,547,1309,1169,96,218,26,7,29,113,0,2,60,370,0,34,6,69,0.186,0.228,0.295,0.523,1956,1969,9,61.35,209,166,0.557,2.95,518,465,34,167,49,6,3432,3084,1292,1124,280,855,123,2486,154,10,BBWAA,1,0,0,0,0,0,0,0,0,0,0,0,0,0,0,0,Player,316,78.40%
361,Charles Bender,1,1953,16,0,47.8,1286,3017,1903,1925,0,5.2,507,1286,1147,102,243,40,10,6,116,20,2,75,160,0,,,42,0.212,0.266,0.28,0.546,1903,1925,0,42.62,212,127,0.625,2.46,459,334,112,255,40,34,3017,2645,1108,823,40,712,,1711,102,10,Veterans,0,0,0,0,0,1,0,0,0,0,0,0,0,0,0,0,Player,,
217,Mordecai Brown,1,1949,14,0,58,1244,3172.1,1903,1916,0,1.1,493,1244,1143,93,235,20,11,2,73,8,0,44,199,,,,49,0.206,0.236,0.248,0.483,1903,1916,0,56.92,239,130,0.648,2.06,481,332,138,271,55,49,3172.1,2708,1044,725,43,673,,1375,61,4,Old Timers,0,0,0,0,0,0,0,0,0,0,0,0,1,0,0,0,Player,,
46,Gaylord Perry,1,1991,22,0,90,1220,5350,1962,1983,5,-3,512,1220,1076,48,141,17,0,6,47,0,0,22,369,0,20,3,113,0.131,0.153,0.164,0.316,1962,1983,5,93.02,314,265,0.542,3.11,777,690,33,303,53,10,5350,4938,2128,1846,399,1379,164,3534,108,6,BBWAA,1,0,0,0,0,0,0,0,0,0,0,0,0,0,0,0,Player,342,77.20%
782,Jesse Haines,1,1970,19,0,32.8,1215,3208.2,1918,1937,0,-3,560,1215,1124,76,209,23,2,3,79,2,1,30,246,0,1,,59,0.186,0.208,0.218,0.426,1918,1937,0,35.74,210,158,0.571,3.64,555,387,96,209,23,11,3208.2,3460,1556,1298,165,871,39,981,57,6,Veterans,0,0,0,0,0,1,0,0,0,0,0,0,0,0,0,0,Player,,
230,Whitey Ford,1,1974,16,0,57,1208,3170.1,1950,1967,10,3.5,500,1208,1023,91,177,19,0,3,69,3,2,113,224,0,10,4,65,0.173,0.256,0.2,0.457,1950,1967,10,53.5,236,106,0.69,2.75,498,438,35,156,45,11,3170.1,2766,1107,967,228,1086,49,1956,28,5,BBWAA,1,0,0,0,0,0,0,0,0,0,0,0,0,0,0,0,Player,284,77.80%
798,Rube Marquard,1,1971,18,0,32.4,1197,3306.2,1908,1925,0,-2.3,536,1197,1107,63,198,17,3,1,66,6,2,33,208,0,,,48,0.179,0.207,0.202,0.41,1908,1925,0,34.72,201,177,0.532,3.08,536,408,82,197,30,20,3306.2,3233,1443,1130,107,858,,1593,39,5,Veterans,0,0,0,0,0,1,0,0,0,0,0,0,0,0,0,0,Player,,
174,Stan Coveleski,1,1969,14,0,61.9,1196,3082,1912,1928,0,-5,451,1196,1058,70,168,26,10,1,81,0,1,53,309,0,,,72,0.159,0.202,0.205,0.407,1912,1928,0,66.91,215,142,0.602,2.89,450,385,52,223,38,21,3082,3055,1227,990,66,802,0,981,30,1,Veterans,0,0,0,0,0,1,0,0,0,0,0,0,0,0,0,0,Player,,
134,Ed Walsh,1,1946,14,0,66.5,1173,2964.1,1904,1917,0,2.1,459,1173,1085,92,210,38,10,3,68,14,1,46,282,,,,30,0.194,0.231,0.255,0.486,1904,1917,0,64.42,195,126,0.607,1.82,430,315,105,250,57,35,2964.1,2346,873,598,23,617,,1736,52,9,Old Timers,0,0,0,0,0,0,0,0,0,0,0,0,1,0,0,0,Player,,
111,John Smoltz,1,2015,21,0,69,1167,3473,1988,2009,8,2.6,709,1167,948,77,151,26,2,5,61,3,2,79,365,0,15,1,136,0.159,0.226,0.207,0.433,1988,2009,8,66.4,213,155,0.579,3.33,723,481,204,53,16,154,3473,3074,1391,1284,288,1010,84,3084,57,16,BBWAA,1,0,0,0,0,0,0,0,0,0,0,0,0,0,0,0,Player,455,82.90%
163,Hal Newhouser,1,1992,17,0,62.8,1160,2993,1939,1955,6,2.7,492,1160,999,70,201,22,2,2,81,3,3,89,150,0,24,0,72,0.201,0.267,0.233,0.5,1939,1955,6,60.07,207,150,0.58,3.06,488,374,79,212,33,26,2993,2674,1197,1016,136,1249,47,1796,19,7,Veterans,0,0,0,0,0,1,0,0,0,0,0,0,0,0,0,0,Player,,
477,Jack Chesbro,1,1946,11,0,42.7,1155,2896.2,1899,1909,0,0.2,393,1155,1103,85,217,37,13,5,82,5,,25,269,,,,21,0.197,0.216,0.267,0.483,1899,1909,0,42.47,198,132,0.6,2.68,392,332,52,260,35,5,2896.2,2647,1206,864,39,690,,1265,113,2,Old Timers,0,0,0,0,0,0,0,0,0,0,0,0,1,0,0,0,Player,,
215,Rube Waddell,1,1946,13,0,58.4,1139,2961.1,1897,1910,0,-2.5,410,1139,1066,61,172,29,10,4,83,6,,42,300,,,,23,0.161,0.197,0.219,0.416,1897,1910,0,60.86,193,143,0.574,2.16,407,340,54,261,50,5,2961.1,2460,1063,711,37,803,,2316,115,3,Old Timers,0,0,0,0,0,0,0,0,0,0,0,0,1,0,0,0,Player,,
189,Dazzy Vance,1,1955,16,0,60.4,1114,2966.2,1915,1935,0,-2.6,442,1114,971,68,146,23,1,7,75,1,0,79,287,0,4,,55,0.15,0.219,0.198,0.417,1915,1935,0,62.94,197,140,0.585,3.24,442,349,52,217,29,12,2966.2,2809,1246,1068,132,840,29,2045,77,2,BBWAA,1,0,0,0,0,0,0,0,0,0,0,0,0,0,0,0,Player,205,81.70%
655,Candy Cummings,1,1939,6,0,36.5,1084,2149.2,1872,1877,0,-2.1,247,1084,1068,149,227,29,9,0,107,3,2,16,51,,4,,,0.213,0.224,0.257,0.481,1872,1877,0,38.59,145,94,0.607,2.42,242,241,2,233,19,0,2149.2,2526,1450,579,12,113,,259,,0,Old Timers,0,0,0,0,0,0,0,0,0,0,0,0,1,0,0,0,Pioneer/Executive,,
590,Lefty Gomez,1,1972,14,0,38.7,1024,2503,1930,1943,7,-4.5,368,1024,904,59,133,11,0,0,58,1,1,50,252,0,5,,68,0.147,0.194,0.159,0.353,1930,1943,7,43.21,189,102,0.649,3.34,368,320,31,173,28,10,2503,2290,1091,930,138,1095,34,1468,19,0,Veterans,0,0,0,0,0,1,0,0,0,0,0,0,0,0,0,0,Player,,
56,Fergie Jenkins,1,1991,19,0,84.1,1010,4500.2,1965,1983,3,2,413,1010,896,54,148,27,6,13,85,0,1,41,326,0,9,7,66,0.165,0.2,0.252,0.452,1965,1983,3,82.16,284,226,0.557,3.34,664,594,37,267,49,7,4500.2,4142,1853,1669,484,997,116,3192,84,18,BBWAA,1,0,0,0,0,0,0,0,0,0,0,0,0,0,0,0,Player,334,75.40%
62,Nolan Ryan,1,1999,27,0,81.3,957,5386,1966,1993,8,-2.3,427,957,852,40,94,10,2,2,36,3,3,38,371,0,11,2,65,0.11,0.148,0.134,0.282,1966,1993,8,83.6,324,292,0.526,3.19,807,773,13,222,61,3,5386,3923,2178,1911,321,2795,78,5714,158,33,BBWAA,1,0,0,0,0,0,0,0,0,0,0,0,0,0,0,0,Player,491,98.80%
413,Addie Joss,1,1978,9,0,45.3,919,2327,1902,1910,0,-2.3,296,919,817,46,118,21,6,1,51,10,,54,297,,,,39,0.144,0.198,0.188,0.387,1902,1910,0,47.67,160,97,0.623,1.89,286,260,22,234,45,5,2327,1888,730,488,19,364,,920,58,1,Veterans,0,0,0,0,0,1,0,0,0,0,0,0,0,0,0,0,Player,,
339,Sandy Koufax,1,1972,12,0,48.9,858,2324.1,1955,1966,7,-4.2,397,858,776,26,75,9,0,2,28,0,1,43,386,0,10,3,35,0.097,0.145,0.116,0.261,1955,1966,7,53.08,165,87,0.655,2.76,397,314,44,137,40,9,2324.1,1754,806,713,204,817,48,2396,18,7,BBWAA,1,0,0,0,0,0,0,0,0,0,0,0,0,0,0,0,Player,344,86.90%
394,Dizzy Dean,1,1953,12,0,46.2,766,1967.1,1930,1947,4,2.3,325,766,717,76,161,23,4,8,76,5,3,9,104,0,12,,39,0.225,0.235,0.301,0.536,1930,1947,4,43.91,150,83,0.644,3.02,317,230,77,154,26,31,1967.1,1919,774,661,95,453,47,1163,27,5,BBWAA,1,0,0,0,0,0,0,0,0,0,0,0,0,0,0,0,Player,209,79.20%
527,Catfish Hunter,1,1987,15,0,40.9,710,3449.1,1965,1979,8,4.6,304,710,658,60,149,16,3,6,51,2,0,8,160,0,10,5,39,0.226,0.234,0.287,0.521,1965,1979,8,36.31,224,166,0.574,3.26,500,476,6,181,42,1,3449.1,2958,1380,1248,374,954,57,2012,49,7,BBWAA,1,0,0,0,0,0,0,0,0,0,0,0,0,0,0,0,Player,315,76.30%
380,Satchel Paige,1,1971,22,0,46.9,708,1751.2,1927,1965,8,0,422,708,672,51,137,6,8,1,49,7,0,14,32,0,5,0,21,0.204,0.221,0.241,0.462,1927,1965,8,46.91,124,82,0.602,2.73,403,198,114,96,22,44,1751.2,1466,661,531,44,463,33,1501,27,5,Negro League,0,0,0,0,0,0,0,0,0,0,0,1,0,0,0,0,Player,,
30,Randy Johnson,1,2015,22,0,101.1,691,4135.1,1988,2009,10,-2.5,273,691,625,20,78,14,0,1,40,0,0,19,296,0,10,1,44,0.125,0.153,0.152,0.305,1988,2009,10,103.53,303,166,0.646,3.29,618,603,7,100,37,2,4135.1,3346,1703,1513,411,1497,37,4875,190,33,BBWAA,1,0,0,0,0,0,0,0,0,0,0,0,0,0,0,0,Player,534,97.30%
378,Bill Foster,1,1996,14,0,47,623,1499.2,1923,1937,2,1.4,264,623,577,68,126,11,6,4,49,1,,35,,0,,,11,0.218,0.263,0.279,0.542,1923,1937,2,45.58,110,56,0.663,2.63,238,165,13,127,31,12,1499.2,1281,574,438,25,477,1,922,38,0,Veterans,0,0,0,0,0,1,0,0,0,0,0,0,0,0,0,0,Player,,
119,Jim Palmer,1,1990,19,0,68.5,537,3948,1965,1984,6,0.9,222,537,489,52,85,9,1,3,41,1,0,16,207,0,1,1,31,0.174,0.2,0.215,0.414,1965,1984,6,67.55,268,152,0.638,2.86,558,521,15,211,53,4,3948,3349,1395,1253,303,1311,37,2212,38,11,BBWAA,1,0,0,0,0,0,0,0,0,0,0,0,0,0,0,0,Player,411,92.60%
57,Pedro Martínez,1,2015,18,0,83.9,518,2827.1,1992,2009,8,-2.2,277,518,434,22,43,6,2,0,18,0,0,15,190,0,5,3,63,0.099,0.134,0.122,0.256,1992,2009,8,86.08,219,100,0.687,2.93,476,409,23,46,17,3,2827.1,2221,1006,919,239,760,30,3154,141,6,BBWAA,1,0,0,0,0,0,0,0,0,0,0,0,0,0,0,0,Player,500,91.10%
38,Bert Blyleven,1,2011,22,0,94.5,514,4970,1970,1992,2,-1.6,218,514,451,19,59,7,0,0,25,0,0,5,193,0,4,0,56,0.131,0.144,0.146,0.29,1970,1992,2,96.09,287,250,0.534,3.31,692,685,3,242,60,0,4970,4632,2029,1830,430,1322,71,3701,155,19,BBWAA,1,0,0,0,0,0,0,0,0,0,0,0,0,0,0,0,Player,463,79.70%
382,Hoyt Wilhelm,1,1985,21,0,46.8,493,2254.1,1952,1972,8,-2.9,1070,493,432,24,38,3,1,1,21,0,1,26,166,0,8,1,34,0.088,0.139,0.106,0.246,1952,1972,8,49.73,143,122,0.54,2.52,1070,52,651,20,5,228,2254.1,1757,773,632,150,778,79,1610,62,4,BBWAA,1,0,0,0,0,0,0,0,0,0,0,0,0,0,0,0,Player,331,83.80%
149,Roy Halladay,1,2019,16,0,64.2,305,2749.1,1998,2013,8,-1.1,115,305,275,15,34,2,0,0,12,0,0,4,137,0,2,0,26,0.124,0.136,0.131,0.267,1998,2013,8,65.38,203,105,0.659,3.38,416,390,6,67,20,1,2749.1,2646,1135,1034,236,592,28,2117,81,9,BBWAA,1,0,0,0,0,0,0,0,0,0,0,0,0,0,0,0,Player,363,85.40%
173,Dennis Eckersley,1,2004,24,0,62.1,196,3285.2,1975,1998,6,-0.2,218,196,181,9,24,3,0,3,12,0,0,9,84,0,1,1,5,0.133,0.173,0.199,0.372,1975,1998,6,62.23,197,171,0.535,3.5,1071,361,577,100,20,390,3285.2,3076,1382,1278,347,738,91,2401,75,16,BBWAA,1,0,0,0,0,0,0,0,0,0,0,0,0,0,0,0,Player,421,83.20%
521,Rich Gossage,1,2008,22,0,41.2,93,1809.1,1972,1994,9,-0.5,388,93,85,1,9,1,0,0,2,0,0,4,37,0,2,0,4,0.106,0.146,0.118,0.264,1972,1994,9,41.64,124,107,0.537,3.01,1002,37,681,16,0,310,1809.1,1497,670,605,119,732,90,1502,47,5,BBWAA,1,0,0,0,0,0,0,0,0,0,0,0,0,0,0,0,Player,466,85.80%
935,Lee Smith,1,2019,18,0,28.9,71,1289.1,1980,1997,7,-0.5,770,71,64,2,3,0,0,1,2,0,0,3,42,0,0,0,4,0.047,0.09,0.094,0.183,1980,1997,7,29.33,71,92,0.436,3.03,1022,6,802,0,0,478,1289.1,1133,475,434,89,486,100,1251,10,4,Today's Game Era,0,0,0,1,0,0,0,0,0,0,0,0,0,0,0,0,Player,16,100.00%
60,Mike Mussina,1,2019,18,0,82.8,54,3562.2,1991,2008,5,0,22,54,52,3,9,1,0,0,5,0,0,1,9,0,0,0,1,0.173,0.189,0.192,0.381,1991,2008,5,82.78,270,153,0.638,3.68,537,536,0,57,23,0,3562.2,3460,1559,1458,376,785,29,2813,60,1,BBWAA,1,0,0,0,0,0,0,0,0,0,0,0,0,0,0,0,Player,326,76.70%
984,Trevor Hoffman,1,2018,18,0,28,36,1089.1,1993,2010,7,-0.2,1007,36,34,1,4,2,0,0,5,0,0,0,11,0,0,0,2,0.118,0.118,0.176,0.294,1993,2010,7,28.12,61,75,0.449,2.87,1035,0,856,0,0,601,1089.1,846,378,347,100,307,58,1133,9,0,BBWAA,1,0,0,0,0,0,0,0,0,0,0,0,0,0,0,0,Player,337,79.90%
236,Mariano Rivera,1,2019,19,0,56.3,4,1283.2,1995,2013,13,0,73,4,3,0,0,0,0,0,1,0,0,1,1,0,0,0,0,0,0.25,0,0.25,1995,2013,13,56.27,82,60,0.577,2.21,1115,10,952,0,0,652,1283.2,998,340,315,71,286,41,1173,46,3,BBWAA,1,0,0,0,0,0,0,0,0,0,0,0,0,0,0,0,Player,425,100.00%
462,Jack Morris,1,2018,18,0,43.5,1,3824,1977,1994,5,-0.1,23,1,1,4,0,0,0,0,0,0,0,0,0,0,0,0,0,0,0,0,0,1977,1994,5,43.61,254,186,0.577,3.9,549,527,10,175,28,0,3824,3567,1815,1657,389,1390,99,2478,58,27,Modern Baseball Era,0,1,0,0,0,0,0,0,0,0,0,0,0,0,0,0,Player,14,87.50%
29,Albert Pujols,0,0,22,0,101.2,13041,1,,,,,3080,13041,11421,1914,3384,686,16,703,2218,117,43,1373,1404,316,426,123,1,0.296296296,0.374204432,0.543822783,0.918027215,,,,,0,0,,36,1,0,1,0,0,0,1,3,4,4,2,1,0,0,0,0,,,,,,,,,,,,,,,,,,,,
4,Barry Bonds,0,0,22,0,162.8,12606,,,,,,2986,12606,9847,2227,2935,601,77,762,1996,514,141,2558,1539,688,165,91,4,0.298060323,0.444153578,0.606885346,1.051038924,,,,,,,,,,,,,,,,,,,,,,,,,,,,,,,,,,,,,,,,,,,,
16,Alex Rodriguez,0,0,22,0,117.4,12207,,,,,,2784,12207,10566,2021,3115,548,31,696,2086,329,76,1338,2287,97,261,111,16,0.294813553,0.379208651,0.550160893,0.929369544,,,,,,,,,,,,,,,,,,,,,,,,,,,,,,,,,,,,,,,,,,,,
95,Rafael Palmeiro,0,0,20,0,71.9,12046,,,,,,2831,12046,10472,1663,3020,585,38,569,1835,97,40,1353,1348,172,232,119,15,0.288388083,0.370247385,0.514514897,0.884762282,,,,,,,,,,,,,,,,,,,,,,,,,,,,,,,,,,,,,,,,,,,,
406,Omar Vizquel,0,0,24,0,45.6,12013,,,,,,2968,12013,10586,1445,2877,456,77,80,951,404,167,1028,1087,25,207,94,256,0.271774041,0.329143428,0.35206877,0.681212198,,,,,,,,,,,,,,,,,,,,,,,,,,,,,,,,,,,,,,,,,,,,
128,Miguel Cabrera,0,0,21,0,67.2,11796,,,,,,2797,11796,10356,1551,3174,627,17,511,1881,40,21,1258,2105,238,364,103,5,0.306488992,0.381993896,0.518346852,0.900340748,,,,,,,,,,,,,,,,,,,,,,,,,,,,,,,,,,,,,,,,,,,,
401,Rusty Staub,0,0,23,0,45.8,11229,,,,,,2951,11229,9720,1189,2716,499,47,292,1466,47,33,1255,888,193,297,119,56,0.279423868,0.360673257,0.430555556,0.791228813,,,,,,,,,,,,,,,,,,,,,,,,,,,,,,,,,,,,,,,,,,,,
186,Gary Sheffield,0,0,22,0,60.5,10947,,,,,,2576,10947,9217,1636,2689,467,27,509,1676,253,104,1475,1171,130,235,111,9,0.291743517,0.392710332,0.51394163,0.906651962,,,,,,,,,,,,,,,,,,,,,,,,,,,,,,,,,,,,,,,,,,,,
237,Johnny Damon,0,0,18,0,56.3,10917,,,,,,2490,10917,9736,1668,2769,522,109,235,1139,408,103,1003,1257,38,93,71,57,0.284408381,0.35009618,0.432826623,0.782922803,,,,,,,,,,,,,,,,,,,,,,,,,,,,,,,,,,,,,,,,,,,,
212,Darrell Evans,0,0,21,0,58.7,10737,,,,,,2687,10737,8973,1344,2223,329,36,414,1354,98,68,1605,1410,141,133,90,34,0.24774323,0.359783925,0.4308481,0.790632025,,,,,,,,,,,,,,,,,,,,,,,,,,,,,,,,,,,,,,,,,,,,
129,Dwight Evans,0,0,20,0,67.2,10569,,,,,,2606,10569,8996,1470,2446,483,73,385,1384,78,59,1391,1697,60,227,77,52,0.271898622,0.368057527,0.470208982,0.838266509,,,,,,,,,,,,,,,,,,,,,,,,,,,,,,,,,,,,,,,,,,,,
294,Luis Gonzalez,0,0,19,0,51.7,10531,,,,,,2591,10531,9157,1412,2591,596,68,354,1439,128,87,1155,1218,150,212,98,10,0.282952932,0.366252018,0.478868625,0.845120643,,,,,,,,,,,,,,,,,,,,,,,,,,,,,,,,,,,,,,,,,,,,
448,Steve Finley,0,0,19,0,44.2,10460,1,,,,,2583,10460,9397,1443,2548,449,124,304,1167,320,118,844,1299,69,152,75,91,0.271150367,0.329349904,0.442375226,0.77172513,,,,,0,0,,0,1,0,1,0,0,0,1,0,0,0,0,1,0,0,1,0,,,,,,,,,,,,,,,,,,,,
83,Bill Dahle,0,0,21,0,75.2,10440,,,,,,2444,10405,9036,1590,2461,413,163,84,1234,548,0,1064,759,0,0,0,165,0.272355024,0.352234503,0.382027446,0.734261949,,,,,,,,,,,,,,,,,,,,,,,,,,,,,,,,,,,,,,,,,,,,
264,Vada Pinson,0,0,18,0,54.1,10405,,,,,,2469,10403,9645,1365,2757,485,127,256,1169,305,122,574,1196,69,164,78,52,0.285847589,0.325386908,0.442094349,0.767481257,,,,,,,,,,,,,,,,,,,,,,,,,,,,,,,,,,,,,,,,,,,,
358,Jimmy Rollins,0,0,17,0,47.9,10240,,,,,,2275,10240,9294,1421,2455,511,115,231,936,470,105,813,1264,52,136,53,42,0.264148913,0.322851563,0.418442006,0.741293569,,,,,,,,,,,,,,,,,,,,,,,,,,,,,,,,,,,,,,,,,,,,
125,Graig Nettles,0,0,22,0,68,10228,,,,,,2700,10226,8986,1193,2225,328,28,390,1314,32,36,1088,1209,94,197,90,12,0.247607389,0.328867592,0.420543067,0.749410659,,,,,,,,,,,,,,,,,,,,,,,,,,,,,,,,,,,,,,,,,,,,
193,Bobby Abreu,0,0,18,0,60.2,10081,,,,,,2425,10081,8480,1453,2470,574,59,288,1363,400,128,1476,1840,115,165,85,7,0.291273585,0.394702906,0.474764151,0.869467057,,,,,,,,,,,,,,,,,,,,,,,,,,,,,,,,,,,,,,,,,,,,
602,Chili Davis,0,0,19,0,38.4,9997,2,,,,,2436,9996,8673,1240,2380,424,30,350,1372,142,98,1194,1698,188,232,94,20,0.274414851,0.359043617,0.451285599,0.810329216,,,,,0,0,,0,1,0,1,0,0,0,2,0,0,0,0,0,0,0,1,0,,,,,,,,,,,,,,,,,,,,
86,Lou Whitake,0,0,19,0,75.1,9967,,,,,,2390,9967,8570,1386,2369,420,65,244,1084,143,75,1197,1099,79,143,91,89,0.276429405,0.359787298,0.426021004,0.785808302,,,,,,,,,,,,,,,,,,,,,,,,,,,,,,,,,,,,,,,,,,,,
689,Mickey Vernon,0,0,20,0,35.3,9839,,,,,,2409,9834,8731,1196,2495,490,120,172,1311,137,90,955,869,22,183,19,80,0.285763372,0.355806386,0.428473256,0.784279642,,,,,,,,,,,,,,,,,,,,,,,,,,,,,,,,,,,,,,,,,,,,
184,Willie Davis,0,0,18,0,60.8,9822,,,,,,2,2,1,1,0,0,0,0,0,0,0,0,0,0,0,0,0,0,0.5,0,0.5,,,,,1,1,0.5,8.31,2,0,1,0,0,0,4.333333333,8,4,4,0,2,0,1,0,0,,,,,,,,,,,,,,,,,,,,
496,Gary Gaetti,0,0,20,0,42.1,9817,2.1,,,,,2507,9817,8951,1130,2280,443,39,360,1341,96,65,634,1602,57,236,104,32,0.254720143,0.306610981,0.43358284,0.740193821,,,,,0,0,,18,3,0,3,0,0,0,2.333333333,5,2,2,1,1,0,1,1,0,,,,,,,,,,,,,,,,,,,,
457,Al Oliver,0,0,18,0,43.7,9778,,,,,,2368,9778,9049,1189,2743,529,77,219,1326,84,64,535,756,119,254,95,17,0.303127417,0.343628554,0.451210078,0.794838632,,,,,,,,,,,,,,,,,,,,,,,,,,,,,,,,,,,,,,,,,,,,
109,Manny Ramirez,0,0,19,0,69.3,9774,,,,,,184,333,286,33,55,8,3,4,28,0,0,41,64,3,5,1,4,0.192307692,0.291291291,0.283216783,0.574508074,,,,,,,,,,,,,,,,,,,,,,,,,,,,,,,,,,,,,,,,,,,,
459,Julio Franco,0,0,23,0,43.6,9731,,,,,,2527,9731,8677,1285,2586,407,54,173,1194,281,107,917,1341,67,312,80,19,0.298029273,0.363888603,0.417194883,0.781083486,,,,,,,,,,,,,,,,,,,,,,,,,,,,,,,,,,,,,,,,,,,,
338,Andrew McCutchen,0,0,17,1,49,9707,,,,,,2262,9705,8350,1290,2266,451,50,332,1152,220,90,1183,1893,74,147,75,3,0.271377246,0.365069552,0.456646707,0.821716259,,,,,,,,,,,,,,,,,,,,,,,,,,,,,,,,,,,,,,,,,,,,
308,Torii Hunter,0,0,19,0,50.6,9692,,,,,,2372,9692,8857,1296,2452,498,39,353,1391,195,99,661,1741,52,262,71,6,0.276843175,0.331200991,0.461442926,0.792643917,,,,,,,,,,,,,,,,,,,,,,,,,,,,,,,,,,,,,,,,,,,,
551,Dave Concepción,0,0,19,0,40.1,9641,1.1,,,,,2488,9640,8723,993,2326,389,48,101,950,321,109,736,1186,93,266,86,74,0.266651381,0.319813278,0.356987275,0.676800553,,,,,0,0,,0,1,0,1,0,0,0,1.333333333,2,0,0,0,0,0,1,0,0,,,,,,,,,,,,,,,,,,,,
279,Bert Campaneris,0,0,19,0,53.1,9625,1,,,,,2328,9625,8684,1181,2249,313,86,79,646,649,199,618,1142,15,106,60,199,0.258982036,0.304519481,0.342123445,0.646642926,,,,,0,0,,9,1,0,0,0,0,0,1,1,1,1,0,2,0,1,0,0,,,,,,,,,,,,,,,,,,,,
329,Brett Butler,0,0,17,0,49.7,9545,,,,,,2213,9545,8180,1359,2375,277,131,54,578,558,257,1129,907,23,62,51,147,0.290342298,0.371084337,0.37603912,0.747123457,,,,,,,,,,,,,,,,,,,,,,,,,,,,,,,,,,,,,,,,,,,,
985,Paul Konerko,0,0,18,0,28,9505,,,,,,2349,9505,8393,1162,2340,410,8,439,1412,9,4,921,1391,80,282,86,1,0.278803765,0.354024198,0.486476826,0.840501024,,,,,,,,,,,,,,,,,,,,,,,,,,,,,,,,,,,,,,,,,,,,
617,Steve Garvey,0,0,19,0,38.1,9466,,,,,,2332,9466,8835,1143,2599,440,43,272,1308,83,62,479,1003,113,251,90,33,0.294170911,0.32822734,0.44606678,0.77429412,,,,,,,,,,,,,,,,,,,,,,,,,,,,,,,,,,,,,,,,,,,,
139,Willie Randolph,0,0,18,0,65.9,9462,,,,,,2202,9462,8018,1239,2210,316,65,54,687,271,94,1243,675,37,219,64,99,0.275629833,0.368949482,0.351459217,0.720408699,,,,,,,,,,,,,,,,,,,,,,,,,,,,,,,,,,,,,,,,,,,,
959,Don Baylor,0,0,19,0,28.5,9401,,,,,,2292,9401,8198,1236,2135,366,28,338,1276,285,120,805,1069,91,196,115,16,0.260429373,0.341133922,0.435594047,0.776727969,,,,,,,,,,,,,,,,,,,,,,,,,,,,,,,,,,,,,,,,,,,,
150,Freddie Freeman,0,0,16,1,64.2,9363,,,,,,2179,9363,8114,1379,2431,547,33,367,1322,104,32,1070,1763,142,172,66,0,0.29960562,0.385987397,0.510845452,0.896832849,,,,,,,,,,,,,,,,,,,,,,,,,,,,,,,,,,,,,,,,,,,,
704,Jimmy Dykes,0,0,22,0,34.9,9353,2,,,,,2282,9347,8046,1108,2256,453,90,108,1071,70,55,958,850,0,0,0,228,0.28038777,0.356157056,0.399328859,0.755485915,,,,,0,0,,4.5,2,0,2,0,0,1,2,2,1,1,0,1,0,0,0,0,,,,,,,,,,,,,,,,,,,,
755,Nick Markakis,0,0,15,0,33.7,9321,,,,,,2154,9321,8302,1119,2388,514,22,189,1046,66,32,891,1230,79,214,73,4,0.287641532,0.357257805,0.423151048,0.780408853,,,,,,,,,,,,,,,,,,,,,,,,,,,,,,,,,,,,,,,,,,,,
297,Brian Downing,0,0,20,0,51.5,9309,,,,,,2344,9309,7853,1188,2099,360,28,275,1073,50,44,1197,1127,55,197,70,60,0.267286387,0.367923515,0.425315166,0.793238681,,,,,,,,,,,,,,,,,,,,,,,,,,,,,,,,,,,,,,,,,,,,
391,Mark Grace,0,0,16,0,46.4,9290,1,,,,,2245,9290,8065,1179,2445,511,45,173,1146,70,48,1075,642,114,192,99,17,0.30316181,0.382561895,0.442033478,0.824595373,,,,,0,0,,9,1,0,1,0,0,0,1,1,1,1,1,0,0,0,0,0,,,,,,,,,,,,,,,,,,,,
576,Carlos Santana,0,0,16,1,39.3,9254,,,,,,2204,9254,7815,1107,1880,404,17,335,1136,65,18,1330,1540,66,188,66,0,0.24056302,0.351523665,0.425207933,0.776731598,,,,,,,,,,,,,,,,,,,,,,,,,,,,,,,,,,,,,,,,,,,,
122,Kenny Lofton,0,0,17,0,68.4,9235,,,,,,2103,9234,8120,1528,2428,383,116,130,781,622,160,945,1016,43,111,65,72,0.299014778,0.368745939,0.422783251,0.79152919,,,,,,,,,,,,,,,,,,,,,,,,,,,,,,,,,,,,,,,,,,,,
374,Miguel Tejada,0,0,16,0,47.1,9205,,,,,,2171,9203,8434,1230,2407,468,23,307,1302,85,38,553,1079,73,277,71,23,0.285392459,0.334890796,0.455537112,0.790427908,,,,,,,,,,,,,,,,,,,,,,,,,,,,,,,,,,,,,,,,,,,,
359,Joe Judge,0,0,20,0,47.9,9188,,,,,,2171,9171,7898,1184,2352,433,159,71,1034,213,92,965,478,0,3,0,257,0.297796911,0.367244575,0.419853127,0.787097702,,,,,,,,,,,,,,,,,,,,,,,,,,,,,,,,,,,,,,,,,,,,
333,Jimmy Sheckard,0,0,17,0,49.5,9147,,,,,,2122,9118,7605,1296,2084,354,136,56,813,465,0,1135,849,0,0,0,286,0.274030243,0.363127879,0.37843524,0.741563119,,,,,,,,,,,,,,,,,,,,,,,,,,,,,,,,,,,,,,,,,,,,
305,Tony Phillips,0,0,18,0,50.9,9110,,,,,,45,47,43,2,8,0,0,0,1,0,0,1,11,0,0,0,2,0.186046512,0.212765957,0.186046512,0.398812469,,,,,8,12,0.4,12.8,45,15,17,6,1,0,161.3333333,164,85,67,4,71,0,44,9,0,,,,,,,,,,,,,,,,,,,,
724,B.J. Surhoff,0,0,19,0,34.4,9106,,,,,,2313,9106,8258,1062,2326,440,42,188,1153,141,84,640,839,81,169,104,71,0.281666263,0.32934329,0.413417292,0.742760582,,,,,,,,,,,,,,,,,,,,,,,,,,,,,,,,,,,,,,,,,,,,
859,Joe Kuhel,0,0,18,0,30.5,9097,,,,,,2104,9095,7984,1236,2212,412,111,131,1049,178,90,980,612,0,74,0,92,0.277054108,0.355250137,0.405686373,0.76093651,,,,,,,,,,,,,,,,,,,,,,,,,,,,,,,,,,,,,,,,,,,,
375,Tommy Leach,0,0,19,0,47.1,9075,,,,,,2156,9051,7959,1355,2143,266,172,63,810,361,14,820,666,0,0,0,240,0.269254932,0.330902663,0.369644428,0.700547091,,,,,,,,,,,,,,,,,,,,,,,,,,,,,,,,,,,,,,,,,,,,
216,John Olerud,0,0,17,0,58.1,9063,,,,,,2234,9063,7592,1139,2239,500,13,255,1230,11,14,1275,1016,157,232,96,12,0.294915701,0.397440141,0.464963119,0.86240326,,,,,,,,,,,,,,,,,,,,,,,,,,,,,,,,,,,,,,,,,,,,
330,Bernie Williams,0,0,16,0,49.6,9053,,,,,,102,194,172,23,33,6,1,4,15,2,2,21,53,2,4,0,1,0.191860465,0.278350515,0.308139535,0.58649005,,,,,,,,,,,,,,,,,,,,,,,,,,,,,,,,,,,,,,,,,,,,
389,Dale Murphy,0,0,18,0,46.5,9041,,,,,,8,31,26,2,3,0,0,0,0,0,0,5,4,0,0,0,0,0.115384615,0.258064516,0.115384615,0.373449131,,,,,,,,,,,,,,,,,,,,,,,,,,,,,,,,,,,,,,,,,,,,
519,George Van Haltren,0,0,17,0,41.3,9020,689.1,,,,,,,,,,,,,,,,,,,,,,,,,0,,,,,,,,,,,,,,,,,,,,,,,,,,,,,,,,,,,,,,,,,,,,
904,Marquis Grissom,0,0,17,0,29.6,8959,,,,,,356,213,189,9,23,7,0,0,6,0,0,8,67,0,4,0,15,0.121693122,0.150234742,0.158730159,0.308964901,,,,,47,45,0.510869565,59.07,356,52,176,12,3,58,810,771,358,307,65,343,21,459,28,1,,,,,,,,,,,,,,,,,,,,
822,Andrés Galarraga,0,0,19,0,31.7,8916,,,,,,2257,8916,8096,1195,2333,444,32,399,1425,128,81,583,2003,106,179,58,1,0.288166996,0.347016599,0.498764822,0.845781421,,,,,,,,,,,,,,,,,,,,,,,,,,,,,,,,,,,,,,,,,,,,
310,Jason Giambi,0,0,20,0,50.5,8908,,,,,,2260,8908,7267,1227,2010,405,9,440,1441,20,12,1366,1572,97,166,93,2,0.276592817,0.399191738,0.5164442,0.915635938,,,,,,,,,,,,,,,,,,,,,,,,,,,,,,,,,,,,,,,,,,,,
600,Tim Wallach,0,0,17,0,38.5,8908,2,,,,,2212,8908,8099,908,2085,432,36,260,1125,51,66,649,1307,89,192,77,6,0.25743919,0.315559048,0.415977281,0.731536329,,,,,0,0,,9,2,0,2,0,0,0,2,3,1,1,0,0,0,0,0,1,,,,,,,,,,,,,,,,,,,,
429,Jim Gilliam,0,0,17,0,44.8,8887,,,,,,2094,8886,7600,1255,2021,325,80,65,624,219,111,1102,416,30,90,35,113,0.265921053,0.355503038,0.355394737,0.710897775,,,,,,,,,,,,,,,,,,,,,,,,,,,,,,,,,,,,,,,,,,,,
455,Fred Tenney,0,0,17,0,43.8,8834,2,,,,,6,23,23,1,2,0,0,0,0,0,0,0,0,0,0,0,0,0.086956522,0.086956522,0.086956522,0.173913044,,,,,3,3,0.5,10.19,6,6,0,6,0,0,51,47,37,16,0,12,0,36,0,0,,,,,,,,,,,,,,,,,,,,
154,Paul Goldschmidt,0,0,15,1,63.8,8826,,,,,,2074,8804,7608,1280,2190,477,24,372,1232,174,36,1086,1979,121,174,57,0,0.28785489,0.37812358,0.503548896,0.881672476,,,,,,,,,,,,,,,,,,,,,,,,,,,,,,,,,,,,,,,,,,,,
300,Toby Harrah,0,0,17,0,51.4,8767,,,,,,2155,8766,7402,1115,1954,307,40,195,918,238,94,1153,868,51,155,72,76,0.263982707,0.361624458,0.395298568,0.756923026,,,,,,,,,,,,,,,,,,,,,,,,,,,,,,,,,,,,,,,,,,,,
570,Jake Daubert,0,0,15,0,39.4,8749,,,,,,2014,8742,7673,1117,2326,250,165,56,722,251,78,623,489,0,0,0,392,0.303140884,0.34351407,0.40062557,0.74413964,,,,,,,,,,,,,,,,,,,,,,,,,,,,,,,,,,,,,,,,,,,,
156,Joey Votto,0,0,17,0,63.6,8746,,,,,,2056,8746,7252,1171,2135,459,22,356,1144,80,29,1365,1640,147,168,48,0,0.294401544,0.409444317,0.51103144,0.920475757,,,,,,,,,,,,,,,,,,,,,,,,,,,,,,,,,,,,,,,,,,,,
512,Dick Bartell,0,0,18,0,41.6,8745,,,,,,2016,8743,7629,1130,2165,442,71,79,710,109,3,748,627,0,102,0,269,0.283785555,0.34427542,0.391401232,0.735676652,,,,,,,,,,,,,,,,,,,,,,,,,,,,,,,,,,,,,,,,,,,,
510,Jason Kendall,0,0,15,0,41.7,8702,,,,,,2085,8701,7627,1030,2195,394,35,75,744,189,89,721,686,51,176,63,36,0.287793366,0.36432594,0.378130326,0.742456266,,,,,,,,,,,,,,,,,,,,,,,,,,,,,,,,,,,,,,,,,,,,
274,Jose Altuve,0,0,15,1,53.4,8696,,,,,,1975,8696,7881,1236,2388,455,32,255,889,325,96,655,1139,50,215,53,27,0.303007233,0.359130635,0.465930719,0.825061354,,,,,,,,,,,,,,,,,,,,,,,,,,,,,,,,,,,,,,,,,,,,
366,Ed Konetchy,0,0,15,0,47.7,8675,16.2,,,,,2085,8664,7649,972,2150,344,182,74,992,255,5,689,719,0,0,0,253,0.281082494,0.336103416,0.402667015,0.738770431,,,,,1,1,0.5,11.25,3,1,1,1,0,0,16.66666667,19,10,8,1,7,0,6,0,0,,,,,,,,,,,,,,,,,,,,
441,Carlos Delgado,0,0,17,0,44.4,8657,,,,,,2035,8657,7283,1241,2038,483,18,473,1512,14,8,1109,1745,186,152,93,0,0.27982974,0.383389165,0.545928875,0.92931804,,,,,,,,,,,,,,,,,,,,,,,,,,,,,,,,,,,,,,,,,,,,
711,Stuffy McInnis,0,0,19,0,34.7,8642,,,,,,2128,8623,7822,872,2405,312,101,20,1063,172,75,380,251,0,0,0,383,0.307466121,0.327380262,0.380848888,0.70822915,,,,,,,,,,,,,,,,,,,,,,,,,,,,,,,,,,,,,,,,,,,,
721,Elvis Andrus,0,0,15,0,34.5,8603,,,,,,2059,8602,7772,1058,2091,380,51,102,775,347,115,611,1206,8,197,58,104,0.269042717,0.320739363,0.370432321,0.691171684,,,,,,,,,,,,,,,,,,,,,,,,,,,,,,,,,,,,,,,,,,,,
203,Sherry Magee,0,0,16,0,59.4,8560,,,,,,2087,8546,7441,1112,2169,425,166,83,1176,441,12,736,624,0,0,0,260,0.291493079,0.352679616,0.426689961,0.779369577,,,,,,,,,,,,,,,,,,,,,,,,,,,,,,,,,,,,,,,,,,,,
505,Ken Singleton,0,0,15,0,41.8,8559,,,,,,2082,8558,7189,985,2029,317,25,246,1065,21,36,1263,1246,125,248,60,29,0.282236751,0.386655761,0.435943803,0.822599564,,,,,,,,,,,,,,,,,,,,,,,,,,,,,,,,,,,,,,,,,,,,
513,Yadier Molina,0,0,19,0,41.6,8554,2,,,,,2226,8553,7817,777,2168,408,7,176,1022,71,37,542,922,50,287,75,43,0.27734425,0.325733661,0.398874248,0.724607909,,,,,0,0,,18,2,0,2,0,0,0,2,6,4,4,2,0,0,1,0,0,,,,,,,,,,,,,,,,,,,,
190,Keith Hernandez,0,0,17,0,60.4,8553,,,,,,2088,8553,7370,1124,2182,426,60,162,1071,98,63,1070,1012,130,161,71,10,0.296065129,0.383958845,0.436092266,0.820051111,,,,,,,,,,,,,,,,,,,,,,,,,,,,,,,,,,,,,,,,,,,,
707,Frank White,0,0,18,0,34.8,8468,,,,,,2324,8467,7859,912,2006,407,58,160,886,178,83,412,1035,27,156,65,101,0.255248759,0.289122475,0.382873139,0.671995614,,,,,,,,,,,,,,,,,,,,,,,,,,,,,,,,,,,,,,,,,,,,
694,Ron Fairly,0,0,21,0,35.1,8437,,,,,,2442,8437,7184,931,1913,307,33,215,1044,35,33,1052,877,129,157,65,96,0.266286192,0.356169254,0.407989978,0.764159232,,,,,,,,,,,,,,,,,,,,,,,,,,,,,,,,,,,,,,,,,,,,
752,Ray Durham,0,0,14,0,33.8,8423,,,,,,1975,8423,7408,1249,2054,440,79,192,875,273,97,820,1201,34,151,68,55,0.277267819,0.349756619,0.43574514,0.785501759,,,,,,,,,,,,,,,,,,,,,,,,,,,,,,,,,,,,,,,,,,,,
410,Roger Peckinpaugh,0,0,17,0,45.5,8397,,,,,,2012,8383,7233,1006,1876,256,75,48,740,205,74,814,670,0,0,0,314,0.259366791,0.323511869,0.335407162,0.658919031,,,,,,,,,,,,,,,,,,,,,,,,,,,,,,,,,,,,,,,,,,,,
954,Alfonso Soriano,0,0,16,0,28.6,8395,,,,,,1975,8395,7750,1152,2095,481,31,412,1159,289,84,496,1803,68,123,54,9,0.270322581,0.318880286,0.499870968,0.818751254,,,,,,,,,,,,,,,,,,,,,,,,,,,,,,,,,,,,,,,,,,,,
792,Billy Hoeft,0,0,14,0,32.5,8386,,,,,,533,630,531,73,107,18,3,3,47,0,0,67,162,0,12,4,28,0.201506591,0.276190476,0.263653484,0.53984396,,,,,97,101,0.48989899,78.69,505,200,131,75,17,33,1847.333333,1820,883,809,173,685,45,1140,33,1,,,,,,,,,,,,,,,,,,,,
552,Clyde Milan,0,0,16,0,40.1,8338,,,,,,1982,8312,7359,1004,2100,240,105,17,617,495,109,685,407,0,0,0,188,0.285364859,0.344682387,0.353444762,0.698127149,,,,,,,,,,,,,,,,,,,,,,,,,,,,,,,,,,,,,,,,,,,,
585,Paul O'Neill,0,0,17,0,38.8,8329,2,,,,,2053,8329,7318,1041,2105,451,21,281,1269,141,73,892,1166,107,221,90,7,0.287646898,0.362468484,0.47021044,0.832678924,,,,,0,0,,13.5,1,0,1,0,0,0,2,2,3,3,1,4,0,2,0,0,,,,,,,,,,,,,,,,,,,,
396,Willie Wilson,0,0,19,0,46.1,8317,,,,,,1,2,2,0,0,0,0,0,0,0,0,0,0,0,0,0,0,0,0,0,0,,,,,0,1,0,2.57,1,1,0,1,0,0,7,3,2,2,0,2,0,1,1,0,,,,,,,,,,,,,,,,,,,,
369,Curtis Granderson,0,0,16,0,47.5,8306,,,,,,2057,8306,7236,1217,1800,346,95,344,937,153,50,924,1916,31,64,49,30,0.248756219,0.336022153,0.465450525,0.801472678,,,,,,,,,,,,,,,,,,,,,,,,,,,,,,,,,,,,,,,,,,,,
563,Maury Wills,0,0,14,0,39.7,8306,,,,,,1942,8304,7588,1067,2134,177,71,20,458,586,208,552,684,26,92,29,119,0.281233527,0.325385356,0.331180812,0.656566168,,,,,,,,,,,,,,,,,,,,,,,,,,,,,,,,,,,,,,,,,,,,
267,Ian Kinsler,0,0,14,0,53.8,8299,1,,,,,1888,8299,7423,1243,1999,416,41,257,909,243,74,693,1046,11,161,59,32,0.269298127,0.335462104,0.440253267,0.775715371,,,,,0,0,,0,1,0,1,0,0,0,1,1,0,0,0,2,0,0,1,0,,,,,,,,,,,,,,,,,,,,
179,Sal Bando,0,0,16,0,61.5,8289,3,,,,,2019,8288,7060,982,1790,289,38,242,1039,75,46,1031,923,69,149,57,65,0.253541076,0.349420849,0.408073654,0.757494503,,,,,0,0,,6,1,0,0,0,0,0,3,3,2,2,0,0,0,0,0,0,,,,,,,,,,,,,,,,,,,,
233,Will Clark,0,0,15,0,56.5,8283,,,,,,350,1435,1280,188,366,54,35,2,199,38,0,114,75,0,0,0,12,0.2859375,0.354703833,0.3875,0.742203833,,,,,,,,,,,,,,,,,,,,,,,,,,,,,,,,,,,,,,,,,,,,
164,Ken Boyer,0,0,15,0,62.8,8274,,,,,,2034,8268,7455,1104,2143,318,68,282,1141,105,77,713,1017,97,185,63,17,0.287458082,0.347847121,0.461837693,0.809684814,,,,,,,,,,,,,,,,,,,,,,,,,,,,,,,,,,,,,,,,,,,,
238,Robin Ventura,0,0,16,0,56.1,8271,1,,,,,2079,8271,7064,1006,1885,338,14,294,1182,24,38,1075,1179,132,176,76,33,0.26684598,0.36065772,0.443516421,0.804174141,,,,,0,0,,0,1,0,1,0,0,0,1,1,0,0,0,0,0,0,0,0,,,,,,,,,,,,,,,,,,,,
656,George Scott,0,0,14,0,36.5,8269,,,,,,2,1,1,0,0,0,0,0,0,0,0,0,1,0,0,0,0,0,0,0,0,,,,,0,0,,4.5,2,0,0,0,0,0,6,4,3,3,0,3,0,1,0,0,,,,,,,,,,,,,,,,,,,,
878,Bobby Bonilla,0,0,16,0,30.2,8257,1,,,,,2113,8255,7213,1084,2010,408,61,287,1173,45,57,912,1204,128,169,97,5,0.278663524,0.357359176,0.471509774,0.82886895,,,,,0,0,,18,1,0,1,0,0,0,1,3,2,2,1,1,0,0,0,1,,,,,,,,,,,,,,,,,,,,
651,Wally Moses,0,0,17,0,36.7,8256,,,,,,2012,8253,7356,1124,2138,435,110,89,679,174,81,821,457,0,58,0,55,0.290647091,0.361080819,0.415986949,0.777067768,,,,,,,,,,,,,,,,,,,,,,,,,,,,,,,,,,,,,,,,,,,,
557,George Burns,0,0,15,0,39.9,8254,,,,,,1853,8251,7241,1188,2077,362,108,41,611,383,139,872,565,0,0,0,112,0.286838834,0.360562356,0.383648667,0.744211023,,,,,,,,,,,,,,,,,,,,,,,,,,,,,,,,,,,,,,,,,,,,
640,José Reyes,0,0,16,0,37,8240,1,,,,,1877,8240,7552,1180,2138,387,131,145,719,517,127,589,914,56,82,38,50,0.283103814,0.332281553,0.426641949,0.758923502,,,,,0,0,,54,1,0,1,0,0,0,1,5,6,6,2,2,0,0,1,0,,,,,,,,,,,,,,,,,,,,
280,Jack Clark,0,0,18,0,53.1,8230,,,,,,1994,8225,6847,1118,1826,332,39,340,1180,77,61,1262,1441,127,174,83,9,0.26668614,0.378358663,0.475536731,0.853895394,,,,,,,,,,,,,,,,,,,,,,,,,,,,,,,,,,,,,,,,,,,,
506,Kid Gleason,0,0,22,0,41.8,8211,2389.1,,,,,1968,8210,7459,1022,1946,216,81,15,824,329,0,501,408,0,0,0,212,0.260892881,0.302679659,0.317602896,0.620282555,,,,,138,131,0.513011152,39.97,299,266,30,240,10,6,2389.333333,2552,1511,1007,76,906,0,744,78,1,,,,,,,,,,,,,,,,,,,,
990,Garry Templeton,0,0,16,0,27.9,8208,,,,,,2079,8208,7721,893,2096,329,106,70,728,242,129,375,1092,144,167,46,57,0.271467426,0.30214425,0.36873462,0.67087887,,,,,,,,,,,,,,,,,,,,,,,,,,,,,,,,,,,,,,,,,,,,
306,Bob Elliott,0,0,15,0,50.9,8207,,,,,,1978,8190,7141,1064,2061,382,94,170,1195,60,2,967,604,0,187,0,66,0.28861504,0.371672772,0.439854362,0.811527134,,,,,,,,,,,,,,,,,,,,,,,,,,,,,,,,,,,,,,,,,,,,
210,Evan Longoria,0,0,16,0,58.9,8206,,,,,,1986,8206,7306,1017,1930,431,26,342,1159,58,19,730,1696,87,206,97,1,0.264166439,0.332927126,0.470709006,0.803636132,,,,,,,,,,,,,,,,,,,,,,,,,,,,,,,,,,,,,,,,,,,,
176,Manny Machado,0,0,14,1,61.7,8195,,,,,,1894,8195,7424,1082,2069,396,18,369,1144,113,41,663,1433,72,224,64,14,0.278690733,0.337034777,0.485991379,0.823026156,,,,,,,,,,,,,,,,,,,,,,,,,,,,,,,,,,,,,,,,,,,,
869,Gary Matthews,0,0,16,0,30.4,8189,,,,,,2033,8189,7147,1083,2011,319,51,234,978,183,74,940,1125,46,179,62,19,0.281376801,0.362925876,0.438505667,0.801431543,,,,,,,,,,,,,,,,,,,,,,,,,,,,,,,,,,,,,,,,,,,,
731,Willie McGee,0,0,18,0,34.3,8188,,,,,,2201,8188,7649,1010,2254,350,94,79,856,352,121,448,1238,58,157,46,30,0.294679043,0.331827064,0.395999477,0.727826541,,,,,,,,,,,,,,,,,,,,,,,,,,,,,,,,,,,,,,,,,,,,
646,Dick Groat,0,0,14,0,36.8,8180,,,,,,1929,8179,7484,829,2138,352,67,39,707,14,27,490,512,39,220,52,122,0.285676109,0.325100868,0.366247996,0.691348864,,,,,,,,,,,,,,,,,,,,,,,,,,,,,,,,,,,,,,,,,,,,
325,Ellis Burks,0,0,18,0,49.8,8177,,,,,,2000,8176,7232,1253,2107,402,63,352,1206,181,84,793,1340,33,171,62,29,0.291344027,0.362035225,0.510370575,0.8724058,,,,,,,,,,,,,,,,,,,,,,,,,,,,,,,,,,,,,,,,,,,,
857,Chris Speier,0,0,19,0,30.6,8155,,,,,,2260,8155,7156,770,1759,302,50,112,720,42,54,847,988,106,183,44,73,0.245807714,0.323850399,0.348937954,0.672788353,,,,,,,,,,,,,,,,,,,,,,,,,,,,,,,,,,,,,,,,,,,,
486,José Canseco,0,0,17,0,42.4,8129,1,,,,,1887,8129,7057,1186,1877,340,14,462,1407,200,88,906,1942,63,178,81,1,0.265977044,0.352687907,0.514524586,0.867212493,,,,,0,0,,27,1,0,1,0,0,0,1,2,3,3,0,3,0,0,0,0,,,,,,,,,,,,,,,,,,,,
690,Edwin Encarnación,0,0,16,0,35.3,8126,,,,,,1960,8114,7040,1099,1832,370,10,424,1261,61,14,903,1426,54,185,66,0,0.260227273,0.350012324,0.496306818,0.846319142,,,,,,,,,,,,,,,,,,,,,,,,,,,,,,,,,,,,,,,,,,,,
675,Wally Joyner,0,0,16,0,35.8,8115,,,,,,2033,8115,7127,973,2060,409,26,204,1106,60,39,833,825,109,168,91,26,0.289041673,0.361182994,0.439595903,0.800778897,,,,,,,,,,,,,,,,,,,,,,,,,,,,,,,,,,,,,,,,,,,,
218,Bobby Bonds,0,0,14,0,57.9,8090,,,,,,1849,8090,7043,1258,1886,302,66,332,1024,461,169,914,1757,75,107,64,16,0.267783615,0.352657602,0.470822093,0.823479695,,,,,,,,,,,,,,,,,,,,,,,,,,,,,,,,,,,,,,,,,,,,
370,Devon White,0,0,17,0,47.3,8080,,,,,,1560,6973,6624,1140,2067,270,98,24,988,70,9,308,221,0,8,0,0,0.312047101,0.346479277,0.393266908,0.739746185,,,,,0,0,,9,2,0,2,0,0,1,10,19,15,8,0,2,0,3,0,0,,,,,,,,,,,,,,,,,,,,
991,Hal McRae,0,0,19,0,27.9,8059,,,,,,2084,8058,7218,940,2091,484,66,191,1097,109,78,648,779,69,186,85,28,0.289692436,0.349714569,0.454419507,0.804134076,,,,,,,,,,,,,,,,,,,,,,,,,,,,,,,,,,,,,,,,,,,,
144,Reggie Smith,0,0,17,0,64.6,8051,,,,,,2,8,8,1,1,0,0,0,0,0,0,0,0,0,0,0,0,0.125,0.125,0.125,0.25,,,,,0,2,0,11,2,2,0,2,0,0,18,23,21,11,0,15,0,5,0,0,,,,,,,,,,,,,,,,,,,,
244,Bob Johnson,0,0,13,0,55.7,8051,,,,,,1863,8047,6920,1239,2051,396,95,288,1283,96,64,1075,851,0,102,0,28,0.296387283,0.39145023,0.505924855,0.897375085,,,,,,,,,,,,,,,,,,,,,,,,,,,,,,,,,,,,,,,,,,,,
716,Ken Griffey,0,0,19,0,34.6,8049,,,,,,2097,8048,7229,1129,2143,364,77,152,859,200,83,719,898,51,106,55,31,0.296444875,0.357355865,0.43117997,0.788535835,,,,,,,,,,,,,,,,,,,,,,,,,,,,,,,,,,,,,,,,,,,,
931,Tino Martinez,0,0,16,0,29,8044,,,,,,548,0,0,0,0,0,0,0,0,0,0,0,0,0,0,0,0,,,,0,,,,,55,42,0.567010309,66.48,546,2,320,0,0,115,834,732,357,320,53,425,57,632,8,7,,,,,,,,,,,,,,,,,,,,
311,Mark Teixeira,0,0,14,0,50.5,8029,,,,,,1862,8029,6936,1099,1862,408,18,409,1298,26,7,918,1441,91,158,64,0,0.268454441,0.360069747,0.509371396,0.869441143,,,,,,,,,,,,,,,,,,,,,,,,,,,,,,,,,,,,,,,,,,,,
641,Dusty Baker,0,0,19,0,37,8022,,,,,,2039,8021,7117,964,1981,320,23,242,1013,137,73,762,926,52,158,85,27,0.278347618,0.345717492,0.431783055,0.777500547,,,,,,,,,,,,,,,,,,,,,,,,,,,,,,,,,,,,,,,,,,,,
836,Bill Russell,0,0,18,0,31.3,8021,,,,,,2181,8020,7318,796,1926,293,57,46,627,167,69,483,667,106,174,51,132,0.263186663,0.304862843,0.337660563,0.642523406,,,,,,,,,,,,,,,,,,,,,,,,,,,,,,,,,,,,,,,,,,,,
936,Brandon Phillips,0,0,17,0,28.9,7992,,,,,,1902,7991,7378,1005,2029,368,35,211,951,209,84,420,1092,34,224,62,39,0.275006777,0.317982731,0.420168067,0.738150798,,,,,,,,,,,,,,,,,,,,,,,,,,,,,,,,,,,,,,,,,,,,
442,Matt Holliday,0,0,15,0,44.4,7981,,,,,,1903,7981,7009,1157,2096,468,32,316,1220,108,37,802,1362,57,220,45,1,0.299044086,0.378649292,0.51020117,0.888850462,,,,,,,,,,,,,,,,,,,,,,,,,,,,,,,,,,,,,,,,,,,,
191,Jim Edmonds,0,0,17,0,60.4,7980,,,,,,2011,7980,6858,1251,1949,437,25,393,1199,67,50,998,1729,91,122,65,10,0.284193642,0.375438596,0.52712161,0.902560206,,,,,,,,,,,,,,,,,,,,,,,,,,,,,,,,,,,,,,,,,,,,
712,Shawn Green,0,0,15,0,34.7,7963,,,,,,1951,7962,7082,1129,2003,445,35,328,1070,162,52,744,1315,80,175,53,3,0.282829709,0.355061542,0.494493081,0.849554623,,,,,,,,,,,,,,,,,,,,,,,,,,,,,,,,,,,,,,,,,,,,
896,Del Ennis,0,0,14,0,29.8,7944,,,,,,1903,7940,7254,985,2063,358,69,288,1284,45,19,597,719,23,212,38,20,0.284394817,0.338916877,0.471877585,0.810794462,,,,,,,,,,,,,,,,,,,,,,,,,,,,,,,,,,,,,,,,,,,,
670,Cecil Cooper,0,0,17,0,36,7939,,,,,,1896,7939,7349,1012,2192,415,47,241,1125,89,49,448,911,79,150,79,46,0.298271874,0.334676911,0.46591373,0.800590641,,,,,,,,,,,,,,,,,,,,,,,,,,,,,,,,,,,,,,,,,,,,
463,Fielder Jones,0,0,15,0,43.4,7924,,,,,,1788,7894,6747,1180,1920,206,75,21,631,359,0,817,422,0,0,0,254,0.28457092,0.356346592,0.346672595,0.703019187,,,,,,,,,,,,,,,,,,,,,,,,,,,,,,,,,,,,,,,,,,,,
543,Carney Lansford,0,0,15,0,40.4,7905,,,,,,1862,7905,7158,1007,2074,332,40,151,874,224,104,553,719,45,166,77,53,0.289745739,0.340417457,0.41058955,0.751007007,,,,,,,,,,,,,,,,,,,,,,,,,,,,,,,,,,,,,,,,,,,,
500,Plácido Polanco,0,0,16,0,41.9,7887,,,,,,1927,7886,7214,1009,2142,348,32,104,723,81,30,429,538,13,201,56,86,0.29692265,0.338828303,0.397283061,0.736111364,,,,,,,,,,,,,,,,,,,,,,,,,,,,,,,,,,,,,,,,,,,,
387,Mike Cameron,0,0,17,0,46.7,7884,,,,,,1955,7884,6839,1064,1700,383,59,278,968,297,83,867,1901,19,114,60,31,0.248574353,0.336631152,0.44377833,0.780409482,,,,,,,,,,,,,,,,,,,,,,,,,,,,,,,,,,,,,,,,,,,,
250,Chet Lemon,0,0,16,0,55.6,7874,,,,,,1988,7872,6868,973,1875,396,61,215,884,58,76,749,1024,46,174,54,50,0.273005242,0.352515244,0.442341293,0.794856537,,,,,,,,,,,,,,,,,,,,,,,,,,,,,,,,,,,,,,,,,,,,
145,Chase Utley,0,0,16,0,64.6,7863,,,,,,1937,7863,6857,1103,1885,411,58,259,1025,154,22,724,1193,62,93,72,6,0.27490156,0.357751494,0.465072189,0.822823683,,,,,,,,,,,,,,,,,,,,,,,,,,,,,,,,,,,,,,,,,,,,
304,Brian Giles,0,0,15,0,51.1,7836,,,,,,287,791,709,74,162,27,0,10,50,27,13,70,151,2,11,5,5,0.228490832,0.295828066,0.308885755,0.604713821,,,,,,,,,,,,,,,,,,,,,,,,,,,,,,,,,,,,,,,,,,,,
927,George Hendrick,0,0,18,0,29.1,7834,,,,,,2048,7825,7129,941,1980,343,27,267,1111,59,47,567,1013,77,211,86,21,0.277738813,0.328306709,0.445784823,0.774091532,,,,,,,,,,,,,,,,,,,,,,,,,,,,,,,,,,,,,,,,,,,,
291,Lance Berkman,0,0,15,0,52,7814,,,,,,1879,7813,6491,1146,1905,422,30,366,1234,86,48,1201,1300,160,147,54,1,0.293483285,0.405990017,0.536897242,0.942887259,,,,,,,,,,,,,,,,,,,,,,,,,,,,,,,,,,,,,,,,,,,,
449,George Foster,0,0,18,0,44.2,7812,,,,,,1977,7812,7023,986,1925,307,47,348,1239,51,31,666,1419,106,196,68,3,0.274099388,0.338325653,0.479851915,0.818177568,,,,,,,,,,,,,,,,,,,,,,,,,,,,,,,,,,,,,,,,,,,,
581,Boog Powell,0,0,17,0,39.1,7810,,,,,,2042,7810,6681,889,1776,270,11,339,1187,20,21,1001,1226,140,164,72,27,0.265828469,0.359282971,0.461757222,0.821040193,,,,,,,,,,,,,,,,,,,,,,,,,,,,,,,,,,,,,,,,,,,,
566,Lance Parrish,0,0,19,0,39.5,7797,,,,,,1891,7450,6792,850,1789,360,33,256,992,30,36,529,1359,79,187,56,31,0.263398115,0.316778523,0.439193168,0.755971691,,,,,,,,,,,,,,,,,,,,,,,,,,,,,,,,,,,,,,,,,,,,
696,Brady Anderson,0,0,15,0,35,7737,,,,,,1834,7737,6499,1062,1661,338,67,210,761,315,100,960,1190,59,65,50,74,0.255577781,0.35866615,0.42514233,0.78380848,,,,,,,,,,,,,,,,,,,,,,,,,,,,,,,,,,,,,,,,,,,,
383,Roy White,0,0,15,0,46.8,7736,,,,,,1881,7735,6650,964,1803,300,51,160,758,233,117,934,708,66,123,69,53,0.27112782,0.357595346,0.403759398,0.761354744,,,,,,,,,,,,,,,,,,,,,,,,,,,,,,,,,,,,,,,,,,,,
631,Cy Williams,0,0,19,0,37.4,7727,,,,,,2002,7720,6780,1024,1981,306,74,251,1005,115,82,690,721,0,0,0,164,0.292182891,0.357124352,0.47020649,0.827330842,,,,,,,,,,,,,,,,,,,,,,,,,,,,,,,,,,,,,,,,,,,,
487,Don Mattingly,0,0,14,0,42.4,7722,,,,,,1785,7721,7003,1007,2153,442,20,222,1099,14,9,588,444,136,191,96,13,0.307439669,0.357725683,0.471369413,0.829095096,,,,,,,,,,,,,,,,,,,,,,,,,,,,,,,,,,,,,,,,,,,,
810,Bobby Murcer,0,0,17,0,32.1,7718,,,,,,1908,7718,6730,972,1862,285,45,252,1043,127,75,862,841,96,124,81,18,0.27667162,0.356439492,0.444725111,0.801164603,,,,,,,,,,,,,,,,,,,,,,,,,,,,,,,,,,,,,,,,,,,,
347,Larry Gardner,0,0,17,0,48.3,7715,,,,,,1923,7685,6688,867,1931,301,129,27,934,165,91,654,434,0,0,0,311,0.288726077,0.340533507,0.384419856,0.724953363,,,,,,,,,,,,,,,,,,,,,,,,,,,,,,,,,,,,,,,,,,,,
636,Phil Cavarretta,0,0,22,0,37.2,7703,,,,,,2030,7701,6754,990,1977,347,99,95,920,65,0,820,598,0,103,1,89,0.292715428,0.368004155,0.415605567,0.783609722,,,,,,,,,,,,,,,,,,,,,,,,,,,,,,,,,,,,,,,,,,,,
423,Dixie Walker,0,0,18,0,45,7669,,,,,,76,180,164,14,33,3,0,0,5,1,0,13,39,0,0,0,1,0.201219512,0.266666667,0.219512195,0.486178862,,,,,25,31,0.446428571,14.44,74,62,10,40,5,0,481,485,238,188,6,142,0,203,20,1,,,,,,,,,,,,,,,,,,,,
265,Bryce Harper,0,0,14,1,54,7665,,,,,,1001,3386,3151,339,931,186,7,63,428,8,17,133,188,27,107,43,15,0.295461758,0.32722977,0.41891463,0.7461444,,,,,,,,,,,,,,,,,,,,,,,,,,,,,,,,,,,,,,,,,,,,
171,Mark McGwire,0,0,16,0,62.2,7660,,,,,,1874,7660,6187,1167,1626,252,6,583,1414,12,8,1317,1596,150,147,78,3,0.262809116,0.393994778,0.588168741,0.982163519,,,,,,,,,,,,,,,,,,,,,,,,,,,,,,,,,,,,,,,,,,,,
807,Justin Upton,0,0,16,0,32.2,7649,,,,,,1845,7646,6721,1058,1754,350,38,325,1003,151,59,785,1971,49,142,59,3,0.260973069,0.342270468,0.469424193,0.811694661,,,,,,,,,,,,,,,,,,,,,,,,,,,,,,,,,,,,,,,,,,,,
962,Terry Pendleton,0,0,15,0,28.4,7637,,,,,,1893,7637,7032,851,1897,356,39,140,946,127,59,486,979,77,178,67,37,0.26976678,0.313997643,0.391211604,0.705209247,,,,,,,,,,,,,,,,,,,,,,,,,,,,,,,,,,,,,,,,,,,,
402,Del Pratt,0,0,13,0,45.8,7632,,,,,,1836,7609,6826,856,1996,392,117,43,970,247,138,513,428,0,0,0,233,0.292411368,0.334603759,0.403017873,0.737621632,,,,,,,,,,,,,,,,,,,,,,,,,,,,,,,,,,,,,,,,,,,,
591,Ed McKean,0,0,13,0,38.7,7626,,,,,,1655,7626,6894,1227,2084,272,158,67,1124,324,0,636,257,0,0,0,57,0.302291848,0.361788618,0.416739194,0.778527812,,,,,,,,,,,,,,,,,,,,,,,,,,,,,,,,,,,,,,,,,,,,
388,Matt Williams,0,0,17,0,46.6,7595,,,,,,10,20,19,0,2,0,0,0,1,0,0,1,6,0,0,0,0,0.105263158,0.15,0.105263158,0.255263158,,,,,0,6,0,7.89,10,4,4,3,0,0,51.33333333,71,53,45,4,31,0,17,0,2,,,,,,,,,,,,,,,,,,,,
353,Bobby Veach,0,0,14,0,48.1,7579,2,,,,,1821,7557,6656,953,2063,393,147,64,1166,195,88,571,370,0,0,0,271,0.309945913,0.356358343,0.442007212,0.798365555,,,,,0,0,,4.5,1,0,1,0,0,1,2,2,1,1,0,2,0,0,0,0,,,,,,,,,,,,,,,,,,,,
734,Marty McManus,0,0,15,0,34.2,7568,,,,,,1831,7563,6660,1008,1926,401,88,120,999,126,91,675,558,0,13,0,198,0.289189189,0.347877826,0.42987988,0.777757706,,,,,,,,,,,,,,,,,,,,,,,,,,,,,,,,,,,,,,,,,,,,
430,Rocky Colavito,0,0,14,0,44.8,7559,5.2,,,,,1841,7559,6503,971,1730,283,21,374,1159,19,27,951,880,58,182,60,16,0.266031063,0.358513031,0.488543749,0.84705678,,,,,1,0,1,0,2,0,1,0,0,0,5.666666667,1,0,0,0,5,0,2,0,1,,,,,,,,,,,,,,,,,,,,
177,Jack Glasscock,0,0,17,0,61.6,7552,7,,,,,1737,7552,7033,1164,2041,313,98,27,827,372,0,440,212,0,0,0,17,0.290203327,0.336731992,0.374093559,0.710825551,,,,,0,0,,59.4,5,0,3,0,0,0,7,12,11,5,1,7,0,3,1,0,,,,,,,,,,,,,,,,,,,,
860,Arlie Latham,0,0,17,0,30.5,7524,,,,,,1629,7524,6832,1481,1836,245,85,27,563,742,0,589,305,0,0,0,18,0.268735363,0.333599149,0.341334895,0.674934044,,,,,,,,,,,,,,,,,,,,,,,,,,,,,,,,,,,,,,,,,,,,
793,Adam Jones,0,0,14,0,32.5,7516,,,,,,1823,7515,7009,963,1939,336,29,282,945,97,35,340,1395,20,190,55,8,0.276644314,0.316966068,0.453559709,0.770525777,,,,,,,,,,,,,,,,,,,,,,,,,,,,,,,,,,,,,,,,,,,,
221,Nolan Arenado,0,0,13,1,57.8,7514,,,,,,1787,7512,6807,992,1921,405,34,353,1184,31,23,577,1094,80,202,80,5,0.28220949,0.338258786,0.507271926,0.845530712,,,,,,,,,,,,,,,,,,,,,,,,,,,,,,,,,,,,,,,,,,,,
928,Luis Castillo,0,0,15,0,29.1,7471,,,,,,1720,7471,6510,1001,1889,194,59,28,443,370,142,800,850,13,120,26,123,0.290168971,0.361531254,0.350998464,0.712529718,,,,,,,,,,,,,,,,,,,,,,,,,,,,,,,,,,,,,,,,,,,,
424,Paul Hines,0,0,20,0,45,7470,1,,,,,1658,7470,7062,1217,2133,399,93,57,855,163,11,372,310,0,3,0,0,0.302039082,0.340160643,0.409090909,0.749251552,,,,,0,0,,0,1,0,0,0,0,0,1,3,1,0,0,0,0,0,0,0,,,,,,,,,,,,,,,,,,,,
947,Ossie Bluege,0,0,18,0,28.7,7458,,,,,,1867,7452,6440,883,1751,276,67,43,848,140,87,723,515,0,2,0,218,0.27189441,0.341519055,0.355590062,0.697109117,,,,,,,,,,,,,,,,,,,,,,,,,,,,,,,,,,,,,,,,,,,,
603,Johnny Callison,0,0,16,0,38.4,7437,,,,,,1886,7437,6652,926,1757,321,89,226,840,74,51,650,1064,73,98,43,51,0.264131088,0.329164986,0.441070355,0.770235341,,,,,,,,,,,,,,,,,,,,,,,,,,,,,,,,,,,,,,,,,,,,
478,Ben Chapman,0,0,15,0,42.7,7427,141.1,,,,,1717,7420,6478,1144,1958,407,107,90,977,287,135,824,556,0,52,0,92,0.302253782,0.378436658,0.439796233,0.818232891,,,,,8,6,0.571428571,16.64,25,16,7,8,0,0,141,147,77,69,7,71,0,65,6,1,,,,,,,,,,,,,,,,,,,,
341,Jim Fregosi,0,0,18,0,48.7,7404,,,,,,1902,7402,6523,844,1726,264,78,151,706,76,40,715,1097,48,125,53,79,0.264602177,0.334098892,0.398436302,0.732535194,,,,,,,,,,,,,,,,,,,,,,,,,,,,,,,,,,,,,,,,,,,,
553,Ryan Zimmerman,0,0,16,0,40.1,7402,,,,,,1799,7401,6654,963,1846,417,22,284,1061,43,16,646,1384,43,212,69,1,0.277427112,0.340899878,0.474752029,0.815651907,,,,,,,,,,,,,,,,,,,,,,,,,,,,,,,,,,,,,,,,,,,,
882,Asdrúbal Cabrera,0,0,15,0,30.1,7401,1.1,,,,,1822,7401,6632,886,1763,401,28,195,869,91,32,589,1330,26,177,61,51,0.265832328,0.32698284,0.422949337,0.749932177,,,,,0,0,,0,2,0,1,0,0,0,1.333333333,1,0,0,0,0,0,0,0,0,,,,,,,,,,,,,,,,,,,,
417,Larry Doyle,0,0,14,0,45.1,7400,,,,,,1766,7382,6509,960,1887,299,123,74,793,298,27,625,378,0,0,0,195,0.289906284,0.347466811,0.407743125,0.755209936,,,,,,,,,,,,,,,,,,,,,,,,,,,,,,,,,,,,,,,,,,,,
604,Harry Davis,0,0,22,0,38.4,7391,,,,,,1755,7379,6653,1001,1841,361,145,75,951,285,2,525,644,0,0,0,142,0.27671727,0.328635316,0.408387194,0.73702251,,,,,,,,,,,,,,,,,,,,,,,,,,,,,,,,,,,,,,,,,,,,
437,Chuck Knoblauch,0,0,12,0,44.6,7387,,,,,,1632,7385,6366,1132,1839,322,64,98,615,407,117,804,730,22,116,56,20,0.288878417,0.376709546,0.405749293,0.782458839,,,,,,,,,,,,,,,,,,,,,,,,,,,,,,,,,,,,,,,,,,,,
611,Bill Madlock,0,0,15,0,38.2,7372,,,,,,1806,7372,6594,920,2008,348,34,163,860,174,90,605,510,121,190,69,36,0.30451926,0.363673359,0.441765241,0.8054386,,,,,,,,,,,,,,,,,,,,,,,,,,,,,,,,,,,,,,,,,,,,
626,Frank Howard,0,0,16,0,37.6,7353,,,,,,1895,7353,6488,864,1774,245,35,382,1119,8,9,782,1460,135,219,43,7,0.273427867,0.352101183,0.498612824,0.850714007,,,,,,,,,,,,,,,,,,,,,,,,,,,,,,,,,,,,,,,,,,,,
371,Ryan Braun,0,0,14,0,47.2,7340,,,,,,35,0,0,0,0,0,0,0,0,0,0,0,0,0,0,0,0,,,,0,,,,,2,1,0.666666667,13.39,35,0,12,0,0,0,50,59,40,37,6,25,1,30,0,0,,,,,,,,,,,,,,,,,,,,
488,Davey Lopes,0,0,16,0,42.4,7340,,,,,,1812,7340,6354,1023,1671,232,50,155,614,557,114,833,852,38,126,48,74,0.262983947,0.345367847,0.388416745,0.733784592,,,,,,,,,,,,,,,,,,,,,,,,,,,,,,,,,,,,,,,,,,,,
544,Anthony Rizzo,0,0,14,0,40.4,7336,1,,,,,1727,7336,6288,922,1644,338,22,303,965,72,44,781,1208,75,149,45,0,0.261450382,0.360823337,0.466762087,0.827585424,,,,,0,0,,0,2,0,1,0,0,0,1,0,0,0,0,1,0,1,0,0,,,,,,,,,,,,,,,,,,,,
890,Pete Runnels,0,0,14,0,29.9,7329,,,,,,1799,7328,6373,876,1854,282,64,49,630,37,51,844,627,28,174,34,49,0.290914797,0.371997817,0.378314765,0.750312582,,,,,,,,,,,,,,,,,,,,,,,,,,,,,,,,,,,,,,,,,,,,
874,Jhonny Peralta,0,0,15,0,30.3,7319,,,,,,1798,7319,6599,841,1761,376,24,202,873,17,27,606,1450,24,200,63,13,0.266858615,0.328596803,0.42294287,0.751539673,,,,,,,,,,,,,,,,,,,,,,,,,,,,,,,,,,,,,,,,,,,,
759,Joe Adcock,0,0,17,0,33.5,7305,,,,,,1959,7304,6606,823,1832,295,35,336,1122,20,25,594,1059,55,223,35,52,0.277323645,0.334474261,0.485165002,0.819639263,,,,,,,,,,,,,,,,,,,,,,,,,,,,,,,,,,,,,,,,,,,,
708,Alex Gordon,0,0,14,0,34.8,7250,2.1,,,,,1753,7247,6391,867,1643,357,26,190,749,113,45,684,1535,48,110,43,8,0.257080269,0.33779495,0.410264434,0.748059384,,,,,0,0,,19.29,2,0,1,0,0,0,2.333333333,8,5,5,1,2,0,0,0,0,,,,,,,,,,,,,,,,,,,,
713,George Burns,0,0,16,0,34.7,7249,,,,,,1853,8251,7241,1188,2077,362,108,41,611,383,139,872,565,0,0,0,112,0.286838834,0.360562356,0.383648667,0.744211023,,,,,,,,,,,,,,,,,,,,,,,,,,,,,,,,,,,,,,,,,,,,
647,José Bautista,0,0,15,0,36.8,7244,,,,,,315,55,50,2,5,0,0,0,1,0,0,1,17,0,0,0,4,0.1,0.109090909,0.1,0.209090909,,,,,32,42,0.432432432,60.31,312,49,97,4,0,3,685.6666667,732,376,352,106,171,28,328,27,10,,,,,,,,,,,,,,,,,,,,
392,Vern Stephens,0,0,15,0,46.4,7243,,,,,,1720,7240,6497,1001,1859,307,42,247,1174,25,22,692,685,0,169,8,37,0.286132061,0.353176796,0.460366323,0.813543119,,,,,,,,,,,,,,,,,,,,,,,,,,,,,,,,,,,,,,,,,,,,
567,Rafael Furcal,0,0,14,0,39.5,7237,,,,,,1614,7236,6477,1063,1817,311,69,113,587,314,94,643,910,24,84,39,55,0.28053111,0.343007186,0.402192373,0.745199559,,,,,,,,,,,,,,,,,,,,,,,,,,,,,,,,,,,,,,,,,,,,
725,Travis Fryman,0,0,13,0,34.4,7217,,,,,,1698,7217,6481,895,1776,345,40,223,1022,72,38,602,1369,19,154,78,15,0.274031785,0.335180823,0.442832896,0.778013719,,,,,,,,,,,,,,,,,,,,,,,,,,,,,,,,,,,,,,,,,,,,
955,Vernon Wells,0,0,15,0,28.6,7212,,,,,,1731,7212,6642,930,1794,379,34,270,958,109,37,472,956,24,168,65,2,0.270099368,0.31849695,0.459349593,0.777846543,,,,,,,,,,,,,,,,,,,,,,,,,,,,,,,,,,,,,,,,,,,,
49,Mike Trout,0,0,15,1,87.5,7203,,,,,,1648,7201,5967,1196,1754,325,55,404,1018,214,38,1067,1663,130,75,61,0,0.293950059,0.406471323,0.569968158,0.976439481,,,,,,,,,,,,,,,,,,,,,,,,,,,,,,,,,,,,,,,,,,,,
578,Carl Crawford,0,0,15,0,39.2,7178,,,,,,1,1,1,0,0,0,0,0,0,0,0,0,0,0,0,0,0,0,0,0,0,,,,,0,1,0,4.91,1,1,0,0,0,0,3.666666667,7,10,2,1,2,0,4,1,0,,,,,,,,,,,,,,,,,,,,
629,Dick McAuliffe,0,0,16,0,37.5,7162,,,,,,1763,7162,6185,888,1530,231,71,197,697,63,59,882,974,59,77,30,32,0.247372676,0.341385088,0.40323363,0.744618718,,,,,,,,,,,,,,,,,,,,,,,,,,,,,,,,,,,,,,,,,,,,
774,Rick Monday,0,0,19,0,33.1,7162,,,,,,1986,7162,6136,950,1619,248,64,241,775,98,91,924,1513,107,71,32,46,0.263852673,0.358419436,0.442959583,0.801379019,,,,,,,,,,,,,,,,,,,,,,,,,,,,,,,,,,,,,,,,,,,,
479,Jorge Posada,0,0,17,0,42.7,7150,,,,,,1829,7150,6092,900,1664,379,10,275,1065,20,21,936,1453,78,186,47,1,0.273145108,0.373986014,0.474064347,0.848050361,,,,,,,,,,,,,,,,,,,,,,,,,,,,,,,,,,,,,,,,,,,,
597,Kent Hrbek,0,0,14,0,38.6,7137,,,,,,1747,7137,6192,903,1749,312,18,293,1086,37,26,838,798,110,165,66,15,0.28246124,0.366120219,0.480620155,0.846740374,,,,,,,,,,,,,,,,,,,,,,,,,,,,,,,,,,,,,,,,,,,,
760,Ken Caminiti,0,0,15,0,33.5,7127,,,,,,1760,7125,6288,894,1710,348,17,239,983,88,39,727,1163,112,152,67,14,0.271946565,0.346105263,0.446723919,0.792829182,,,,,,,,,,,,,,,,,,,,,,,,,,,,,,,,,,,,,,,,,,,,
642,Kip Selbach,0,0,13,0,37,7122,,,,,,1612,7102,6165,1066,1807,301,149,44,779,334,0,785,358,0,0,0,110,0.293106245,0.370881442,0.411678832,0.782560274,,,,,,,,,,,,,,,,,,,,,,,,,,,,,,,,,,,,,,,,,,,,
335,Marcus Semien,0,0,13,1,49.2,7073,,,,,,1629,7072,6365,968,1613,323,36,253,801,139,40,631,1305,8,102,42,7,0.253417125,0.321125566,0.434721131,0.755846697,,,,,,,,,,,,,,,,,,,,,,,,,,,,,,,,,,,,,,,,,,,,
848,Greg Vaughn,0,0,15,0,30.8,7070,,,,,,1731,7070,6103,1017,1475,284,23,355,1072,121,59,865,1513,54,101,54,11,0.241684417,0.336209335,0.470260528,0.806469863,,,,,,,,,,,,,,,,,,,,,,,,,,,,,,,,,,,,,,,,,,,,
499,Xander Bogaerts,0,0,13,1,42,7069,,,,,,1666,7069,6349,948,1822,384,18,197,838,126,24,593,1270,23,160,63,6,0.286974327,0.349837318,0.446212002,0.79604932,,,,,,,,,,,,,,,,,,,,,,,,,,,,,,,,,,,,,,,,,,,,
560,Reggie Sanders,0,0,17,0,39.8,7043,,,,,,26,105,99,12,27,7,0,3,10,1,0,5,20,2,2,0,1,0.272727273,0.304761905,0.434343434,0.739105339,,,,,,,,,,,,,,,,,,,,,,,,,,,,,,,,,,,,,,,,,,,,
941,Bob Bailey,0,0,17,0,28.8,7043,,,,,,1931,7043,6082,772,1564,234,43,189,773,85,83,852,1126,67,195,52,40,0.257152253,0.345449382,0.402992437,0.748441819,,,,,,,,,,,,,,,,,,,,,,,,,,,,,,,,,,,,,,,,,,,,
537,Tim Salmon,0,0,14,0,40.6,7039,,,,,,1672,7039,5934,986,1674,339,24,299,1016,48,42,970,1360,45,98,68,0,0.282103134,0.385139935,0.498483316,0.883623251,,,,,,,,,,,,,,,,,,,,,,,,,,,,,,,,,,,,,,,,,,,,
653,Andy Pafko,0,0,17,0,36.6,7028,,,,,,1852,7026,6292,844,1796,264,62,213,976,38,13,561,477,7,164,15,82,0.285441831,0.346285226,0.448664971,0.794950197,,,,,,,,,,,,,,,,,,,,,,,,,,,,,,,,,,,,,,,,,,,,
418,Christian Yelich,0,0,13,1,45.1,7027,,,,,,1616,7025,6108,1033,1741,327,35,233,851,221,42,834,1548,60,123,27,5,0.285036018,0.373807829,0.464472823,0.838280652,,,,,,,,,,,,,,,,,,,,,,,,,,,,,,,,,,,,,,,,,,,,
776,Richie Hebner,0,0,18,0,33,7027,,,,,,1908,7016,6144,865,1694,273,57,203,890,38,40,687,741,95,105,67,44,0.275716146,0.349914481,0.437825521,0.787740002,,,,,,,,,,,,,,,,,,,,,,,,,,,,,,,,,,,,,,,,,,,,
718,Carl Furillo,0,0,15,0,34.6,7022,,,,,,1806,7022,6378,895,1910,324,56,192,1058,48,26,514,436,28,207,24,59,0.299466918,0.351894047,0.458137347,0.810031394,,,,,,,,,,,,,,,,,,,,,,,,,,,,,,,,,,,,,,,,,,,,
948,Billy Jurges,0,0,17,0,28.7,7018,,,,,,1816,7013,6253,721,1613,245,55,43,656,36,0,568,530,0,195,0,141,0.257956181,0.318266077,0.335359028,0.653625105,,,,,,,,,,,,,,,,,,,,,,,,,,,,,,,,,,,,,,,,,,,,
407,Augie Galan,0,0,16,0,45.6,7008,,,,,,1742,7003,5937,1004,1706,336,74,100,830,123,0,979,393,0,72,0,62,0.287350514,0.38697701,0.419403739,0.806380749,,,,,,,,,,,,,,,,,,,,,,,,,,,,,,,,,,,,,,,,,,,,
846,Hunter Pence,0,0,14,0,30.9,7006,,,,,,1707,7006,6420,891,1791,324,55,244,942,120,55,520,1335,19,151,39,1,0.278971963,0.333571225,0.4605919,0.794163125,,,,,,,,,,,,,,,,,,,,,,,,,,,,,,,,,,,,,,,,,,,,
657,Don Money,0,0,16,0,36.5,6998,,,,,,1720,6998,6215,798,1623,302,36,176,729,80,51,600,866,45,121,53,90,0.261142397,0.323378108,0.406275141,0.729653249,,,,,,,,,,,,,,,,,,,,,,,,,,,,,,,,,,,,,,,,,,,,
516,Jason Heyward,0,0,16,1,41.5,6995,,,,,,1824,6982,6174,879,1575,306,41,186,730,125,43,706,1238,27,104,34,6,0.255102041,0.335577199,0.408325235,0.743902434,,,,,,,,,,,,,,,,,,,,,,,,,,,,,,,,,,,,,,,,,,,,
968,Bob Watson,0,0,19,0,28.3,6962,,,,,,1832,6962,6185,802,1826,307,41,184,989,27,28,653,796,98,173,65,11,0.295230396,0.362970411,0.447372676,0.810343087,,,,,,,,,,,,,,,,,,,,,,,,,,,,,,,,,,,,,,,,,,,,
753,Bobby Thomson,0,0,15,0,33.8,6961,,,,,,1779,6957,6305,903,1705,267,74,264,1026,38,20,559,804,23,159,23,36,0.270420301,0.330314791,0.46185567,0.792170461,,,,,,,,,,,,,,,,,,,,,,,,,,,,,,,,,,,,,,,,,,,,
501,Curt Flood,0,0,15,0,41.9,6958,,,,,,1759,6958,6357,851,1861,271,44,85,636,88,73,444,609,22,117,33,72,0.292748152,0.338746766,0.389334592,0.728081358,,,,,,,,,,,,,,,,,,,,,,,,,,,,,,,,,,,,,,,,,,,,
84,Mookie Betts,0,0,12,1,75.2,6936,,,,,,1531,6936,6083,1166,1767,394,41,291,913,196,41,736,924,35,86,61,4,0.29048167,0.368367935,0.512247246,0.880615181,,,,,,,,,,,,,,,,,,,,,,,,,,,,,,,,,,,,,,,,,,,,
683,Salvador Perez,0,0,14,1,35.5,6904,,,,,,67,160,133,21,25,3,0,0,6,9,1,23,38,2,1,2,1,0.187969925,0.30625,0.210526316,0.516776316,,,,,,,,,,,,,,,,,,,,,,,,,,,,,,,,,,,,,,,,,,,,
433,Bill Freehan,0,0,15,0,44.7,6900,,,,,,1774,6899,6073,706,1591,241,35,200,758,24,21,626,753,67,138,48,38,0.261979252,0.337875054,0.411987486,0.74986254,,,,,,,,,,,,,,,,,,,,,,,,,,,,,,,,,,,,,,,,,,,,
539,Jim Sundberg,0,0,16,0,40.5,6899,,,,,,1962,6898,6021,621,1493,243,36,95,624,20,37,699,963,31,159,38,118,0.247965454,0.320962598,0.347616675,0.668579273,,,,,,,,,,,,,,,,,,,,,,,,,,,,,,,,,,,,,,,,,,,,
905,Bing Miller,0,0,16,0,29.6,6896,,,,,,1,5,5,0,1,0,0,0,2,0,0,0,2,0,0,0,0,0.2,0.2,0.2,0.4,,,,,,,,,,,,,,,,,,,,,,,,,,,,,,,,,,,,,,,,,,,,
511,Harlond Clift,0,0,12,0,41.7,6895,,,,,,1582,6894,5730,1070,1558,309,62,178,829,69,43,1070,713,0,51,0,53,0.271902269,0.387148245,0.440663176,0.827811421,,,,,,,,,,,,,,,,,,,,,,,,,,,,,,,,,,,,,,,,,,,,
745,Tony Cuccinello,0,0,15,0,34,6880,,,,,,1704,6877,6184,730,1729,334,46,94,884,42,3,579,497,0,121,0,96,0.279592497,0.338228879,0.394081501,0.73231038,,,,,,,,,,,,,,,,,,,,,,,,,,,,,,,,,,,,,,,,,,,,
336,David Wright,0,0,14,0,49.1,6872,,,,,,2,5,4,1,1,0,0,0,1,0,0,1,0,0,0,0,0,0.25,0.4,0.25,0.65,,,,,1,0,1,42.43,2,1,1,1,0,0,9,23,20,18,1,3,0,4,2,0,,,,,,,,,,,,,,,,,,,,
849,J.D. Martinez,0,0,14,0,30.8,6865,,,,,,26,42,37,3,6,1,0,0,0,0,0,1,17,0,1,0,4,0.162162162,0.166666667,0.189189189,0.355855856,,,,,6,9,0.4,8.57,24,24,0,0,0,0,125,141,70,60,23,35,5,68,7,0,,,,,,,,,,,,,,,,,,,,
900,Phil Garner,0,0,16,0,29.7,6861,,,,,,1860,6860,6136,780,1594,299,82,109,738,225,105,564,842,74,131,59,67,0.259778357,0.319533528,0.388526728,0.708060256,,,,,,,,,,,,,,,,,,,,,,,,,,,,,,,,,,,,,,,,,,,,
715,Claude Ritchie,0,0,13,0,34.7,6858,,,,,,1672,6826,5923,709,1619,216,68,18,675,155,0,607,290,0,0,0,224,0.273341212,0.33665397,0.341887557,0.678541527,,,,,,,,,,,,,,,,,,,,,,,,,,,,,,,,,,,,,,,,,,,,
826,Brian McCann,0,0,15,0,31.6,6850,,,,,,1755,6850,6067,742,1590,294,5,282,1018,25,9,640,1054,71,180,59,9,0.262073512,0.33649635,0.451623537,0.788119887,,,,,,,,,,,,,,,,,,,,,,,,,,,,,,,,,,,,,,,,,,,,
245,Francisco Lindor,0,0,11,1,55.7,6848,,,,,,1535,6848,6086,1011,1664,339,26,279,856,216,51,588,1120,36,109,63,31,0.273414394,0.340537383,0.475188958,0.815726341,,,,,,,,,,,,,,,,,,,,,,,,,,,,,,,,,,,,,,,,,,,,
425,Harry Stovey,0,0,14,0,45,6848,9.1,,,,,1489,6848,6153,1495,1775,348,176,122,912,509,0,664,452,0,0,0,0,0.288477166,0.360689252,0.461725987,0.822415239,,,,,0,0,,40.5,4,0,3,0,0,0,9.333333333,15,9,7,0,3,0,7,0,0,,,,,,,,,,,,,,,,,,,,
533,Mike Griffin,0,0,12,0,40.8,6848,,,,,,1513,6848,5923,1406,1755,314,108,42,720,473,0,809,284,0,0,0,38,0.296302549,0.385806075,0.407057235,0.79286331,,,,,,,,,,,,,,,,,,,,,,,,,,,,,,,,,,,,,,,,,,,,
434,Ben Zobrist,0,0,14,0,44.7,6836,1,,,,,1651,6836,5880,884,1566,349,44,167,768,116,49,832,994,35,124,67,26,0.266326531,0.355324751,0.42585034,0.781175091,,,,,0,0,,0,1,0,1,0,0,0,1,0,0,0,0,2,0,1,0,0,,,,,,,,,,,,,,,,,,,,
861,DJ LeMahieu,0,0,15,1,30.5,6822,,,,,,1673,6822,6132,896,1772,278,39,126,663,93,49,575,1048,24,189,47,37,0.288975864,0.34857813,0.408675799,0.757253929,,,,,,,,,,,,,,,,,,,,,,,,,,,,,,,,,,,,,,,,,,,,
821,Eddie Joost,0,0,17,0,31.8,6791,,,,,,1574,6783,5606,874,1339,238,35,134,601,61,31,1043,827,2,83,0,101,0.238851231,0.356037152,0.365501249,0.721538401,,,,,,,,,,,,,,,,,,,,,,,,,,,,,,,,,,,,,,,,,,,,
942,John Anderson,0,0,14,0,28.8,6785,,,,,,1636,6773,6345,871,1843,328,124,50,978,338,0,310,356,0,0,0,65,0.290464933,0.325705005,0.404885737,0.730590742,,,,,,,,,,,,,,,,,,,,,,,,,,,,,,,,,,,,,,,,,,,,
293,Dustin Pedroia,0,0,14,0,51.8,6777,,,,,,1512,6777,6031,922,1805,394,15,140,725,138,46,624,654,25,154,59,25,0.299287017,0.36402538,0.439230642,0.803256022,,,,,,,,,,,,,,,,,,,,,,,,,,,,,,,,,,,,,,,,,,,,
648,Garry Maddox,0,0,15,0,36.8,6777,,,,,,1749,6775,6331,777,1802,337,62,117,754,248,92,323,781,60,99,60,25,0.28463118,0.31896679,0.412888959,0.731855749,,,,,,,,,,,,,,,,,,,,,,,,,,,,,,,,,,,,,,,,,,,,
443,Cupid Childs,0,0,13,0,44.4,6770,,,,,,1457,6766,5622,1214,1721,205,101,20,743,269,0,991,228,0,0,0,90,0.306118819,0.41013893,0.389185343,0.799324273,,,,,,,,,,,,,,,,,,,,,,,,,,,,,,,,,,,,,,,,,,,,
517,Mike Tiernan,0,0,13,0,41.5,6732,19.2,,,,,1478,6732,5915,1316,1838,257,162,106,853,428,0,748,376,0,0,0,28,0.310735418,0.390225787,0.462721893,0.85294768,,,,,1,2,0.333333333,8.69,5,0,4,0,0,1,19.66666667,33,25,19,2,7,0,3,1,0,,,,,,,,,,,,,,,,,,,,
908,Marcell Ozuna,0,0,13,1,29.5,6715,,,,,,1614,6712,6045,823,1627,280,21,296,948,29,14,604,1490,20,152,36,1,0.269148056,0.336263409,0.469313482,0.805576891,,,,,,,,,,,,,,,,,,,,,,,,,,,,,,,,,,,,,,,,,,,,
870,Harry Steinfeldt,0,0,14,0,30.4,6712,,,,,,1647,6691,5900,759,1578,284,90,27,762,202,0,471,479,0,0,0,241,0.267457627,0.318039157,0.359830508,0.677869665,,,,,,,,,,,,,,,,,,,,,,,,,,,,,,,,,,,,,,,,,,,,
871,Mike Hargrove,0,0,12,0,30.4,6694,,,,,,1666,6693,5564,783,1614,266,28,80,686,24,37,965,550,75,154,67,44,0.29007908,0.393246676,0.39108555,0.784332226,,,,,,,,,,,,,,,,,,,,,,,,,,,,,,,,,,,,,,,,,,,,
598,Bill White,0,0,13,0,38.6,6680,,,,,,1,4,4,1,1,0,0,0,0,0,0,0,1,0,0,0,0,0.25,0.25,0.25,0.5,,,,,,,,,,,,,,,,,,,,,,,,,,,,,,,,,,,,,,,,,,,,
554,Albert Belle,0,0,12,0,40.1,6676,,,,,,1539,6673,5853,974,1726,389,21,381,1239,88,41,683,961,91,193,78,4,0.294891509,0.369249213,0.563813429,0.933062642,,,,,,,,,,,,,,,,,,,,,,,,,,,,,,,,,,,,,,,,,,,,
612,Ray Lankford,0,0,14,0,38.2,6675,,,,,,1701,6674,5747,968,1561,356,54,238,874,258,117,828,1550,68,77,53,10,0.271619976,0.363350315,0.476596485,0.8399468,,,,,,,,,,,,,,,,,,,,,,,,,,,,,,,,,,,,,,,,,,,,
622,Paul Blair,0,0,17,0,37.7,6673,,,,,,1947,6673,6042,776,1513,282,55,134,620,171,93,449,877,23,126,51,108,0.25041377,0.297467406,0.38182721,0.679294616,,,,,,,,,,,,,,,,,,,,,,,,,,,,,,,,,,,,,,,,,,,,
623,Terry Turner,0,0,17,0,37.7,6666,,,,,,1659,6658,5921,699,1499,207,77,8,528,256,31,435,492,0,0,0,268,0.253166695,0.29558426,0.318189495,0.613773755,,,,,,,,,,,,,,,,,,,,,,,,,,,,,,,,,,,,,,,,,,,,
605,Kirk Gibson,0,0,17,0,38.4,6656,,,,,,1635,6656,5798,985,1553,260,54,255,870,284,78,718,1285,72,72,56,23,0.267850983,0.350360577,0.463263194,0.813623771,,,,,,,,,,,,,,,,,,,,,,,,,,,,,,,,,,,,,,,,,,,,
593,Russell Martin,0,0,14,0,38.7,6648,4,,,,,1693,6648,5701,803,1416,255,9,191,771,101,51,792,1211,46,190,36,12,0.248377478,0.34822503,0.396772496,0.744997526,,,,,0,0,,0,4,0,4,0,0,0,4,2,0,0,0,0,0,2,0,0,,,,,,,,,,,,,,,,,,,,
803,Darin Erstad,0,0,14,0,32.3,6628,,,,,,1654,6615,6024,913,1697,316,33,124,699,179,58,475,939,46,87,43,36,0.281706507,0.33393802,0.40687251,0.74081053,,,,,,,,,,,,,,,,,,,,,,,,,,,,,,,,,,,,,,,,,,,,
937,Coco Crisp,0,0,15,0,28.9,6627,,,,,,1586,6627,5930,877,1572,308,57,130,639,309,79,561,865,18,91,51,80,0.265092749,0.322619587,0.402023609,0.724643196,,,,,,,,,,,,,,,,,,,,,,,,,,,,,,,,,,,,,,,,,,,,
765,Gene Woodling,0,0,17,0,33.3,6618,,,,,,1796,6613,5587,830,1585,257,63,147,830,29,45,921,479,34,110,31,46,0.28369429,0.383184636,0.431179524,0.81436416,,,,,,,,,,,,,,,,,,,,,,,,,,,,,,,,,,,,,,,,,,,,
444,Brett Gardner,0,0,14,0,44.3,6614,,,,,,1688,6614,5737,943,1470,251,73,139,578,274,64,699,1245,6,58,42,69,0.25623148,0.338070759,0.398117483,0.736188242,,,,,,,,,,,,,,,,,,,,,,,,,,,,,,,,,,,,,,,,,,,,
528,Mark Belanger,0,0,18,0,40.9,6602,,,,,,2016,6602,5784,676,1316,175,33,20,389,167,75,576,839,22,83,45,155,0.227524205,0.292941533,0.279564315,0.572505848,,,,,,,,,,,,,,,,,,,,,,,,,,,,,,,,,,,,,,,,,,,,
536,Roy Thomas,0,0,13,0,40.7,6602,2.2,,,,,1470,6575,5296,1011,1537,100,53,7,299,244,0,1042,521,0,0,0,166,0.290219033,0.403041825,0.333081571,0.736123396,,,,,0,0,,3.38,1,0,1,0,0,0,2.666666667,4,1,1,0,0,0,0,0,0,,,,,,,,,,,,,,,,,,,,
538,David Justice,0,0,14,0,40.6,6602,,,,,,1610,6601,5625,929,1571,280,24,305,1017,53,46,903,999,85,101,54,1,0.279288889,0.377518558,0.500266667,0.877785225,,,,,,,,,,,,,,,,,,,,,,,,,,,,,,,,,,,,,,,,,,,,
992,Roy Smalley,0,0,13,0,27.9,6596,,,,,,872,2948,2644,277,601,103,33,61,305,4,0,257,541,6,66,3,26,0.22730711,0.297150611,0.360438729,0.65758934,,,,,,,,,,,,,,,,,,,,,,,,,,,,,,,,,,,,,,,,,,,,
918,Jim Piersall,0,0,17,0,29.3,6593,,,,,,1734,6591,5890,811,1604,256,52,104,591,115,57,524,583,23,161,48,104,0.272325976,0.326657563,0.386417657,0.71307522,,,,,,,,,,,,,,,,,,,,,,,,,,,,,,,,,,,,,,,,,,,,
529,Darrell Porter,0,0,17,0,40.9,6570,,,,,,13,21,19,2,4,0,0,0,0,0,0,2,4,0,0,0,0,0.210526316,0.285714286,0.210526316,0.496240602,,,,,,,,,,,,,,,,,,,,,,,,,,,,,,,,,,,,,,,,,,,,
507,Doug DeCinces,0,0,15,0,41.8,6534,,,,,,1649,6534,5809,778,1505,312,29,237,879,58,48,618,904,57,176,64,22,0.259080737,0.328129783,0.445171286,0.773301069,,,,,,,,,,,,,,,,,,,,,,,,,,,,,,,,,,,,,,,,,,,,
594,Justin Turner,0,0,17,1,38.7,6502,1,,,,,1758,6502,5709,811,1617,354,9,201,832,47,13,589,1012,18,146,63,5,0.283236994,0.360196863,0.454019968,0.814216831,,,,,0,0,,0,1,0,1,0,0,0,1,2,0,0,0,0,0,0,0,0,,,,,,,,,,,,,,,,,,,,
756,Dom DiMaggio,0,0,11,0,33.6,6478,,,,,,1399,6478,5640,1046,1680,308,57,87,618,100,62,750,571,0,107,0,57,0.29787234,0.379901204,0.418971631,0.798872835,,,,,,,,,,,,,,,,,,,,,,,,,,,,,,,,,,,,,,,,,,,,
832,Ted Kluszewski,0,0,15,0,31.4,6470,,,,,,1718,6470,5929,848,1766,290,29,279,1028,20,10,492,365,70,143,23,3,0.297857986,0.352550232,0.497723056,0.850273288,,,,,,,,,,,,,,,,,,,,,,,,,,,,,,,,,,,,,,,,,,,,
355,Wally Schang,0,0,19,0,48,6440,,,,,,1842,6423,5307,769,1506,264,90,59,710,121,49,849,573,0,0,0,160,0.283776145,0.38330998,0.400791408,0.784101388,,,,,,,,,,,,,,,,,,,,,,,,,,,,,,,,,,,,,,,,,,,,
697,Howie Kendrick,0,0,15,0,35,6421,,,,,,1621,6421,5950,792,1747,354,38,127,724,126,47,349,1102,34,193,37,24,0.293613445,0.335928983,0.429915966,0.765844949,,,,,,,,,,,,,,,,,,,,,,,,,,,,,,,,,,,,,,,,,,,,
497,Bill Nicholson,0,0,16,0,42.1,6420,,,,,,1677,6418,5546,837,1484,272,60,235,948,27,1,800,828,0,61,0,20,0.267580238,0.363976317,0.465380454,0.829356771,,,,,,,,,,,,,,,,,,,,,,,,,,,,,,,,,,,,,,,,,,,,
492,George Springer,0,0,12,1,42.3,6375,,,,,,1445,6352,5555,982,1480,249,23,293,796,120,41,676,1315,14,121,34,2,0.266426643,0.352802267,0.477767777,0.830570044,,,,,,,,,,,,,,,,,,,,,,,,,,,,,,,,,,,,,,,,,,,,
909,Raúl Mondesí,0,0,13,0,29.5,6369,,,,,,1525,6369,5814,909,1589,319,49,271,860,229,92,475,1130,50,93,37,2,0.273305814,0.330507144,0.484864121,0.815371265,,,,,,,,,,,,,,,,,,,,,,,,,,,,,,,,,,,,,,,,,,,,
921,Jayson Werth,0,0,15,0,29.2,6366,,,,,,1583,6366,5484,883,1465,300,22,229,799,132,23,764,1450,32,99,50,4,0.267140773,0.360194785,0.455142232,0.815337017,,,,,,,,,,,,,,,,,,,,,,,,,,,,,,,,,,,,,,,,,,,,
618,Troy Glaus,0,0,13,0,38.1,6355,,,,,,1537,6355,5410,889,1375,293,10,320,950,56,29,854,1377,40,138,45,0,0.254158965,0.357985838,0.489463956,0.847449794,,,,,,,,,,,,,,,,,,,,,,,,,,,,,,,,,,,,,,,,,,,,
466,Dolph Camilli,0,0,12,0,43.2,6354,,,,,,1490,6352,5353,936,1482,261,86,239,950,60,0,947,961,0,80,0,24,0.276854101,0.386807305,0.491686905,0.87849421,,,,,,,,,,,,,,,,,,,,,,,,,,,,,,,,,,,,,,,,,,,,
494,Darryl Strawberry,0,0,17,0,42.2,6326,,,,,,1583,6326,5418,898,1401,256,38,335,1000,221,99,816,1352,131,64,53,1,0.258582503,0.356465381,0.505352529,0.86181791,,,,,,,,,,,,,,,,,,,,,,,,,,,,,,,,,,,,,,,,,,,,
790,Rico Carty,0,0,15,0,32.6,6318,,,,,,1651,6318,5606,712,1677,278,17,204,890,21,26,642,663,65,206,54,3,0.299143775,0.369104147,0.463967178,0.833071325,,,,,,,,,,,,,,,,,,,,,,,,,,,,,,,,,,,,,,,,,,,,
913,Brandon Crawford,0,0,14,0,29.4,6318,2.1,,,,,1684,6318,5646,674,1404,295,44,147,748,47,34,544,1294,75,121,62,7,0.248671626,0.317663818,0.394615657,0.712279475,,,,,0,0,,27,2,0,2,0,0,0,2.333333333,4,4,4,0,3,0,0,1,0,,,,,,,,,,,,,,,,,,,,
827,José Valentín,0,0,16,0,31.6,6317,,,,,,16,62,60,9,17,4,0,0,0,0,0,2,0,0,0,0,0,0.283333333,0.306451613,0.35,0.656451613,,,,,2,10,0.166666667,3.53,13,12,1,11,0,0,102,130,80,40,0,17,0,13,0,0,,,,,,,,,,,,,,,,,,,,
770,Ken Keltner,0,0,13,0,33.2,6316,,,,,,1526,6312,5683,737,1570,308,69,163,852,39,33,514,480,0,144,0,102,0.276262537,0.332224335,0.440788316,0.773012651,,,,,,,,,,,,,,,,,,,,,,,,,,,,,,,,,,,,,,,,,,,,
862,Ginger Beaumont,0,0,12,0,30.5,6313,,,,,,1463,6281,5660,955,1759,182,82,39,617,254,0,425,314,0,0,0,166,0.310777385,0.352491641,0.392579505,0.745071146,,,,,,,,,,,,,,,,,,,,,,,,,,,,,,,,,,,,,,,,,,,,
976,J.J. Hardy,0,0,13,0,28.2,6309,,,,,,1561,6309,5805,718,1488,291,14,188,688,8,9,411,960,24,156,38,40,0.256330749,0.303376129,0.408440999,0.711817128,,,,,,,,,,,,,,,,,,,,,,,,,,,,,,,,,,,,,,,,,,,,
577,Starling Marte,0,0,14,1,39.3,6307,,,,,,1530,6307,5751,877,1639,291,55,163,667,361,100,342,1267,18,121,26,22,0.284993914,0.340415411,0.439749609,0.78016502,,,,,,,,,,,,,,,,,,,,,,,,,,,,,,,,,,,,,,,,,,,,
840,Duke Farrell,0,0,18,0,31.1,6269,,,,,,1565,6263,5682,829,1572,211,123,52,916,150,0,480,369,0,0,0,51,0.276663147,0.335621906,0.384547694,0.7201696,,,,,,,,,,,,,,,,,,,,,,,,,,,,,,,,,,,,,,,,,,,,
910,Brian Roberts,0,0,14,0,29.5,6253,,,,,,1418,6250,5531,850,1527,367,39,97,542,285,73,609,844,26,82,49,48,0.276080275,0.34384,0.409148436,0.752988436,,,,,,,,,,,,,,,,,,,,,,,,,,,,,,,,,,,,,,,,,,,,
565,Babe Herman,0,0,13,0,39.6,6230,,,,,,1552,6226,5603,882,1818,399,110,181,997,94,0,520,553,0,43,0,92,0.324469034,0.377288789,0.531857933,0.909146722,,,,,,,,,,,,,,,,,,,,,,,,,,,,,,,,,,,,,,,,,,,,
609,Eric Chavez,0,0,17,0,38.3,6228,,,,,,1615,6227,5518,816,1477,318,24,260,902,50,17,639,1079,77,132,55,0,0.267669445,0.342219367,0.475353389,0.817572756,,,,,,,,,,,,,,,,,,,,,,,,,,,,,,,,,,,,,,,,,,,,
540,Cy Seymour,0,0,16,0,40.5,6227,1038,,,,,1529,6208,5686,737,1724,229,96,52,799,222,0,354,361,0,0,0,138,0.303200844,0.339561856,0.404678157,0.744240013,,,,,61,56,0.521367521,32.37,141,124,15,105,6,1,1038,954,632,430,25,659,0,591,86,8,,,,,,,,,,,,,,,,,,,,
883,Sherm Lollar,0,0,18,0,30.1,6221,,,,,,1752,6218,5351,623,1415,244,14,155,808,20,10,671,453,49,184,34,47,0.264436554,0.353972338,0.402167819,0.756140157,,,,,,,,,,,,,,,,,,,,,,,,,,,,,,,,,,,,,,,,,,,,
911,José Abreu,0,0,11,1,29.5,6220,,,,,,9,32,28,4,6,1,0,1,3,0,0,4,4,0,1,0,0,0.214285714,0.3125,0.357142857,0.669642857,,,,,,,,,,,,,,,,,,,,,,,,,,,,,,,,,,,,,,,,,,,,
813,Frank McCormick,0,0,13,0,31.9,6207,,,,,,1534,6207,5723,722,1711,334,26,128,951,27,0,399,189,0,176,0,58,0.298969072,0.344288706,0.433513891,0.777802597,,,,,,,,,,,,,,,,,,,,,,,,,,,,,,,,,,,,,,,,,,,,
969,Tim McCarver,0,0,21,0,28.3,6206,,,,,,1909,6206,5529,590,1501,242,57,97,645,61,49,548,422,119,99,64,35,0.271477663,0.334998389,0.388497016,0.723495405,,,,,,,,,,,,,,,,,,,,,,,,,,,,,,,,,,,,,,,,,,,,
643,Kyle Seager,0,0,11,0,37,6204,,,,,,1480,6204,5561,705,1395,309,14,242,807,55,27,533,1120,35,107,42,5,0.250854163,0.320921986,0.442006833,0.762928819,,,,,,,,,,,,,,,,,,,,,,,,,,,,,,,,,,,,,,,,,,,,
582,Rico Petrocelli,0,0,13,0,39.1,6171,,,,,,1553,6170,5390,653,1352,237,22,210,773,10,22,661,926,61,127,57,36,0.250834879,0.330470016,0.419851577,0.750321593,,,,,,,,,,,,,,,,,,,,,,,,,,,,,,,,,,,,,,,,,,,,
740,Michael Brantley,0,0,15,0,34.1,6149,,,,,,302,1222,1138,154,295,56,8,32,125,34,14,67,136,0,18,8,7,0.259226714,0.29787234,0.40685413,0.70472647,,,,,,,,,,,,,,,,,,,,,,,,,,,,,,,,,,,,,,,,,,,,
666,Eric Davis,0,0,17,0,36.1,6147,,,,,,1626,6147,5321,938,1430,239,26,282,934,349,66,740,1398,59,112,50,3,0.268746476,0.358386205,0.482428115,0.84081432,,,,,,,,,,,,,,,,,,,,,,,,,,,,,,,,,,,,,,,,,,,,
794,Jimmy Williams,0,0,11,0,32.5,6138,,,,,,1457,6116,5485,780,1508,242,138,49,796,151,0,474,531,0,0,0,121,0.274931632,0.329954218,0.396171376,0.726125594,,,,,,,,,,,,,,,,,,,,,,,,,,,,,,,,,,,,,,,,,,,,
722,Jeff Cirillo,0,0,14,0,34.5,6136,1,,,,,1617,6136,5396,800,1598,343,21,112,727,63,37,563,694,18,153,59,51,0.296145293,0.363102999,0.429762787,0.792865786,,,,,0,0,,0,1,0,1,0,0,0,1,0,0,0,0,2,0,1,0,0,,,,,,,,,,,,,,,,,,,,
445,Nomar Garciaparra,0,0,14,0,44.3,6116,,,,,,1434,6116,5586,927,1747,370,52,229,936,95,31,403,554,54,129,63,5,0.312746151,0.36118378,0.520587182,0.881770962,,,,,,,,,,,,,,,,,,,,,,,,,,,,,,,,,,,,,,,,,,,,
723,Pedro Guerrero,0,0,15,0,34.5,6115,,,,,,1536,6115,5392,730,1618,267,29,215,898,97,47,609,862,115,122,73,9,0.300074184,0.36941946,0.479970326,0.849389786,,,,,,,,,,,,,,,,,,,,,,,,,,,,,,,,,,,,,,,,,,,,
943,Edgardo Alfonzo,0,0,12,0,28.8,6108,,,,,,1506,6108,5385,777,1532,282,18,146,744,53,17,596,617,22,110,55,31,0.284493965,0.355108055,0.424883937,0.779991992,,,,,,,,,,,,,,,,,,,,,,,,,,,,,,,,,,,,,,,,,,,,
997,Jackie Jensen,0,0,11,0,27.8,6080,,,,,,1438,6079,5236,810,1463,259,45,199,929,143,55,750,546,28,185,52,18,0.279411765,0.367823655,0.460084034,0.827907689,,,,,,,,,,,,,,,,,,,,,,,,,,,,,,,,,,,,,,,,,,,,
938,Baby Doll Jacobson,0,0,11,0,28.9,6078,,,,,,1472,6072,5507,787,1714,328,94,83,821,86,54,355,410,0,0,0,171,0.31124024,0.347167325,0.450154349,0.797321674,,,,,,,,,,,,,,,,,,,,,,,,,,,,,,,,,,,,,,,,,,,,
939,Kevin Seitzer,0,0,12,0,28.9,6062,0.1,,,,,1439,6062,5278,739,1557,285,35,74,613,80,49,669,617,31,133,41,39,0.294998105,0.372979215,0.404319818,0.777299033,,,,,0,0,,0,1,0,1,0,0,0,0.333333333,0,0,0,0,0,0,1,0,0,,,,,,,,,,,,,,,,,,,,
746,Dan McGann,0,0,12,0,34,6057,,,,,,1437,6051,5226,842,1482,181,100,42,727,282,0,429,334,0,0,0,166,0.28358209,0.353825814,0.380597015,0.734422829,,,,,,,,,,,,,,,,,,,,,,,,,,,,,,,,,,,,,,,,,,,,
658,Bill Bradley,0,0,14,0,36.5,6052,1,,,,,1461,6046,5430,754,1471,275,84,34,552,181,0,290,531,0,0,0,253,0.270902394,0.303341052,0.371270718,0.67461177,,,,,0,0,,0,1,0,0,0,0,0,1,4,3,0,0,0,0,0,0,0,,,,,,,,,,,,,,,,,,,,
891,Von Hayes,0,0,12,0,29.9,6052,,,,,,1495,6052,5249,767,1402,282,36,143,696,253,97,712,804,82,100,50,19,0.267098495,0.352941176,0.416269766,0.769210942,,,,,,,,,,,,,,,,,,,,,,,,,,,,,,,,,,,,,,,,,,,,
775,Earl Torgeson,0,0,15,0,33.1,6046,,,,,,1668,6037,4969,848,1318,215,46,149,740,133,39,980,653,7,113,25,55,0.265244516,0.381977804,0.416985309,0.798963113,,,,,,,,,,,,,,,,,,,,,,,,,,,,,,,,,,,,,,,,,,,,
526,Hardy Richardson,0,0,14,0,41,6044,16,,,,,1334,6044,5657,1127,1694,305,126,73,828,207,0,377,446,0,0,0,0,0.299452006,0.344308405,0.436627188,0.780935593,,,,,3,0,1,6.75,5,0,5,0,0,0,16,16,10,7,1,13,0,6,0,0,,,,,,,,,,,,,,,,,,,,
884,Kevin McReynolds,0,0,12,0,30.1,6039,,,,,,1502,6039,5423,727,1439,284,35,211,807,93,32,522,707,67,100,66,14,0.265351282,0.327040901,0.447353863,0.774394764,,,,,,,,,,,,,,,,,,,,,,,,,,,,,,,,,,,,,,,,,,,,
522,Jack Fournier,0,0,15,0,41.2,6034,1,,,,,1530,6033,5208,822,1631,252,113,136,859,145,96,587,424,0,0,0,149,0.313172043,0.382396818,0.483294931,0.865691749,,,,,0,0,,0,1,0,1,0,0,0,1,0,0,0,0,0,0,0,0,0,,,,,,,,,,,,,,,,,,,,
963,Bob Meusel,0,0,11,0,28.4,6031,,,,,,1407,6028,5475,826,1693,368,95,156,1068,142,102,375,619,0,0,0,157,0.309223744,0.346549436,0.496621005,0.843170441,,,,,,,,,,,,,,,,,,,,,,,,,,,,,,,,,,,,,,,,,,,,
786,Mickey Rivers,0,0,15,0,32.7,6027,,,,,,1468,6027,5629,785,1660,247,71,61,499,267,90,266,471,20,44,35,75,0.294901403,0.323212212,0.396518032,0.719730244,,,,,,,,,,,,,,,,,,,,,,,,,,,,,,,,,,,,,,,,,,,,
677,Danny Murphy,0,0,16,0,35.7,5996,,,,,,8,31,26,2,3,0,0,0,0,0,0,5,4,0,0,0,0,0.115384615,0.258064516,0.115384615,0.373449131,,,,,,,,,,,,,,,,,,,,,,,,,,,,,,,,,,,,,,,,,,,,
814,Scott Fletcher,0,0,15,0,31.9,5976,,,,,,1612,5976,5258,688,1376,243,38,34,510,99,58,514,541,13,109,36,111,0.261696463,0.325803213,0.34176493,0.667568143,,,,,,,,,,,,,,,,,,,,,,,,,,,,,,,,,,,,,,,,,,,,
601,Lonnie Smith,0,0,17,0,38.5,5952,,,,,,1613,5952,5170,909,1488,273,58,98,533,370,140,623,849,19,69,46,21,0.287814313,0.370127688,0.419922631,0.790050319,,,,,,,,,,,,,,,,,,,,,,,,,,,,,,,,,,,,,,,,,,,,
914,Buddy Lewis,0,0,11,0,29.4,5940,,,,,,1349,5937,5261,830,1563,249,93,71,607,83,59,573,303,0,69,0,83,0.297091808,0.36314637,0.420262308,0.783408678,,,,,,,,,,,,,,,,,,,,,,,,,,,,,,,,,,,,,,,,,,,,
981,Denis Menke,0,0,13,0,28.1,5936,,,,,,1598,5934,5071,605,1270,225,40,101,606,34,54,698,853,73,99,65,54,0.250443699,0.339400067,0.370341156,0.709741223,,,,,,,,,,,,,,,,,,,,,,,,,,,,,,,,,,,,,,,,,,,,
741,Bob Allison,0,0,13,0,34.1,5924,,,,,,1541,5921,5032,811,1281,216,53,256,796,84,50,795,1033,30,115,35,25,0.254570747,0.356358723,0.47118442,0.827543143,,,,,,,,,,,,,,,,,,,,,,,,,,,,,,,,,,,,,,,,,,,,
783,Bill Doran,0,0,12,0,32.8,5922,,,,,,3,3,2,0,1,0,0,0,0,0,0,1,0,0,0,0,0,0.5,0.666666667,0.5,1.166666667,,,,,,,,,,,,,,,,,,,,,,,,,,,,,,,,,,,,,,,,,,,,
987,Terry Steinbach,0,0,14,0,28,5905,,,,,,1546,5896,5369,638,1453,273,21,162,745,23,22,418,938,31,177,46,15,0.270627677,0.325474898,0.419817471,0.745292369,,,,,,,,,,,,,,,,,,,,,,,,,,,,,,,,,,,,,,,,,,,,
749,George Grantham,0,0,13,0,33.9,5900,,,,,,1444,5897,4989,912,1508,292,93,105,712,132,53,717,526,0,5,0,168,0.302264983,0.381210785,0.461214672,0.842425457,,,,,,,,,,,,,,,,,,,,,,,,,,,,,,,,,,,,,,,,,,,,
766,Johnny Logan,0,0,13,0,33.3,5893,,,,,,1503,5893,5244,651,1407,216,41,93,547,19,13,451,472,26,125,30,125,0.268306636,0.322586119,0.378337147,0.700923266,,,,,,,,,,,,,,,,,,,,,,,,,,,,,,,,,,,,,,,,,,,,
385,Josh Donaldson,0,0,13,0,46.8,5856,1,,,,,405,1380,1225,96,292,35,11,4,86,19,9,132,133,12,20,6,13,0.238367347,0.310144928,0.294693878,0.604838806,,,,,,,,,,,,,,,,,,,,,,,,,,,,,,,,,,,,,,,,,,,,
977,Rondell White,0,0,15,0,28.2,5852,,,,,,1881,7735,6650,964,1803,300,51,160,758,233,117,934,708,66,123,69,53,0.27112782,0.357595346,0.403759398,0.761354744,,,,,,,,,,,,,,,,,,,,,,,,,,,,,,,,,,,,,,,,,,,,
613,Roger Maris,0,0,12,0,38.2,5847,,,,,,1463,5846,5101,826,1325,195,42,275,851,21,9,652,733,42,75,43,12,0.25975299,0.344680123,0.476181141,0.820861264,,,,,,,,,,,,,,,,,,,,,,,,,,,,,,,,,,,,,,,,,,,,
833,Topsy Hartsel,0,0,14,0,31.4,5842,,,,,,1356,5793,4848,826,1336,182,92,31,341,247,0,837,551,0,0,0,96,0.275577558,0.377179354,0.370255776,0.74743513,,,,,,,,,,,,,,,,,,,,,,,,,,,,,,,,,,,,,,,,,,,,
886,John Titus,0,0,11,0,30,5842,,,,,,1402,5818,4960,738,1401,253,72,38,561,140,0,620,389,0,0,0,144,0.282459677,0.363526985,0.385483871,0.749010856,,,,,,,,,,,,,,,,,,,,,,,,,,,,,,,,,,,,,,,,,,,,
761,Elbie Fletcher,0,0,12,0,33.5,5828,,,,,,1415,5826,4879,723,1323,228,58,79,616,32,0,851,495,0,97,0,54,0.271162123,0.380363886,0.390243902,0.770607788,,,,,,,,,,,,,,,,,,,,,,,,,,,,,,,,,,,,,,,,,,,,
993,Amos Strunk,0,0,17,0,27.9,5828,,,,,,1512,5803,4999,696,1418,213,96,15,530,185,100,573,453,0,0,0,219,0.283656731,0.345166293,0.373674735,0.718841028,,,,,,,,,,,,,,,,,,,,,,,,,,,,,,,,,,,,,,,,,,,,
614,Sid Gordon,0,0,13,0,38.2,5814,,,,,,1475,5811,4992,735,1415,220,43,202,805,19,5,731,356,2,174,12,54,0.283453526,0.373085527,0.466145833,0.83923136,,,,,,,,,,,,,,,,,,,,,,,,,,,,,,,,,,,,,,,,,,,,
879,Lance Johnson,0,0,14,0,30.2,5800,,,,,,12,29,26,1,5,2,0,0,1,0,0,2,8,0,0,0,1,0.192307692,0.24137931,0.269230769,0.510610079,,,,,,,,,,,,,,,,,,,,,,,,,,,,,,,,,,,,,,,,,,,,
619,Max Bishop,0,0,12,0,38.1,5793,,,,,,1338,5776,4494,966,1216,236,35,41,379,43,50,1153,452,0,0,0,98,0.270583,0.415512465,0.366043614,0.781556079,,,,,,,,,,,,,,,,,,,,,,,,,,,,,,,,,,,,,,,,,,,,
950,Matt Carpenter,0,0,14,0,28.7,5773,1.1,,,,,1511,5770,4856,813,1257,329,28,179,659,28,19,774,1225,40,40,54,12,0.258855025,0.364818024,0.448723229,0.813541253,,,,,0,0,,0,1,0,1,0,0,0,1.333333333,2,0,0,0,0,0,0,1,0,,,,,,,,,,,,,,,,,,,,
892,Hal Trosky,0,0,11,0,29.9,5750,,,,,,1347,5747,5161,835,1561,331,58,228,1012,28,23,545,440,0,43,0,25,0.302460763,0.369236123,0.52160434,0.890840463,,,,,,,,,,,,,,,,,,,,,,,,,,,,,,,,,,,,,,,,,,,,
915,Mickey Tettleton,0,0,14,0,29.4,5745,,,,,,1485,5745,4698,711,1132,210,16,245,732,23,29,949,1307,72,86,47,21,0.240953597,0.367449956,0.448914432,0.816364388,,,,,,,,,,,,,,,,,,,,,,,,,,,,,,,,,,,,,,,,,,,,
757,Heinie Zimmerman,0,0,13,0,33.6,5744,,,,,,1456,5740,5304,695,1566,275,105,58,796,175,33,242,432,0,0,0,156,0.295248869,0.321602787,0.419494721,0.741097508,,,,,,,,,,,,,,,,,,,,,,,,,,,,,,,,,,,,,,,,,,,,
747,Ken McMullen,0,0,16,0,34,5731,,,,,,1583,5730,5131,568,1273,172,26,156,606,20,19,510,815,47,134,38,34,0.248099786,0.314136126,0.382966283,0.697102409,,,,,,,,,,,,,,,,,,,,,,,,,,,,,,,,,,,,,,,,,,,,
762,Mark Ellis,0,0,12,0,33.5,5728,,,,,,1435,5728,5117,690,1343,257,25,105,550,82,29,438,801,20,89,39,59,0.262458472,0.324022346,0.384014071,0.708036417,,,,,,,,,,,,,,,,,,,,,,,,,,,,,,,,,,,,,,,,,,,,
828,Chick Stahl,0,0,10,0,31.6,5718,2,,,,,1304,5709,5069,858,1546,219,118,36,622,189,0,470,270,0,0,0,126,0.304991123,0.360833771,0.416058394,0.776892165,,,,,0,0,,9,1,0,1,0,0,0,2,2,2,2,0,3,0,0,0,0,,,,,,,,,,,,,,,,,,,,
172,Joe Jackson,0,0,13,0,62.2,5697,,,,,,1332,5690,4981,873,1772,307,168,54,785,202,81,519,233,0,0,0,131,0.355751857,0.413005272,0.517365991,0.930371263,,,,,,,,,,,,,,,,,,,,,,,,,,,,,,,,,,,,,,,,,,,,
484,Wally Berger,0,0,11,0,42.5,5666,,,,,,1350,5663,5163,809,1550,299,59,242,898,36,0,435,694,0,69,0,27,0.300213054,0.35723115,0.521595971,0.878827121,,,,,,,,,,,,,,,,,,,,,,,,,,,,,,,,,,,,,,,,,,,,
777,Brian Jordan,0,0,15,0,32.9,5646,,,,,,1456,5646,5160,755,1454,267,37,184,821,119,48,353,842,25,118,57,2,0.281782946,0.333156217,0.454844961,0.788001178,,,,,,,,,,,,,,,,,,,,,,,,,,,,,,,,,,,,,,,,,,,,
480,Ken Williams,0,0,14,0,42.7,5625,,,,,,1397,5616,4862,860,1552,285,77,196,913,154,106,566,287,0,0,0,160,0.319210202,0.382122507,0.530440148,0.912562655,,,,,,,,,,,,,,,,,,,,,,,,,,,,,,,,,,,,,,,,,,,,
426,Buster Posey,0,0,12,0,45,5607,,,,,,1371,5607,4970,663,1500,293,9,158,729,23,9,540,721,67,163,53,1,0.301810865,0.371499911,0.459758551,0.831258462,,,,,,,,,,,,,,,,,,,,,,,,,,,,,,,,,,,,,,,,,,,,
502,Trea Turner,0,0,11,1,41.9,5606,,,,,,1266,5604,5157,870,1531,282,48,186,641,315,53,383,1028,11,87,21,2,0.29687803,0.348857959,0.478378902,0.827236861,,,,,,,,,,,,,,,,,,,,,,,,,,,,,,,,,,,,,,,,,,,,
673,Freddy Parent,0,0,12,0,35.9,5592,,,,,,1327,5571,4984,633,1306,180,74,20,471,184,0,333,337,0,0,0,203,0.262038523,0.303356668,0.33988764,0.643244308,,,,,,,,,,,,,,,,,,,,,,,,,,,,,,,,,,,,,,,,,,,,
988,Del Crandall,0,0,16,0,28,5584,,,,,,1573,5581,5026,585,1276,179,18,179,657,26,28,424,477,95,162,42,68,0.253879825,0.308367676,0.403501791,0.711869467,,,,,,,,,,,,,,,,,,,,,,,,,,,,,,,,,,,,,,,,,,,,
684,Tommy Holmes,0,0,11,0,35.5,5566,,,,,,1320,5565,4992,698,1507,292,47,88,581,40,0,480,122,0,96,0,69,0.301883013,0.361365678,0.432091346,0.793457024,,,,,,,,,,,,,,,,,,,,,,,,,,,,,,,,,,,,,,,,,,,,
624,Jeff Heath,0,0,14,0,37.7,5561,,,,,,1383,5560,4937,777,1447,279,102,194,887,56,47,593,670,0,59,0,20,0.293092971,0.368705036,0.508811019,0.877516055,,,,,,,,,,,,,,,,,,,,,,,,,,,,,,,,,,,,,,,,,,,,
595,J.T. Realmuto,0,0,12,1,38.7,5542,,,,,,1373,5536,5050,696,1366,279,35,180,677,104,27,365,1176,20,107,38,1,0.27049505,0.327492775,0.446534653,0.774027428,,,,,,,,,,,,,,,,,,,,,,,,,,,,,,,,,,,,,,,,,,,,
386,Gene Tenace,0,0,15,0,46.8,5527,,,,,,1555,5525,4390,653,1060,179,20,201,674,36,42,984,998,58,77,39,21,0.241457859,0.386425339,0.428701595,0.815126934,,,,,,,,,,,,,,,,,,,,,,,,,,,,,,,,,,,,,,,,,,,,
742,Johnny Pesky,0,0,10,0,34.1,5516,,,,,,1270,5516,4745,867,1455,226,50,17,404,53,49,662,218,0,82,1,83,0.306638567,0.388324873,0.386090622,0.774415495,,,,,,,,,,,,,,,,,,,,,,,,,,,,,,,,,,,,,,,,,,,,
514,Eddie Stanky,0,0,11,0,41.6,5439,,,,,,1259,5435,4301,811,1154,185,35,29,364,48,5,996,374,0,62,0,103,0.268309695,0.402023919,0.347826087,0.749850006,,,,,,,,,,,,,,,,,,,,,,,,,,,,,,,,,,,,,,,,,,,,
481,Elmer Smith,0,0,14,0,42.6,5422,1210.1,,,,,1237,5422,4693,913,1456,197,136,37,665,233,0,639,258,0,0,0,48,0.310249307,0.394135006,0.433837631,0.827972637,,,,,75,57,0.568181818,40.41,149,136,11,122,9,0,1210.333333,1167,714,450,20,422,0,525,40,1,,,,,,,,,,,,,,,,,,,,
863,Cecil Travis,0,0,12,0,30.5,5417,,,,,,1328,5414,4914,665,1544,265,78,27,657,23,32,402,291,0,51,0,67,0.314204314,0.365164389,0.416361416,0.781525805,,,,,,,,,,,,,,,,,,,,,,,,,,,,,,,,,,,,,,,,,,,,
431,Troy Tulowitzki,0,0,13,0,44.8,5415,,,,,,1291,5415,4804,762,1391,264,24,225,780,57,32,511,900,48,146,43,10,0.289550375,0.359926131,0.495004163,0.854930294,,,,,,,,,,,,,,,,,,,,,,,,,,,,,,,,,,,,,,,,,,,,
847,Orlando Hudson,0,0,11,0,30.9,5413,,,,,,1345,5413,4825,648,1319,256,66,93,542,85,28,483,825,21,138,42,33,0.273367876,0.338444485,0.411606218,0.750050703,,,,,,,,,,,,,,,,,,,,,,,,,,,,,,,,,,,,,,,,,,,,
568,Tommy Henrich,0,0,11,0,39.5,5411,,,,,,1284,5409,4603,901,1297,269,73,183,795,37,19,712,383,0,62,0,60,0.281772757,0.377703827,0.49120139,0.868905217,,,,,,,,,,,,,,,,,,,,,,,,,,,,,,,,,,,,,,,,,,,,
929,Red Rolfe,0,0,10,0,29.1,5407,,,,,,1175,5405,4827,942,1394,257,67,69,497,44,20,526,335,0,14,0,42,0.28879221,0.357076781,0.412678682,0.769755463,,,,,,,,,,,,,,,,,,,,,,,,,,,,,,,,,,,,,,,,,,,,
530,Gil McDougald,0,0,10,0,40.9,5398,,,,,,1336,5395,4676,697,1291,187,51,112,576,45,44,559,623,8,93,27,97,0.276090676,0.349582947,0.409751925,0.759334872,,,,,,,,,,,,,,,,,,,,,,,,,,,,,,,,,,,,,,,,,,,,
571,Jesse Barfield,0,0,12,0,39.4,5394,,,,,,1428,5394,4759,715,1219,216,30,241,716,66,47,551,1234,49,100,34,16,0.256146249,0.33444568,0.466064299,0.800509979,,,,,,,,,,,,,,,,,,,,,,,,,,,,,,,,,,,,,,,,,,,,
843,Jacoby Ellsbury,0,0,11,0,31,5375,,,,,,1235,5344,4846,749,1376,241,47,104,512,343,71,399,737,19,82,32,21,0.283945522,0.340755988,0.417457697,0.758213685,,,,,,,,,,,,,,,,,,,,,,,,,,,,,,,,,,,,,,,,,,,,
665,Don Buford,0,0,10,0,36.2,5347,,,,,,1286,5347,4553,718,1203,157,44,93,418,200,105,672,575,57,34,34,47,0.264221392,0.358331775,0.379310345,0.73764212,,,,,,,,,,,,,,,,,,,,,,,,,,,,,,,,,,,,,,,,,,,,
405,Carlos Correa,0,0,11,1,45.7,5344,,,,,,1253,5343,4716,686,1298,264,13,200,724,33,9,552,1086,28,151,45,0,0.275233249,0.35186225,0.463952502,0.815814752,,,,,,,,,,,,,,,,,,,,,,,,,,,,,,,,,,,,,,,,,,,,
470,Alex Bregman,0,0,10,1,43.1,5327,,,,,,1225,5327,4590,758,1250,293,18,209,725,43,15,627,716,17,120,42,1,0.272331155,0.364933358,0.480610022,0.84554338,,,,,,,,,,,,,,,,,,,,,,,,,,,,,,,,,,,,,,,,,,,,
545,Pete Browning,0,0,13,0,40.4,5315,0.1,,,,,1183,5315,4820,954,1646,295,85,46,659,258,0,466,245,0,0,0,0,0.341493776,0.402822201,0.46659751,0.869419711,,,,,0,1,0,54,1,1,0,0,0,0,0.333333333,2,3,2,0,2,0,0,1,0,,,,,,,,,,,,,,,,,,,,
951,Henry Larkin,0,0,10,0,28.7,5303,,,,,,1184,5303,4718,925,1429,259,114,53,836,129,0,484,182,0,0,0,0,0.302882577,0.379785027,0.439805002,0.819590029,,,,,,,,,,,,,,,,,,,,,,,,,,,,,,,,,,,,,,,,,,,,
767,Kid Elberfeld,0,0,14,0,33.3,5295,,,,,,1292,5272,4561,647,1235,169,56,10,535,213,0,427,166,0,0,0,119,0.270773953,0.3465478,0.338960754,0.685508554,,,,,,,,,,,,,,,,,,,,,,,,,,,,,,,,,,,,,,,,,,,,
489,Lenny Dykstra,0,0,12,0,42.4,5282,,,,,,1278,5282,4559,802,1298,281,43,81,404,285,72,640,503,50,39,27,25,0.28471156,0.372775464,0.418512832,0.791288296,,,,,,,,,,,,,,,,,,,,,,,,,,,,,,,,,,,,,,,,,,,,
964,Dansby Swanson,0,0,10,1,28.4,5263,,,,,,1282,5263,4732,680,1186,237,21,164,634,106,29,457,1286,39,65,36,10,0.250633981,0.317499525,0.413567202,0.731066727,,,,,,,,,,,,,,,,,,,,,,,,,,,,,,,,,,,,,,,,,,,,
667,Art Devlin,0,0,10,0,36.1,5253,,,,,,1313,5241,4412,603,1185,164,57,10,505,285,0,576,345,0,0,0,169,0.268585675,0.352032055,0.338395286,0.690427341,,,,,,,,,,,,,,,,,,,,,,,,,,,,,,,,,,,,,,,,,,,,
771,Dwayne Murphy,0,0,12,0,33.2,5242,,,,,,1360,5242,4347,648,1069,139,20,166,609,100,61,747,953,39,92,45,84,0.245916724,0.35005723,0.401656315,0.751713545,,,,,,,,,,,,,,,,,,,,,,,,,,,,,,,,,,,,,,,,,,,,
750,Robbie Thompson,0,0,11,0,33.9,5235,,,,,,1304,5235,4612,671,1187,238,39,119,458,103,62,439,987,8,72,19,99,0.257372073,0.323209169,0.40329575,0.726504919,,,,,,,,,,,,,,,,,,,,,,,,,,,,,,,,,,,,,,,,,,,,
564,Matt Olson,0,0,10,1,39.7,5197,,,,,,133,541,457,67,110,15,6,0,30,1,5,70,30,0,0,0,14,0.240700219,0.33271719,0.299781182,0.632498372,,,,,,,,,,,,,,,,,,,,,,,,,,,,,,,,,,,,,,,,,,,,
834,Shane Victorino,0,0,12,0,31.4,5164,,,,,,1299,5164,4630,731,1274,231,70,108,489,231,46,381,626,12,60,20,52,0.275161987,0.336173509,0.425269978,0.761443487,,,,,,,,,,,,,,,,,,,,,,,,,,,,,,,,,,,,,,,,,,,,
787,Riggs Stephenson,0,0,14,0,32.7,5136,,,,,,1310,5134,4508,714,1515,321,54,63,773,53,9,494,247,0,14,0,91,0.33606921,0.399298792,0.473158829,0.872457621,,,,,,,,,,,,,,,,,,,,,,,,,,,,,,,,,,,,,,,,,,,,
680,Ketel Marte,0,0,11,1,35.6,5092,,,,,,1230,5092,4534,688,1273,270,43,171,587,65,19,471,809,29,92,40,6,0.280767534,0.350549882,0.472430525,0.822980407,,,,,,,,,,,,,,,,,,,,,,,,,,,,,,,,,,,,,,,,,,,,
916,Charlie Zimmer,0,0,19,0,29.4,5078,,,,,,1280,5078,4546,617,1225,222,76,26,625,151,0,390,511,0,0,0,51,0.269467664,0.335959039,0.368895733,0.704854772,,,,,,,,,,,,,,,,,,,,,,,,,,,,,,,,,,,,,,,,,,,,
685,Denny Lyons,0,0,13,0,35.5,5029,,,,,,1123,5029,4300,933,1334,244,69,62,756,224,0,623,280,0,0,0,24,0.310232558,0.405448399,0.442325581,0.84777398,,,,,,,,,,,,,,,,,,,,,,,,,,,,,,,,,,,,,,,,,,,,
735,Anthony Rendon,0,0,12,1,34.2,5022,,,,,,1173,5022,4350,683,1218,295,16,158,671,55,17,547,779,30,94,57,4,0.28,0.364197531,0.464137931,0.828335462,,,,,,,,,,,,,,,,,,,,,,,,,,,,,,,,,,,,,,,,,,,,
768,Smoky Burgess,0,0,18,0,33.3,5014,,,,,,1691,5013,4471,485,1318,230,33,126,673,13,14,477,270,80,121,39,13,0.294788638,0.360662278,0.445537911,0.806200189,,,,,,,,,,,,,,,,,,,,,,,,,,,,,,,,,,,,,,,,,,,,
168,Aaron Judge,0,0,10,1,62.3,5002,,,,,,1145,4995,4105,873,1205,203,7,368,830,65,21,817,1369,104,116,33,0,0.293544458,0.412812813,0.615347138,1.028159951,,,,,,,,,,,,,,,,,,,,,,,,,,,,,,,,,,,,,,,,,,,,
474,Corey Seager,0,0,11,1,43,4887,,,,,,1131,4887,4344,702,1254,270,13,221,667,21,8,473,875,54,98,30,0,0.288674033,0.361571516,0.509438306,0.871009822,,,,,,,,,,,,,,,,,,,,,,,,,,,,,,,,,,,,,,,,,,,,
659,Andrelton Simmons,0,0,11,0,36.5,4816,1,,,,,1226,4816,4441,501,1169,201,23,70,444,72,24,304,461,15,163,29,16,0.263229002,0.311254153,0.366133754,0.677387907,,,,,0,0,,45,1,0,1,0,0,0,1,5,5,5,0,1,0,0,0,0,,,,,,,,,,,,,,,,,,,,
973,Sixto Lezcano,0,0,12,0,28.3,4814,,,,,,1291,4814,4134,560,1122,184,34,148,591,37,31,576,768,37,96,46,39,0.271407837,0.356668052,0.439767779,0.796435831,,,,,,,,,,,,,,,,,,,,,,,,,,,,,,,,,,,,,,,,,,,,
804,Roy Cullenbine,0,0,10,0,32.3,4787,,,,,,1181,4787,3879,627,1072,209,32,110,599,26,20,853,399,0,61,0,44,0.276359887,0.404428661,0.431812323,0.836240984,,,,,,,,,,,,,,,,,,,,,,,,,,,,,,,,,,,,,,,,,,,,
508,Matt Chapman,0,0,9,1,41.8,4770,,,,,,1150,4770,4167,661,1001,253,23,203,565,35,18,516,1260,6,72,30,0,0.240220782,0.329979036,0.45812335,0.788102386,,,,,,,,,,,,,,,,,,,,,,,,,,,,,,,,,,,,,,,,,,,,
864,Cody Bellinger,0,0,9,1,30.5,4765,,,,,,1157,4764,4230,690,1102,211,28,225,695,104,24,469,957,58,60,45,0,0.260520095,0.333963056,0.48321513,0.817178186,,,,,,,,,,,,,,,,,,,,,,,,,,,,,,,,,,,,,,,,,,,,
922,Kevin Mitchell,0,0,13,0,29.2,4696,,,,,,1223,4696,4134,630,1173,224,25,234,760,30,31,491,719,87,89,42,2,0.283744557,0.360093697,0.51983551,0.879929207,,,,,,,,,,,,,,,,,,,,,,,,,,,,,,,,,,,,,,,,,,,,
778,Gavy Cravath,0,0,11,0,32.9,4663,,,,,,1220,4645,3951,575,1134,232,83,119,719,89,9,561,578,0,0,0,105,0.287015945,0.370936491,0.478106808,0.849043299,,,,,,,,,,,,,,,,,,,,,,,,,,,,,,,,,,,,,,,,,,,,
930,Johnny Kling,0,0,13,0,29.1,4655,,,,,,1261,4645,4246,475,1154,181,61,20,515,124,0,281,327,0,0,0,106,0.27178521,0.311517761,0.357277438,0.668795199,,,,,,,,,,,,,,,,,,,,,,,,,,,,,,,,,,,,,,,,,,,,
919,Ray Chapman,0,0,9,0,29.3,4608,,,,,,1051,4590,3785,671,1053,162,81,17,364,233,52,452,427,0,0,0,334,0.278203435,0.332026144,0.377278732,0.709304876,,,,,,,,,,,,,,,,,,,,,,,,,,,,,,,,,,,,,,,,,,,,
461,Charlie Keller,0,0,13,0,43.6,4604,,,,,,1170,4604,3790,725,1085,166,72,189,760,45,23,784,499,0,50,0,20,0.286279683,0.408123371,0.5176781,0.925801471,,,,,,,,,,,,,,,,,,,,,,,,,,,,,,,,,,,,,,,,,,,,
920,Tom Haller,0,0,12,0,29.3,4520,,,,,,1294,4519,3935,461,1011,153,31,134,504,14,30,477,593,96,60,37,35,0.256925032,0.337021465,0.413722999,0.750744464,,,,,,,,,,,,,,,,,,,,,,,,,,,,,,,,,,,,,,,,,,,,
795,John Valentin,0,0,11,0,32.5,4511,,,,,,16,62,60,9,17,4,0,0,0,0,0,2,0,0,0,0,0,0.283333333,0.306451613,0.35,0.656451613,,,,,2,10,0.166666667,3.53,13,12,1,11,0,0,102,130,80,40,0,17,0,13,0,0,,,,,,,,,,,,,,,,,,,,
705,Trevor Story,0,0,10,1,34.9,4460,,,,,,1065,4460,4043,627,1070,247,27,204,636,160,37,351,1251,19,60,19,3,0.264654959,0.328475336,0.490477368,0.818952704,,,,,,,,,,,,,,,,,,,,,,,,,,,,,,,,,,,,,,,,,,,,
805,Al Rosen,0,0,10,0,32.3,4374,,,,,,1044,4374,3725,603,1063,165,20,192,717,39,33,587,385,9,121,26,9,0.285369128,0.38340192,0.495033557,0.878435477,,,,,,,,,,,,,,,,,,,,,,,,,,,,,,,,,,,,,,,,,,,,
982,Josh Hamilton,0,0,9,0,28.1,4350,,,,,,21,77,71,5,7,0,2,0,0,0,0,6,0,0,0,0,0,0.098591549,0.168831169,0.154929577,0.323760746,,,,,2,17,0.105263158,4.48,19,19,0,18,1,0,156.6666667,197,158,78,8,43,0,50,5,0,,,,,,,,,,,,,,,,,,,,
298,Shohei Ohtani,0,0,8,1,51.5,4329,528.2,,,,,1033,4316,3730,708,1050,192,45,280,669,165,43,541,1104,88,49,20,0,0.28150134,0.37442076,0.58230563,0.95672639,,,,,39,20,0.661016949,52.63,100,100,0,1,1,0,528.6666667,388,184,176,56,182,2,670,24,2,,,,,,,,,,,,,,,,,,,,
587,Charlie Bennett,0,0,15,0,38.8,4310,,,,,,1062,4310,3821,549,978,203,67,55,533,42,0,478,572,0,0,0,0,0.255953939,0.34037123,0.387333159,0.727704389,,,,,,,,,,,,,,,,,,,,,,,,,,,,,,,,,,,,,,,,,,,,
944,Mike Donlin,0,0,12,0,28.8,4294,16.1,,,,,1049,4282,3854,669,1282,176,97,51,543,213,0,312,311,0,0,0,96,0.332641412,0.37692667,0.468344577,0.845271247,,,,,0,1,0,7.63,4,1,3,0,0,0,16.33333333,16,15,13,1,14,0,6,1,0,,,,,,,,,,,,,,,,,,,,
923,Willson Contreras,0,0,10,1,29.2,4275,,,,,,1078,4274,3700,526,954,208,11,172,548,37,22,419,1035,11,103,21,5,0.257837838,0.351427234,0.459459459,0.810886693,,,,,,,,,,,,,,,,,,,,,,,,,,,,,,,,,,,,,,,,,,,,
644,Fred Dunlap,0,0,12,0,37,4264,2.2,,,,,965,4264,3974,759,1159,224,53,41,366,85,0,283,263,0,0,0,0,0.291645697,0.339821764,0.405636638,0.745458402,,,,,0,0,,18,2,0,2,0,0,1,2.666666667,6,3,2,0,0,0,2,0,0,,,,,,,,,,,,,,,,,,,,
852,Hank Thompson,0,0,12,0,30.7,4217,,,,,,23,43,38,0,8,2,0,0,4,1,0,3,2,0,0,0,2,0.210526316,0.255813953,0.263157895,0.518971848,,,,,0,4,0,10.28,15,2,11,0,0,1,55.33333333,64,30,26,4,11,0,11,2,0,,,,,,,,,,,,,,,,,,,,
844,Bill Joyce,0,0,8,0,31,4163,,,,,,906,4163,3310,822,971,153,106,70,609,266,0,721,380,0,0,0,24,0.293353474,0.432380495,0.467069486,0.899449981,,,,,,,,,,,,,,,,,,,,,,,,,,,,,,,,,,,,,,,,,,,,
662,Kevin Kiermaier,0,0,12,0,36.3,4040,,,,,,1159,4040,3682,499,905,170,60,95,378,132,39,277,908,12,51,18,22,0.245790331,0.302722772,0.401955459,0.704678231,,,,,,,,,,,,,,,,,,,,,,,,,,,,,,,,,,,,,,,,,,,,
932,Benny Kauff,0,0,8,0,29,3568,,,,,,859,3564,3094,521,961,169,57,49,454,234,33,367,313,0,0,0,75,0.310601164,0.38047138,0.449579832,0.830051212,,,,,,,,,,,,,,,,,,,,,,,,,,,,,,,,,,,,,,,,,,,,
897,Byron Buxton,0,0,11,1,29.8,3417,,,,,,898,3417,3102,523,768,178,31,168,436,117,12,234,978,11,16,21,14,0.247582205,0.306701785,0.487427466,0.794129251,,,,,,,,,,,,,,,,,,,,,,,,,,,,,,,,,,,,,,,,,,,,
634,Guy Hecker,0,0,9,0,37.3,3052,2924,,,,,705,3052,2876,504,812,117,47,19,278,123,0,143,98,0,0,0,0,0.282336579,0.323722149,0.375521558,0.699243707,,,,,175,146,0.54517134,29.74,336,322,13,312,15,1,2924,2922,1726,951,50,492,0,1110,72,4,,,,,,,,,,,,,,,,,,,,
254,Bobby Matthews,0,0,15,0,55.4,2559,4956,,,,,1,5,3,1,1,0,0,0,0,0,0,0,1,0,0,0,0,0.333333333,0.6,0.333333333,0.933333333,,,,,,,,,,,,,,,,,,,,,,,,,,,,,,,,,,,,,,,,,,,,
839,Adonis Terry,0,0,14,0,31.2,2555,3514.1,,,,,667,2555,2389,314,594,76,54,15,287,106,0,146,167,0,0,0,9,0.248639598,0.293933464,0.344495605,0.638429069,,,,,197,196,0.501272265,131.06,440,406,33,367,17,6,3514.333333,3525,2303,1460,76,1298,0,1553,148,1,,,,,,,,,,,,,,,,,,,,
239,Jim Whitney,0,0,10,0,56,2306,3496.1,,,,,550,2306,2144,316,559,113,39,18,280,20,0,161,211,0,0,0,0,0.260727612,0.312662619,0.375,0.687662619,,,,,191,204,0.483544304,35.18,413,396,16,377,26,2,3496.333333,3598,2026,1154,79,411,0,1571,28,2,,,,,,,,,,,,,,,,,,,,
621,Gus Weyhing,0,0,14,0,37.8,1980,4337,,,,,554,1980,1855,164,308,40,16,3,133,32,0,101,477,0,0,0,21,0.166037736,0.208080808,0.209703504,0.417784312,,,,,264,232,0.532258065,91.34,540,505,34,449,28,4,4337,4576,2796,1872,120,1570,0,1667,277,4,,,,,,,,,,,,,,,,,,,,
435,Red Lucas,0,0,16,0,44.7,1608,2542,,,,,907,1608,1439,155,404,61,13,3,190,2,0,124,133,0,14,0,41,0.280750521,0.330845771,0.347463516,0.678309287,,,,,157,135,0.537671233,53.33,396,301,70,204,22,7,2542,2736,1198,1051,136,455,0,602,23,6,,,,,,,,,,,,,,,,,,,,
743,Harry Howell,0,0,13,0,34.1,1519,2567.2,,,,,458,1510,1394,143,302,60,25,11,131,19,0,64,322,0,0,0,40,0.216642755,0.250331126,0.319225251,0.569556377,,,,,131,146,0.472924188,48.01,340,282,53,244,20,6,2567.666667,2435,1158,781,27,677,0,986,97,1,,,,,,,,,,,,,,,,,,,,
483,Sad Sam Jones,0,0,22,0,42.6,1495,3883,,,,,713,1489,1243,151,245,44,5,6,99,7,4,139,346,0,0,0,85,0.197103781,0.272666219,0.255028158,0.527694377,,,,,229,217,0.513452915,84.34,647,487,115,250,36,31,3883,4084,2007,1656,152,1396,0,1223,68,5,,,,,,,,,,,,,,,,,,,,
645,Earl Whitehill,0,0,17,0,36.9,1451,3564.2,,,,,548,1446,1291,107,264,23,7,4,98,3,0,97,216,0,1,0,57,0.204492641,0.250345781,0.242447715,0.492793496,,,,,218,185,0.540942928,74.59,541,473,46,226,16,11,3564.666667,3917,2018,1726,192,1431,0,1350,101,6,,,,,,,,,,,,,,,,,,,,
432,Bill Donovan,0,0,18,0,44.8,1449,2964.2,,,,,459,1440,1302,142,251,30,11,7,95,36,0,77,342,0,0,0,55,0.192780338,0.231944444,0.248847926,0.48079237,,,,,185,139,0.570987654,50.89,378,327,49,289,35,8,2964.666667,2631,1212,886,30,1059,0,1552,90,0,,,,,,,,,,,,,,,,,,,,
362,Bobo Newsom,0,0,20,0,47.8,1442,3759.1,,,,,609,1441,1337,86,253,28,3,1,102,1,1,17,266,0,30,0,86,0.189229619,0.188063845,0.216903515,0.40496736,,,,,211,222,0.487297921,118.53,600,483,71,246,31,21,3759.333333,3769,1908,1664,206,1732,0,2082,61,7,,,,,,,,,,,,,,,,,,,,
583,Bill Hutchison,0,0,9,0,38.9,1425,3079.1,,,,,384,1425,1350,150,291,35,17,12,133,26,0,72,291,0,0,0,2,0.215555556,0.255438596,0.293333333,0.548771929,,,,,182,163,0.527536232,36.05,376,346,29,321,21,4,3079.333333,3124,1913,1228,104,1132,0,1235,86,0,,,,,,,,,,,,,,,,,,,,
668,Paul Derringer,0,0,15,0,36.1,1357,3645,,,,,579,1355,1260,70,220,30,3,2,102,0,0,16,219,0,27,0,77,0.174603175,0.175645756,0.207936508,0.383582264,,,,,223,212,0.512643678,56.5,579,445,98,251,32,29,3645,3912,1652,1401,158,761,0,1507,32,2,,,,,,,,,,,,,,,,,,,,
195,Wes Ferrell,0,0,15,0,60.1,1345,2623,,,,,548,1345,1176,175,329,57,12,38,208,2,0,129,185,0,0,0,40,0.279761905,0.340520446,0.445578231,0.786098677,,,,,193,128,0.601246106,101.24,374,323,43,227,17,13,2623,2845,1382,1177,132,1040,0,985,23,6,,,,,,,,,,,,,,,,,,,,
698,Brickyard Kennedy,0,0,12,0,35,1342,3030,,,,,414,1342,1279,151,334,51,21,1,148,13,0,43,95,0,0,0,19,0.261141517,0.281669151,0.336200156,0.617869307,,,,,187,159,0.540462428,46.42,406,354,49,294,13,9,3030,3282,1863,1332,94,1203,0,799,68,1,,,,,,,,,,,,,,,,,,,,
524,Frank Dwyer,0,0,12,0,41.1,1339,2819,,,,,394,1339,1252,178,287,28,21,5,136,16,0,70,88,0,0,0,12,0.229233227,0.270351008,0.297124601,0.567475609,,,,,177,151,0.539634146,54.47,366,318,48,271,12,6,2819,3312,1782,1204,108,764,0,565,101,0,,,,,,,,,,,,,,,,,,,,
534,Hooks Dauss,0,0,15,0,40.8,1324,3390.2,,,,,540,1318,1124,107,212,41,14,6,107,3,1,141,289,0,0,0,45,0.1886121,0.273899848,0.266014235,0.539914083,,,,,222,182,0.54950495,50.86,538,388,121,245,22,40,3390.666667,3407,1599,1245,87,1067,0,1201,121,4,,,,,,,,,,,,,,,,,,,,
446,Mel Harder,0,0,20,0,44.3,1315,3426.1,,,,,584,1314,1203,89,199,38,5,4,93,2,0,39,369,0,11,0,69,0.165419784,0.183409437,0.215295096,0.398704533,,,,,223,186,0.545232274,81.25,582,433,95,181,25,23,3426.333333,3706,1714,1447,161,1118,0,1160,59,2,,,,,,,,,,,,,,,,,,,,
561,Pink Hawley,0,0,10,0,39.8,1307,3012.2,,,,,399,1307,1230,130,297,51,20,11,163,7,0,41,140,0,0,0,24,0.241463415,0.267788829,0.342276423,0.610065252,,,,,167,179,0.48265896,39.97,393,344,43,297,11,3,3012.666667,3334,1927,1326,61,974,0,868,210,5,,,,,,,,,,,,,,,,,,,,
108,Rick Reuschel,0,0,19,0,69.5,1304,3548.1,,,,,579,1304,1115,82,187,35,4,4,79,3,5,46,317,0,11,5,135,0.167713004,0.180981595,0.217040359,0.398021954,,,,,214,191,0.528395062,73.38,557,529,16,102,26,5,3548.333333,3588,1494,1330,221,935,117,2015,88,10,,,,,,,,,,,,,,,,,,,,
531,Bob Friend,0,0,16,0,40.9,1299,3611,,,,,602,1297,1137,56,138,16,2,2,60,0,0,38,375,0,14,2,120,0.121372032,0.135697764,0.144239226,0.27993699,,,,,197,230,0.461358314,63.86,602,497,56,163,36,11,3611,3772,1652,1438,286,894,115,1734,46,13,,,,,,,,,,,,,,,,,,,,
572,Bill Dinneen,0,0,12,0,39.4,1281,3074.2,,,,,417,1271,1143,99,219,18,5,1,60,29,0,80,221,0,0,0,36,0.19160105,0.244689221,0.21872266,0.463411881,,,,,170,177,0.489913545,41.25,391,352,35,306,24,7,3074.666667,2957,1411,1029,78,829,0,1127,76,5,,,,,,,,,,,,,,,,,,,,
660,Ray Caldwell,0,0,12,0,36.5,1270,2242,,,,,13,34,33,3,8,0,0,0,3,0,0,1,3,0,0,0,0,0.242424242,0.264705882,0.242424242,0.507130124,,,,,3,5,0.375,8.41,13,7,4,6,0,1,75,84,54,35,2,22,0,59,5,2,,,,,,,,,,,,,,,,,,,,
674,Freddie Fitzsimmons,0,0,19,0,35.9,1264,3223.2,,,,,513,1262,1155,112,231,35,7,14,103,0,0,36,177,0,15,0,58,0.2,0.221870048,0.278787879,0.500657927,,,,,217,146,0.597796143,83.13,513,426,64,186,29,13,3223.666667,3335,1505,1257,186,846,0,870,33,3,,,,,,,,,,,,,,,,,,,,
465,Curt Simmons,0,0,20,0,43.3,1257,3348.1,,,,,609,1256,1135,93,194,19,3,1,76,2,1,59,283,0,16,3,57,0.17092511,0.203025478,0.195594714,0.398620192,,,,,193,183,0.513297872,96.79,569,462,54,163,36,5,3348.333333,3313,1551,1318,255,1063,62,1697,53,4,,,,,,,,,,,,,,,,,,,,
555,Tom Zachary,0,0,19,0,40,1236,3126.1,,,,,546,1232,1122,79,254,28,12,6,112,0,1,62,261,0,7,0,46,0.226381462,0.258116883,0.288770053,0.546886936,,,,,186,191,0.4933687,148.42,533,409,84,186,24,22,3126.333333,3580,1552,1295,119,914,0,720,41,15,,,,,,,,,,,,,,,,,,,,
205,Eddie Cicotte,0,0,14,0,59,1232,3226,,,,,504,1220,1062,97,198,24,3,0,58,6,0,88,212,0,0,0,67,0.186440678,0.236885246,0.214689266,0.451574512,,,,,209,149,0.583798883,39.74,502,361,106,249,35,24,3226,2897,1158,853,32,827,0,1374,51,5,,,,,,,,,,,,,,,,,,,,
523,Claude Osteen,0,0,18,0,41.2,1220,3460.2,,,,,588,1220,1099,90,207,31,6,8,76,2,1,40,291,0,18,9,69,0.188353048,0.204918033,0.249317561,0.454235594,,,,,196,195,0.501278772,69.9,541,488,24,140,40,1,3460.333333,3471,1435,1268,249,940,93,1612,45,6,,,,,,,,,,,,,,,,,,,,
906,Dick McBride,0,0,6,0,29.6,1209,2082,,,,,240,1209,1192,208,309,32,2,0,177,10,2,17,14,0,12,0,0,0.259228188,0.269644334,0.28942953,0.559073864,,,,,149,78,0.656387665,17.47,237,237,0,227,10,0,2082,2420,1573,626,20,174,0,150,0,0,,,,,,,,,,,,,,,,,,,,
779,Jim Devlin,0,0,5,0,32.9,1202,1405,,,,,266,1202,1186,180,340,46,14,1,131,8,2,16,55,0,3,0,0,0.286677909,0.296173045,0.351602024,0.647775069,,,,,72,76,0.486486486,5.74,157,153,4,151,9,0,1405,1437,776,296,7,90,0,286,0,0,,,,,,,,,,,,,,,,,,,,
974,Lee Meadows,0,0,15,0,28.3,1201,3160.2,,,,,498,1200,1117,80,201,21,10,5,75,0,1,34,272,0,0,0,43,0.179946285,0.200833333,0.230080573,0.430913906,,,,,188,180,0.510869565,80.96,490,406,56,219,25,7,3160.666667,3280,1491,1185,84,956,0,1063,90,6,,,,,,,,,,,,,,,,,,,,
695,Jerry Reuss,0,0,22,0,35.1,1195,3669.2,,,,,631,1195,1024,71,171,24,1,1,58,1,0,69,433,0,15,2,99,0.166992188,0.20167364,0.1953125,0.39698614,,,,,220,191,0.535279805,97.26,628,547,41,127,39,11,3669.666667,3734,1700,1483,245,1127,118,1907,59,23,,,,,,,,,,,,,,,,,,,,
292,Larry Jackson,0,0,14,0,52,1192,3262.2,,,,,599,1192,1089,77,170,22,6,2,48,2,3,41,310,0,14,0,58,0.15610652,0.180369128,0.192837466,0.373206594,,,,,194,183,0.514588859,61.75,558,429,73,149,37,20,3262.666667,3206,1405,1233,259,824,106,1709,68,6,,,,,,,,,,,,,,,,,,,,
535,Sadie McMahon,0,0,9,0,40.8,1191,2634,,,,,325,1191,1128,126,230,21,9,3,115,17,0,45,118,0,0,0,9,0.203900709,0.23845508,0.246453901,0.484908981,,,,,173,127,0.576666667,36.78,321,305,16,279,14,4,2634,2726,1592,1026,52,945,0,967,94,0,,,,,,,,,,,,,,,,,,,,
456,Milt Pappas,0,0,17,0,43.8,1176,3186,,,,,527,1174,1073,72,132,13,3,20,67,1,0,36,510,0,13,5,52,0.123019571,0.149914821,0.196644921,0.346559742,,,,,209,164,0.560321716,65.91,520,465,33,129,43,4,3186,3046,1331,1203,298,858,89,1728,72,6,,,,,,,,,,,,,,,,,,,,
691,Jack Taylor,0,0,10,0,35.3,1165,2626,,,,,288,998,931,100,234,46,8,5,137,9,0,44,101,0,0,0,19,0.251342642,0.28256513,0.334049409,0.616614539,,,,,120,117,0.506329114,32.33,271,235,31,209,7,9,2091,2476,1423,981,74,583,0,529,126,1,,,,,,,,,,,,,,,,,,,,
902,Joe Niekro,0,0,22,0,29.7,1165,3584.1,,,,,706,1165,973,55,152,26,1,1,72,1,0,38,262,0,17,6,147,0.156217883,0.163948498,0.188078109,0.352026607,,,,,221,204,0.52,101.11,702,500,93,107,29,16,3584,3466,1620,1431,276,1262,71,1747,65,8,,,,,,,,,,,,,,,,,,,,
606,Ed Morris,0,0,7,0,38.4,1157,2678,,,,,317,1157,1113,100,179,18,16,1,63,10,0,37,90,0,0,0,0,0.160826595,0.192739844,0.208445642,0.401185486,,,,,171,122,0.583617747,22.59,311,307,4,297,29,1,2678,2468,1312,838,42,498,0,1217,59,7,,,,,,,,,,,,,,,,,,,,
726,Frank Killen,0,0,10,0,34.4,1148,2511.1,,,,,335,1148,998,151,241,28,17,11,127,9,0,131,216,0,0,0,9,0.241482966,0.332752613,0.336673347,0.66942596,,,,,164,131,0.555932203,48.75,321,300,17,253,13,0,2511.333333,2730,1571,1054,55,822,0,725,85,3,,,,,,,,,,,,,,,,,,,,
699,Bump Hadley,0,0,16,0,35,1147,2945.2,,,,,528,1146,1004,84,190,29,4,0,75,3,1,88,187,0,5,0,53,0.189243028,0.243455497,0.226095618,0.469551115,,,,,161,165,0.493865031,86.59,528,355,108,135,14,25,2945.666667,2980,1609,1389,167,1442,0,1318,66,5,,,,,,,,,,,,,,,,,,,,
395,Murry Dickson,0,0,18,0,46.2,1143,3052.1,,,,,638,1142,1095,81,253,34,5,3,82,0,0,12,105,0,27,0,33,0.231050228,0.23380035,0.279452055,0.513252405,,,,,172,181,0.487252125,85.53,625,338,147,149,27,23,3052.333333,3029,1431,1240,302,1058,18,1281,37,2,,,,,,,,,,,,,,,,,,,,
376,Bob Shawkey,0,0,15,0,47.1,1136,2937,,,,,488,1134,1049,90,225,26,6,3,94,0,0,34,181,0,0,0,48,0.21448999,0.231040564,0.259294566,0.49033513,,,,,196,150,0.566473988,48.57,488,334,113,197,33,28,2937,2722,1200,1008,114,1018,0,1360,48,1,,,,,,,,,,,,,,,,,,,,
957,Lew Burdette,0,0,18,0,28.6,1124,3067.1,,,,,666,1124,1011,101,185,27,4,12,75,2,0,32,271,0,14,6,63,0.182987141,0.203736655,0.253214639,0.456951294,,,,,203,144,0.585014409,85.45,626,373,128,158,33,31,3067.333333,3186,1400,1246,289,628,63,1074,56,7,,,,,,,,,,,,,,,,,,,,
286,Babe Adams,0,0,19,0,52.6,1111,2995.1,,,,,482,1108,1019,79,216,31,15,3,75,1,1,53,194,0,0,0,35,0.211972522,0.24368231,0.280667321,0.524349631,,,,,194,140,0.580838323,70.94,482,355,89,206,44,15,2995.333333,2841,1129,917,68,430,0,1036,47,2,,,,,,,,,,,,,,,,,,,,
573,Howard Ehmke,0,0,15,0,39.4,1089,2820.2,,,,,429,1088,1009,71,210,38,6,0,73,5,1,26,111,0,0,0,53,0.208126858,0.216911765,0.257680872,0.474592637,,,,,166,166,0.5,68.89,427,339,70,199,20,14,2820.666667,2873,1425,1174,103,1042,0,1030,137,8,,,,,,,,,,,,,,,,,,,,
403,Lon Warneke,0,0,15,0,45.8,1080,2782.1,,,,,459,1080,962,87,215,26,2,4,97,1,0,52,148,0,31,0,62,0.223492723,0.250925926,0.267151767,0.518077693,,,,,192,121,0.61341853,82.21,445,343,65,192,30,13,2782.333333,2726,1164,984,175,739,0,1140,27,1,,,,,,,,,,,,,,,,,,,,
541,Sam Leever,0,0,13,0,40.5,1078,2660.2,,,,,389,1074,993,90,183,17,14,2,78,4,0,49,138,0,0,0,25,0.18429003,0.222532588,0.235649547,0.458182135,,,,,194,100,0.659863946,32.19,388,299,75,241,39,13,2660.666667,2449,1023,731,29,587,0,847,88,4,,,,,,,,,,,,,,,,,,,,
824,Charlie Ferguson,0,0,4,0,31.7,1078,1514.2,,,,,257,1078,963,191,277,37,13,6,157,22,0,113,119,0,0,0,0,0.287642783,0.363636364,0.371754933,0.735391297,,,,,99,64,0.607361963,10.74,183,170,12,165,13,4,1514.666667,1402,793,450,42,290,0,728,11,3,,,,,,,,,,,,,,,,,,,,
924,Dutch Ruether,0,0,11,0,29.2,1074,2124.2,,,,,488,1070,969,83,250,30,12,7,111,3,1,77,129,0,0,0,22,0.257997936,0.307476636,0.335397317,0.642873953,,,,,137,95,0.590517241,44.51,309,272,30,155,18,8,2124.666667,2244,987,826,54,739,0,708,66,2,,,,,,,,,,,,,,,,,,,,
532,Camilo Pascual,0,0,18,0,40.9,1073,2930.2,,,,,2,5,4,0,1,0,0,0,0,0,0,0,0,0,0,0,1,0.25,0.2,0.25,0.45,,,,,1,1,0.5,2.12,2,2,0,2,0,0,17,12,5,4,0,8,0,3,1,0,,,,,,,,,,,,,,,,,,,,
841,Bill Sherdel,0,0,15,0,31.1,1071,2709.1,,,,,549,1068,960,96,214,35,5,9,86,2,1,63,96,0,0,0,44,0.222916667,0.260299625,0.297916667,0.558216292,,,,,165,146,0.530546624,61.57,514,272,163,159,11,26,2709.333333,3018,1326,1120,149,661,0,839,54,3,,,,,,,,,,,,,,,,,,,,
681,Deacon Phillippe,0,0,13,0,35.6,1070,2607,,,,,377,1064,980,96,185,23,6,3,90,4,0,49,148,0,0,0,24,0.18877551,0.230263158,0.233673469,0.463936627,,,,,189,109,0.634228188,46.58,372,289,72,242,27,12,2607,2518,1071,749,41,363,0,929,59,6,,,,,,,,,,,,,,,,,,,,
989,Reb Russell,0,0,9,0,28,1063,1291.2,,,,,420,1062,976,142,262,48,25,22,172,9,3,42,130,0,0,0,29,0.268442623,0.300376648,0.43647541,0.736852058,,,,,81,59,0.578571429,14.36,242,148,57,81,24,13,1291.666667,1128,453,335,7,267,0,495,19,4,,,,,,,,,,,,,,,,,,,,
269,Jerry Koosman,0,0,19,0,53.7,1052,3839.1,,,,,612,1052,915,36,109,12,1,2,46,1,0,33,418,0,19,2,100,0.119125683,0.136882129,0.140983607,0.277865736,,,,,222,209,0.515081206,71.69,612,527,43,140,33,17,3839.333333,3635,1608,1433,290,1198,121,2556,71,29,,,,,,,,,,,,,,,,,,,,
419,Claude Passeau,0,0,13,0,45.1,1051,2719.2,,,,,447,1050,982,84,189,29,3,15,80,2,0,26,294,0,13,0,41,0.192464358,0.205714286,0.273930754,0.47964504,,,,,162,150,0.519230769,57.78,444,331,85,188,26,21,2719.666667,2856,1204,1003,105,728,0,1104,39,1,,,,,,,,,,,,,,,,,,,,
206,Urban Shocker,0,0,13,0,59,1050,2681.2,,,,,412,1046,798,89,167,23,3,1,70,1,3,139,211,0,0,0,98,0.209273183,0.303059273,0.249373434,0.552432707,,,,,187,117,0.615131579,36.44,412,317,68,200,28,25,2681.666667,2709,1127,945,126,657,0,983,37,3,,,,,,,,,,,,,,,,,,,,
323,Dizzy Trout,0,0,15,0,49.9,1048,2725.2,,,,,535,1047,961,99,205,28,7,20,110,7,2,59,226,0,18,0,26,0.213319459,0.253104107,0.319458897,0.572563004,,,,,170,161,0.513595166,134.4,521,322,134,158,28,35,2725.666667,2641,1166,979,112,1046,0,1256,34,7,,,,,,,,,,,,,,,,,,,,
436,Steve Rogers,0,0,13,0,44.7,1045,2837.2,,,,,406,1045,881,47,122,8,2,0,39,1,2,61,268,0,10,1,101,0.138479001,0.176076555,0.152099886,0.328176441,,,,,158,152,0.509677419,43.1,399,393,3,129,37,2,2837.666667,2619,1122,1001,151,876,75,1621,43,8,,,,,,,,,,,,,,,,,,,,
518,Fernando Valenzuela,0,0,17,0,41.4,1044,2930,,,,,474,1043,936,56,187,26,1,10,84,0,2,8,145,0,12,6,93,0.199786325,0.18696069,0.261752137,0.448712827,,,,,173,153,0.530674847,72.96,453,424,10,113,31,2,2930,2718,1303,1154,226,1151,65,2074,25,11,,,,,,,,,,,,,,,,,,,,
596,Don Newcombe,0,0,12,0,38.7,1033,2251.2,,,,,470,1031,916,99,246,34,3,15,109,2,1,90,147,1,17,3,17,0.268558952,0.330746848,0.361353712,0.69210056,,,,,153,96,0.614457831,56.41,359,305,37,145,24,7,2247,2185,1005,891,255,528,21,1185,35,3,,,,,,,,,,,,,,,,,,,,
727,Slim Sallee,0,0,14,0,34.4,1033,2821.2,,,,,476,1031,924,57,158,12,4,2,52,2,0,46,233,0,0,0,58,0.170995671,0.200775946,0.199134199,0.399910145,,,,,174,143,0.548895899,41.44,476,307,123,189,25,36,2821.666667,2729,1091,804,68,573,0,836,43,5,,,,,,,,,,,,,,,,,,,,
356,Mickey Lolich,0,0,16,0,48,1017,3638.1,,,,,592,1017,821,63,90,5,2,0,31,1,1,105,362,0,20,1,85,0.109622412,0.196656834,0.120584653,0.317241487,,,,,217,191,0.531862745,54.88,586,496,40,195,41,11,3638.333333,3366,1537,1390,347,1099,67,2832,92,8,,,,,,,,,,,,,,,,,,,,
381,Hippo Vaughn,0,0,13,0,46.9,1017,2730,,,,,392,1015,921,81,159,25,6,3,61,12,2,68,285,0,0,0,23,0.172638436,0.226600985,0.222584148,0.449185133,,,,,178,137,0.565079365,40.77,390,331,45,215,41,5,2730,2461,1039,754,39,817,0,1416,85,7,,,,,,,,,,,,,,,,,,,,
542,Virgil Trucks,0,0,17,0,40.5,1012,2682.1,,,,,517,1009,949,63,171,23,1,2,70,1,1,9,153,0,31,3,46,0.180189673,0.180376611,0.212855638,0.393232249,,,,,177,135,0.567307692,68.59,517,328,113,124,33,30,2682.333333,2416,1124,1009,188,1088,19,1534,47,6,,,,,,,,,,,,,,,,,,,,
858,Willis Hudlin,0,0,16,0,30.6,1006,2613.1,,,,,492,1002,894,76,180,39,3,5,69,2,1,52,228,0,4,0,48,0.201342282,0.239520958,0.268456376,0.507977334,,,,,158,156,0.503184713,101.23,491,328,105,155,11,31,2613.333333,3011,1491,1281,118,846,0,677,44,9,,,,,,,,,,,,,,,,,,,,
650,Rube Walberg,0,0,15,0,36.8,1005,2644,,,,,547,1005,905,78,162,26,5,4,84,2,1,48,179,0,0,0,52,0.179005525,0.208955224,0.232044199,0.440999423,,,,,155,141,0.523648649,73.83,544,307,145,140,15,32,2644,2795,1423,1223,163,1031,0,1085,27,2,,,,,,,,,,,,,,,,,,,,
811,Eddie Lopat,0,0,12,0,32.1,999,2439.1,,,,,357,995,887,87,187,26,5,5,77,0,1,73,92,0,30,1,34,0.210822999,0.261306533,0.26832018,0.529626713,,,,,166,112,0.597122302,42.66,340,318,14,164,27,3,2439.333333,2464,1008,869,179,650,5,859,43,6,,,,,,,,,,,,,,,,,,,,
829,Claude Hendrix,0,0,10,0,31.6,991,2371.1,,,,,421,990,922,118,222,39,17,14,97,9,0,39,168,0,0,0,25,0.240780911,0.267676768,0.365509761,0.633186529,,,,,144,116,0.553846154,27.11,360,257,82,184,27,17,2371.333333,2123,910,698,41,697,0,1092,49,1,,,,,,,,,,,,,,,,,,,,
686,Ed Reulbach,0,0,13,0,35.5,985,2632.1,,,,,401,981,862,52,127,16,6,1,52,3,0,59,304,0,0,0,58,0.147331787,0.191641182,0.183294664,0.374935846,,,,,182,106,0.631944444,35.06,399,300,79,200,40,13,2632.333333,2117,887,668,33,892,0,1137,107,8,,,,,,,,,,,,,,,,,,,,
515,Jim Perry,0,0,17,0,41.6,980,3285.2,,,,,635,980,889,73,177,22,3,5,59,0,1,32,179,0,19,5,51,0.199100112,0.216326531,0.247469066,0.463795597,,,,,215,174,0.552699229,69.78,630,447,64,109,32,10,3285.666667,3127,1407,1258,308,998,93,1576,80,3,,,,,,,,,,,,,,,,,,,,
471,Ned Garver,0,0,14,0,43.1,962,2477.1,,,,,458,962,827,87,180,27,3,7,72,1,1,76,109,0,24,5,53,0.217654172,0.267151767,0.282950423,0.55010219,,,,,129,157,0.451048951,56.52,402,330,40,153,18,12,2477.333333,2471,1184,1027,213,881,25,881,41,7,,,,,,,,,,,,,,,,,,,,
907,Hal Schumacher,0,0,13,0,29.6,961,2482.1,,,,,4,6,6,0,0,0,0,0,0,0,0,0,4,0,0,0,0,0,0,0,0,,,,,0,2,0,4,4,2,2,1,0,0,18,21,13,8,0,8,0,9,2,0,,,,,,,,,,,,,,,,,,,,
326,Eddie Rommel,0,0,13,0,49.8,960,2557,,,,,507,958,826,80,164,23,6,1,59,1,3,62,102,0,0,0,70,0.198547215,0.235908142,0.244552058,0.4804602,,,,,171,119,0.589655172,47.09,500,249,182,147,18,29,2556.333333,2729,1213,1006,138,724,0,599,31,5,,,,,,,,,,,,,,,,,,,,
894,Bob Ewing,0,0,11,0,29.9,955,2301,,,,,311,946,872,77,170,27,7,3,58,5,0,33,143,0,0,0,31,0.194954128,0.225158562,0.252293578,0.47745214,,,,,124,118,0.512396694,30.35,291,264,27,205,19,4,2301,2097,940,637,31,614,0,998,55,2,,,,,,,,,,,,,,,,,,,,
240,Orel Hershiser,0,0,18,0,56,949,3130.1,,,,,521,949,810,65,163,29,2,0,50,8,3,27,182,0,7,6,101,0.201234568,0.205479452,0.241975309,0.447454761,,,,,204,150,0.576271186,73.03,510,466,19,68,25,5,3130.333333,2939,1366,1211,235,1007,108,2014,117,23,,,,,,,,,,,,,,,,,,,,
599,Jeff Pfeffer,0,0,13,0,38.6,932,2407.1,,,,,352,931,874,49,180,16,6,0,62,3,2,27,203,0,0,0,29,0.205949657,0.223415682,0.23798627,0.461401952,,,,,158,112,0.585185185,49.24,347,280,50,194,28,10,2407.333333,2320,921,742,67,592,0,836,105,4,,,,,,,,,,,,,,,,,,,,
682,Burt Hooton,0,0,15,0,35.6,913,2652,,,,,481,913,748,42,92,18,0,4,49,0,1,44,243,0,6,2,117,0.122994652,0.151150055,0.163101604,0.314251659,,,,,151,136,0.526132404,58.81,480,377,35,86,29,7,2652,2497,1112,996,193,799,58,1491,20,4,,,,,,,,,,,,,,,,,,,,
579,Curt Davis,0,0,13,0,39.2,904,2325,,,,,449,904,813,70,165,17,0,11,81,1,0,28,176,0,19,0,63,0.20295203,0.213495575,0.264452645,0.47794822,,,,,158,131,0.546712803,63.75,429,281,111,141,24,33,2325,2459,1033,884,142,479,0,684,47,2,,,,,,,,,,,,,,,,,,,,
68,Curt Schillin,0,0,20,0,79.5,901,3261,,,,,571,901,773,39,117,13,1,0,29,1,1,25,270,0,8,1,102,0.151358344,0.157602664,0.17076326,0.328365924,,,,,216,146,0.596685083,83.32,569,436,81,83,20,22,3261,2998,1318,1253,347,711,43,3116,52,8,,,,,,,,,,,,,,,,,,,,
831,Andy Benes,0,0,14,0,31.5,880,2505.1,,,,,405,880,741,48,106,21,0,8,50,0,0,34,307,0,14,4,95,0.143049933,0.165909091,0.203778677,0.369687768,,,,,155,139,0.527210884,61.91,403,387,6,21,9,1,2505.333333,2377,1206,1106,289,909,52,2000,55,16,,,,,,,,,,,,,,,,,,,,
830,Ed Brandt,0,0,11,0,31.6,878,2268.1,,,,,404,878,793,80,187,21,4,0,59,1,0,55,83,0,9,0,30,0.235813367,0.275626424,0.272383354,0.548009778,,,,,121,146,0.453183521,43.7,378,278,69,150,18,17,2268.333333,2342,1084,974,134,778,0,877,35,1,,,,,,,,,,,,,,,,,,,,
815,Larry Dierker,0,0,14,0,31.9,876,2333.2,,,,,357,876,789,38,107,14,0,4,46,0,0,12,272,0,16,4,70,0.135614702,0.136986301,0.168567807,0.305554108,,,,,139,123,0.530534351,47.17,356,329,10,106,25,1,2333.666667,2130,948,857,184,711,43,1493,50,10,,,,,,,,,,,,,,,,,,,,
952,Gary Peters,0,0,14,0,28.7,875,2081,,,,,450,875,807,86,179,31,7,19,102,0,1,29,172,3,17,7,25,0.22180917,0.245714286,0.348203222,0.593917508,,,,,124,103,0.546255507,43.87,359,286,35,79,23,5,2081,1894,847,751,157,706,53,1420,62,3,,,,,,,,,,,,,,,,,,,,
769,Harvey Haddix,0,0,14,0,33.3,871,2235,,,,,531,871,798,95,169,37,9,4,64,4,0,46,162,0,15,5,20,0.211779449,0.249138921,0.295739348,0.544878269,,,,,136,113,0.546184739,54.79,453,285,84,99,20,21,2235,2154,1012,901,240,601,77,1575,43,3,,,,,,,,,,,,,,,,,,,,
872,Joe Nuxhall,0,0,16,0,30.4,861,2302.2,,,,,555,861,766,76,152,21,3,15,78,2,2,40,199,0,13,8,43,0.19843342,0.227642276,0.292428198,0.520070474,,,,,135,117,0.535714286,135.87,526,287,100,83,20,19,2302.666667,2310,1093,998,209,776,44,1372,70,7,,,,,,,,,,,,,,,,,,,,
368,Nap Rucker,0,0,10,0,47.6,859,2375.1,,,,,336,858,805,44,157,10,6,1,44,2,0,22,117,0,0,0,31,0.195031056,0.208624709,0.226086957,0.434711666,,,,,134,134,0.5,24.25,336,274,58,186,38,14,2375.333333,2089,822,639,41,701,0,1217,73,2,,,,,,,,,,,,,,,,,,,,
898,Johnny Podres,0,0,15,0,29.8,852,2265,,,,,462,852,762,61,145,19,1,2,50,1,2,32,108,0,14,11,43,0.190288714,0.212441315,0.225721785,0.4381631,,,,,148,116,0.560606061,69,440,340,46,77,24,11,2265,2239,1026,925,242,743,70,1435,28,8,,,,,,,,,,,,,,,,,,,,
509,Sam McDowell,0,0,15,0,41.8,851,2492.1,,,,,429,851,774,34,119,7,2,2,36,0,1,16,306,0,6,4,56,0.15374677,0.159811986,0.175710594,0.33552258,,,,,141,134,0.512727273,53.91,425,346,39,103,23,14,2492.333333,1948,999,879,164,1312,74,2453,59,7,,,,,,,,,,,,,,,,,,,,
282,Dwight Gooden,0,0,16,0,53,849,2800.2,,,,,434,849,741,60,145,15,5,8,67,1,1,14,135,0,13,6,85,0.195681511,0.190812721,0.261808367,0.452621088,,,,,194,112,0.633986928,76.05,430,410,4,68,24,3,2800.666667,2564,1198,1091,210,954,42,2293,78,33,,,,,,,,,,,,,,,,,,,,
415,Adam Wainwright,0,0,18,0,45.3,848,2668.1,,,,,508,848,744,55,143,39,2,10,75,0,2,27,250,0,11,3,74,0.192204301,0.200471698,0.290322581,0.490794279,,,,,200,128,0.609756098,75.13,478,411,13,28,11,3,2668.333333,2577,1117,1047,233,736,40,2202,81,4,,,,,,,,,,,,,,,,,,,,
64,Clayton Kershaw,0,0,18,1,80.9,847,2855.1,,,,,464,847,698,46,113,11,1,1,40,1,0,34,211,0,15,1,110,0.161891117,0.178276269,0.184813754,0.363090023,,,,,223,96,0.699059561,48.57,455,451,1,25,15,0,2855.333333,2193,881,804,235,713,28,3052,46,26,,,,,,,,,,,,,,,,,,,,
472,Mel Stottlemyre,0,0,11,0,43.1,846,2661.1,,,,,366,846,749,54,120,14,6,7,57,0,2,47,270,0,14,4,42,0.160213618,0.20212766,0.222963952,0.425091612,,,,,164,139,0.541254125,32.55,360,356,3,152,40,1,2661.333333,2435,1003,878,171,809,75,1257,44,1,,,,,,,,,,,,,,,,,,,,
978,Mike Hampton,0,0,16,0,28.2,845,2268.1,,,,,448,845,725,97,178,22,5,16,79,3,4,47,195,0,12,5,63,0.245517241,0.272189349,0.355862069,0.628051418,,,,,148,115,0.562737643,66.73,419,355,12,21,9,1,2268.333333,2370,1157,1024,200,901,49,1387,49,13,,,,,,,,,,,,,,,,,,,,
995,George Mogridge,0,0,15,0,27.9,843,2265.2,,,,,402,841,754,57,137,20,8,1,46,7,4,39,199,0,0,0,43,0.181697613,0.215219976,0.233421751,0.448641727,,,,,132,131,0.501901141,56.24,398,261,101,138,20,20,2265.666667,2352,1001,808,77,565,0,678,76,1,,,,,,,,,,,,,,,,,,,,
780,Van Mungo,0,0,14,0,32.9,838,2113,,,,,410,838,787,56,174,24,4,0,74,1,0,29,164,0,11,0,21,0.221092757,0.243436754,0.261753494,0.505190248,,,,,120,115,0.510638298,49.93,364,259,61,123,20,16,2113,1957,957,815,89,868,0,1242,33,5,,,,,,,,,,,,,,,,,,,,
873,Hooks Wiltse,0,0,12,0,30.4,838,2112.1,,,,,375,826,743,81,156,19,4,2,79,14,0,50,67,0,0,0,26,0.209959623,0.257869249,0.254374159,0.512243408,,,,,139,90,0.6069869,29.83,357,225,109,152,27,33,2112.333333,1892,787,580,54,498,0,965,40,0,,,,,,,,,,,,,,,,,,,,
692,Rick Rhoden,0,0,16,0,35.3,830,2593.2,,,,,427,830,761,58,181,38,0,9,75,0,1,17,114,0,20,5,47,0.237844941,0.238554217,0.32325887,0.561813087,,,,,151,125,0.547101449,60.08,413,380,14,69,17,1,2593.666667,2606,1143,1036,198,801,62,1419,39,31,,,,,,,,,,,,,,,,,,,,
547,Andy Messersmith,0,0,12,0,40.2,826,2230.1,,,,,353,826,729,49,124,30,0,5,54,1,0,46,212,0,6,4,46,0.170096022,0.207021792,0.231824417,0.438846209,,,,,130,99,0.56768559,39.11,344,295,30,98,27,15,2230.333333,1719,812,709,174,831,44,1625,40,7,,,,,,,,,,,,,,,,,,,,
672,Fritz Ostermueller,0,0,15,0,36,824,2066.2,,,,,399,823,749,60,175,22,4,0,62,1,0,35,80,0,16,0,37,0.23364486,0.257594168,0.273698264,0.531292432,,,,,114,115,0.497816594,69.2,390,246,86,113,11,15,2066.666667,2170,1062,917,105,835,0,774,21,1,,,,,,,,,,,,,,,,,,,,
632,Dutch Leonard,0,0,11,0,37.4,817,2192,,,,,331,814,715,47,124,16,2,0,46,0,0,58,132,0,0,0,39,0.173426573,0.226044226,0.201398601,0.427442827,,,,,139,113,0.551587302,32.88,331,272,47,152,33,13,2192,2022,853,672,54,664,0,1160,68,3,,,,,,,,,,,,,,,,,,,,
925,Doug Drabek,0,0,13,0,29.2,808,2535,,,,,412,808,716,42,119,17,3,2,46,0,1,17,207,0,5,2,66,0.166201117,0.176980198,0.206703911,0.383684109,,,,,155,134,0.53633218,51.46,398,387,4,53,21,0,2535,2448,1141,1052,246,704,56,1594,53,6,,,,,,,,,,,,,,,,,,,,
320,Roy Oswalt,0,0,13,0,50,796,2245.1,,,,,370,796,657,30,101,7,0,1,36,0,0,27,181,0,6,1,106,0.153729072,0.167085427,0.168949772,0.336035199,,,,,163,102,0.61509434,52.24,365,341,7,20,8,0,2245.333333,2199,897,838,197,520,34,1852,80,7,,,,,,,,,,,,,,,,,,,,
876,Mike Garcia,0,0,14,0,30.3,792,2174.2,,,,,428,792,696,41,127,23,1,2,62,0,2,31,151,0,16,5,58,0.182471264,0.202020202,0.227011494,0.429031696,,,,,142,97,0.594142259,51.5,428,281,77,111,27,23,2174.666667,2148,888,789,122,719,23,1117,33,2,,,,,,,,,,,,,,,,,,,,
728,Howie Pollet,0,0,14,0,34.4,790,2107.1,,,,,407,790,698,54,129,17,2,0,48,0,0,55,159,0,14,0,37,0.184813754,0.232911392,0.214899713,0.447811105,,,,,131,116,0.530364372,68.3,403,278,53,116,25,20,2107.333333,2096,957,821,146,745,4,934,23,1,,,,,,,,,,,,,,,,,,,,
953,Chris Short,0,0,15,0,28.7,786,2325,,,,,527,1518,1345,161,370,51,20,3,134,12,8,110,68,0,0,0,62,0.275092937,0.316864295,0.349442379,0.666306674,,,,,,,,,,,,,,,,,,,,,,,,,,,,,,,,,,,,,,,,,,,,
845,Ken Raffensberger,0,0,15,0,31,779,2151.2,,,,,397,779,688,38,97,16,0,4,31,0,1,20,280,0,13,0,70,0.140988372,0.151476252,0.181686047,0.333162299,,,,,119,154,0.435897436,59.27,396,282,66,133,31,16,2151.666667,2257,993,860,192,449,0,806,19,3,,,,,,,,,,,,,,,,,,,,
207,Cole Hamels,0,0,15,0,59,778,2698,,,,,430,778,688,40,116,16,2,2,34,1,3,19,286,0,8,3,64,0.168604651,0.178663239,0.206395349,0.385058588,,,,,163,122,0.571929825,63.65,423,422,0,17,7,0,2698,2424,1103,1027,310,767,43,2560,100,14,,,,,,,,,,,,,,,,,,,,
895,Dean Chance,0,0,11,0,29.9,759,2147.1,,,,,406,759,662,17,44,2,0,0,16,0,0,30,420,0,2,1,61,0.066465257,0.104084321,0.069486405,0.173570726,,,,,128,115,0.526748971,50.36,406,294,61,83,33,23,2147.333333,1864,832,697,122,739,75,1534,65,9,,,,,,,,,,,,,,,,,,,,
493,Harry Brecheen,0,0,12,0,42.3,746,1907.2,,,,,321,746,673,48,129,13,5,2,44,0,0,45,121,0,16,0,24,0.191679049,0.238605898,0.234769688,0.473375586,,,,,133,92,0.591111111,32.45,318,240,53,125,25,18,1907.666667,1731,701,618,117,536,0,901,37,5,,,,,,,,,,,,,,,,,,,,
816,Johnny Antonelli,0,0,12,0,31.9,745,1992.1,,,,,135,560,528,50,133,28,2,1,29,1,0,24,29,0,14,0,6,0.251893939,0.283928571,0.318181818,0.602110389,,,,,,,,,,,,,,,,,,,,,,,,,,,,,,,,,,,,,,,,,,,,
452,Carlos Zambrano,0,0,12,0,43.9,744,1959,,,,,384,744,693,75,165,26,3,24,71,1,0,10,240,0,14,4,37,0.238095238,0.235215054,0.388167388,0.623382442,,,,,132,91,0.591928251,55.72,354,302,11,10,5,0,1959,1709,879,797,161,898,41,1637,102,5,,,,,,,,,,,,,,,,,,,,
637,Madison Bumgarner,0,0,15,0,37.2,731,2209.1,,,,,375,731,633,54,109,19,0,19,65,0,0,49,284,0,5,5,42,0.172195893,0.218878249,0.292259084,0.511137333,,,,,134,124,0.519379845,59.57,358,355,1,16,7,0,2209.333333,2007,933,853,258,544,38,2070,89,8,,,,,,,,,,,,,,,,,,,,
854,Firpo Marberry,0,0,14,0,30.7,731,2067.1,,,,,551,730,668,60,128,21,3,1,65,2,1,22,111,0,0,0,34,0.191616766,0.21369863,0.236526946,0.450225576,,,,,148,88,0.627118644,51.46,551,187,271,86,7,101,2067.333333,2049,971,834,96,686,0,822,38,4,,,,,,,,,,,,,,,,,,,,
850,Jim Bagby,0,0,9,0,30.8,727,1821.2,,,,,325,724,660,69,144,35,6,2,60,3,0,32,91,0,0,0,30,0.218181818,0.245856354,0.298484848,0.544341202,,,,,127,88,0.590697674,32.33,316,208,92,133,16,29,1821.666667,1884,769,629,47,458,0,450,33,0,,,,,,,,,,,,,,,,,,,,
788,Mort Cooper,0,0,11,0,32.7,725,1840.2,,,,,297,721,654,50,127,16,0,6,68,0,0,23,118,0,14,0,43,0.194189602,0.209431345,0.24617737,0.455608715,,,,,128,75,0.630541872,39.53,295,239,39,128,33,14,1840.666667,1666,703,607,85,571,0,913,28,7,,,,,,,,,,,,,,,,,,,,
812,Sonny Siebert,0,0,12,0,32.1,725,2152,,,,,405,725,660,52,114,22,3,12,57,0,0,18,182,0,20,3,35,0.172727273,0.194482759,0.26969697,0.464179729,,,,,140,114,0.551181102,54.59,399,307,42,67,21,16,2152,1919,907,767,197,692,55,1512,54,8,,,,,,,,,,,,,,,,,,,,
912,Jason Schmidt,0,0,14,0,29.5,712,1996.1,,,,,324,712,597,29,63,9,0,7,21,0,0,22,282,0,5,1,90,0.105527638,0.122191011,0.155778894,0.277969905,,,,,130,96,0.575221239,71.72,323,314,1,20,9,0,1996.333333,1846,958,878,184,792,35,1758,52,11,,,,,,,,,,,,,,,,,,,,
219,Tim Hudson,0,0,17,0,57.9,710,3126.2,,,,,489,710,613,35,98,19,1,4,42,0,0,26,190,0,12,2,67,0.159869494,0.177464789,0.2137031,0.391167889,,,,,222,133,0.625352113,60.09,482,479,0,26,13,0,3126.666667,2957,1319,1213,248,917,84,2080,124,6,,,,,,,,,,,,,,,,,,,,
630,Jim Maloney,0,0,12,0,37.5,696,1849,,,,,321,696,628,51,126,21,4,7,53,2,2,33,139,0,11,3,31,0.200636943,0.229885057,0.280254777,0.510139834,,,,,134,84,0.614678899,49.37,302,262,18,74,30,4,1849,1518,729,655,138,810,39,1605,36,2,,,,,,,,,,,,,,,,,,,,
934,Nip Winters,0,0,8,0,29,690,1114.2,,,,,280,781,703,92,205,44,16,13,116,7,2,54,24,0,0,0,22,0.291607397,0.33418694,0.455192034,0.789378974,,,,,100,51,0.662251656,68.25,188,149,31,110,6,8,1280,1221,626,517,64,445,0,662,22,0,,,,,,,,,,,,,,,,,,,,
503,John Candelaria,0,0,19,0,41.9,688,2525.2,,,,,603,688,596,39,104,20,3,1,48,0,2,44,162,0,19,3,43,0.174496644,0.218023256,0.223154362,0.441177618,,,,,177,122,0.591973244,87.21,600,356,82,54,13,29,2525.666667,2399,1038,935,245,592,63,1673,37,26,,,,,,,,,,,,,,,,,,,,
458,Bob Welch,0,0,17,0,43.7,668,3092,,,,,520,668,582,26,88,7,1,2,30,0,1,22,171,0,4,2,59,0.151202749,0.169161677,0.176975945,0.346137622,,,,,211,146,0.591036415,61.14,506,462,20,61,28,8,3092,2894,1310,1191,267,1034,60,1969,79,45,,,,,,,,,,,,,,,,,,,,
751,Rick Sutcliffe,0,0,18,0,33.9,657,2697.2,,,,,466,657,562,42,102,22,1,4,55,4,0,34,143,0,15,5,54,0.181494662,0.210045662,0.245551601,0.455597263,,,,,171,139,0.551612903,73.9,457,392,30,72,18,6,2697.666667,2662,1324,1223,236,1081,75,1679,46,38,,,,,,,,,,,,,,,,,,,,
808,John Denny,0,0,13,0,32.2,656,2148.2,,,,,326,656,570,44,97,9,2,0,29,9,5,19,164,0,4,3,63,0.170175439,0.178353659,0.192982456,0.371336115,,,,,123,108,0.532467532,48.23,325,322,0,62,18,0,2148.666667,2093,967,856,137,778,49,1146,54,12,,,,,,,,,,,,,,,,,,,,
664,Johnny Cueto,0,0,17,0,36.3,655,2256.1,,,,,371,655,545,27,55,1,0,0,18,1,0,17,178,0,6,2,90,0.100917431,0.111450382,0.102752294,0.214202676,,,,,144,113,0.560311284,72,370,365,1,18,8,0,2256.333333,2094,955,883,253,637,22,1857,120,17,,,,,,,,,,,,,,,,,,,,
719,Bobby Shantz,0,0,16,0,34.6,646,1935.2,,,,,578,645,548,60,107,20,2,1,46,3,2,47,96,0,4,1,44,0.195255474,0.246511628,0.244525547,0.491037175,,,,,119,99,0.54587156,66.62,537,171,192,78,15,48,1935.666667,1795,817,726,151,643,53,1072,41,6,,,,,,,,,,,,,,,,,,,,
866,Sal Maglie,0,0,10,0,30.5,645,1723,,,,,304,645,563,29,76,5,1,2,29,1,0,20,180,0,13,2,57,0.134991119,0.153488372,0.158081705,0.311570077,,,,,119,62,0.657458564,46.44,303,232,35,93,25,14,1723,1591,684,603,169,562,8,862,44,7,,,,,,,,,,,,,,,,,,,,
789,Sid Fernandez,0,0,15,0,32.7,629,1866.2,,,,,308,629,539,28,98,15,2,1,34,1,0,16,209,0,12,5,67,0.181818182,0.184419714,0.222634508,0.407054222,,,,,114,96,0.542857143,60.38,307,300,2,25,9,1,1866.666667,1421,749,696,191,715,33,1743,41,19,,,,,,,,,,,,,,,,,,,,
880,Woody Williams,0,0,15,0,30.2,617,2216.1,,,,,338,1369,1255,133,314,40,5,1,79,14,0,88,52,0,18,0,22,0.250199203,0.296566837,0.292430279,0.588997116,,,,,,,,,,,,,,,,,,,,,,,,,,,,,,,,,,,,,,,,,,,,
556,Al Leiter,0,0,19,0,40,613,2391,,,,,419,613,530,15,45,7,1,0,16,0,0,35,290,0,10,0,48,0.08490566,0.13050571,0.101886792,0.232392502,,,,,162,132,0.551020408,112.52,419,382,9,16,10,2,2391,2152,1101,1010,198,1163,53,1974,117,20,,,,,,,,,,,,,,,,,,,,
74,Zack Greink,0,0,20,0,77.4,600,3389.1,,,,,597,600,521,49,117,29,1,9,34,9,1,26,114,0,8,4,47,0.224568138,0.241666667,0.335892514,0.577559181,,,,,225,156,0.590551181,78.95,586,541,8,17,5,1,3389.333333,3207,1410,1315,367,762,25,2979,79,7,,,,,,,,,,,,,,,,,,,,
881,Max Lanier,0,0,14,0,30.2,599,1619.1,,,,,328,599,535,46,99,4,1,0,27,0,0,23,45,0,17,0,41,0.185046729,0.203672788,0.196261682,0.39993447,,,,,108,82,0.568421053,52.07,327,204,62,91,21,17,1619.333333,1490,630,541,65,611,0,821,18,8,,,,,,,,,,,,,,,,,,,,
580,Jake Peavy,0,0,15,0,39.2,598,2377,,,,,393,598,519,48,87,17,1,3,33,0,2,22,165,0,6,2,52,0.167630058,0.18729097,0.221579961,0.408870931,,,,,152,126,0.54676259,65.83,388,377,3,15,6,0,2377,2134,1011,960,259,708,42,2207,78,14,,,,,,,,,,,,,,,,,,,,
127,Kevin Brown,0,0,19,0,67.8,575,3256.1,,,,,490,575,495,20,64,10,0,2,29,0,0,19,187,0,2,2,54,0.129292929,0.153043478,0.161616162,0.31465964,,,,,211,144,0.594366197,67.5,486,476,1,72,17,0,3256.333333,3079,1357,1185,208,901,42,2397,139,15,,,,,,,,,,,,,,,,,,,,
946,A.J. Burnett,0,0,17,0,28.8,575,2731.1,,,,,436,575,493,20,56,8,3,4,19,0,0,20,241,0,9,1,59,0.113590264,0.135652174,0.1663286,0.301980774,,,,,164,157,0.510903427,68.27,435,430,1,24,10,0,2731.333333,2519,1328,1210,263,1100,35,2513,143,6,,,,,,,,,,,,,,,,,,,,
136,Luis Tiant,0,0,19,0,66.1,570,3486.1,,,,,573,570,513,36,84,14,1,5,44,1,1,13,146,0,10,2,41,0.16374269,0.171929825,0.22417154,0.396101365,,,,,229,172,0.571072319,67.02,573,484,51,187,49,15,3486.333333,3075,1400,1280,346,1104,53,2416,49,4,,,,,,,,,,,,,,,,,,,,
899,Kevin Millwood,0,0,16,0,29.8,550,2720.1,,,,,451,548,472,22,57,15,0,4,27,0,0,21,219,0,9,0,55,0.120762712,0.142335766,0.177966102,0.320301868,,,,,169,152,0.526479751,66.47,451,443,3,22,6,0,2720.333333,2770,1357,1243,296,843,46,2083,74,4,,,,,,,,,,,,,,,,,,,,
575,Jon Matlack,0,0,13,0,39.4,541,2363,,,,,362,541,441,32,57,3,0,0,23,0,0,57,217,0,7,1,41,0.129251701,0.212569316,0.136054422,0.348623738,,,,,125,126,0.498007968,45.02,361,318,23,97,30,3,2363,2276,970,835,161,638,69,1516,26,9,,,,,,,,,,,,,,,,,,,,
80,Max Scherzer,0,0,18,1,75.6,529,2963,,,,,490,529,464,31,78,6,0,1,30,3,0,13,161,0,5,1,49,0.168103448,0.175803403,0.1875,0.363303403,,,,,221,117,0.653846154,65.72,483,474,2,12,5,0,2963,2433,1132,1059,354,779,20,3489,114,7,,,,,,,,,,,,,,,,,,,,
806,Stephen Strasburg,0,0,13,0,32.3,521,1470,,,,,248,521,440,23,67,10,0,4,29,0,0,24,153,0,6,0,56,0.152272727,0.176583493,0.202272727,0.37885622,,,,,113,62,0.645714286,59.22,247,247,0,2,2,0,1470,1217,582,530,149,394,20,1723,53,4,,,,,,,,,,,,,,,,,,,,
327,Jamie Moyer,0,0,25,0,49.8,502,4074,,,,,701,502,400,24,51,5,0,0,15,0,0,35,152,0,5,2,64,0.1275,0.173306773,0.14,0.313306773,,,,,269,209,0.562761506,118.99,696,638,15,33,10,0,4074,4231,2076,1926,522,1155,69,2441,146,12,,,,,,,,,,,,,,,,,,,,
736,Chris Carpenter,0,0,15,0,34.2,501,2219.1,,,,,350,501,439,18,52,8,0,2,21,0,1,12,144,0,5,1,47,0.118451025,0.131736527,0.150341686,0.282078213,,,,,144,94,0.605042017,60.73,350,332,6,33,15,0,2219.333333,2205,1021,927,220,627,23,1697,85,3,,,,,,,,,,,,,,,,,,,,
940,Ellis Kinder,0,0,12,0,28.9,499,1479.2,,,,,484,496,444,34,63,7,1,1,33,0,1,23,123,0,10,0,29,0.141891892,0.173387097,0.168918919,0.342306016,,,,,102,71,0.589595376,38.85,484,122,255,56,10,102,1479.666667,1421,627,564,118,539,8,749,9,2,,,,,,,,,,,,,,,,,,,,
700,Dan Haren,0,0,13,0,35,478,2419.2,,,,,401,478,414,31,83,26,0,2,39,0,0,17,121,0,8,4,41,0.200483092,0.213389121,0.277777778,0.491166899,,,,,153,131,0.538732394,58.06,391,380,4,16,6,1,2419.666667,2357,1105,1009,305,500,39,2013,67,5,,,,,,,,,,,,,,,,,,,,
975,Gio Gonzalez,0,0,13,0,28.3,475,1933,,,,,344,475,410,16,37,7,0,3,17,0,0,9,190,0,3,2,50,0.090243902,0.105263158,0.129268293,0.234531451,,,,,131,101,0.564655172,55.95,344,328,4,4,2,0,1933,1744,857,795,171,815,21,1860,50,4,,,,,,,,,,,,,,,,,,,,
737,John Tudor,0,0,12,0,34.2,443,1797,,,,,289,443,384,22,59,7,2,0,18,1,1,17,120,0,3,1,41,0.153645833,0.171557562,0.182291667,0.353849229,,,,,117,72,0.619047619,43.95,281,263,5,50,16,1,1797,1677,700,623,156,475,32,988,29,10,,,,,,,,,,,,,,,,,,,,
360,Jacob deGrom,0,0,12,1,47.9,423,1539.2,,,,,260,423,383,27,78,9,0,3,29,1,0,17,116,0,8,0,23,0.203655352,0.224586288,0.250652742,0.47523903,,,,,96,65,0.596273292,29.8,248,248,0,4,2,0,1539.666667,1173,477,440,146,345,13,1851,25,0,,,,,,,,,,,,,,,,,,,,
464,Jon Lester,0,0,16,0,43.4,423,2740,,,,,458,423,366,27,42,10,0,4,31,1,0,21,162,0,6,2,34,0.114754098,0.14893617,0.174863388,0.323799558,,,,,200,117,0.630914826,68.54,452,451,0,15,4,0,2740,2610,1215,1114,294,892,13,2488,90,1,,,,,,,,,,,,,,,,,,,,
979,Lindy McDaniel,0,0,21,0,28.2,412,2139.1,,,,,988,412,378,19,56,11,0,3,17,0,0,8,159,0,4,0,25,0.148148148,0.15776699,0.201058201,0.358825191,,,,,141,119,0.542307692,80.56,987,74,577,18,2,172,2139.333333,2099,934,821,172,623,136,1361,15,5,,,,,,,,,,,,,,,,,,,,
525,Tom Candiotti,0,0,16,0,41.1,360,2725,,,,,452,360,299,11,35,5,0,0,12,0,0,7,71,0,10,1,52,0.117056856,0.119444444,0.133779264,0.253223708,,,,,151,164,0.479365079,76.19,451,410,11,68,11,0,2725,2662,1299,1130,250,883,31,1735,85,27,,,,,,,,,,,,,,,,,,,,
678,Josh Beckett,0,0,14,0,35.7,335,2051,,,,,40,92,83,8,20,5,2,1,13,0,0,8,8,0,0,0,0,0.240963855,0.315217391,0.385542169,0.70075956,,,,,,,,,,,,,,,,,,,,,,,,,,,,,,,,,,,,,,,,,,,,
562,Danny Darwin,0,0,21,0,39.8,334,3016.2,,,,,722,334,305,15,39,11,2,2,22,2,0,6,171,0,1,2,20,0.127868852,0.137724551,0.196721311,0.334445862,,,,,171,182,0.484419263,103.94,716,371,171,53,9,32,3016.666667,2951,1431,1286,321,874,101,1942,81,17,,,,,,,,,,,,,,,,,,,,
744,Bruce Hurst,0,0,15,0,34.1,331,2417.1,,,,,380,331,274,11,31,5,0,0,8,0,0,20,141,0,1,0,37,0.113138686,0.15407855,0.131386861,0.285465411,,,,,145,113,0.562015504,80.48,379,359,5,83,23,0,2417.333333,2463,1143,1052,258,740,42,1689,28,19,,,,,,,,,,,,,,,,,,,,
548,Zack Wheeler,0,0,11,1,40.2,323,1728.1,,,,,288,323,288,13,44,9,0,1,18,0,0,5,128,0,2,1,27,0.152777778,0.157894737,0.194444444,0.352339181,,,,,113,75,0.60106383,36.85,283,283,0,5,3,0,1728.333333,1475,683,630,166,490,14,1820,76,2,,,,,,,,,,,,,,,,,,,,
763,Charlie Leibrandt,0,0,14,0,33.4,315,2308,,,,,394,315,267,7,32,3,2,0,14,0,0,13,72,0,3,2,33,0.119850187,0.142857143,0.146067416,0.288924559,,,,,140,119,0.540540541,49.66,394,346,17,52,18,2,2308,2390,1068,952,172,656,44,1121,37,31,,,,,,,,,,,,,,,,,,,,
926,Kevin Tapani,0,0,13,0,29.2,311,2265,,,,,361,311,261,14,40,6,0,2,22,1,1,16,105,0,4,1,33,0.153256705,0.180064309,0.199233716,0.379298025,,,,,143,125,0.53358209,64.75,361,354,1,26,9,0,2265,2407,1168,1094,260,554,30,1482,53,6,,,,,,,,,,,,,,,,,,,,
701,Doyle Alexander,0,0,19,0,35,300,3367.2,,,,,562,300,265,19,44,8,0,0,17,0,0,9,77,0,7,2,23,0.166037736,0.18,0.196226415,0.376226415,,,,,194,174,0.527173913,88.66,561,464,56,98,18,3,3367.666667,3376,1541,1406,324,978,60,1528,53,10,,,,,,,,,,,,,,,,,,,,
867,Greg Swindell,0,0,17,0,30.5,286,2233.1,,,,,665,286,245,10,46,10,0,0,13,0,0,4,57,0,2,1,36,0.187755102,0.174825175,0.228571429,0.403396604,,,,,123,122,0.502040816,81.03,664,269,93,40,12,7,2233.333333,2313,1053,957,262,501,34,1542,21,12,,,,,,,,,,,,,,,,,,,,
295,Johan Santana,0,0,12,0,51.7,279,2025.2,,,,,360,279,248,11,40,12,1,1,9,0,0,9,78,0,1,0,22,0.161290323,0.17562724,0.22983871,0.40546595,,,,,139,78,0.640552995,42.36,360,284,23,15,10,1,2025.666667,1726,773,721,220,567,13,1988,36,12,,,,,,,,,,,,,,,,,,,,
638,John Lackey,0,0,15,0,37.2,265,2840.1,,,,,450,265,236,6,26,7,0,0,8,1,1,9,97,0,3,0,20,0.110169492,0.132075472,0.139830508,0.27190598,,,,,188,147,0.56119403,63.49,448,446,0,18,8,0,2840.333333,2862,1347,1237,319,815,32,2294,133,12,,,,,,,,,,,,,,,,,,,,
607,Charlie Hough,0,0,25,0,38.4,250,3801.1,,,,,858,250,226,7,33,4,0,1,13,0,0,5,53,0,8,0,18,0.146017699,0.156,0.17699115,0.33299115,,,,,216,216,0.5,99.23,858,440,240,107,13,61,3801.333333,3283,1807,1582,383,1665,44,2362,174,42,,,,,,,,,,,,,,,,,,,,
194,Andy Pettitte,0,0,18,0,60.2,237,3316,,,,,533,237,196,6,27,6,0,1,13,0,0,6,66,0,1,1,34,0.137755102,0.139240506,0.183673469,0.322913975,,,,,256,153,0.62591687,68.62,531,521,3,26,4,0,3316,3448,1572,1418,288,1031,42,2448,55,11,,,,,,,,,,,,,,,,,,,,
8,Roger Clemen,0,0,24,0,139.2,213,4916.2,,,,,2433,10212,9454,1416,3000,440,166,240,1305,83,46,621,1230,167,275,66,36,0.317326,0.358010184,0.475142797,0.833152981,,,,,,,,,,,,,,,,,,,,,,,,,,,,,,,,,,,,,,,,,,,,
379,Frank Viola,0,0,15,0,47,210,2836.1,,,,,421,210,185,8,26,3,0,0,6,0,0,3,41,0,2,0,22,0.140540541,0.138095238,0.156756757,0.294851995,,,,,176,150,0.539877301,67.08,421,420,0,74,16,0,2836.333333,2827,1303,1175,294,864,39,1844,48,12,,,,,,,,,,,,,,,,,,,,
275,David Wells,0,0,21,0,53.4,200,3439,,,,,660,200,178,8,23,2,0,0,5,0,0,3,59,0,1,0,18,0.129213483,0.135,0.140449438,0.275449438,,,,,239,157,0.603535354,99.49,660,489,65,54,12,13,3439,3635,1702,1578,407,719,65,2201,83,17,,,,,,,,,,,,,,,,,,,,
825,Jose Quintana,0,0,14,1,31.7,184,2101.1,,,,,383,184,156,4,12,1,0,0,7,0,0,3,84,0,4,1,24,0.076923077,0.081521739,0.083333333,0.164855072,,,,,113,110,0.506726457,66.79,383,357,7,2,2,0,2101.333333,2043,949,877,219,641,23,1816,58,7,,,,,,,,,,,,,,,,,,,,
772,Yu Darvish,0,0,13,1,33.2,165,1778,,,,,297,165,152,4,15,4,0,1,5,0,0,3,83,0,4,1,8,0.098684211,0.115151515,0.144736842,0.259888357,,,,,115,93,0.552884615,52.16,297,297,0,2,1,0,1778,1460,756,721,231,563,8,2075,83,6,,,,,,,,,,,,,,,,,,,,
856,James Shields,0,0,13,0,30.7,154,2616,,,,,24,6,4,0,0,0,0,0,0,0,0,1,3,0,0,0,1,0,0.166666667,0,0.166666667,,,,,2,2,0.5,40.25,24,3,6,0,0,1,40.33333333,53,32,31,9,29,3,38,3,0,,,,,,,,,,,,,,,,,,,,
966,Max Fried,0,0,9,1,28.4,149,1079.2,,,,,212,149,126,20,27,7,0,0,9,0,0,10,40,0,0,0,13,0.214285714,0.248322148,0.26984127,0.518163418,,,,,92,41,0.691729323,27.2,200,183,10,6,4,0,1079.666667,947,405,364,90,297,6,1052,45,3,,,,,,,,,,,,,,,,,,,,
961,Alex Fernandez,0,0,10,0,28.5,146,1760.1,,,,,266,146,126,7,22,8,0,3,14,0,0,9,35,0,4,1,10,0.174603175,0.212328767,0.30952381,0.521852577,,,,,107,87,0.551546392,37.92,263,261,1,33,10,0,1760.333333,1693,804,731,190,552,29,1252,35,2,,,,,,,,,,,,,,,,,,,,
208,Mark Buehrle,0,0,16,0,59,140,3283.1,,,,,518,140,125,4,9,2,0,1,3,0,0,2,58,0,1,0,13,0.072,0.078571429,0.112,0.190571429,,,,,214,160,0.572192513,61.44,518,493,6,33,10,0,3283.333333,3472,1542,1391,361,734,49,1870,79,16,,,,,,,,,,,,,,,,,,,,
730,Tim Wakefield,0,0,19,0,34.4,130,3226.1,,,,,630,130,111,4,13,2,0,1,4,0,0,3,47,0,0,0,15,0.117117117,0.130769231,0.162162162,0.292931393,,,,,200,180,0.526315789,83.62,627,463,78,33,6,22,3226.333333,3152,1791,1582,418,1205,33,2156,186,8,,,,,,,,,,,,,,,,,,,,
170,CC Sabathia,1,2025,19,0,62.3,127,3577.1,2001,2019,6,0.5,562,127,121,7,25,3,0,3,15,0,0,2,36,0,7,0,4,0.20661157,0.212598425,0.305785124,0.518383549,2001,2019,6,61.76,251,161,0.609223301,76.34,561,560,0,38,12,0,3577.333333,3404,1623,1485,382,1099,44,3093,123,17,BBWAA,1,0,0,0,0,0,0,0,0,0,0,0,0,0,0,0,Player,342,86.80%
868,John Hiller,0,0,15,0,30.5,108,1242,,,,,546,108,101,2,11,1,0,0,4,0,0,3,34,0,1,0,4,0.108910891,0.12962963,0.118811881,0.248441511,,,,,87,76,0.533742331,47.22,545,43,363,13,6,125,1242,1040,438,391,110,535,71,1036,12,1,,,,,,,,,,,,,,,,,,,,
319,Mark Langston,0,0,16,0,50.1,100,2962.2,,,,,459,100,92,5,14,3,0,0,5,0,0,2,38,0,0,1,5,0.152173913,0.16,0.184782609,0.344782609,,,,,179,158,0.53115727,72.2,457,428,3,81,18,0,2962.666667,2723,1438,1306,311,1289,34,2464,46,22,,,,,,,,,,,,,,,,,,,,
791,Pat Hentgen,0,0,14,0,32.6,97,2075.1,,,,,344,97,84,4,9,0,0,0,0,0,0,4,25,0,2,0,9,0.107142857,0.134020619,0.107142857,0.241163476,,,,,131,112,0.53909465,64.05,344,306,15,34,10,1,2075.333333,2111,1076,996,269,775,29,1290,49,10,,,,,,,,,,,,,,,,,,,,
259,Kevin Appier,0,0,16,0,54.5,90,2595.1,,,,,414,90,83,4,8,0,0,0,4,0,0,1,39,0,0,0,5,0.096385542,0.111111111,0.096385542,0.207496653,,,,,169,137,0.552287582,88.92,414,402,2,34,12,0,2595.333333,2425,1168,1078,232,933,51,1994,79,7,,,,,,,,,,,,,,,,,,,,
312,Kenny Rogers,0,0,20,0,50.5,75,3302.2,,,,,763,75,66,5,9,1,1,0,4,1,0,4,25,0,1,0,5,0.136363636,0.173333333,0.181818182,0.355151515,,,,,219,156,0.584,89.68,762,474,133,36,9,28,3302.666667,3457,1739,1568,339,1175,53,1968,127,23,,,,,,,,,,,,,,,,,,,,
549,David Price,0,0,14,0,40.2,71,2143.2,,,,,400,71,65,1,8,1,0,0,3,0,0,3,28,0,1,1,2,0.123076923,0.154929577,0.138461538,0.293391115,,,,,157,82,0.656903766,51.69,400,322,19,17,3,3,2143.666667,1930,865,790,221,562,16,2076,63,5,,,,,,,,,,,,,,,,,,,,
229,Frank Tanana,0,0,21,0,57.1,64,4188.1,,,,,639,64,59,3,9,1,1,0,5,0,1,2,12,0,0,0,3,0.152542373,0.171875,0.203389831,0.375264831,,,,,240,236,0.504201681,86.37,638,616,10,143,34,1,4188.333333,4063,1910,1704,448,1255,116,2773,129,27,,,,,,,,,,,,,,,,,,,,
61,Justin Verlander,0,0,20,1,81.7,60,3567.2,,,,,555,60,50,2,5,0,0,0,1,0,0,0,24,0,2,0,10,0.1,0.083333333,0.1,0.183333333,,,,,266,158,0.627358491,76.08,555,555,0,26,9,0,3567.666667,3046,1428,1317,371,1004,28,3553,121,20,,,,,,,,,,,,,,,,,,,,
220,Chuck Finley,0,0,17,0,57.9,59,3197.1,,,,,524,59,53,3,3,1,0,0,1,0,0,0,26,0,1,0,6,0.056603774,0.050847458,0.075471698,0.126319156,,,,,200,173,0.536193029,70.71,524,467,24,63,15,0,3197.333333,3069,1517,1366,304,1332,36,2610,76,22,,,,,,,,,,,,,,,,,,,,
720,Jered Weaver,0,0,12,0,34.6,57,2067.1,,,,,365,239,208,14,43,6,1,0,13,0,0,6,73,0,1,0,24,0.206730769,0.209205021,0.245192308,0.454397329,,,,,104,119,0.466367713,62.8,355,274,21,16,7,2,1838,1997,1023,961,227,516,44,1214,124,3,,,,,,,,,,,,,,,,,,,,
980,Jarrod Washburn,0,0,12,0,28.2,53,1863.2,,,,,314,53,41,4,9,0,0,0,4,0,0,5,13,0,0,0,7,0.219512195,0.264150943,0.219512195,0.483663138,,,,,107,109,0.49537037,56.45,312,300,4,9,4,1,1863.666667,1855,900,848,240,569,21,1103,65,3,,,,,,,,,,,,,,,,,,,,
416,Brad Radke,0,0,12,0,45.3,34,2451,,,,,378,34,29,0,3,0,0,0,0,0,0,0,9,0,0,0,5,0.103448276,0.088235294,0.103448276,0.19168357,,,,,148,139,0.515679443,51.14,378,377,0,37,10,0,2451,2643,1233,1150,326,445,12,1467,62,3,,,,,,,,,,,,,,,,,,,,
748,Corey Kluber,0,0,13,0,34,32,1641.2,,,,,273,32,28,2,3,1,0,0,0,0,0,1,15,0,1,0,3,0.107142857,0.125,0.142857143,0.267857143,,,,,116,77,0.601036269,52.52,271,260,4,18,8,1,1641.666667,1486,684,627,177,368,9,1725,65,2,,,,,,,,,,,,,,,,,,,,
702,Tom Gordon,0,0,21,0,35,2,2108,,,,,893,2,2,0,0,0,0,0,0,0,0,0,0,0,0,0,0,0,0,0,0,,,,,138,126,0.522727273,103.9,890,203,347,18,4,158,2108,1889,1016,927,176,977,57,1928,38,5,,,,,,,,,,,,,,,,,,,,
996,Mike Moore,0,0,14,0,27.9,1,2831.2,,,,,451,1,1,0,0,0,0,0,0,0,0,0,0,0,0,0,0,0,0,0,0,,,,,161,176,0.477744807,63.8,450,440,6,79,16,2,2831.666667,2858,1516,1381,291,1156,61,1667,55,11,,,,,,,,,,,,,,,,,,,,
363,Ron Guidry,0,0,14,0,47.8,0,2392,,,,,379,0,0,4,0,0,0,0,0,0,0,0,0,0,0,0,0,,,,0,,,,,170,91,0.651340996,49.58,368,323,23,95,26,4,2392,2198,953,874,226,633,24,1778,13,8,,,,,,,,,,,,,,,,,,,,
633,Mark Gubicza,0,0,14,0,37.4,0,2223.1,,,,,384,0,0,0,0,0,0,0,0,0,0,0,0,0,0,0,0,,,,0,,,,,132,136,0.492537313,78.48,384,329,14,42,16,2,2223.333333,2239,1063,978,155,786,39,1371,58,11,,,,,,,,,,,,,,,,,,,,
837,Mike Boddicker,0,0,14,0,31.3,0,2123.2,,,,,346,0,0,2,0,0,0,0,0,0,0,0,0,0,0,0,0,,,,0,,,,,134,116,0.536,61.5,342,309,15,63,16,3,2123.666667,2082,992,897,188,721,39,1330,87,8,,,,,,,,,,,,,,,,,,,,
877,Teddy Higuera,0,0,9,0,30.3,0,1380,,,,,213,0,0,0,0,0,0,0,0,0,0,0,0,0,0,0,0,,,,0,,,,,94,64,0.594936709,38.93,213,205,7,50,12,0,1380,1262,608,554,131,443,17,1081,25,17,,,,,,,,,,,,,,,,,,,,
998,Jack McDowell,0,0,12,0,27.8,0,1889,,,,,277,0,0,0,0,0,0,0,0,0,0,0,0,0,0,0,0,,,,0,,,,,127,87,0.593457944,50.68,277,275,0,62,13,0,1889,1854,874,809,173,606,29,1311,48,5,,,,,,,,,,,,,,,,,,,,
