Rk,Name,HOF (1/0),Induction Year,Years,"Active (1,0)",Wins Above Replacement,PA_x,IP_x,Bats/Throws,Inducted_x,Yrs_x,From_x,To_x,bat_ASG,bat_WAR,bag_G,bat_PA,bat_AB,bat_R,bat_H,bat_2B,bat_3B,bat_HR,bat_RBI,bat_SB,bat_CS,bat_BB,bat_SO,bat_IBB,bat_GDP,bat_SF,bat_SH,bat_BA,bat_OBP,bat_SLG,bat_OPS,Inducted_y,Yrs_y,From_y,To_y,pit_ASG,pit_WAR,W,L,W-L%,ERA,pit_G,pit_GS,pit_GF,pit_CG,pit_SHO,pit_SV,pit_IP,pit_H,pit_R,pit_ER,pit_HR,pit_BB,pit_IBB,pit_SO,pit_HBP,pit_BK,pit_WP,pit_BF,Year,Unnamed: 2,Voted By,1,2,3,4,5,6,7,8,9,10,11,12,13,14,15,16,Inducted As,Votes,% of Ballots,clean name,first,last,playerID,G,AB_y,R,H,X2B,X3B,HR,RBI_y,SB_y,CS_y,BB,SO,IBB,HBP_y,SH_y,SF_y,GIDP,PA,BA_y,OBP_y,SLG_y
33,Carl Yastrzemski,1,1989,23,0,96.4,13992,,L,1989,23,1961,1983,18,96.4,3308,13992,11988,1816,3419,646,59,452,1844,168,116,1845,1393,190,323,105,13,0.285,0.379,0.462,0.841,,,,,,,,,,,,,,,,,,,,,,,,,,,,,1989,1939-Living,BBWAA,1,0,0,0,0,0,0,0,0,0,0,0,0,0,0,0,Player,423,94.60%,Carl Yastrzemski,carl,yastrzemski,yastrca01,3308,11988,1816,3419,646,59,452,1844,168,116,1845,1393,190,40,13,105,323,13991,0.285201869,0.379100851,0.462045379
7,Henry Aaron,1,1982,23,0,143.2,13941,,R,1982,23,1954,1976,25,143.2,3298,13941,12364,2174,3771,624,98,755,2297,240,73,1402,1383,293,328,121,21,0.305,0.374,0.555,0.928,,,,,,,,,,,,,,,,,,,,,,,,,,,,,1982,1934-2021,BBWAA,1,0,0,0,0,0,0,0,0,0,0,0,0,0,0,0,Player,406,97.80%,Henry Aaron,henry,aaron,aaronha01,3298,12364,2174,3771,624,98,755,2297,240,73,1402,1383,293,32,21,121,328,13940,0.304998382,0.37338594,0.554513103
19,Rickey Henderson,1,2009,25,0,111.2,13346,,R,2009,25,1979,2003,10,111.2,3081,13346,10961,2295,3055,510,66,297,1115,1406,335,2190,1694,61,172,67,30,0.279,0.401,0.419,0.82,,,,,,,,,,,,,,,,,,,,,,,,,,,,,2009,1958-2024,BBWAA,1,0,0,0,0,0,0,0,0,0,0,0,0,0,0,0,Player,511,94.80%,Rickey Henderson,rickey,henderson,henderi01,3081,10961,2295,3055,510,66,297,1115,1406,335,2190,1694,61,98,30,67,172,13346,0.278715446,0.400344673,0.418574948
6,Ty Cobb,1,1936,24,0,151.4,13103,5,L,1936,24,1905,1928,0,151.4,3034,13103,11440,2245,4189,724,295,117,1944,897,215,1249,680,9,,,292,0.366,0.433,0.512,0.944,,,,,,,,,,,,,,,,,,,,,,,,,,,,,1936,1886-1961,BBWAA,1,0,0,0,0,0,0,0,0,0,0,0,0,0,0,0,Player,222,98.20%,Ty Cobb,ty,cobb,cobbxty01,,,,,,,,,,,,,,,,,,,,,
35,Cal Ripken Jr.,1,2007,21,0,95.9,12883,,R,2007,21,1981,2001,19,95.9,3001,12883,11551,1647,3184,603,44,431,1695,36,39,1129,1305,107,350,127,10,0.276,0.34,0.447,0.788,,,,,,,,,,,,,,,,,,,,,,,,,,,,,2007,1960-Living,BBWAA,1,0,0,0,0,0,0,0,0,0,0,0,0,0,0,0,Player,537,98.50%,Cal Ripken Jr.,cal,jr,jrxxxca01,,,,,,,,,,,,,,,,,,,,,
112,Eddie Murray,1,2003,21,0,68.7,12817,,B,2003,21,1977,1997,8,68.7,3026,12817,11336,1627,3255,560,35,504,1917,110,43,1333,1516,222,315,128,2,0.287,0.359,0.476,0.836,,,,,,,,,,,,,,,,,,,,,,,,,,,,,2003,1956-Living,BBWAA,1,0,0,0,0,0,0,0,0,0,0,0,0,0,0,0,Player,423,85.30%,Eddie Murray,eddie,murray,murraed01,1,1,0,0,0,0,0,0,0,0,0,1,0,0,0,0,0,1,0,0,0
11,Stan Musial,1,1969,22,0,128.6,12721,0,L,1969,22,1941,1963,24,128.6,3026,12721,10972,1949,3630,725,177,475,1951,78,71,1599,696,298,243,53,35,0.331,0.417,0.559,0.976,,,,,,,,,,,,,,,,,,,,,,,,,,,,,1969,1920-2013,BBWAA,1,0,0,0,0,0,0,0,0,0,0,0,0,0,0,0,Player,317,93.20%,Stan Musial,stan,musial,musiast01,3026,10972,1949,3630,725,177,475,1951,78,31,1599,696,127,53,35,53,243,12712,0.330842144,0.415512901,0.559059424
96,Derek Jeter,1,2020,20,0,71.3,12602,,R,2020,20,1995,2014,14,71.3,2747,12602,11195,1923,3465,544,66,260,1311,358,97,1082,1840,39,287,58,97,0.31,0.377,0.44,0.817,,,,,,,,,,,,,,,,,,,,,,,,,,,,,2020,1974-Living,BBWAA,1,0,0,0,0,0,0,0,0,0,0,0,0,0,0,0,Player,396,99.70%,Derek Jeter,derek,jeter,jeterde01,2747,11195,1923,3465,544,66,260,1311,358,97,1082,1840,39,170,97,58,287,12602,0.309513176,0.374305666,0.439571237
5,Willie Mays,1,1979,23,0,156.2,12545,,R,1979,23,1948,1973,24,156.2,3005,12545,10924,2068,3293,525,141,660,1909,339,103,1468,1526,214,251,91,13,0.301,0.384,0.557,0.94,,,,,,,,,,,,,,,,,,,,,,,,,,,,,1979,1931-2024,BBWAA,1,0,0,0,0,0,0,0,0,0,0,0,0,0,0,0,Player,409,94.70%,Willie Mays,willie,mays,maysxwi01,,,,,,,,,,,,,,,,,,,,,
141,Craig Biggio,1,2015,20,0,65.5,12504,,R,2015,20,1988,2007,7,65.5,2850,12504,10876,1844,3060,668,55,291,1175,414,124,1160,1753,68,150,81,101,0.281,0.363,0.433,0.796,,,,,,,,,,,,,,,,,,,,,,,,,,,,,2015,1965-Living,BBWAA,1,0,0,0,0,0,0,0,0,0,0,0,0,0,0,0,Player,454,82.70%,Craig Biggio,craig,biggio,biggicr01,2850,10876,1844,3060,668,55,291,1175,414,124,1160,1753,68,285,101,81,150,12503,0.281353439,0.360313525,0.433155572
148,Dave Winfield,1,2001,22,0,64.2,12358,,R,2001,22,1973,1995,12,64.2,2973,12358,11003,1669,3110,540,88,465,1833,223,96,1216,1686,172,319,95,19,0.283,0.353,0.475,0.827,,,,,,,,,,,,,,,,,,,,,,,,,,,,,2001,1951-Living,BBWAA,1,0,0,0,0,0,0,0,0,0,0,0,0,0,0,0,Player,435,84.50%,Dave Winfield,dave,winfield,winfida01,2973,11003,1669,3110,540,88,465,1833,223,96,1216,1686,172,25,19,95,319,12358,0.282650186,0.352079625,0.474506953
73,Robin Yount,1,1999,20,0,77.4,12249,,R,1999,20,1974,1993,3,77.4,2856,12249,11008,1632,3142,583,126,251,1406,271,105,966,1350,95,217,123,104,0.285,0.342,0.43,0.772,,,,,,,,,,,,,,,,,,,,,,,,,,,,,1999,1955-Living,BBWAA,1,0,0,0,0,0,0,0,0,0,0,0,0,0,0,0,Player,385,77.50%,Robin Yount,robin,yount,yountro01,2856,11008,1632,3142,583,126,251,1406,271,105,966,1350,95,48,104,123,217,12249,0.285428779,0.339293004,0.4296875
79,Paul Molitor,1,2004,21,0,75.7,12167,,R,2004,21,1978,1998,7,75.7,2683,12167,10835,1782,3319,605,114,234,1307,504,131,1094,1244,100,209,109,75,0.306,0.369,0.448,0.817,,,,,,,,,,,,,,,,,,,,,,,,,,,,,2004,1956-Living,BBWAA,1,0,0,0,0,0,0,0,0,0,0,0,0,0,0,0,Player,431,85.20%,Paul Molitor,paul,molitor,molitpa01,2683,10835,1782,3319,605,114,234,1307,504,131,1094,1244,100,47,75,109,209,12160,0.306322104,0.366776316,0.447992617
40,Adrian Beltré,1,2024,21,0,93.7,12130,,R,2024,21,1998,2018,4,93.7,2933,12130,11068,1524,3166,636,38,477,1707,121,42,848,1732,112,279,103,14,0.286,0.339,0.48,0.819,,,,,,,,,,,,,,,,,,,,,,,,,,,,,2024,1979-Living,BBWAA,1,0,0,0,0,0,0,0,0,0,0,0,0,0,0,0,Player,366,95.10%,Adrian Beltré,adrian,beltr,beltrad01,2933,11068,1524,3166,636,38,477,1707,121,42,848,1732,112,97,14,103,279,12130,0.286049874,0.338911789,0.479671124
13,Eddie Collins,1,1939,25,0,124.2,12087,,L,1939,25,1906,1930,0,124.2,2826,12087,9949,1821,3315,438,187,47,1299,741,196,1499,467,15,,,512,0.333,0.424,0.429,0.853,,,,,,,,,,,,,,,,,,,,,,,,,,,,,1939,1887-1951,BBWAA,1,0,0,0,0,0,0,0,0,0,0,0,0,0,0,0,Player,213,77.70%,Eddie Collins,eddie,collins,collied01,2826,9949,1821,3315,438,187,47,1300,741,195,1499,467,0,77,512,0,0,12037,0.333199317,0.406330481,0.428987838
9,Tris Speaker,1,1937,22,0,134.9,12021,1,L,1937,22,1907,1928,0,135,2789,12021,10195,1882,3514,792,222,117,1531,436,158,1381,393,4,,,309,0.345,0.428,0.5,0.928,,,,,,,,,,,,,,,,,,,,,,,,,,,,,1937,1888-1958,BBWAA,1,0,0,0,0,0,0,0,0,0,0,0,0,0,0,0,Player,165,82.10%,Tris Speaker,tris,speaker,speaktr01,2789,10195,1882,3514,792,222,117,1529,432,157,1381,393,0,103,309,0,0,11988,0.344678764,0.416916917,0.500343306
71,Brooks Robinson,1,1983,23,0,78.3,11782,,R,1983,23,1955,1977,18,78.3,2896,11782,10654,1232,2848,482,68,268,1357,28,22,860,990,120,297,114,101,0.267,0.322,0.401,0.723,,,,,,,,,,,,,,,,,,,,,,,,,,,,,1983,1937-2023,BBWAA,1,0,0,0,0,0,0,0,0,0,0,0,0,0,0,0,Player,344,92.00%,Brooks Robinson,brooks,robinson,robinbr01,2896,10654,1232,2848,482,68,268,1357,28,22,860,990,120,53,101,114,297,11782,0.267317439,0.319215753,0.400788436
10,Honus Wagner,1,1936,21,0,131.1,11766,8.1,R,1936,21,1897,1917,0,131.1,2794,11766,10439,1739,3420,643,252,101,1732,723,26,963,735,,,,221,0.328,0.391,0.467,0.858,,,,,,,,,,,,,,,,,,,,,,,,,,,,,1936,1874-1955,BBWAA,1,0,0,0,0,0,0,0,0,0,0,0,0,0,0,0,Player,215,95.10%,Honus Wagner,honus,wagner,wagneho01,2794,10439,1739,3420,643,252,101,1733,723,15,963,735,0,125,221,0,0,11748,0.327617588,0.383724889,0.466519782
23,Frank Robinson,1,1982,21,0,107.2,11744,,R,1982,21,1956,1976,14,107.2,2808,11744,10006,1829,2943,528,72,586,1812,204,77,1420,1532,218,270,102,17,0.294,0.389,0.537,0.926,,,,,,,,,,,,,,,,,,,,,,,,,,,,,1982,1935-2019,BBWAA,1,0,0,0,0,0,0,0,0,0,0,0,0,0,0,0,Player,370,89.20%,Frank Robinson,frank,robinson,robinfr01,3,13,1,3,0,0,0,0,0,0,0,0,0,0,0,0,0,13,0.230769231,0.230769231,0.230769231
48,George Brett,1,1999,21,0,88.6,11625,,L,1999,21,1973,1993,13,88.6,2707,11625,10349,1583,3154,665,137,317,1596,201,97,1096,908,229,235,120,26,0.305,0.369,0.487,0.857,,,,,,,,,,,,,,,,,,,,,,,,,,,,,1999,1953-Living,BBWAA,1,0,0,0,0,0,0,0,0,0,0,0,0,0,0,0,Player,488,98.20%,George Brett,george,brett,brettge01,2707,10349,1583,3154,665,137,317,1596,201,97,1096,908,229,33,26,120,235,11624,0.304763745,0.368461803,0.487390086
42,Al Kaline,1,1980,22,0,92.8,11597,,R,1980,22,1953,1974,18,92.8,2834,11597,10116,1622,3007,498,75,399,1582,137,65,1277,1020,133,271,104,45,0.297,0.376,0.48,0.855,,,,,,,,,,,,,,,,,,,,,,,,,,,,,1980,1934-2020,BBWAA,1,0,0,0,0,0,0,0,0,0,0,0,0,0,0,0,Player,340,88.30%,Al Kaline,al,kaline,kalinal01,2834,10116,1622,3007,498,75,399,1583,137,65,1277,1020,131,55,45,104,271,11597,0.297251878,0.374148487,0.47963622
88,Reggie Jackson,1,1993,21,0,74,11418,,L,1993,21,1967,1987,14,74,2820,11418,9864,1551,2584,463,49,563,1702,228,115,1375,2597,164,183,68,13,0.262,0.356,0.49,0.846,,,,,,,,,,,,,,,,,,,,,,,,,,,,,1993,1946-Living,BBWAA,1,0,0,0,0,0,0,0,0,0,0,0,0,0,0,0,Player,396,93.60%,Reggie Jackson,reggie,jackson,jacksre01,2820,9864,1551,2584,463,49,563,1702,228,115,1375,2597,164,96,13,68,183,11416,0.261962693,0.355203224,0.490064882
20,Mel Ott,1,1951,22,0,111,11347,,L,1951,22,1926,1947,11,111,2730,11347,9456,1859,2876,488,72,511,1860,89,95,1708,896,129,82,,110,0.304,0.414,0.533,0.947,,,,,,,,,,,,,,,,,,,,,,,,,,,,,1951,1909-1958,BBWAA,1,0,0,0,0,0,0,0,0,0,0,0,0,0,0,0,Player,197,87.20%,Mel Ott,mel,ott,ottxxme01,,,,,,,,,,,,,,,,,,,,,
39,Cap Anson,1,1939,27,0,94.3,11331,4,R,1939,27,1871,1897,0,94.4,2524,11331,10281,1999,3435,582,142,97,2075,277,16,984,330,,6,,34,0.334,0.394,0.447,0.841,,,,,,,,,,,,,,,,,,,,,,,,,,,,,1939,1852-1922,Old Timers,0,0,0,0,0,0,0,0,0,0,0,0,1,0,0,0,Player,,,Cap Anson,cap,anson,ansonca01,2524,10281,1999,3435,582,142,97,2075,277,16,984,330,0,32,34,0,6,11331,0.334111468,0.392816168,0.446649159
31,Joe Morgan,1,1990,22,0,100.6,11329,,L,1990,22,1963,1984,10,100.6,2649,11329,9277,1650,2517,449,96,268,1133,689,162,1865,1015,76,105,96,51,0.271,0.392,0.427,0.819,,,,,,,,,,,,,,,,,,,,,,,,,,,,,1990,1943-2020,BBWAA,1,0,0,0,0,0,0,0,0,0,0,0,0,0,0,0,Player,363,81.80%,Joe Morgan,joe,morgan,morgajo01,88,187,15,36,5,3,2,10,0,0,18,31,1,0,2,0,6,207,0.192513369,0.260869565,0.28342246
58,Ken Griffey Jr.,1,2016,22,0,83.8,11304,,L,2016,22,1989,2010,13,83.8,2671,11304,9801,1662,2781,524,38,630,1836,184,69,1312,1779,246,199,102,8,0.284,0.37,0.538,0.907,,,,,,,,,,,,,,,,,,,,,,,,,,,,,2016,1969-Living,BBWAA,1,0,0,0,0,0,0,0,0,0,0,0,0,0,0,0,Player,437,99.30%,Ken Griffey Jr.,ken,jr,jrxxxke01,,,,,,,,,,,,,,,,,,,,,
450,Rabbit Maranville,1,1954,23,0,44,11260,,R,1954,23,1912,1935,0,44,2670,11260,10078,1256,2605,380,177,28,884,291,150,839,756,4,21,,300,0.258,0.318,0.34,0.658,,,,,,,,,,,,,,,,,,,,,,,,,,,,,1954,1891-1954,BBWAA,1,0,0,0,0,0,0,0,0,0,0,0,0,0,0,0,Player,209,82.90%,Rabbit Maranville,rabbit,maranville,maranra01,2670,10078,1255,2605,380,177,28,884,291,93,839,756,0,39,300,0,21,11256,0.258483826,0.309434968,0.339650724
412,Lou Brock,1,1985,19,0,45.3,11240,,L,1985,19,1961,1979,6,45.3,2616,11240,10332,1610,3023,486,141,149,900,938,307,761,1730,124,114,46,47,0.293,0.343,0.41,0.753,,,,,,,,,,,,,,,,,,,,,,,,,,,,,1985,1939-2020,BBWAA,1,0,0,0,0,0,0,0,0,0,0,0,0,0,0,0,Player,315,79.70%,Lou Brock,lou,brock,brocklo01,2616,10332,1610,3023,486,141,149,900,938,307,761,1730,124,49,47,46,114,11235,0.29258614,0.341165999,0.410181959
241,Luis Aparicio,1,1984,18,0,55.9,11231,,R,1984,18,1956,1973,13,55.9,2599,11231,10230,1335,2677,394,92,83,791,506,136,736,742,22,184,76,161,0.262,0.311,0.343,0.653,,,,,,,,,,,,,,,,,,,,,,,,,,,,,1984,1934-Living,BBWAA,1,0,0,0,0,0,0,0,0,0,0,0,0,0,0,0,Player,341,84.60%,Luis Aparicio,luis,aparicio,aparilu01,2601,10230,1335,2677,394,92,83,791,506,136,736,742,22,27,161,76,184,11230,0.261681329,0.306322351,0.342521994
584,Harold Baines,1,2019,22,0,38.8,11092,,L,2019,22,1980,2001,6,38.8,2830,11092,9908,1299,2866,488,49,384,1628,34,34,1062,1441,187,298,99,9,0.289,0.356,0.465,0.82,,,,,,,,,,,,,,,,,,,,,,,,,,,,,2019,1959-Living,Today's Game Era,0,0,0,1,0,0,0,0,0,0,0,0,0,0,0,0,Player,12,75.00%,Harold Baines,harold,baines,baineha01,2830,9908,1299,2866,488,49,384,1628,34,34,1062,1441,187,14,9,99,298,11092,0.289261203,0.355391273,0.46467501
105,Carlos Beltrán,1,2026,20,0,70,11031,,B,2026,20,1998,2017,9,70,2586,11031,9768,1582,2725,565,78,435,1587,312,49,1084,1795,104,203,110,18,0.279,0.35,0.486,0.837,,,,,,,,,,,,,,,,,,,,,,,,,,,,,2026,1977-Living,BBWAA,1,0,0,0,0,0,0,0,0,0,0,0,0,0,0,0,Player,358,84.20%,Carlos Beltrán,carlos,beltrn,beltrca01,2586,9768,1582,2725,565,78,435,1587,312,49,1084,1795,104,51,18,110,203,11031,0.278972154,0.349922944,0.486384111
266,Tony Pérez,1,2000,23,0,53.9,10861,,R,2000,23,1964,1986,7,53.9,2777,10861,9778,1272,2732,505,79,379,1652,49,33,925,1867,150,268,106,9,0.279,0.341,0.463,0.804,,,,,,,,,,,,,,,,,,,,,,,,,,,,,2000,1942-Living,BBWAA,1,0,0,0,0,0,0,0,0,0,0,0,0,0,0,0,Player,385,77.20%,Tony Pérez,tony,prez,prezxto01,,,,,,,,,,,,,,,,,,,,,
76,Ozzie Smith,1,2002,19,0,76.9,10778,,B,2002,19,1978,1996,15,76.9,2573,10778,9396,1257,2460,402,69,28,793,580,148,1072,589,79,167,63,214,0.262,0.337,0.328,0.666,,,,,,,,,,,,,,,,,,,,,,,,,,,,,2002,1954-Living,BBWAA,1,0,0,0,0,0,0,0,0,0,0,0,0,0,0,0,Player,433,91.70%,Ozzie Smith,ozzie,smith,smithoz01,2573,9396,1257,2460,402,69,28,793,580,148,1072,589,79,33,214,63,167,10778,0.261813538,0.330766376,0.328224777
247,Max Carey,1,1961,20,0,55.6,10772,,B,1961,20,1910,1929,0,55.6,2476,10772,9363,1545,2665,419,159,70,802,738,127,1040,695,6,,,290,0.285,0.361,0.386,0.747,,,,,,,,,,,,,,,,,,,,,,,,,,,,,1961,1890-1976,Veterans,0,0,0,0,0,1,0,0,0,0,0,0,0,0,0,0,Player,,,Max Carey,max,carey,careyma01,2476,9363,1545,2665,419,159,70,800,738,92,1040,695,0,77,290,0,0,10770,0.284630994,0.351160631,0.38577379
87,Paul Waner,1,1952,20,0,74.7,10769,,L,1952,20,1926,1945,4,74.7,2549,10769,9459,1627,3152,605,191,113,1309,104,101,1091,376,53,127,,174,0.333,0.404,0.473,0.878,,,,,,,,,,,,,,,,,,,,,,,,,,,,,1952,1903-1965,BBWAA,1,0,0,0,0,0,0,0,0,0,0,0,0,0,0,0,Player,195,83.30%,Paul Waner,paul,waner,wanerpa01,2549,9459,1627,3152,605,191,113,1309,104,0,1091,376,0,38,174,0,127,10762,0.333227614,0.397788515,0.473411566
142,Andre Dawson,1,2010,21,0,64.8,10769,,R,2010,21,1976,1996,8,64.8,2627,10769,9927,1373,2774,503,98,438,1591,314,109,589,1509,143,217,118,24,0.279,0.323,0.482,0.806,,,,,,,,,,,,,,,,,,,,,,,,,,,,,2010,1954-Living,BBWAA,1,0,0,0,0,0,0,0,0,0,0,0,0,0,0,0,Player,420,77.90%,Andre Dawson,andre,dawson,dawsoan01,2627,9927,1373,2774,503,98,438,1591,314,109,589,1509,143,111,24,118,217,10769,0.279439911,0.322592627,0.482220208
43,Wade Boggs,1,2005,18,0,91.4,10740,2.1,L,2005,18,1982,1999,12,91.4,2439,10740,9180,1513,3010,578,61,118,1014,24,35,1412,745,180,236,96,29,0.328,0.415,0.443,0.858,,,,,,,,,,,,,,,,,,,,,,,,,,,,,2005,1958-Living,BBWAA,1,0,0,0,0,0,0,0,0,0,0,0,0,0,0,0,Player,474,91.90%,Wade Boggs,wade,boggs,boggswa01,2440,9180,1513,3010,578,61,118,1014,24,35,1412,745,180,23,29,96,236,10740,0.32788671,0.413873371,0.442701525
196,Ichiro Suzuki,1,2025,19,0,60,10734,1,L,2025,19,2001,2019,10,60,2653,10734,9934,1420,3089,362,96,117,780,509,117,647,1080,181,92,48,50,0.311,0.355,0.402,0.757,,,,,,,,,,,,,,,,,,,,,,,,,,,,,2025,1973-Living,BBWAA,1,0,0,0,0,0,0,0,0,0,0,0,0,0,0,0,Player,393,99.70%,Ichiro Suzuki,ichiro,suzuki,suzukic01,2653,9934,1420,3089,362,96,117,780,509,117,647,1080,181,55,50,48,92,10734,0.310952285,0.353176821,0.402053553
1,Babe Ruth,1,1936,22,0,182.6,10628,1221.1,L,1936,22,1914,1935,2,162.2,2503,10628,8399,2174,2873,506,136,714,2214,123,116,2062,1330,79,2,,114,0.342,0.474,0.69,1.164,1936,22,1914,1935,2,20.36,94,46,0.671,2.28,163,147,12,107,17,4,1221.1,974,400,309,10,441,0,488,29,4,25,4896,1936,1895-1948,BBWAA,1,0,0,0,0,0,0,0,0,0,0,0,0,0,0,0,Player,215,95.10%,Babe Ruth,babe,ruth,ruthxba01,,,,,,,,,,,,,,,,,,,,,
82,Sam Crawford,1,1957,19,0,75.3,10627,,L,1957,19,1899,1917,0,75.3,2517,10627,9570,1391,2961,458,309,97,1523,367,43,760,580,,,,241,0.309,0.362,0.452,0.814,,,,,,,,,,,,,,,,,,,,,,,,,,,,,1957,1880-1968,Veterans,0,0,0,0,0,1,0,0,0,0,0,0,0,0,0,0,Player,,,Sam Crawford,sam,crawford,crawfsa01,2517,9570,1391,2961,458,309,97,1519,366,43,760,580,0,23,241,0,0,10594,0.309404389,0.353407589,0.452246604
52,Chipper Jones,1,2018,19,0,85.3,10614,,B,2018,19,1993,2012,8,85.3,2499,10614,8984,1619,2726,549,38,468,1623,150,46,1512,1409,177,253,97,3,0.303,0.401,0.529,0.93,,,,,,,,,,,,,,,,,,,,,,,,,,,,,2018,1972-Living,BBWAA,1,0,0,0,0,0,0,0,0,0,0,0,0,0,0,0,Player,410,97.20%,Chipper Jones,chipper,jones,jonesch01,895,3741,733,1115,172,103,56,553,20,1,237,162,0,34,0,0,0,4012,0.29804865,0.345463609,0.443998931
63,Rod Carew,1,1991,19,0,81.2,10550,,L,1991,19,1967,1985,18,81.2,2469,10550,9315,1424,3053,445,112,92,1015,353,187,1018,1028,144,216,64,128,0.328,0.393,0.429,0.822,,,,,,,,,,,,,,,,,,,,,,,,,,,,,1991,1945-Living,BBWAA,1,0,0,0,0,0,0,0,0,0,0,0,0,0,0,0,Player,401,90.50%,Rod Carew,rod,carew,carewro01,2469,9315,1424,3053,445,112,92,1015,353,187,1018,1028,144,25,128,64,216,10550,0.327750939,0.388246445,0.429200215
155,Billy Williams,1,1987,18,0,63.7,10519,,L,1987,18,1959,1976,6,63.7,2488,10519,9350,1410,2711,434,88,426,1475,90,49,1045,1046,182,200,73,8,0.29,0.361,0.492,0.853,,,,,,,,,,,,,,,,,,,,,,,,,,,,,1987,1938-Living,BBWAA,1,0,0,0,0,0,0,0,0,0,0,0,0,0,0,0,Player,354,85.70%,Billy Williams,billy,williams,willibi01,2488,9350,1410,2711,434,88,426,1475,90,49,1045,1046,182,43,8,73,200,10519,0.289946524,0.361156003,0.491871658
181,Jake Beckley,1,1971,20,0,61.2,10518,4,L,1971,20,1888,1907,0,61.5,2392,10518,9551,1603,2938,473,244,87,1581,315,,616,526,,,,167,0.308,0.361,0.436,0.797,,,,,,,,,,,,,,,,,,,,,,,,,,,,,1971,1867-1918,Veterans,0,0,0,0,0,1,0,0,0,0,0,0,0,0,0,0,Player,,,Jake Beckley,jake,beckley,becklja01,2392,9551,1603,2938,473,244,87,1581,315,0,616,526,0,183,167,0,0,10517,0.307611768,0.355329467,0.435556486
24,Nap Lajoie,1,1937,21,0,106.9,10471,,R,1937,21,1896,1916,0,106.9,2480,10471,9590,1504,3243,657,163,82,1599,380,26,516,347,,,,221,0.338,0.38,0.466,0.846,,,,,,,,,,,,,,,,,,,,,,,,,,,,,1937,1874-1959,BBWAA,1,0,0,0,0,0,0,0,0,0,0,0,0,0,0,0,Player,168,83.60%,Nap Lajoie,nap,lajoie,lajoina01,2480,9590,1504,3243,657,163,82,1599,380,26,516,347,0,134,221,0,0,10461,0.338164755,0.372144154,0.466319082
131,Roberto Alomar,1,2011,17,0,67,10400,,B,2011,17,1988,2004,12,67,2379,10400,9073,1508,2724,504,80,210,1134,474,114,1032,1140,62,206,97,148,0.3,0.371,0.443,0.814,,,,,,,,,,,,,,,,,,,,,,,,,,,,,2011,1968-Living,BBWAA,1,0,0,0,0,0,0,0,0,0,0,0,0,0,0,0,Player,523,90.00%,Roberto Alomar,roberto,alomar,alomaro01,2379,9073,1508,2724,504,80,210,1134,474,114,1032,1140,62,50,148,97,206,10400,0.300231456,0.365961538,0.442852419
126,Ernie Banks,1,1977,19,0,67.8,10396,,R,1977,19,1953,1971,14,67.8,2528,10396,9421,1305,2583,407,90,512,1636,50,53,763,1236,202,229,96,45,0.274,0.33,0.5,0.83,,,,,,,,,,,,,,,,,,,,,,,,,,,,,1977,1931-2015,BBWAA,1,0,0,0,0,0,0,0,0,0,0,0,0,0,0,0,Player,321,83.80%,Ernie Banks,ernie,banks,bankser01,2528,9421,1305,2583,407,90,512,1636,50,53,763,1236,198,70,45,96,229,10395,0.274174716,0.328619529,0.499522344
107,Tim Raines,1,2017,23,0,69.5,10359,,B,2017,23,1979,2002,7,69.5,2502,10359,8872,1571,2605,430,113,170,980,808,146,1330,966,148,142,76,39,0.294,0.385,0.425,0.81,,,,,,,,,,,,,,,,,,,,,,,,,,,,,2017,1959-Living,BBWAA,1,0,0,0,0,0,0,0,0,0,0,0,0,0,0,0,Player,380,86.00%,Tim Raines,tim,raines,raineti01,2502,8872,1571,2605,430,113,170,980,808,146,1330,966,148,42,39,76,142,10359,0.293620379,0.383917367,0.425045086
334,Nellie Fox,1,1997,19,0,49.3,10351,,L,1997,19,1947,1965,15,49.3,2367,10351,9232,1279,2663,355,112,35,790,76,80,719,216,30,175,48,208,0.288,0.348,0.363,0.71,,,,,,,,,,,,,,,,,,,,,,,,,,,,,1997,1927-1975,Veterans,0,0,0,0,0,1,0,0,0,0,0,0,0,0,0,0,Player,,,Nellie Fox,nellie,fox,foxxxne01,,,,,,,,,,,,,,,,,,,,,
91,Jim Thome,1,2018,22,0,72.9,10313,,L,2018,22,1991,2012,5,72.9,2543,10313,8422,1583,2328,451,26,612,1699,19,20,1747,2548,173,165,74,1,0.276,0.402,0.554,0.956,,,,,,,,,,,,,,,,,,,,,,,,,,,,,2018,1970-Living,BBWAA,1,0,0,0,0,0,0,0,0,0,0,0,0,0,0,0,Player,379,89.80%,Jim Thome,jim,thome,thomeji01,2543,8422,1583,2328,451,26,612,1699,19,20,1747,2548,173,69,1,74,165,10313,0.276418903,0.401822942,0.554143909
270,Harry Hooper,1,1971,17,0,53.6,10278,2,L,1971,17,1909,1925,0,53.5,2309,10278,8785,1429,2466,389,160,75,816,375,141,1136,582,3,,,247,0.281,0.368,0.387,0.755,,,,,,,,,,,,,,,,,,,,,,,,,,,,,1971,1887-1974,Veterans,0,0,0,0,0,1,0,0,0,0,0,0,0,0,0,0,Player,,,Harry Hooper,harry,hooper,hoopeha01,2309,8785,1429,2466,389,160,75,817,375,141,1136,582,0,76,247,0,0,10244,0.280705748,0.359039438,0.387023335
113,Iván Rodríguez,1,2017,21,0,68.7,10270,,R,2017,21,1991,2011,14,68.7,2543,10270,9592,1354,2844,572,51,311,1332,127,64,513,1474,67,337,76,31,0.296,0.334,0.464,0.798,,,,,,,,,,,,,,,,,,,,,,,,,,,,,2017,1971-Living,BBWAA,1,0,0,0,0,0,0,0,0,0,0,0,0,0,0,0,Player,336,76.00%,Iván Rodríguez,ivn,rodrguez,rodrgiv01,,,,,,,,,,,,,,,,,,,,,
260,Sam Rice,1,1963,20,0,54.4,10260,39.1,L,1963,20,1915,1934,0,54.3,2404,10260,9269,1514,2987,498,184,34,1077,351,147,708,275,10,,,213,0.322,0.374,0.427,0.801,,,,,,,,,,,,,,,,,,,,,,,,,,,,,1963,1890-1974,Veterans,0,0,0,0,0,1,0,0,0,0,0,0,0,0,0,0,Player,,,Sam Rice,sam,rice,ricexsa01,,,,,,,,,,,,,,,,,,,,,
75,Luke Appling,1,1964,20,0,77.2,10254,,R,1964,20,1930,1950,7,77.2,2422,10254,8856,1319,2749,440,102,45,1116,179,108,1302,528,68,129,,74,0.31,0.399,0.398,0.798,,,,,,,,,,,,,,,,,,,,,,,,,,,,,1964,1907-1991,Run Off,0,0,0,0,0,0,0,0,0,0,0,0,0,0,1,0,Player,189,94.00%,Luke Appling,luke,appling,applilu01,2422,8856,1319,2749,440,102,45,1116,179,108,1302,528,0,11,74,0,129,10243,0.310411021,0.396563507,0.398373984
53,Charlie Gehringer,1,1949,19,0,84.8,10245,,L,1949,19,1924,1942,6,84.8,2323,10245,8860,1775,2839,574,146,184,1427,181,93,1186,372,43,27,,141,0.32,0.404,0.48,0.884,,,,,,,,,,,,,,,,,,,,,,,,,,,,,1949,1903-1993,Run Off,0,0,0,0,0,0,0,0,0,0,0,0,0,0,1,0,Player,159,85.00%,Charlie Gehringer,charlie,gehringer,gehrich01,2323,8860,1774,2839,574,146,184,1427,181,89,1186,372,0,50,141,0,27,10237,0.320428894,0.39806584,0.480474041
110,Tony Gwynn,1,2007,20,0,69.2,10232,,L,2007,20,1982,2001,15,69.2,2440,10232,9288,1383,3141,543,85,135,1138,319,125,790,434,203,259,85,45,0.338,0.388,0.459,0.847,,,,,,,,,,,,,,,,,,,,,,,,,,,,,2007,1960-2014,BBWAA,1,0,0,0,0,0,0,0,0,0,0,0,0,0,0,0,Player,532,97.60%,Tony Gwynn,tony,gwynn,gwynnto01,2440,9288,1383,3141,543,85,135,1138,319,125,790,434,203,24,45,85,259,10232,0.338178295,0.386532447,0.458548665
37,Roberto Clemente,1,1973,18,0,95,10212,,R,1973,18,1955,1972,15,95,2433,10212,9454,1416,3000,440,166,240,1305,83,46,621,1230,167,275,66,36,0.317,0.359,0.475,0.834,,,,,,,,,,,,,,,,,,,,,,,,,,,,,1973,1934-1972,Special Election,0,0,0,0,0,0,0,0,0,0,0,0,0,0,0,1,Player,,,Roberto Clemente,roberto,clemente,clemero01,2433,9454,1416,3000,440,166,240,1305,83,46,621,1230,167,35,36,66,275,10212,0.317326,0.358010184,0.475142797
54,George Davis,1,1998,20,0,84.5,10188,4,B,1998,20,1890,1909,0,84.9,2372,10188,9045,1545,2665,453,163,73,1440,619,,874,613,,,,184,0.295,0.362,0.405,0.767,,,,,,,,,,,,,,,,,,,,,,,,,,,,,1998,1870-1940,Veterans,0,0,0,0,0,1,0,0,0,0,0,0,0,0,0,0,Player,,,George Davis,george,davis,davisge01,2372,9045,1545,2665,453,163,73,1440,619,0,874,613,0,75,184,0,0,10178,0.294637922,0.355079583,0.404975124
550,Dave Parker,1,2025,19,0,40.1,10184,,L,2025,19,1973,1991,7,40.1,2466,10184,9358,1272,2712,526,75,339,1493,154,113,683,1537,170,209,86,1,0.29,0.339,0.471,0.81,,,,,,,,,,,,,,,,,,,,,,,,,,,,,2025,1951-2025,Classic Baseball Era,0,0,0,0,0,0,0,0,1,0,0,0,0,0,0,0,Player,,,Dave Parker,dave,parker,parkeda01,2466,9358,1272,2712,526,75,339,1493,154,113,683,1537,170,56,1,86,209,10184,0.289805514,0.338864886,0.470720239
285,Fred McGriff,1,2023,19,0,52.6,10174,,L,2023,19,1986,2004,5,52.6,2460,10174,8757,1349,2490,441,24,493,1550,72,38,1305,1882,171,226,71,2,0.284,0.377,0.509,0.886,,,,,,,,,,,,,,,,,,,,,,,,,,,,,2023,1963-Living,Contemporary Baseball Era,0,0,0,0,0,0,0,0,0,1,0,0,0,0,0,0,Player,16,100.00%,Fred McGriff,fred,mcgriff,mcgrifr01,2460,8757,1349,2490,441,24,493,1550,72,38,1305,1882,171,39,2,71,226,10174,0.284343953,0.376842933,0.509078452
34,Eddie Mathews,1,1978,17,0,96,10101,,L,1978,17,1952,1968,12,96,2391,10101,8537,1509,2315,354,72,512,1453,68,39,1444,1487,142,123,58,36,0.271,0.376,0.509,0.885,,,,,,,,,,,,,,,,,,,,,,,,,,,,,1978,1931-2001,BBWAA,1,0,0,0,0,0,0,0,0,0,0,0,0,0,0,0,Player,301,79.40%,Eddie Mathews,eddie,mathews,matheed01,2391,8537,1509,2315,354,72,512,1453,68,39,1444,1487,107,26,36,58,123,10101,0.271172543,0.374715375,0.509429542
94,Frankie Frisch,1,1947,19,0,72,10101,,B,1947,19,1919,1937,3,72,2311,10101,9112,1532,2880,466,138,105,1244,419,176,728,272,25,55,,229,0.316,0.369,0.432,0.801,,,,,,,,,,,,,,,,,,,,,,,,,,,,,1947,1897-1973,BBWAA,1,0,0,0,0,0,0,0,0,0,0,0,0,0,0,0,Player,136,84.50%,Frankie Frisch,frankie,frisch,friscfr01,2311,9112,1532,2880,466,138,105,1244,419,74,728,272,0,31,229,0,55,10100,0.316066725,0.36029703,0.432067603
257,David Ortiz,1,2022,20,0,55,10091,,L,2022,20,1997,2016,10,55,2408,10091,8640,1419,2472,632,19,541,1768,17,9,1319,1750,209,236,92,2,0.286,0.38,0.552,0.931,,,,,,,,,,,,,,,,,,,,,,,,,,,,,2022,1975-Living,BBWAA,1,0,0,0,0,0,0,0,0,0,0,0,0,0,0,0,Player,307,77.90%,David Ortiz,david,ortiz,ortizda01,2408,8640,1419,2472,632,19,541,1768,17,9,1319,1750,209,38,2,92,236,10091,0.286111111,0.379447032,0.55150463
89,Frank Thomas,1,2014,19,0,73.8,10075,,R,2014,19,1990,2008,5,73.8,2322,10075,8199,1494,2468,495,12,521,1704,32,23,1667,1397,168,226,121,0,0.301,0.419,0.555,0.974,,,,,,,,,,,,,,,,,,,,,,,,,,,,,2014,1968-Living,BBWAA,1,0,0,0,0,0,0,0,0,0,0,0,0,0,0,0,Player,478,83.70%,Frank Thomas,frank,thomas,thomafr01,2,2,0,0,0,0,0,0,0,0,0,0,0,1,0,0,0,3,0,0.333333333,0
25,Mike Schmidt,1,1995,18,0,106.9,10062,,R,1995,18,1972,1989,12,106.9,2404,10062,8352,1506,2234,408,59,548,1595,174,92,1507,1883,201,156,108,16,0.267,0.38,0.527,0.908,,,,,,,,,,,,,,,,,,,,,,,,,,,,,1995,1949-Living,BBWAA,1,0,0,0,0,0,0,0,0,0,0,0,0,0,0,0,Player,444,96.50%,Mike Schmidt,mike,schmidt,schmimi01,2404,8352,1506,2234,408,59,548,1595,174,92,1507,1883,201,79,16,108,156,10062,0.267480843,0.379646194,0.527298851
187,Zack Wheat,1,1959,19,0,60.4,10007,,L,1959,19,1909,1927,0,60.4,2410,10007,9106,1289,2884,476,172,132,1248,205,73,650,572,15,,,163,0.317,0.367,0.45,0.817,,,,,,,,,,,,,,,,,,,,,,,,,,,,,1959,1888-1972,Veterans,0,0,0,0,0,1,0,0,0,0,0,0,0,0,0,0,Player,,,Zack Wheat,zack,wheat,wheatza01,2410,9106,1289,2884,476,172,132,1248,205,49,650,572,0,77,163,0,0,9996,0.316714254,0.361244498,0.450252581
21,Mickey Mantle,1,1974,18,0,110.3,9910,,B,1974,18,1951,1968,20,110.3,2401,9910,8102,1676,2415,344,72,536,1509,153,38,1733,1710,148,113,47,14,0.298,0.421,0.557,0.977,,,,,,,,,,,,,,,,,,,,,,,,,,,,,1974,1931-1995,BBWAA,1,0,0,0,0,0,0,0,0,0,0,0,0,0,0,0,Player,322,88.20%,Mickey Mantle,mickey,mantle,mantlmi01,2401,8102,1677,2415,344,72,536,1509,153,38,1733,1710,126,13,14,47,113,9909,0.298074549,0.419921284,0.556776105
123,Fred Clarke,1,1945,21,0,68,9864,,L,1945,21,1894,1915,0,68,2246,9864,8584,1622,2678,361,220,67,1015,509,0,875,511,,,,225,0.312,0.386,0.429,0.814,,,,,,,,,,,,,,,,,,,,,,,,,,,,,1945,1872-1960,Old Timers,0,0,0,0,0,0,0,0,0,0,0,0,1,0,0,0,Player,,,Fred Clarke,fred,clarke,clarkfr01,2246,8584,1622,2678,361,220,67,1015,509,0,875,511,0,154,225,0,0,9838,0.311975769,0.376804229,0.428704567
120,Carlton Fisk,1,2000,24,0,68.4,9853,,R,2000,24,1969,1993,11,68.4,2499,9853,8756,1276,2356,421,47,376,1330,128,58,849,1386,105,204,79,26,0.269,0.341,0.457,0.797,,,,,,,,,,,,,,,,,,,,,,,,,,,,,2000,1947-Living,BBWAA,1,0,0,0,0,0,0,0,0,0,0,0,0,0,0,0,Player,397,79.60%,Carlton Fisk,carlton,fisk,fiskxca01,,,,,,,,,,,,,,,,,,,,,
188,Harmon Killebrew,1,1984,22,0,60.4,9833,,R,1984,22,1954,1975,13,60.4,2435,9833,8147,1283,2086,290,24,573,1584,19,18,1559,1699,160,243,77,0,0.256,0.376,0.509,0.884,,,,,,,,,,,,,,,,,,,,,,,,,,,,,1984,1936-2011,BBWAA,1,0,0,0,0,0,0,0,0,0,0,0,0,0,0,0,Player,335,83.10%,Harmon Killebrew,harmon,killebrew,killeha01,2435,8147,1283,2086,290,24,573,1584,19,18,1559,1699,160,48,0,77,243,9831,0.25604517,0.375648459,0.508530748
137,Goose Goslin,1,1968,18,0,66,9831,,L,1968,18,1921,1938,1,66,2287,9831,8656,1482,2735,500,173,248,1612,176,94,949,585,67,,,162,0.316,0.387,0.5,0.887,,,,,,,,,,,,,,,,,,,,,,,,,,,,,1968,1900-1971,Veterans,0,0,0,0,0,1,0,0,0,0,0,0,0,0,0,0,Player,,,Goose Goslin,goose,goslin,gosligo01,2287,8656,1483,2735,500,173,248,1609,175,89,949,585,0,55,162,0,0,9822,0.315965804,0.380676033,0.49965342
14,Ted Williams,1,1966,19,0,121.8,9792,2,L,1966,19,1939,1960,19,121.8,2292,9792,7706,1798,2654,525,71,521,1839,24,17,2021,709,258,197,20,5,0.344,0.482,0.634,1.116,,,,,,,,,,,,,,,,,,,,,,,,,,,,,1966,1918-2002,BBWAA,1,0,0,0,0,0,0,0,0,0,0,0,0,0,0,0,Player,282,93.40%,Ted Williams,ted,williams,willite01,2292,7706,1798,2654,525,71,521,1839,24,17,2021,709,86,39,5,20,197,9791,0.344406956,0.481462568,0.633791851
147,Richie Ashburn,1,1995,15,0,64.3,9737,,L,1995,15,1948,1962,6,64.3,2189,9737,8365,1322,2574,317,109,29,586,234,117,1198,571,40,83,18,112,0.308,0.396,0.382,0.778,,,,,,,,,,,,,,,,,,,,,,,,,,,,,1995,1927-1997,Veterans,0,0,0,0,0,1,0,0,0,0,0,0,0,0,0,0,Player,,,Richie Ashburn,richie,ashburn,ashburi01,2189,8365,1322,2574,317,109,29,586,234,92,1198,571,25,43,112,18,83,9736,0.307710699,0.3918447,0.382068141
146,Willie McCovey,1,1986,22,0,64.5,9692,,L,1986,22,1959,1980,6,64.5,2588,9692,8197,1229,2211,353,46,521,1555,26,22,1345,1550,260,176,70,5,0.27,0.374,0.515,0.889,,,,,,,,,,,,,,,,,,,,,,,,,,,,,1986,1938-2018,BBWAA,1,0,0,0,0,0,0,0,0,0,0,0,0,0,0,0,Player,346,81.40%,Willie McCovey,willie,mccovey,mccovwi01,2588,8197,1229,2211,353,46,521,1555,26,22,1345,1550,260,69,5,70,176,9686,0.269732829,0.374251497,0.5147005
313,Ted Simmons,1,2020,21,0,50.4,9685,,B,2020,21,1968,1988,8,50.4,2456,9685,8680,1074,2472,483,47,248,1389,21,33,855,694,188,287,100,11,0.285,0.348,0.437,0.785,,,,,,,,,,,,,,,,,,,,,,,,,,,,,2020,1949-Living,Modern Baseball Era,0,1,0,0,0,0,0,0,0,0,0,0,0,0,0,0,Player,13,81.30%,Ted Simmons,ted,simmons,simmote01,2456,8680,1074,2472,483,47,248,1389,21,33,855,694,188,39,11,100,287,9685,0.284792627,0.347547754,0.436981567
41,Jimmie Foxx,1,1951,20,0,92.9,9677,23.2,R,1951,20,1925,1945,9,92.1,2317,9677,8134,1751,2646,458,125,534,1922,87,77,1452,1311,134,69,,72,0.325,0.428,0.609,1.038,,,,,,,,,,,,,,,,,,,,,,,,,,,,,1951,1907-1967,BBWAA,1,0,0,0,0,0,0,0,0,0,0,0,0,0,0,0,Player,179,79.20%,Jimmie Foxx,jimmie,foxx,foxxxji01,,,,,,,,,,,,,,,,,,,,,
18,Lou Gehrig,1,1939,17,0,113.7,9665,,L,1939,17,1923,1939,7,113.7,2164,9665,8001,1888,2721,534,163,493,1995,102,102,1508,790,114,2,,107,0.34,0.447,0.632,1.08,,,,,,,,,,,,,,,,,,,,,,,,,,,,,1939,1903-1941,Special Election,0,0,0,0,0,0,0,0,0,0,0,0,0,0,0,1,Player,,,Lou Gehrig,lou,gehrig,gehrilo01,2164,8001,1888,2721,534,163,493,1995,102,101,1508,790,0,45,106,0,2,9660,0.34008249,0.442443064,0.632420947
77,Bobby Wallace,1,1953,25,0,76.4,9631,402,R,1953,25,1894,1918,0,70.4,2383,9631,8618,1057,2309,391,143,34,1121,201,10,774,560,,,,173,0.268,0.332,0.358,0.69,,,,,,,,,,,,,,,,,,,,,,,,,,,,,1953,1873-1960,Veterans,0,0,0,0,0,1,0,0,0,0,0,0,0,0,0,0,Player,,,Bobby Wallace,bobby,wallace,wallabo01,2383,8618,1057,2309,391,143,34,1121,201,10,774,560,0,47,173,0,0,9612,0.267927593,0.325634623,0.358319796
197,Jesse Burkett,1,1946,16,0,59.7,9629,123,L,1946,16,1890,1905,0,62.8,2067,9629,8426,1720,2850,320,182,75,952,389,,1029,613,,,,90,0.338,0.415,0.446,0.861,,,,,,,,,,,,,,,,,,,,,,,,,,,,,1946,1868-1953,Old Timers,0,0,0,0,0,0,0,0,0,0,0,0,1,0,0,0,Player,,,Jesse Burkett,jesse,burkett,burkeje01,2067,8426,1720,2850,320,182,75,952,389,0,1029,613,0,75,90,0,0,9620,0.338238785,0.411018711,0.446119155
263,Willie Keeler,1,1939,19,0,54.3,9619,,L,1939,19,1892,1910,0,54.3,2123,9619,8591,1719,2932,241,145,33,810,495,,524,136,,,,366,0.341,0.388,0.415,0.802,,,,,,,,,,,,,,,,,,,,,,,,,,,,,1939,1872-1923,BBWAA,1,0,0,0,0,0,0,0,0,0,0,0,0,0,0,0,Player,207,75.50%,Willie Keeler,willie,keeler,keelewi01,2123,8591,1719,2932,241,145,33,810,495,0,524,136,0,129,366,0,0,9610,0.341287394,0.373048907,0.414619951
253,Jeff Kent,1,2026,17,0,55.4,9537,,R,2026,17,1992,2008,5,55.4,2298,9537,8498,1320,2461,560,47,377,1518,94,60,801,1522,61,224,103,10,0.29,0.356,0.5,0.855,,,,,,,,,,,,,,,,,,,,,,,,,,,,,2026,1968-Living,Veterans,0,0,0,0,0,1,0,0,0,0,0,0,0,0,0,0,Player,,,Jeff Kent,jeff,kent,kentxje01,,,,,,,,,,,,,,,,,,,,,
116,Al Simmons,1,1953,20,0,68.5,9520,,R,1953,20,1924,1944,3,68.5,2215,9520,8759,1507,2927,539,149,307,1828,88,68,615,737,79,23,,111,0.334,0.38,0.535,0.915,,,,,,,,,,,,,,,,,,,,,,,,,,,,,1953,1902-1956,BBWAA,1,0,0,0,0,0,0,0,0,0,0,0,0,0,0,0,Player,199,75.40%,Al Simmons,al,simmons,simmoal01,2215,8759,1507,2927,539,149,307,1827,88,64,615,737,0,30,111,0,23,9515,0.334170567,0.375407252,0.534878411
12,Rogers Hornsby,1,1942,23,0,127.3,9481,,R,1942,23,1915,1937,0,127.3,2259,9481,8173,1579,2930,541,169,301,1584,135,81,1038,679,54,3,,216,0.358,0.434,0.577,1.01,,,,,,,,,,,,,,,,,,,,,,,,,,,,,1942,1896-1963,BBWAA,1,0,0,0,0,0,0,0,0,0,0,0,0,0,0,0,Player,182,78.10%,Rogers Hornsby,rogers,hornsby,hornsro01,2259,8173,1579,2930,541,169,301,1584,135,64,1038,679,0,48,216,0,3,9475,0.358497492,0.423852243,0.576532485
117,Pee Wee Reese,1,1984,16,0,68.5,9472,,R,1984,16,1940,1958,10,68.5,2166,9472,8058,1338,2170,330,80,126,885,232,99,1210,890,69,176,19,157,0.269,0.366,0.377,0.743,,,,,,,,,,,,,,,,,,,,,,,,,,,,,1984,1918-1999,Veterans,0,0,0,0,0,1,0,0,0,0,0,0,0,0,0,0,Player,,,Pee Wee Reese,pee,reese,reesepe01,2166,8058,1338,2170,330,80,126,885,232,45,1210,890,3,26,157,19,176,9470,0.269297592,0.359662091,0.377016629
175,Todd Helton,1,2024,17,0,61.8,9453,,L,2024,17,1997,2013,5,61.8,2247,9453,7962,1401,2519,592,37,369,1406,37,29,1335,1175,185,186,93,3,0.316,0.414,0.539,0.953,,,,,,,,,,,,,,,,,,,,,,,,,,,,,2024,1973-Living,BBWAA,1,0,0,0,0,0,0,0,0,0,0,0,0,0,0,0,Player,307,79.70%,Todd Helton,todd,helton,heltoto01,2247,7962,1401,2519,592,37,369,1406,37,29,1335,1175,185,57,3,93,186,9450,0.316377795,0.413862434,0.539060538
66,Jeff Bagwell,1,2017,15,0,79.9,9431,,R,2017,15,1991,2005,4,79.9,2150,9431,7797,1517,2314,488,32,449,1529,202,78,1401,1558,155,221,102,3,0.297,0.408,0.54,0.948,,,,,,,,,,,,,,,,,,,,,,,,,,,,,2017,1968-Living,BBWAA,1,0,0,0,0,0,0,0,0,0,0,0,0,0,0,0,Player,381,86.20%,Jeff Bagwell,jeff,bagwell,bagweje01,2150,7797,1517,2314,488,32,449,1529,202,78,1401,1558,155,128,3,102,221,9431,0.296780813,0.407485951,0.540336027
287,Bid McPhee,1,2000,18,0,52.5,9429,,R,2000,18,1882,1899,0,52.5,2138,9429,8304,1684,2258,303,189,53,1072,568,,982,377,,,,56,0.272,0.355,0.373,0.728,,,,,,,,,,,,,,,,,,,,,,,,,,,,,2000,1859-1943,Veterans,0,0,0,0,0,1,0,0,0,0,0,0,0,0,0,0,Player,,,Bid McPhee,bid,mcphee,mcphebi01,2138,8304,1684,2258,303,189,53,1072,568,0,982,377,0,87,56,0,0,9429,0.271917148,0.352847598,0.373073218
101,Ron Santo,1,2012,15,0,70.5,9397,,R,2012,15,1960,1974,9,70.5,2243,9397,8143,1138,2254,365,67,342,1331,35,41,1108,1343,94,256,94,13,0.277,0.362,0.464,0.826,,,,,,,,,,,,,,,,,,,,,,,,,,,,,2012,1940-2010,Veterans,0,0,0,0,0,1,0,0,0,0,0,0,0,0,0,0,Player,15,93.80%,Ron Santo,ron,santo,santoro01,2243,8143,1138,2254,365,67,342,1331,35,41,1108,1343,94,38,13,94,256,9396,0.276802161,0.361856109,0.464079578
99,Alan Trammell,1,2018,20,0,70.6,9376,,R,2018,20,1977,1996,6,70.6,2293,9376,8288,1231,2365,412,55,185,1003,236,109,850,874,48,156,76,124,0.285,0.352,0.415,0.767,,,,,,,,,,,,,,,,,,,,,,,,,,,,,2018,1958-Living,Modern Baseball Era,0,1,0,0,0,0,0,0,0,0,0,0,0,0,0,0,Player,13,81.30%,Alan Trammell,alan,trammell,trammal01,2293,8288,1231,2365,412,55,185,1003,236,109,850,874,48,37,124,76,156,9375,0.285352317,0.34688,0.415299228
124,Ryne Sandberg,1,2005,16,0,68,9282,,R,2005,16,1981,1997,10,68,2164,9282,8385,1318,2386,403,76,282,1061,344,107,761,1260,59,139,71,31,0.285,0.344,0.452,0.795,,,,,,,,,,,,,,,,,,,,,,,,,,,,,2005,1959-2025,BBWAA,1,0,0,0,0,0,0,0,0,0,0,0,0,0,0,0,Player,393,76.20%,Ryne Sandberg,ryne,sandberg,sandbry01,2164,8385,1318,2386,403,76,282,1061,344,107,761,1260,59,34,31,71,139,9282,0.284555754,0.342706313,0.451639833
428,Red Schoendienst,1,1989,19,0,44.8,9224,,B,1989,19,1945,1963,10,44.8,2216,9224,8479,1223,2449,427,78,84,773,89,60,606,346,30,180,19,97,0.289,0.337,0.387,0.724,,,,,,,,,,,,,,,,,,,,,,,,,,,,,1989,1923-2018,Veterans,0,0,0,0,0,1,0,0,0,0,0,0,0,0,0,0,Player,,,Red Schoendienst,red,schoendienst,schoere01,2216,8479,1223,2449,427,78,84,773,89,27,606,346,15,21,97,19,180,9222,0.28883123,0.333550206,0.387309824
226,Enos Slaughter,1,1985,19,0,57.5,9087,,L,1985,19,1938,1959,10,57.5,2380,9087,7946,1247,2383,413,148,169,1304,71,60,1018,538,108,139,10,73,0.3,0.382,0.453,0.834,,,,,,,,,,,,,,,,,,,,,,,,,,,,,1985,1916-2002,Veterans,0,0,0,0,0,1,0,0,0,0,0,0,0,0,0,0,Player,,,Enos Slaughter,enos,slaughter,slaugen01,2380,7946,1247,2383,413,148,169,1304,71,15,1018,538,11,37,73,10,139,9084,0.29989932,0.378467635,0.452932293
199,Vladimir Guerrero,1,2018,16,0,59.5,9059,,R,2018,16,1996,2011,9,59.5,2147,9059,8155,1328,2590,477,46,449,1496,181,94,737,985,250,277,64,0,0.318,0.379,0.553,0.931,,,,,,,,,,,,,,,,,,,,,,,,,,,,,2018,1975-Living,BBWAA,1,0,0,0,0,0,0,0,0,0,0,0,0,0,0,0,Player,392,92.90%,Vladimir Guerrero,vladimir,guerrero,guerrvl01,2147,8155,1328,2590,477,46,449,1496,181,94,737,985,250,103,0,64,277,9059,0.317596567,0.378628988,0.552544451
364,Jim Rice,1,2009,16,0,47.7,9058,,R,2009,16,1974,1989,8,47.7,2089,9058,8225,1249,2452,373,79,382,1451,58,34,670,1423,77,315,94,5,0.298,0.352,0.502,0.854,,,,,,,,,,,,,,,,,,,,,,,,,,,,,2009,1953-Living,BBWAA,1,0,0,0,0,0,0,0,0,0,0,0,0,0,0,0,Player,412,76.40%,Jim Rice,jim,rice,ricexji01,,,,,,,,,,,,,,,,,,,,,
102,Barry Larkin,1,2012,19,0,70.5,9057,,R,2012,19,1986,2004,12,70.5,2180,9057,7937,1329,2340,441,76,198,960,379,77,939,817,66,178,67,59,0.295,0.371,0.444,0.815,,,,,,,,,,,,,,,,,,,,,,,,,,,,,2012,1964-Living,BBWAA,1,0,0,0,0,0,0,0,0,0,0,0,0,0,0,0,Player,495,86.40%,Barry Larkin,barry,larkin,larkiba01,2180,7937,1329,2340,441,76,198,960,379,77,939,817,66,55,59,67,178,9057,0.294821721,0.368113062,0.444374449
289,Jim O'Rourke,1,1945,23,0,52.3,9052,19.2,R,1945,23,1872,1904,0,52.1,1999,9052,8503,1729,2639,468,149,62,1208,229,12,513,362,,6,,0,0.31,0.352,0.422,0.775,,,,,,,,,,,,,,,,,,,,,,,,,,,,,1945,1850-1919,Old Timers,0,0,0,0,0,0,0,0,0,0,0,0,1,0,0,0,Player,,,Jim O'Rourke,jim,orourke,orourji01,1999,8503,1729,2639,468,149,62,1208,229,12,513,362,0,36,0,0,6,9052,0.310361049,0.352187362,0.422321534
224,Willie Stargell,1,1988,21,0,57.6,9027,,L,1988,21,1962,1982,7,57.6,2360,9027,7927,1194,2232,423,55,475,1540,17,16,937,1936,227,143,75,9,0.282,0.36,0.529,0.889,,,,,,,,,,,,,,,,,,,,,,,,,,,,,1988,1940-2001,BBWAA,1,0,0,0,0,0,0,0,0,0,0,0,0,0,0,0,Player,352,82.40%,Willie Stargell,willie,stargell,stargwi01,2360,7927,1194,2232,423,55,475,1540,17,16,937,1936,227,78,9,75,143,9026,0.28156932,0.359738533,0.528573231
103,Gary Carter,1,2003,19,0,70.1,9019,,R,2003,19,1974,1992,11,70.1,2296,9019,7971,1025,2092,371,31,324,1225,39,42,848,997,106,180,99,33,0.262,0.335,0.439,0.773,,,,,,,,,,,,,,,,,,,,,,,,,,,,,2003,1954-2012,BBWAA,1,0,0,0,0,0,0,0,0,0,0,0,0,0,0,0,Player,387,78.00%,Gary Carter,gary,carter,cartega01,2296,7971,1025,2092,371,31,324,1225,39,42,848,997,106,68,33,99,180,9019,0.262451386,0.333518128,0.438715343
228,George Sisler,1,1939,15,0,57.2,9018,111,L,1939,15,1915,1930,0,54.9,2055,9018,8267,1284,2812,425,164,102,1178,375,149,472,327,4,,,226,0.34,0.379,0.468,0.847,,,,,,,,,,,,,,,,,,,,,,,,,,,,,1939,1893-1973,BBWAA,1,0,0,0,0,0,0,0,0,0,0,0,0,0,0,0,Player,235,85.80%,George Sisler,george,sisler,sislege01,2055,8267,1284,2812,425,164,102,1175,375,127,472,327,0,48,226,0,0,9013,0.340147575,0.369688228,0.468247248
93,Harry Heilmann,1,1952,17,0,72.2,8972,,R,1952,17,1914,1932,0,72.2,2147,8972,7787,1291,2660,542,151,183,1543,113,74,856,550,36,,,277,0.342,0.41,0.52,0.93,,,,,,,,,,,,,,,,,,,,,,,,,,,,,1952,1894-1951,BBWAA,1,0,0,0,0,0,0,0,0,0,0,0,0,0,0,0,Player,203,86.80%,Harry Heilmann,harry,heilmann,heilmha01,2148,7787,1291,2660,542,151,183,1539,113,64,856,550,0,40,277,0,0,8960,0.341594966,0.396875,0.520482856
55,Roger Connor,1,1976,18,0,84.3,8847,,B,1976,18,1880,1897,0,84.3,1998,8847,7797,1620,2467,441,233,138,1323,244,,1002,455,,,,9,0.316,0.397,0.486,0.883,,,,,,,,,,,,,,,,,,,,,,,,,,,,,1976,1857-1931,Veterans,0,0,0,0,0,1,0,0,0,0,0,0,0,0,0,0,Player,,,Roger Connor,roger,connor,connoro01,1998,7797,1620,2467,441,233,138,1323,244,0,1002,455,0,39,9,0,0,8847,0.316403745,0.396518594,0.485827883
143,Joe Cronin,1,1956,20,0,64.8,8840,,R,1956,20,1926,1945,7,64.8,2124,8840,7579,1233,2285,515,118,170,1424,87,71,1059,700,41,57,,166,0.301,0.39,0.468,0.857,,,,,,,,,,,,,,,,,,,,,,,,,,,,,1956,1906-1984,BBWAA,1,0,0,0,0,0,0,0,0,0,0,0,0,0,0,0,Player,152,78.80%,Joe Cronin,joe,cronin,cronijo01,2124,7579,1233,2285,515,118,170,1424,87,71,1059,700,0,34,166,0,57,8838,0.301490962,0.38221317,0.467871751
222,Joe Torre,1,2014,18,0,57.7,8802,,R,2014,18,1960,1977,9,57.7,2209,8802,7874,996,2342,344,59,252,1185,23,29,779,1094,127,284,50,13,0.297,0.365,0.452,0.817,,,,,,,,,,,,,,,,,,,,,,,,,,,,,2014,1940-Living,Expansion Era,0,0,0,0,0,0,1,0,0,0,0,0,0,0,0,0,Manager,16,100.00%,Joe Torre,joe,torre,torrejo01,2209,7874,996,2342,344,59,252,1185,23,29,779,1094,127,85,13,50,284,8801,0.297434595,0.364276787,0.452120904
317,Orlando Cepeda,1,1999,17,0,50.2,8699,,R,1999,17,1958,1974,11,50.2,2124,8699,7927,1131,2351,417,27,379,1365,142,80,588,1169,154,218,74,4,0.297,0.35,0.499,0.849,,,,,,,,,,,,,,,,,,,,,,,,,,,,,1999,1937-2024,Veterans,0,0,0,0,0,1,0,0,0,0,0,0,0,0,0,0,Player,,,Orlando Cepeda,orlando,cepeda,cepedor01,2124,7927,1131,2351,417,27,379,1365,142,80,588,1169,154,102,4,74,218,8695,0.296581304,0.349741231,0.49943232
85,Johnny Bench,1,1989,17,0,75.1,8674,,R,1989,17,1967,1983,14,75.1,2158,8674,7658,1091,2048,381,24,389,1376,68,43,891,1278,135,201,90,11,0.267,0.342,0.476,0.817,,,,,,,,,,,,,,,,,,,,,,,,,,,,,1989,1947-Living,BBWAA,1,0,0,0,0,0,0,0,0,0,0,0,0,0,0,0,Player,431,96.40%,Johnny Bench,johnny,bench,benchjo01,2158,7658,1091,2048,381,24,389,1376,68,43,891,1278,135,19,11,90,201,8669,0.26743275,0.341215827,0.475842256
121,Edgar Martínez,1,2019,18,0,68.4,8674,,R,2019,18,1987,2004,7,68.4,2055,8674,7213,1219,2247,514,15,309,1261,49,30,1283,1202,113,190,77,10,0.312,0.418,0.515,0.933,,,,,,,,,,,,,,,,,,,,,,,,,,,,,2019,1963-Living,BBWAA,1,0,0,0,0,0,0,0,0,0,0,0,0,0,0,0,Player,363,85.40%,Edgar Martínez,edgar,martnez,martned01,,,,,,,,,,,,,,,,,,,,,
165,Andruw Jones,1,2025,17,0,62.7,8664,,R,2026,17,1996,2012,5,62.7,2196,8664,7599,1204,1933,383,36,434,1289,152,59,891,1748,69,192,71,6,0.254,0.337,0.486,0.823,,,,,,,,,,,,,,,,,,,,,,,,,,,,,2026,1977-Living,BBWAA,1,0,0,0,0,0,0,0,0,0,0,0,0,0,0,0,Player,333,78.40%,Andruw Jones,andruw,jones,jonesan01,2196,7599,1204,1933,383,36,434,1289,152,59,891,1748,69,97,6,71,192,8664,0.254375576,0.337142198,0.485590209
223,Billy Herman,1,1975,15,0,57.7,8641,,R,1975,15,1931,1947,10,57.7,1922,8641,7707,1163,2345,486,82,47,839,67,72,737,428,34,191,,171,0.304,0.367,0.407,0.774,,,,,,,,,,,,,,,,,,,,,,,,,,,,,1975,1909-1992,Veterans,0,0,0,0,0,1,0,0,0,0,0,0,0,0,0,0,Player,,,Billy Herman,billy,herman,hermabi01,1922,7707,1163,2345,486,82,47,839,67,0,737,428,0,26,171,0,191,8641,0.304268847,0.359680593,0.406902816
104,Scott Rolen,1,2023,17,0,70.1,8518,,R,2023,17,1996,2012,7,70.1,2038,8518,7398,1211,2077,517,43,316,1287,118,49,899,1410,57,150,93,1,0.281,0.364,0.49,0.855,,,,,,,,,,,,,,,,,,,,,,,,,,,,,2023,1975-Living,BBWAA,1,0,0,0,0,0,0,0,0,0,0,0,0,0,0,0,Player,297,76.30%,Scott Rolen,scott,rolen,rolensc01,2038,7398,1211,2077,517,43,316,1287,118,49,899,1410,57,127,1,93,150,8518,0.280751554,0.364287391,0.490402812
346,Heinie Manush,1,1964,17,0,48.3,8422,,L,1964,17,1923,1939,1,48.3,2008,8422,7654,1288,2524,491,160,110,1183,113,69,506,345,33,11,,186,0.33,0.377,0.479,0.856,,,,,,,,,,,,,,,,,,,,,,,,,,,,,1964,1901-1971,Veterans,0,0,0,0,0,1,0,0,0,0,0,0,0,0,0,0,Player,,,Heinie Manush,heinie,manush,manushe01,2008,7654,1287,2524,491,160,110,1183,114,58,506,345,0,70,186,0,11,8416,0.329762216,0.368346008,0.478834596
106,Ed Delahanty,1,1945,16,0,69.6,8402,,R,1945,16,1888,1903,0,69.6,1837,8402,7510,1600,2597,522,186,101,1466,456,,742,439,,,,54,0.346,0.411,0.505,0.917,,,,,,,,,,,,,,,,,,,,,,,,,,,,,1945,1867-1903,Old Timers,0,0,0,0,0,0,0,0,0,0,0,0,1,0,0,0,Player,,,Ed Delahanty,ed,delahanty,delahed01,1837,7510,1600,2597,522,186,101,1466,456,0,742,439,0,94,54,0,0,8400,0.345805593,0.408690476,0.505193076
654,Bill Mazeroski,1,2001,17,0,36.5,8379,,R,2001,17,1956,1972,10,36.5,2163,8379,7755,769,2016,294,62,138,853,27,23,447,706,110,194,70,87,0.26,0.299,0.367,0.667,,,,,,,,,,,,,,,,,,,,,,,,,,,,,2001,1936-Living,Veterans,0,0,0,0,0,1,0,0,0,0,0,0,0,0,0,0,Player,,,Bill Mazeroski,bill,mazeroski,mazerbi01,2163,7755,769,2016,294,62,138,853,27,23,447,706,110,20,87,70,194,8379,0.259961315,0.296336078,0.367246937
200,Yogi Berra,1,1972,19,0,59.5,8364,,L,1972,19,1946,1965,18,59.5,2120,8364,7555,1175,2150,321,49,358,1430,30,26,704,414,91,146,44,9,0.285,0.348,0.482,0.83,,,,,,,,,,,,,,,,,,,,,,,,,,,,,1972,1925-2015,BBWAA,1,0,0,0,0,0,0,0,0,0,0,0,0,0,0,0,Player,339,85.60%,Yogi Berra,yogi,berra,berrayo01,2120,7555,1175,2150,321,49,358,1430,30,26,704,414,49,52,9,44,146,8364,0.284579749,0.347441416,0.48219722
669,Jim Bottomley,1,1974,16,0,36,8358,,L,1974,16,1922,1937,0,36,1991,8358,7471,1177,2313,465,151,219,1422,58,55,664,591,35,33,,177,0.31,0.369,0.5,0.869,,,,,,,,,,,,,,,,,,,,,,,,,,,,,1974,1900-1959,Veterans,0,0,0,0,0,1,0,0,0,0,0,0,0,0,0,0,Player,,,Jim Bottomley,jim,bottomley,bottoji01,1991,7471,1177,2313,465,151,219,1422,58,15,664,591,0,43,177,0,33,8355,0.309597109,0.361460203,0.500200776
889,Lloyd Waner,1,1967,18,0,29.9,8337,,L,1967,18,1927,1945,1,29.9,1993,8337,7772,1201,2459,281,118,27,598,67,60,420,173,9,57,,108,0.316,0.353,0.393,0.747,,,,,,,,,,,,,,,,,,,,,,,,,,,,,1967,1906-1982,Veterans,0,0,0,0,0,1,0,0,0,0,0,0,0,0,0,0,Player,,,Lloyd Waner,lloyd,waner,wanerll01,1993,7772,1201,2459,281,118,27,598,67,0,420,173,0,26,108,0,57,8326,0.316392177,0.348907038,0.393335049
258,Joe Sewell,1,1977,14,0,54.9,8333,,L,1977,14,1920,1933,0,54.9,1903,8333,7132,1141,2226,436,68,49,1054,74,74,842,114,25,,,275,0.312,0.391,0.413,0.804,,,,,,,,,,,,,,,,,,,,,,,,,,,,,1977,1898-1990,Veterans,0,0,0,0,0,1,0,0,0,0,0,0,0,0,0,0,Player,,,Joe Sewell,joe,sewell,seweljo01,1903,7132,1141,2226,436,68,49,1055,74,72,842,114,0,80,275,0,0,8329,0.312114414,0.377956537,0.41292765
588,Pie Traynor,1,1948,17,0,38.7,8298,,R,1948,17,1920,1937,2,38.7,1941,8298,7559,1183,2416,371,164,58,1273,158,88,472,278,19,47,,231,0.32,0.362,0.435,0.797,,,,,,,,,,,,,,,,,,,,,,,,,,,,,1948,1898-1972,BBWAA,1,0,0,0,0,0,0,0,0,0,0,0,0,0,0,0,Player,93,76.90%,Pie Traynor,pie,traynor,traynpi01,1941,7559,1183,2416,371,164,58,1273,158,46,472,278,0,31,231,0,47,8293,0.319618997,0.351983601,0.435110464
322,Dave Bancroft,1,1971,16,0,49.9,8250,,B,1971,16,1915,1930,0,49.9,1913,8250,7182,1048,2004,320,77,32,591,145,90,827,487,4,,,212,0.279,0.355,0.358,0.714,,,,,,,,,,,,,,,,,,,,,,,,,,,,,1971,1891-1972,Veterans,0,0,0,0,0,1,0,0,0,0,0,0,0,0,0,0,Player,,,Dave Bancroft,dave,bancroft,bancrda01,1913,7182,1048,2004,320,77,32,591,145,75,827,487,0,23,212,0,0,8244,0.279030911,0.346191169,0.35839599
138,Duke Snider,1,1980,18,0,66,8237,,L,1980,18,1947,1964,8,66,2143,8237,7161,1259,2116,358,85,407,1333,99,73,971,1237,154,166,32,52,0.295,0.38,0.54,0.919,,,,,,,,,,,,,,,,,,,,,,,,,,,,,1980,1926-2011,BBWAA,1,0,0,0,0,0,0,0,0,0,0,0,0,0,0,0,Player,333,86.50%,Duke Snider,duke,snider,snidedu01,2143,7161,1259,2116,358,85,407,1333,99,50,971,1237,104,21,52,32,166,8237,0.295489457,0.37732184,0.539729088
278,Minnie Miñoso,1,2022,20,0,53.2,8233,,R,2022,20,1946,1980,13,53.2,1948,8233,7059,1228,2113,365,95,195,1089,216,130,848,584,43,185,57,69,0.299,0.387,0.461,0.848,,,,,,,,,,,,,,,,,,,,,,,,,,,,,2022,1923-2015,Golden Days Era,0,0,1,0,0,0,0,0,0,0,0,0,0,0,0,0,Player,14,87.50%,Minnie Miñoso,minnie,mioso,miosomi01,,,,,,,,,,,,,,,,,,,,,
314,Joe Kelley,1,1971,17,0,50.4,8163,,R,1971,17,1891,1908,0,50.4,1853,8163,7006,1421,2220,358,194,65,1194,443,,911,430,,,,140,0.317,0.402,0.451,0.853,,,,,,,,,,,,,,,,,,,,,,,,,,,,,1971,1871-1943,Veterans,0,0,0,0,0,1,0,0,0,0,0,0,0,0,0,0,Player,,,Joe Kelley,joe,kelley,kellejo01,1853,7006,1421,2220,358,194,65,1194,443,0,911,430,0,82,140,0,0,8139,0.316871253,0.394765942,0.451184699
400,Edd Roush,1,1962,18,0,45.8,8157,,L,1962,18,1913,1931,0,45.8,1967,8157,7363,1099,2376,339,182,68,981,268,134,484,260,10,,,256,0.323,0.369,0.446,0.815,,,,,,,,,,,,,,,,,,,,,,,,,,,,,1962,1893-1988,Veterans,0,0,0,0,0,1,0,0,0,0,0,0,0,0,0,0,Player,,,Edd Roush,edd,roush,roushed01,1967,7363,1099,2376,339,182,68,981,268,92,484,260,0,53,256,0,0,8156,0.322694554,0.357160373,0.445878039
261,Joe Medwick,1,1968,17,0,54.4,8143,,R,1968,17,1932,1948,10,54.4,1984,8143,7635,1198,2471,540,113,205,1383,42,37,437,551,101,203,,44,0.324,0.362,0.505,0.867,,,,,,,,,,,,,,,,,,,,,,,,,,,,,1968,1911-1975,BBWAA,1,0,0,0,0,0,0,0,0,0,0,0,0,0,0,0,Player,240,84.80%,Joe Medwick,joe,medwick,medwijo01,1984,7635,1198,2471,540,113,205,1383,42,0,437,551,0,26,44,0,203,8142,0.323641126,0.360353721,0.504518664
166,John Ward,1,1964,17,0,62.3,8114,2469.2,L,1964,17,1878,1894,0,34.3,1827,8114,7656,1410,2107,231,96,26,869,540,,421,326,,,,20,0.275,0.314,0.341,0.655,1964,17,1878,1894,0,28.06,164,103,0.614,2.1,293,262,32,245,24,3,2469.2,2324,1185,576,26,253,,920,,0,144,10164,1964,1860-1925,Veterans,0,0,0,0,0,1,0,0,0,0,0,0,0,0,0,0,Player,,,John Ward,john,ward,wardxjo01,,,,,,,,,,,,,,,,,,,,,
453,Gil Hodges,1,2022,18,0,43.8,8104,,R,2022,18,1943,1963,8,43.8,2071,8104,7030,1105,1921,295,48,370,1274,63,42,943,1137,109,165,50,56,0.273,0.359,0.487,0.846,,,,,,,,,,,,,,,,,,,,,,,,,,,,,2022,1924-1972,Golden Days Era,0,0,1,0,0,0,0,0,0,0,0,0,0,0,0,0,Player,12,75.00%,Gil Hodges,gil,hodges,hodgegi01,2071,7030,1105,1921,295,48,370,1274,63,31,943,1137,31,25,56,50,165,8104,0.273257468,0.356490622,0.486770982
351,Kiki Cuyler,1,1968,18,0,48.1,8100,,R,1968,18,1921,1938,1,48.1,1879,8100,7161,1305,2299,394,157,128,1065,328,148,676,752,20,53,,176,0.321,0.386,0.474,0.86,,,,,,,,,,,,,,,,,,,,,,,,,,,,,1968,1898-1950,Veterans,0,0,0,0,0,1,0,0,0,0,0,0,0,0,0,0,Player,,,Kiki Cuyler,kiki,cuyler,cuyleki01,1879,7161,1305,2299,394,157,128,1065,328,27,676,752,0,85,176,0,53,8098,0.321044547,0.377871079,0.473537215
92,Larry Walker,1,2020,17,0,72.7,8030,,L,2020,17,1989,2005,5,72.7,1988,8030,6907,1355,2160,471,62,383,1311,230,76,913,1231,117,153,65,7,0.313,0.4,0.565,0.965,,,,,,,,,,,,,,,,,,,,,,,,,,,,,2020,1966-Living,BBWAA,1,0,0,0,0,0,0,0,0,0,0,0,0,0,0,0,Player,304,76.60%,Larry Walker,larry,walker,walkela01,1988,6907,1355,2160,471,62,383,1311,230,76,913,1231,117,138,7,65,153,8030,0.31272622,0.399875467,0.565223686
299,Bobby Doerr,1,1986,14,0,51.4,8030,,R,1986,14,1937,1951,9,51.4,1865,8030,7093,1094,2042,381,89,223,1247,54,64,809,608,53,187,,115,0.288,0.362,0.461,0.823,,,,,,,,,,,,,,,,,,,,,,,,,,,,,1986,1918-2017,Veterans,0,0,0,0,0,1,0,0,0,0,0,0,0,0,0,0,Player,,,Bobby Doerr,bobby,doerr,doerrbo01,1865,7093,1094,2042,381,89,223,1247,54,64,809,608,0,11,115,0,182,8028,0.287889468,0.356502242,0.461017905
248,Joe Mauer,1,2024,15,0,55.6,7960,,L,2024,15,2004,2018,6,55.6,1858,7960,6930,1018,2123,428,30,143,923,52,19,939,1034,145,208,60,6,0.306,0.388,0.439,0.827,,,,,,,,,,,,,,,,,,,,,,,,,,,,,2024,1983-Living,BBWAA,1,0,0,0,0,0,0,0,0,0,0,0,0,0,0,0,Player,293,76.10%,Joe Mauer,joe,mauer,mauerjo01,1858,6930,1018,2123,428,30,143,923,52,19,939,1034,145,25,6,60,208,7960,0.306349206,0.38781407,0.438672439
473,Hugh Duffy,1,1945,17,0,43,7842,,R,1945,17,1888,1906,0,43,1737,7842,7044,1554,2293,325,119,106,1302,574,,664,268,,,,104,0.326,0.386,0.451,0.837,,,,,,,,,,,,,,,,,,,,,,,,,,,,,1945,1866-1954,Old Timers,0,0,0,0,0,0,0,0,0,0,0,0,1,0,0,0,Player,,,Hugh Duffy,hugh,duffy,duffyhu01,1737,7044,1554,2293,325,119,106,1302,574,0,664,268,0,29,104,0,0,7841,0.32552527,0.380818773,0.450596252
303,Kirby Puckett,1,2001,12,0,51.1,7831,,R,2001,12,1984,1995,10,51.1,1783,7831,7244,1071,2304,414,57,207,1085,134,76,450,965,85,188,58,23,0.318,0.36,0.477,0.837,,,,,,,,,,,,,,,,,,,,,,,,,,,,,2001,1960-2006,BBWAA,1,0,0,0,0,0,0,0,0,0,0,0,0,0,0,0,Player,423,82.10%,Kirby Puckett,kirby,puckett,puckeki01,1783,7244,1071,2304,414,57,207,1085,134,76,450,965,85,56,23,58,188,7831,0.318056322,0.35883029,0.476670348
198,Mike Piazza,1,2016,16,0,59.6,7745,,R,2016,16,1992,2007,12,59.6,1912,7745,6911,1048,2127,344,8,427,1335,17,20,759,1113,146,229,45,0,0.308,0.377,0.545,0.922,,,,,,,,,,,,,,,,,,,,,,,,,,,,,2016,1968-Living,BBWAA,1,0,0,0,0,0,0,0,0,0,0,0,0,0,0,0,Player,365,83.00%,Mike Piazza,mike,piazza,piazzmi01,1912,6911,1048,2127,344,8,427,1335,17,20,759,1113,146,30,0,45,229,7745,0.307770221,0.376500968,0.545217769
72,Arky Vaughan,1,1985,14,0,77.9,7723,,L,1985,14,1932,1948,9,77.9,1817,7723,6622,1173,2103,356,128,96,926,118,90,937,276,85,70,,116,0.318,0.406,0.453,0.859,,,,,,,,,,,,,,,,,,,,,,,,,,,,,1985,1912-1952,Veterans,0,0,0,0,0,1,0,0,0,0,0,0,0,0,0,0,Player,,,Arky Vaughan,arky,vaughan,vaughar01,1817,6622,1173,2103,356,128,96,926,118,0,937,276,0,46,116,0,70,7721,0.317577771,0.399689159,0.453488372
70,Dan Brouthers,1,1945,19,0,78.7,7691,23,L,1945,19,1879,1904,0,79.8,1676,7691,6726,1529,2303,462,206,107,1301,257,,840,238,,,,20,0.342,0.423,0.52,0.943,,,,,,,,,,,,,,,,,,,,,,,,,,,,,1945,1858-1932,Old Timers,0,0,0,0,0,0,0,0,0,0,0,0,1,0,0,0,Player,,,Dan Brouthers,dan,brouthers,broutda01,1676,6726,1529,2303,462,206,107,1301,257,0,840,238,0,105,20,0,0,7691,0.342402617,0.422311793,0.520071365
69,Joe DiMaggio,1,1955,13,0,79.1,7672,,R,1955,13,1936,1951,13,79.1,1736,7672,6821,1390,2214,389,131,361,1537,30,9,790,369,111,130,,14,0.325,0.398,0.579,0.977,,,,,,,,,,,,,,,,,,,,,,,,,,,,,1955,1914-1999,BBWAA,1,0,0,0,0,0,0,0,0,0,0,0,0,0,0,0,Player,223,88.80%,Joe DiMaggio,joe,dimaggio,dimagjo01,1736,6821,1390,2214,389,131,361,1537,30,9,790,369,0,46,14,0,130,7671,0.324585838,0.397601356,0.578800762
158,Billy Hamilton,1,1961,14,0,63.2,7609,,L,1961,14,1888,1901,0,63.2,1594,7609,6283,1697,2164,242,95,40,742,914,,1189,362,,,,47,0.344,0.455,0.432,0.888,,,,,,,,,,,,,,,,,,,,,,,,,,,,,1961,1866-1940,Veterans,0,0,0,0,0,1,0,0,0,0,0,0,0,0,0,0,Player,,,Billy Hamilton,billy,hamilton,hamilbi01,1594,6283,1697,2164,242,95,40,742,914,0,1189,362,0,89,47,0,0,7608,0.344421455,0.452418507,0.432277574
625,George Kell,1,1983,15,0,37.6,7529,,R,1983,15,1943,1957,10,37.6,1795,7529,6702,880,2054,385,50,78,870,51,36,621,287,33,188,20,149,0.306,0.367,0.414,0.781,,,,,,,,,,,,,,,,,,,,,,,,,,,,,1983,1922-2009,Veterans,0,0,0,0,0,1,0,0,0,0,0,0,0,0,0,0,Player,,,George Kell,george,kell,kellxge01,,,,,,,,,,,,,,,,,,,,,
276,Jimmy Collins,1,1945,14,0,53.3,7460,,R,1945,14,1895,1908,0,53.3,1725,7460,6795,1055,1999,352,116,65,983,194,,426,266,,,,147,0.294,0.343,0.409,0.752,,,,,,,,,,,,,,,,,,,,,,,,,,,,,1945,1870-1943,Old Timers,0,0,0,0,0,0,0,0,0,0,0,0,1,0,0,0,Player,,,Jimmy Collins,jimmy,collins,colliji01,1725,6795,1055,1999,352,116,65,983,194,0,426,266,0,84,147,0,0,7452,0.294186902,0.336688137,0.408830022
100,Johnny Mize,1,1981,15,0,70.6,7372,,L,1981,15,1936,1953,10,70.6,1884,7372,6443,1118,2011,367,83,359,1337,28,12,856,524,150,99,,20,0.312,0.397,0.562,0.959,,,,,,,,,,,,,,,,,,,,,,,,,,,,,1981,1913-1993,Veterans,0,0,0,0,0,1,0,0,0,0,0,0,0,0,0,0,Player,,,Johnny Mize,johnny,mize,mizexjo01,,,,,,,,,,,,,,,,,,,,,
211,Dick Allen,1,2014,15,0,58.8,7315,,R,2025,15,1963,1977,7,58.8,1749,7315,6332,1099,1848,320,79,351,1119,133,52,894,1556,138,164,53,19,0.292,0.378,0.534,0.912,,,,,,,,,,,,,,,,,,,,,,,,,,,,,2025,1942-2020,Classic Baseball Era,0,0,0,0,0,0,0,0,1,0,0,0,0,0,0,0,Player,,,Dick Allen,dick,allen,allendi01,1749,6332,1099,1848,320,79,351,1119,133,52,894,1556,138,16,19,53,164,7314,0.291850916,0.377085042,0.533638661
367,Tony Lazzeri,1,1991,14,0,47.6,7314,,R,1991,14,1926,1939,1,47.6,1740,7314,6297,986,1840,334,115,178,1194,148,82,869,864,40,8,,116,0.292,0.38,0.467,0.846,,,,,,,,,,,,,,,,,,,,,,,,,,,,,1991,1903-1946,Veterans,0,0,0,0,0,1,0,0,0,0,0,0,0,0,0,0,Player,,,Tony Lazzeri,tony,lazzeri,lazzeto01,1740,6297,986,1840,334,115,178,1191,148,79,869,864,0,21,116,0,8,7303,0.292202636,0.373818979,0.466571383
251,Gabby Hartnett,1,1955,20,0,55.5,7300,,R,1955,20,1922,1941,6,55.5,1990,7300,6432,867,1912,396,64,236,1179,28,32,703,697,114,93,,127,0.297,0.37,0.489,0.858,,,,,,,,,,,,,,,,,,,,,,,,,,,,,1955,1900-1972,BBWAA,1,0,0,0,0,0,0,0,0,0,0,0,0,0,0,0,Player,195,77.70%,Gabby Hartnett,gabby,hartnett,hartnga01,1990,6432,867,1912,396,64,236,1179,28,7,703,697,0,35,127,0,93,7297,0.297263682,0.363162944,0.48880597
365,Johnny Evers,1,1946,18,0,47.7,7230,,L,1946,18,1902,1929,0,47.7,1784,7230,6137,919,1659,216,70,12,536,324,26,778,293,0,,,256,0.27,0.356,0.334,0.69,,,,,,,,,,,,,,,,,,,,,,,,,,,,,1946,1881-1947,Old Timers,0,0,0,0,0,0,0,0,0,0,0,0,1,0,0,0,Player,,,Johnny Evers,johnny,evers,eversjo01,1784,6137,919,1659,216,70,12,538,324,8,778,293,0,39,256,0,0,7210,0.270327522,0.343411928,0.334202379
296,Earl Averill,1,1975,13,0,51.6,7221,,L,1975,13,1929,1941,6,51.6,1669,7221,6353,1224,2019,401,128,238,1164,70,58,774,518,36,7,,55,0.318,0.395,0.534,0.928,,,,,,,,,,,,,,,,,,,,,,,,,,,,,1975,1902-1983,Veterans,0,0,0,0,0,1,0,0,0,0,0,0,0,0,0,0,Player,,,Earl Averill,earl,averill,averiea01,1668,6353,1224,2019,401,128,238,1164,70,57,774,518,0,33,55,0,7,7215,0.317802613,0.391683992,0.53360617
390,Chuck Klein,1,1980,17,0,46.4,7172,,L,1980,17,1928,1944,2,46.4,1753,7172,6486,1168,2076,398,74,300,1201,79,72,601,521,48,55,,69,0.32,0.379,0.543,0.922,,,,,,,,,,,,,,,,,,,,,,,,,,,,,1980,1904-1958,Veterans,0,0,0,0,0,1,0,0,0,0,0,0,0,0,0,0,Player,,,Chuck Klein,chuck,klein,kleinch01,1753,6486,1168,2076,398,74,300,1201,79,0,601,521,0,12,69,0,55,7168,0.320074006,0.375139509,0.543015726
277,Joe Tinker,1,1946,15,0,53.3,7166,,R,1946,15,1902,1916,0,53.3,1806,7166,6441,774,1690,263,114,31,785,336,12,416,526,,,,285,0.262,0.308,0.353,0.661,,,,,,,,,,,,,,,,,,,,,,,,,,,,,1946,1880-1948,Old Timers,0,0,0,0,0,0,0,0,0,0,0,0,1,0,0,0,Player,,,Joe Tinker,joe,tinker,tinkejo01,1806,6441,774,1690,263,114,31,783,336,0,416,526,0,10,285,0,0,7152,0.262381618,0.295861298,0.353050769
232,Bill Terry,1,1954,14,0,56.6,7111,,L,1954,14,1923,1936,3,56.6,1721,7111,6428,1120,2193,373,112,154,1078,56,63,537,449,32,38,,137,0.341,0.393,0.506,0.899,,,,,,,,,,,,,,,,,,,,,,,,,,,,,1954,1898-1989,BBWAA,1,0,0,0,0,0,0,0,0,0,0,0,0,0,0,0,Player,195,77.40%,Bill Terry,bill,terry,terrybi01,1721,6428,1120,2193,373,112,154,1078,56,6,537,449,0,9,137,0,38,7111,0.341163659,0.385177893,0.505911637
851,Rick Ferrell,1,1984,18,0,30.7,7076,,R,1984,18,1929,1947,7,30.7,1884,7076,6028,687,1692,324,45,28,734,29,35,931,277,68,55,,103,0.281,0.378,0.363,0.741,,,,,,,,,,,,,,,,,,,,,,,,,,,,,1984,1905-1995,Veterans,0,0,0,0,0,1,0,0,0,0,0,0,0,0,0,0,Player,,,Rick Ferrell,rick,ferrell,ferreri01,1884,6028,687,1692,324,45,28,734,29,35,931,277,0,10,103,0,55,7072,0.280690113,0.372313348,0.363304579
234,Bill Dickey,1,1954,17,0,56.4,7065,,L,1954,17,1928,1946,11,56.4,1789,7065,6300,930,1969,343,72,202,1209,36,32,678,289,101,49,,51,0.313,0.382,0.486,0.868,,,,,,,,,,,,,,,,,,,,,,,,,,,,,1954,1907-1993,BBWAA,1,0,0,0,0,0,0,0,0,0,0,0,0,0,0,0,Player,202,80.20%,Bill Dickey,bill,dickey,dickebi01,1789,6300,930,1969,343,72,202,1209,37,29,678,289,0,31,51,0,49,7060,0.312539683,0.379320113,0.486031746
160,Lou Boudreau,1,1970,15,0,63.1,7025,,R,1970,15,1938,1952,7,63.1,1646,7025,6029,861,1779,385,66,68,789,51,50,796,309,40,155,,164,0.295,0.38,0.415,0.795,,,,,,,,,,,,,,,,,,,,,,,,,,,,,1970,1917-2001,BBWAA,1,0,0,0,0,0,0,0,0,0,0,0,0,0,0,0,Player,232,77.30%,Lou Boudreau,lou,boudreau,boudrlo01,1646,6029,861,1779,385,66,68,789,51,50,796,309,0,34,164,0,155,7023,0.29507381,0.371493664,0.414662465
409,Deacon White,1,2013,20,0,45.5,6973,10,L,2013,20,1871,1890,0,45.7,1560,6973,6624,1140,2067,270,98,24,988,70,9,308,221,,8,,,0.312,0.346,0.393,0.74,,,,,,,,,,,,,,,,,,,,,,,,,,,,,2013,1847-1939,Pre-Integration Era,0,0,0,0,0,0,0,1,0,0,0,0,0,0,0,0,Player,14,87.50%,Deacon White,deacon,white,whitede01,1560,6624,1140,2067,270,98,24,988,70,9,308,221,0,41,0,0,8,6973,0.312047101,0.346479277,0.393266908
231,Larry Doby,1,1998,17,0,56.7,6920,,L,1998,17,1942,1959,9,56.7,1674,6920,5883,1080,1697,276,72,273,1099,64,36,945,1011,60,97,25,27,0.288,0.389,0.499,0.888,,,,,,,,,,,,,,,,,,,,,,,,,,,,,1998,1923-2003,Veterans,0,0,0,0,0,1,0,0,0,0,0,0,0,0,0,0,Player,,,Larry Doby,larry,doby,dobyxla01,,,,,,,,,,,,,,,,,,,,,
469,Tony Oliva,1,2022,15,0,43.1,6880,,L,2022,15,1962,1976,8,43.1,1676,6880,6301,870,1917,329,48,220,947,86,55,448,645,131,139,57,14,0.304,0.353,0.476,0.83,,,,,,,,,,,,,,,,,,,,,,,,,,,,,2022,1938-Living,Golden Days Era,0,0,1,0,0,0,0,0,0,0,0,0,0,0,0,0,Player,12,75.00%,Tony Oliva,tony,oliva,olivato01,1676,6301,870,1917,329,48,220,947,86,55,448,645,131,59,14,57,139,6879,0.304237423,0.352376799,0.476432312
687,Miller Huggins,1,1964,13,0,35.4,6825,,B,1964,13,1904,1916,0,35.4,1586,6825,5558,948,1474,146,50,9,318,324,31,1003,556,,,,192,0.265,0.382,0.314,0.696,,,,,,,,,,,,,,,,,,,,,,,,,,,,,1964,1878-1929,Veterans,0,0,0,0,0,1,0,0,0,0,0,0,0,0,0,0,Manager,,,Miller Huggins,miller,huggins,huggimi01,1586,5558,948,1474,146,50,9,318,324,12,1003,556,0,47,192,0,0,6800,0.265203311,0.371176471,0.314321698
495,Phil Rizzuto,1,1994,13,0,42.1,6719,,R,1994,13,1941,1956,5,42.1,1661,6719,5816,877,1588,239,62,38,563,149,58,651,398,35,107,2,193,0.273,0.351,0.355,0.706,,,,,,,,,,,,,,,,,,,,,,,,,,,,,1994,1917-2007,Veterans,0,0,0,0,0,1,0,0,0,0,0,0,0,0,0,0,Player,,,Phil Rizzuto,phil,rizzuto,rizzuph01,1661,5816,877,1588,239,62,38,563,149,58,651,398,1,49,193,2,107,6711,0.27303989,0.340932797,0.355055021
447,Travis Jackson,1,1982,15,0,44.2,6682,,R,1982,15,1922,1936,1,44.2,1656,6682,6086,833,1768,291,86,135,929,71,70,412,565,29,39,,171,0.291,0.337,0.433,0.77,,,,,,,,,,,,,,,,,,,,,,,,,,,,,1982,1903-1987,Veterans,0,0,0,0,0,1,0,0,0,0,0,0,0,0,0,0,Player,,,Travis Jackson,travis,jackson,jackstr01,1656,6086,833,1768,291,86,135,929,71,13,412,565,0,10,171,0,39,6679,0.290502793,0.327893397,0.433125205
161,Home Run Baker,1,1955,13,0,62.8,6677,,L,1955,13,1908,1922,0,62.8,1575,6677,5984,887,1838,315,103,96,991,235,54,473,344,,,,153,0.307,0.363,0.442,0.805,,,,,,,,,,,,,,,,,,,,,,,,,,,,,1955,1886-1963,Veterans,0,0,0,0,0,1,0,0,0,0,0,0,0,0,0,0,Player,,,Home Run Baker,home,baker,bakerho01,29,82,5,18,1,1,0,7,2,2,8,21,0,0,1,0,0,91,0.219512195,0.285714286,0.256097561
999,George Kelly,1,1973,16,0,25.7,6570,0,R,1973,16,1915,1932,0,25.7,1622,6570,5993,819,1778,337,76,148,1020,65,64,386,694,14,,,158,0.297,0.342,0.452,0.794,,,,,,,,,,,,,,,,,,,,,,,,,,,,,1973,1895-1984,Veterans,0,0,0,0,0,1,0,0,0,0,0,0,0,0,0,0,Player,,,George Kelly,george,kelly,kellyge01,1622,5993,819,1778,337,76,148,1020,65,43,386,694,0,28,158,0,0,6565,0.296679459,0.333891851,0.452361088
249,Joe Gordon,1,1967,11,0,55.6,6537,,R,2009,11,1938,1950,9,55.6,1566,6537,5707,914,1530,264,52,253,975,89,60,759,702,87,159,,41,0.268,0.357,0.466,0.822,,,,,,,,,,,,,,,,,,,,,,,,,,,,,2009,1915-1978,Veterans,0,0,0,0,0,1,0,0,0,0,0,0,0,0,0,0,Player,10,83.30%,Joe Gordon,joe,gordon,gordojo01,1566,5707,914,1530,264,52,253,975,89,60,759,702,0,29,41,0,159,6536,0.268091817,0.354651163,0.4655686
440,Sam Thompson,1,1974,15,0,44.4,6526,,L,1974,15,1885,1906,0,44.4,1410,6526,5998,1261,1988,343,161,126,1308,232,,452,234,,,,13,0.331,0.384,0.505,0.89,,,,,,,,,,,,,,,,,,,,,,,,,,,,,1974,1860-1922,Veterans,0,0,0,0,0,1,0,0,0,0,0,0,0,0,0,0,Player,,,Sam Thompson,sam,thompson,thompsa01,1410,5998,1261,1988,343,161,126,1308,232,0,452,234,0,63,13,0,0,6526,0.331443815,0.383542752,0.505335112
421,Earle Combs,1,1970,12,0,45,6514,,L,1970,12,1924,1935,0,45,1455,6514,5746,1186,1866,309,154,58,633,98,70,670,278,8,,,74,0.325,0.397,0.462,0.859,,,,,,,,,,,,,,,,,,,,,,,,,,,,,1970,1899-1976,Veterans,0,0,0,0,0,1,0,0,0,0,0,0,0,0,0,0,Player,,,Earle Combs,earle,combs,combsea01,1455,5746,1186,1866,309,154,58,632,96,71,670,278,0,17,74,0,0,6507,0.324747651,0.392346704,0.462408632
397,King Kelly,1,1945,16,0,46,6457,45.2,R,1945,16,1878,1893,0,47,1456,6457,5896,1357,1813,359,102,69,950,368,,549,418,,,,,0.307,0.368,0.438,0.806,,,,,,,,,,,,,,,,,,,,,,,,,,,,,1945,1857-1894,Old Timers,0,0,0,0,0,0,0,0,0,0,0,0,1,0,0,0,Player,,,King Kelly,king,kelly,kellyki01,1456,5896,1357,1813,359,102,69,950,368,0,549,418,0,12,0,0,0,6457,0.307496608,0.367663001,0.438093623
284,Elmer Flick,1,1963,13,0,52.7,6434,,L,1963,13,1898,1910,0,52.7,1483,6434,5597,950,1752,268,164,48,756,330,,597,567,,,,121,0.313,0.389,0.445,0.834,,,,,,,,,,,,,,,,,,,,,,,,,,,,,1963,1876-1971,Veterans,0,0,0,0,0,1,0,0,0,0,0,0,0,0,0,0,Player,,,Elmer Flick,elmer,flick,flickel01,1483,5597,950,1752,268,164,48,756,330,0,597,567,0,99,121,0,0,6414,0.313024835,0.381665108,0.445238521
620,Ernie Lombardi,1,1986,17,0,37.8,6353,,R,1986,17,1931,1947,7,37.8,1853,6353,5855,601,1792,277,27,190,990,8,9,430,262,153,261,,18,0.306,0.358,0.46,0.818,,,,,,,,,,,,,,,,,,,,,,,,,,,,,1986,1908-1977,Veterans,0,0,0,0,0,1,0,0,0,0,0,0,0,0,0,0,Player,,,Ernie Lombardi,ernie,lombardi,lombaer01,1853,5855,601,1792,277,27,190,990,8,0,430,262,0,46,18,0,261,6349,0.306063194,0.35722161,0.459948762
352,Ralph Kiner,1,1975,10,0,48.1,6256,,R,1975,10,1946,1955,6,48.1,1472,6256,5205,971,1451,216,39,369,1015,22,18,1011,749,90,126,7,9,0.279,0.398,0.548,0.946,,,,,,,,,,,,,,,,,,,,,,,,,,,,,1975,1922-2014,BBWAA,1,0,0,0,0,0,0,0,0,0,0,0,0,0,0,0,Player,273,75.40%,Ralph Kiner,ralph,kiner,kinerra01,1472,5205,971,1451,216,39,369,1015,22,2,1011,749,1,24,9,7,126,6256,0.278770413,0.397378517,0.547934678
773,Ray Schalk,1,1955,18,0,33.1,6243,,R,1955,18,1912,1929,0,33.1,1762,6243,5306,579,1345,199,49,11,593,177,69,638,358,5,,,214,0.253,0.34,0.316,0.656,,,,,,,,,,,,,,,,,,,,,,,,,,,,,1955,1892-1970,Veterans,0,0,0,0,0,1,0,0,0,0,0,0,0,0,0,0,Player,,,Ray Schalk,ray,schalk,schalra01,1762,5306,579,1345,199,49,11,594,177,69,638,358,0,59,214,0,0,6217,0.253486619,0.328454238,0.315680362
324,Mickey Cochrane,1,1947,13,0,49.8,6211,,L,1947,13,1925,1937,2,49.8,1482,6211,5169,1041,1652,333,64,119,830,64,47,857,217,20,,,151,0.32,0.419,0.478,0.897,,,,,,,,,,,,,,,,,,,,,,,,,,,,,1947,1903-1962,BBWAA,1,0,0,0,0,0,0,0,0,0,0,0,0,0,0,0,Player,128,79.50%,Mickey Cochrane,mickey,cochrane,cochrmi01,1482,5169,1041,1652,333,64,119,832,64,46,857,217,0,29,151,0,0,6206,0.319597601,0.408959072,0.477848713
818,Marty Marion,1,1972,13,0,31.8,6143,,R,,,,,,,,,,,,,,,,,,,,,,,,,,,,,,,,,,,,,,,,,,,,,,,,,,,,,,,,,,,,,,,,,,,,,,,,,,,,,,Marty Marion,marty,marion,marioma01,1572,5506,602,1448,272,37,36,624,35,2,470,537,0,14,151,0,120,6141,0.262985834,0.314606742,0.345441337
958,Freddie Lindstrom,1,1976,13,0,28.5,6109,,R,1976,13,1924,1936,0,28.5,1438,6109,5611,895,1747,301,81,103,779,84,99,334,276,11,35,,146,0.311,0.351,0.449,0.8,,,,,,,,,,,,,,,,,,,,,,,,,,,,,1976,1905-1981,Veterans,0,0,0,0,0,1,0,0,0,0,0,0,0,0,0,0,Player,,,Freddie Lindstrom,freddie,lindstrom,lindsfr01,1438,5611,895,1747,301,81,103,779,84,10,334,276,0,13,146,0,35,6104,0.3113527,0.343053735,0.448939583
252,Hank Greenberg,1,1956,13,0,55.5,6098,,R,1956,13,1930,1947,4,55.5,1394,6098,5193,1046,1628,379,71,331,1274,58,30,852,844,82,66,,35,0.313,0.412,0.605,1.017,,,,,,,,,,,,,,,,,,,,,,,,,,,,,1956,1911-1986,BBWAA,1,0,0,0,0,0,0,0,0,0,0,0,0,0,0,0,Player,164,85.00%,Hank Greenberg,hank,greenberg,greenha01,1394,5193,1051,1628,379,71,331,1276,58,26,852,844,0,16,35,0,66,6096,0.313498941,0.409448819,0.605045253
372,Art Fletcher,1,1970,13,0,47.1,6045,,R,,,,,,,,,,,,,,,,,,,,,,,,,,,,,,,,,,,,,,,,,,,,,,,,,,,,,,,,,,,,,,,,,,,,,,,,,,,,,,Art Fletcher,art,fletcher,fletcar01,1533,5541,684,1534,238,77,32,675,160,28,203,355,0,141,154,0,0,6039,0.276845335,0.310978639,0.36491608
151,Jackie Robinson,1,1962,11,0,63.9,5941,,R,1962,11,1945,1956,7,63.9,1416,5941,4997,972,1563,286,55,141,761,200,76,756,291,61,113,9,105,0.313,0.41,0.477,0.887,,,,,,,,,,,,,,,,,,,,,,,,,,,,,1962,1919-1972,BBWAA,1,0,0,0,0,0,0,0,0,0,0,0,0,0,0,0,Player,124,77.50%,Jackie Robinson,jackie,robinson,robinja01,4,9,0,0,0,0,0,0,0,0,0,3,0,0,0,0,0,9,0,0,0
398,Thurman Munson,1,1979,11,0,46,5905,,R,,,,,,,,,,,,,,,,,,,,,,,,,,,,,,,,,,,,,,,,,,,,,,,,,,,,,,,,,,,,,,,,,,,,,,,,,,,,,,Thurman Munson,thurman,munson,munsoth01,1423,5344,696,1558,229,32,113,701,48,50,438,571,59,42,21,58,160,5903,0.291541916,0.345248179,0.409805389
357,Buck Ewing,1,1939,18,0,47.9,5772,47,R,1939,18,1880,1897,0,48,1315,5772,5363,1129,1625,250,178,71,883,354,,392,294,,,,8,0.303,0.351,0.456,0.807,,,,,,,,,,,,,,,,,,,,,,,,,,,,,1939,1859-1906,Old Timers,0,0,0,0,0,0,0,0,0,0,0,0,1,0,0,0,Player,,,Buck Ewing,buck,ewing,ewingbu01,1315,5363,1129,1625,250,178,71,883,354,0,392,294,0,9,8,0,0,5772,0.303002051,0.351004851,0.455715085
504,Roy Campanella,1,1969,18,0,41.8,5727,15.1,R,1969,18,1937,1957,11,42,1449,5727,5030,786,1422,232,31,260,1019,38,20,609,501,114,146,18,35,0.283,0.363,0.496,0.859,,,,,,,,,,,,,,,,,,,,,,,,,,,,,1969,1921-1993,BBWAA,1,0,0,0,0,0,0,0,0,0,0,0,0,0,0,0,Player,270,79.40%,Roy Campanella,roy,campanella,camparo01,1455,5050,787,1427,235,32,260,1015,39,17,608,514,32,37,39,18,147,5752,0.282574257,0.360222531,0.496237624
490,Hughie Jennings,1,1945,18,0,42.3,5648,,R,1945,18,1891,1918,0,42.3,1284,5648,4895,992,1526,232,88,18,840,359,0,347,234,,,,119,0.312,0.391,0.406,0.797,,,,,,,,,,,,,,,,,,,,,,,,,,,,,1945,1869-1928,Old Timers,0,0,0,0,0,0,0,0,0,0,0,0,1,0,0,0,Player,,,Hughie Jennings,hughie,jennings,jennihu01,1284,4895,992,1526,232,88,18,840,359,0,347,234,0,287,119,0,0,5648,0.31174668,0.382436261,0.406128703
589,Hack Wilson,1,1979,12,0,38.7,5557,,R,1979,12,1923,1934,0,38.7,1348,5557,4760,884,1461,266,67,244,1063,52,34,674,713,29,15,,102,0.307,0.395,0.545,0.94,,,,,,,,,,,,,,,,,,,,,,,,,,,,,1979,1900-1948,Veterans,0,0,0,0,0,1,0,0,0,0,0,0,0,0,0,0,Player,,,Hack Wilson,hack,wilson,wilsoha01,1348,4760,884,1461,266,67,244,1063,52,5,674,713,0,20,102,0,15,5556,0.306932773,0.38786897,0.544747899
796,Ezra Sutton,1,1939,18,0,32.4,5537,6,R,,,,,,,,,,,,,,,,,,,,,,,,,,,,,,,,,,,,,,,,,,,,,,,,,,,,,,,,,,,,,,,,,,,,,,,,,,,,,,Ezra Sutton,ezra,sutton,suttoez01,1263,5360,994,1574,227,97,25,672,70,18,169,182,0,8,0,0,10,5537,0.293656716,0.316236229,0.38619403
475,Roger Bresnahan,1,1945,17,0,42.9,5389,50.1,R,1945,17,1897,1915,0,42.1,1446,5389,4481,682,1252,218,71,26,530,212,4,714,403,,,,112,0.279,0.386,0.377,0.764,,,,,,,,,,,,,,,,,,,,,,,,,,,,,1945,1879-1944,Old Timers,0,0,0,0,0,0,0,0,0,0,0,0,1,0,0,0,Player,,,Roger Bresnahan,roger,bresnahan,bresnro01,1446,4481,682,1252,218,71,26,530,212,3,714,403,0,67,112,0,0,5374,0.279401919,0.37830294,0.377147958
710,Cool Papa Bell,1,1974,21,0,34.7,5361,309.2,B,1974,21,1922,1946,8,30.9,1202,5361,4767,1152,1548,262,72,57,596,285,,531,,1,0,0,49,0.325,0.394,0.446,0.84,,,,,,,,,,,,,,,,,,,,,,,,,,,,,1974,1903-1991,Negro League,0,0,0,0,0,0,0,0,0,0,0,1,0,0,0,0,Player,,,Cool Papa Bell,cool,bell,bellxco01,,,,,,,,,,,,,,,,,,,,,
781,Ross Youngs,1,1972,10,0,32.8,5337,,L,1972,10,1917,1926,0,32.8,1211,5337,4627,812,1491,236,93,42,592,153,93,550,390,6,,,119,0.322,0.399,0.441,0.839,,,,,,,,,,,,,,,,,,,,,,,,,,,,,1972,1897-1927,Veterans,0,0,0,0,0,1,0,0,0,0,0,0,0,0,0,0,Player,,,Ross Youngs,ross,youngs,youngro01,1211,4627,812,1491,236,93,42,592,153,83,550,390,0,37,119,0,0,5333,0.322239032,0.389649353,0.440674303
399,Frank Chance,1,1946,17,0,46,5138,,R,1946,17,1898,1914,0,46,1288,5138,4299,798,1274,200,79,20,596,403,0,556,320,,,,111,0.296,0.394,0.394,0.788,,,,,,,,,,,,,,,,,,,,,,,,,,,,,1946,1876-1924,Old Timers,0,0,0,0,0,0,0,0,0,0,0,0,1,0,0,0,Player,,,Frank Chance,frank,chance,chancfr01,1288,4299,798,1274,200,79,20,596,403,0,556,320,0,137,111,0,0,5103,0.296347988,0.385459534,0.393579902
838,Chick Hafey,1,1971,13,0,31.2,5116,,R,1971,13,1924,1937,1,31.2,1283,5116,4625,777,1466,341,67,164,833,70,52,372,477,37,28,,83,0.317,0.372,0.526,0.898,,,,,,,,,,,,,,,,,,,,,,,,,,,,,1971,1903-1973,Veterans,0,0,0,0,0,1,0,0,0,0,0,0,0,0,0,0,Player,,,Chick Hafey,chick,hafey,hafeych01,1283,4625,777,1466,341,67,164,833,70,7,372,477,0,33,83,0,28,5113,0.316972973,0.365929982,0.526054054
676,Ed Williamson,1,1939,13,0,35.7,5082,35,R,,,,,,,,,,,,,,,,,,,,,,,,,,,,,,,,,,,,,,,,,,,,,,,,,,,,,,,,,,,,,,,,,,,,,,,,,,,,,,Ed Williamson,ed,williamson,willied01,395,1145,146,288,47,2,39,150,2,6,101,216,8,17,7,10,50,1280,0.251528384,0.3171875,0.398253275
404,John McGraw,1,1937,17,0,45.7,4946,,L,1937,17,1891,1907,0,45.7,1100,4946,3924,1024,1309,121,70,13,462,436,,836,155,,,,46,0.334,0.466,0.41,0.876,,,,,,,,,,,,,,,,,,,,,,,,,,,,,1937,1873-1934,Centennial,0,0,0,0,0,0,0,0,0,0,0,0,0,1,0,0,Manager,,,John McGraw,john,mcgraw,mcgrajo01,1100,3924,1024,1309,121,70,13,462,436,0,836,155,0,134,46,0,0,4940,0.333588175,0.461336032,0.410040775
797,Joe Start,1,1939,16,0,32.4,4907,,L,,,,,,,,,,,,,,,,,,,,,,,,,,,,,,,,,,,,,,,,,,,,,,,,,,,,,,,,,,,,,,,,,,,,,,,,,,,,,,Joe Start,joe,start,startjo01,1070,4743,852,1417,148,67,15,544,18,9,164,109,0,0,0,0,2,4907,0.298756062,0.322192786,0.367699768
331,Willie Wells,1,1997,21,0,49.5,4471,0.2,R,1997,21,1924,1948,10,49.5,1039,4471,3920,932,1292,257,65,140,873,160,,487,,0,,,36,0.33,0.407,0.535,0.943,,,,,,,,,,,,,,,,,,,,,,,,,,,,,1997,1904-1989,Veterans,0,0,0,0,0,1,0,0,0,0,0,0,0,0,0,0,Player,,,Willie Wells,willie,wells,wellswi01,72,194,25,36,9,1,0,18,2,0,14,0,0,3,7,1,0,219,0.18556701,0.242009132,0.242268041
332,Turkey Stearnes,1,2000,18,0,49.5,4279,7,L,2000,18,1923,1940,5,49.8,993,4279,3807,917,1326,231,113,187,1009,130,,418,,0,0,,25,0.348,0.417,0.616,1.032,,,,,,,,,,,,,,,,,,,,,,,,,,,,,2000,1901-1979,Veterans,0,0,0,0,0,1,0,0,0,0,0,0,0,0,0,0,Player,,,Turkey Stearnes,turkey,stearnes,steartu01,,,,,,,,,,,,,,,,,,,,,
809,Monte Irvin,1,1973,18,0,32.1,4062,,R,1973,18,1938,1956,7,32.1,1044,4062,3523,580,1076,155,43,139,684,52,9,474,220,26,81,11,24,0.305,0.391,0.492,0.883,,,,,,,,,,,,,,,,,,,,,,,,,,,,,1973,1919-2016,Negro League,0,0,0,0,0,0,0,0,0,0,0,1,0,0,0,0,Player,,,Monte Irvin,monte,irvin,irvinmo01,1055,3570,593,1091,159,46,140,693,54,7,484,231,6,31,20,11,81,4116,0.305602241,0.390184645,0.493557423
354,Oscar Charleston,1,1976,18,0,48,3885,80.2,L,1976,18,1920,1941,3,48.3,918,3885,3317,854,1210,241,80,143,853,210,,478,,0,0,,62,0.365,0.449,0.615,1.064,,,,,,,,,,,,,,,,,,,,,,,,,,,,,1976,1896-1954,Negro League,0,0,0,0,0,0,0,0,0,0,0,1,0,0,0,0,Player,,,Oscar Charleston,oscar,charleston,charlos01,,,,,,,,,,,,,,,,,,,,,
652,Mule Suttles,1,2006,21,0,36.6,3623,16,R,2006,21,1924,1944,5,36.5,909,3623,3220,720,1093,213,75,180,883,85,,370,,2,1,0,18,0.339,0.41,0.62,1.03,,,,,,,,,,,,,,,,,,,,,,,,,,,,,2006,1901-1966,Negro League,0,0,0,0,0,0,0,0,0,0,0,1,0,0,0,0,Player,,,Mule Suttles,mule,suttles,suttlmu01,,,,,,,,,,,,,,,,,,,,,
764,Jud Wilson,1,2006,21,0,33.3,3563,,L,2006,21,1923,1945,3,33.3,911,3563,3082,625,1080,203,50,77,728,104,,416,,1,0,0,26,0.35,0.434,0.524,0.958,,,,,,,,,,,,,,,,,,,,,,,,,,,,,2006,1894-1963,Negro League,0,0,0,0,0,0,0,0,0,0,0,1,0,0,0,0,Player,,,Jud Wilson,jud,wilson,wilsoju01,,,,,,,,,,,,,,,,,,,,,
3,Cy Young,1,1937,22,0,163.6,3104,7356,R,1937,22,1890,1911,0,-2,918,3104,2960,325,623,87,35,18,290,29,,81,381,,,,50,0.21,0.234,0.282,0.516,1937,22,1890,1911,0,165.55,511,315,0.619,2.63,906,815,84,749,76,18,7356,7092,3167,2147,138,1217,,2803,161,3,156,29565,1937,1867-1955,BBWAA,1,0,0,0,0,0,0,0,0,0,0,0,0,0,0,0,Player,153,76.10%,Cy Young,cy,young,youngcy01,918,2960,325,623,87,35,18,290,29,0,81,381,0,10,50,0,0,3101,0.210472973,0.230248307,0.281756757
133,Tony Mullane,1,1946,13,0,66.6,2971,4531.1,B,,,,,,,,,,,,,,,,,,,,,,,,,,,,,,,,,,,,,,,,,,,,,,,,,,,,,,,,,,,,,,,,,,,,,,,,,,,,,,Tony Mullane,tony,mullane,mullato01,784,2720,407,661,99,38,8,223,112,0,221,159,0,29,1,0,0,2971,0.243014706,0.306630764,0.316176471
201,Bob Caruthers,1,1945,10,0,59.5,2906,2828.2,L,,,,,,,,,,,,,,,,,,,,,,,,,,,,,,,,,,,,,,,,,,,,,,,,,,,,,,,,,,,,,,,,,,,,,,,,,,,,,,Bob Caruthers,bob,caruthers,carutbo01,705,2465,508,695,104,50,29,359,152,0,417,140,0,24,0,0,0,2906,0.281947262,0.390915348,0.4
90,Pud Galvin,1,1965,15,0,73.4,2788,6003.1,R,1965,15,1875,1892,0,-9.8,731,2788,2748,278,552,87,31,5,220,23,0,38,631,,1,,,0.201,0.212,0.261,0.473,1965,15,1875,1892,0,83.25,365,310,0.541,2.85,705,688,19,646,57,2,6003.1,6405,3352,1903,121,745,,1807,61,2,221,25415,1965,1856-1902,Veterans,0,0,0,0,0,1,0,0,0,0,0,0,0,0,0,0,Player,,,Pud Galvin,pud,galvin,galvipu01,731,2748,278,552,87,31,5,220,23,0,38,631,0,2,0,0,1,2788,0.200873362,0.212338594,0.26055313
81,Old Hoss Radbourn,1,1939,12,0,75.4,2654,4527.1,R,1939,12,1880,1891,0,2.2,653,2654,2487,308,585,64,11,9,259,26,,158,244,,,,,0.235,0.283,0.281,0.564,1939,12,1880,1891,0,73.2,310,194,0.615,2.68,527,502,24,488,35,2,4527.1,4328,2273,1347,118,875,,1830,54,0,214,18918,1939,1854-1897,Old Timers,0,0,0,0,0,0,0,0,0,0,0,0,1,0,0,0,Player,,,Old Hoss Radbourn,old,radbourn,radbool01,,,,,,,,,,,,,,,,,,,,,
885,Buck Leonard,1,1972,14,0,30,2614,,L,1972,14,1935,1948,13,30,604,2614,2163,549,748,144,50,97,548,32,,403,,2,2,0,28,0.346,0.453,0.593,1.046,,,,,,,,,,,,,,,,,,,,,,,,,,,,,1972,1907-1997,Negro League,0,0,0,0,0,0,0,0,0,0,0,1,0,0,0,0,Player,,,Buck Leonard,buck,leonard,leonabu01,,,,,,,,,,,,,,,,,,,,,
2,Walter Johnson,1,1936,21,0,167.8,2534,5914.1,R,1936,21,1907,1927,0,12.7,934,2534,2324,241,547,94,41,24,255,13,4,110,419,0,,,70,0.235,0.274,0.342,0.616,1936,21,1907,1927,0,155.08,417,279,0.599,2.17,802,666,127,531,110,34,5914.1,4913,1902,1424,97,1363,,3509,205,4,154,23415,1936,1887-1946,BBWAA,1,0,0,0,0,0,0,0,0,0,0,0,0,0,0,0,Player,189,83.60%,Walter Johnson,walter,johnson,johnswa01,933,2324,241,547,94,41,24,255,13,4,110,419,0,13,70,0,0,2517,0.235370052,0.266189909,0.342082616
616,Josh Gibson,1,1972,14,0,38.1,2526,1.2,R,1972,14,1930,1946,12,38.2,602,2526,2168,612,808,135,58,166,733,40,,336,,11,1,0,18,0.373,0.458,0.718,1.176,,,,,,,,,,,,,,,,,,,,,,,,,,,,,1972,1911-1947,Negro League,0,0,0,0,0,0,0,0,0,0,0,1,0,0,0,0,Player,,,Josh Gibson,josh,gibson,gibsojo01,,,,,,,,,,,,,,,,,,,,,
180,Bullet Rogan,1,1998,13,0,61.3,2345,1500,R,1998,13,1920,1938,1,23.4,681,2345,2052,413,693,106,60,50,419,106,,248,,,,,29,0.338,0.413,0.521,0.934,1998,13,1920,1938,1,37.84,120,52,0.698,2.65,214,157,18,136,18,16,1500,1330,611,442,22,405,0,918,30,1,31,5541,1998,1893-1967,Veterans,0,0,0,0,0,1,0,0,0,0,0,0,0,0,0,0,Player,,,Bullet Rogan,bullet,rogan,roganbu01,,,,,,,,,,,,,,,,,,,,,
185,Charlie Buffinton,1,1964,11,0,60.7,2309,3404,R,,,,,,,,,,,,,,,,,,,,,,,,,,,,,,,,,,,,,,,,,,,,,,,,,,,,,,,,,,,,,,,,,,,,,,,,,,,,,,Charlie Buffinton,charlie,buffinton,buffich01,586,2214,245,543,67,16,7,255,14,0,91,114,0,4,0,0,0,2309,0.245257453,0.276310091,0.299457995
167,Mickey Welch,1,1973,13,0,62.3,2286,4802,R,1973,13,1880,1892,0,-0.8,607,2286,2201,268,492,93,16,12,202,10,,82,329,,,,,0.224,0.252,0.297,0.549,1973,13,1880,1892,0,63.11,307,210,0.594,2.71,565,549,16,525,41,4,4802,4588,2556,1447,106,1297,,1850,52,1,274,20308,1973,1859-1941,Veterans,0,0,0,0,0,1,0,0,0,0,0,0,0,0,0,0,Player,,,Mickey Welch,mickey,welch,welchmi01,607,2201,268,492,93,16,12,202,10,0,82,329,0,3,0,0,0,2286,0.223534757,0.252405949,0.296683326
17,Kid Nichols,1,1949,15,0,116.3,2264,5067.1,B,1949,15,1890,1906,0,-0.4,650,2264,2090,273,472,58,24,16,278,19,,137,343,,,,25,0.226,0.277,0.3,0.577,1949,15,1890,1906,0,116.71,362,208,0.635,2.96,621,562,56,532,48,16,5067.1,4929,2480,1664,156,1272,,1881,129,1,169,21099,1949,1869-1953,Old Timers,0,0,0,0,0,0,0,0,0,0,0,0,1,0,0,0,Player,,,Kid Nichols,kid,nichols,nichoki01,650,2090,273,472,58,24,16,278,19,0,137,343,0,12,25,0,0,2264,0.225837321,0.274293286,0.299521531
50,Tim Keefe,1,1964,14,0,86.9,2262,5049.2,R,1964,14,1880,1893,0,-2.3,618,2262,2083,248,390,60,38,12,134,13,,175,411,,,,,0.187,0.252,0.27,0.521,1964,14,1880,1893,0,89.14,342,225,0.603,2.63,600,594,7,554,39,2,5049.2,4438,2470,1474,75,1233,,2564,98,0,240,20941,1964,1857-1933,Veterans,0,0,0,0,0,1,0,0,0,0,0,0,0,0,0,0,Player,,,Tim Keefe,tim,keefe,keefeti01,618,2083,248,390,60,38,12,134,13,0,175,411,0,4,0,0,0,2262,0.187229957,0.251547303,0.269803169
271,Bucky Walters,1,2008,19,0,53.6,2150,3104.2,R,,,,,,,,,,,,,,,,,,,,,,,,,,,,,,,,,,,,,,,,,,,,,,,,,,,,,,,,,,,,,,,,,,,,,,,,,,,,,,Bucky Walters,bucky,walters,waltebu01,715,1966,227,477,99,16,23,234,12,1,114,303,0,5,64,0,34,2149,0.242624619,0.277338297,0.344354018
343,Jack Stivetts,1,1946,11,0,48.5,2148,2887.2,R,,,,,,,,,,,,,,,,,,,,,,,,,,,,,,,,,,,,,,,,,,,,,,,,,,,,,,,,,,,,,,,,,,,,,,,,,,,,,,Jack Stivetts,jack,stivetts,stiveja01,601,1992,348,593,84,46,35,357,31,0,133,158,0,9,14,0,0,2148,0.297690763,0.342178771,0.43875502
78,Jim McCormic,1,1946,10,0,76.2,2104,4275.2,R,,,,,,,,,,,,,,,,,,,,,,,,,,,,,,,,,,,,,,,,,,,,,,,,,,,,,,,,,,,,,,,,,,,,,,,,,,,,,,Jim McCormic,jim,mccormic,mccorji01,534,2082,246,491,66,22,4,178,10,0,22,127,0,0,0,0,0,2104,0.235830932,0.243821293,0.294428434
115,Red Ruffing,1,1967,22,0,68.6,2084,4344,R,1967,22,1924,1947,6,13.2,882,2084,1937,207,521,98,13,36,273,1,1,97,266,4,13,,44,0.269,0.306,0.389,0.695,1967,22,1924,1947,6,55.34,273,225,0.548,3.8,624,538,69,335,45,18,4344,4284,2115,1833,254,1541,67,1987,58,7,46,18546,1967,1905-1986,Run Off,0,0,0,0,0,0,0,0,0,0,0,0,0,0,1,0,Player,266,86.90%,Red Ruffing,red,ruffing,ruffire01,882,1937,207,521,98,13,36,273,1,1,97,266,0,6,43,0,13,2083,0.268972638,0.299567931,0.388745483
59,John Clarkson,1,1963,12,0,83.2,2060,4536.1,R,1963,12,1882,1894,0,-1.8,546,2060,1974,254,432,73,26,24,232,31,,81,382,,,,4,0.219,0.25,0.319,0.569,1963,12,1882,1894,0,84.98,328,178,0.648,2.81,531,518,12,485,37,5,4536.1,4295,2384,1417,159,1191,,1978,80,0,182,19146,1963,1861-1909,Veterans,0,0,0,0,0,1,0,0,0,0,0,0,0,0,0,0,Player,,,John Clarkson,john,clarkson,clarkjo01,546,1974,254,432,73,26,24,232,31,0,81,382,0,1,4,0,0,2060,0.218844985,0.249514563,0.318642351
32,Warren Spahn,1,1973,21,0,100.1,2056,5243.2,L,1973,21,1942,1965,17,7.6,783,2056,1872,141,363,57,6,35,189,4,2,94,487,0,23,14,68,0.194,0.234,0.287,0.52,1973,21,1942,1965,17,92.55,363,245,0.597,3.09,750,665,67,382,63,28,5243.2,4830,2016,1798,434,1434,112,2583,42,5,81,21547,1973,1921-2003,BBWAA,1,0,0,0,0,0,0,0,0,0,0,0,0,0,0,0,Player,316,83.20%,Warren Spahn,warren,spahn,spahnwa01,783,1872,141,363,57,6,35,189,4,2,94,487,0,7,68,14,23,2055,0.193910256,0.225790754,0.286858974
183,Tommy Bond,1,1946,10,0,60.9,1997,3628.2,R,,,,,,,,,,,,,,,,,,,,,,,,,,,,,,,,,,,,,,,,,,,,,,,,,,,,,,,,,,,,,,,,,,,,,,,,,,,,,,Tommy Bond,tommy,bond,bondxto01,,,,,,,,,,,,,,,,,,,,,
192,Al Spalding,1,1939,8,0,60.2,1988,2886.1,R,1939,8,1871,1878,0,6.8,411,1988,1959,417,613,86,19,2,338,18,3,29,26,,5,,,0.313,0.323,0.379,0.702,1939,8,1871,1878,0,53.37,251,65,0.794,2.13,347,325,31,279,24,13,2886.1,3280,1790,684,15,164,,248,,2,104,12724,1939,1850-1915,Old Timers,0,0,0,0,0,0,0,0,0,0,0,0,1,0,0,0,Pioneer/Executive,,,Al Spalding,al,spalding,spaldal01,411,1959,417,613,86,19,2,338,18,3,29,26,0,0,0,0,5,1988,0.312914752,0.322937626,0.37927514
15,Grover Alexander,1,1938,20,0,119.7,1982,5190,R,1938,20,1911,1930,0,3.1,703,1982,1810,154,378,60,13,11,163,3,6,77,276,0,,,88,0.209,0.242,0.275,0.517,1938,20,1911,1930,0,116.64,373,208,0.642,2.56,696,600,81,436,90,32,5190,4868,1852,1476,165,951,8,2198,70,1,38,20893,1938,1887-1950,BBWAA,1,0,0,0,0,0,0,0,0,0,0,0,0,0,0,0,Player,212,80.90%,Grover Alexander,grover,alexander,alexagr01,,,,,,,,,,,,,,,,,,,,,
182,Early Wynn,1,1972,23,0,61,1904,4564,B,1972,23,1939,1963,9,9.4,796,1904,1704,136,365,59,5,17,173,1,0,141,330,1,33,4,52,0.214,0.274,0.285,0.559,1972,23,1939,1963,9,51.55,300,244,0.551,3.54,691,611,67,289,49,16,4564,4291,2037,1796,338,1775,100,2334,64,2,51,19408,1972,1920-1999,BBWAA,1,0,0,0,0,0,0,0,0,0,0,0,0,0,0,0,Player,301,76.00%,Early Wynn,early,wynn,wynnxea01,,,,,,,,,,,,,,,,,,,,,
27,Christy Mathewson,1,1936,17,0,106.7,1900,4788.2,R,1936,17,1900,1916,0,6.2,647,1900,1687,151,362,50,12,7,167,20,1,116,218,,,,69,0.215,0.272,0.271,0.543,1936,17,1900,1916,0,100.47,373,188,0.665,2.13,636,552,73,435,79,30,4788.2,4219,1620,1135,89,848,,2507,59,8,115,18929,1936,1880-1925,BBWAA,1,0,0,0,0,0,0,0,0,0,0,0,0,0,0,0,Player,205,90.70%,Christy Mathewson,christy,mathewson,mathech01,647,1687,151,362,50,12,7,165,20,1,116,218,0,17,69,0,0,1889,0.214582098,0.262043409,0.27089508
45,Steve Carlton,1,1994,24,0,90.2,1881,5217.2,L,1994,24,1965,1988,10,6.1,699,1881,1719,123,346,49,6,13,140,2,2,41,413,0,33,13,94,0.201,0.223,0.259,0.482,1994,24,1965,1988,10,84.13,329,244,0.574,3.22,741,709,13,254,55,2,5217.2,4672,2130,1864,414,1833,150,4136,53,90,183,21683,1994,1944-Living,BBWAA,1,0,0,0,0,0,0,0,0,0,0,0,0,0,0,0,Player,436,95.60%,Steve Carlton,steve,carlton,carltst01,745,1719,123,346,49,6,13,140,2,2,41,413,0,10,94,13,33,1877,0.201279814,0.211507725,0.25945317
28,Greg Maddux,1,2014,23,0,106.6,1812,5008.1,R,2014,23,1986,2008,8,1.8,737,1812,1591,103,272,35,2,5,84,11,3,34,419,0,15,2,180,0.171,0.191,0.205,0.395,2014,23,1986,2008,8,104.79,355,227,0.61,3.16,744,740,3,109,35,0,5008.1,4726,1981,1756,353,999,177,3371,137,28,70,20421,2014,1966-Living,BBWAA,1,0,0,0,0,0,0,0,0,0,0,0,0,0,0,0,Player,555,97.20%,Greg Maddux,greg,maddux,maddugr01,759,1591,103,272,35,2,5,84,11,3,34,419,0,5,180,2,15,1812,0.170961659,0.171633554,0.204902577
51,Robin Roberts,1,1976,19,0,86.2,1784,4688.2,B,1976,19,1948,1966,7,3.2,688,1784,1525,107,255,55,10,5,103,3,1,135,372,0,37,6,108,0.167,0.238,0.226,0.464,1976,19,1948,1966,7,83.06,286,245,0.539,3.41,676,609,49,305,45,25,4688.2,4582,1962,1774,505,902,109,2357,54,3,33,19174,1976,1926-2010,BBWAA,1,0,0,0,0,0,0,0,0,0,0,0,0,0,0,0,Player,337,86.90%,Robin Roberts,robin,roberts,roberro01,688,1525,107,255,55,10,5,103,3,1,135,372,0,8,108,6,37,1782,0.167213115,0.223344557,0.226229508
44,Eddie Plank,1,1946,17,0,91.2,1783,4495.2,L,1946,17,1901,1917,0,3.3,630,1783,1607,130,331,39,7,3,122,13,3,71,265,,,,76,0.206,0.25,0.245,0.495,1946,17,1901,1917,0,87.97,326,194,0.627,2.35,623,529,77,410,69,23,4495.2,3958,1566,1174,42,1072,,2246,190,6,88,17814,1946,1875-1926,Old Timers,0,0,0,0,0,0,0,0,0,0,0,0,1,0,0,0,Player,,,Eddie Plank,eddie,plank,planked01,630,1607,130,331,39,7,3,122,13,3,71,265,0,24,76,0,0,1778,0.205973864,0.239595051,0.244555072
140,Amos Rusie,1,1977,10,0,65.8,1765,3778.2,R,1977,10,1889,1901,0,0.6,487,1765,1730,209,429,42,29,8,176,25,,27,186,,,,2,0.248,0.262,0.32,0.582,1977,10,1889,1901,0,65.21,246,174,0.586,3.07,463,427,35,393,30,5,3778.2,3389,2068,1288,75,1707,,1950,112,1,153,16313,1977,1871-1942,Veterans,0,0,0,0,0,1,0,0,0,0,0,0,0,0,0,0,Player,,,Amos Rusie,amos,rusie,rusieam01,487,1730,209,429,42,29,8,176,25,0,27,186,0,6,2,0,0,1765,0.247976879,0.261756374,0.319653179
255,Jack Powell,1,1945,16,0,55.3,1764,4389,R,,,,,,,,,,,,,,,,,,,,,,,,,,,,,,,,,,,,,,,,,,,,,,,,,,,,,,,,,,,,,,,,,,,,,,,,,,,,,,Jack Powell,jack,powell,powelja01,585,1610,133,309,38,14,8,124,3,0,87,299,0,7,50,0,0,1754,0.191925466,0.229760547,0.247826087
98,Ted Lyons,1,1955,21,0,70.7,1729,4161,B,1955,21,1923,1946,1,3.9,705,1729,1563,162,364,49,9,5,149,0,1,73,201,0,9,,83,0.233,0.27,0.285,0.556,1955,21,1923,1946,1,66.77,260,230,0.531,3.67,594,484,91,356,27,25,4161,4489,2056,1696,222,1121,49,1073,31,6,55,17797,1955,1900-1986,BBWAA,1,0,0,0,0,0,0,0,0,0,0,0,0,0,0,0,Player,217,86.50%,Ted Lyons,ted,lyons,lyonste01,705,1563,162,364,49,9,5,149,0,1,73,201,0,7,83,0,9,1726,0.232885477,0.257242178,0.285348688
36,Phil Niekro,1,1997,24,0,95.9,1707,5404,R,1997,24,1964,1987,5,-1.1,742,1707,1537,80,260,42,1,7,109,0,1,17,314,0,35,12,129,0.169,0.183,0.211,0.395,1997,24,1964,1987,5,96.97,318,274,0.537,3.35,864,716,83,245,45,29,5404,5044,2337,2012,482,1809,86,3342,123,42,226,22677,1997,1939-2020,BBWAA,1,0,0,0,0,0,0,0,0,0,0,0,0,0,0,0,Player,380,80.30%,Phil Niekro,phil,niekro,niekrph01,866,1537,80,260,42,1,7,109,0,1,17,314,0,12,129,12,35,1707,0.169160703,0.169302871,0.211450878
373,George Mullin,1,1946,14,0,47.1,1701,3686.2,R,,,,,,,,,,,,,,,,,,,,,,,,,,,,,,,,,,,,,,,,,,,,,,,,,,,,,,,,,,,,,,,,,,,,,,,,,,,,,,George Mullin,george,mullin,mullige01,614,1531,163,401,70,23,3,139,18,0,122,226,0,7,25,0,0,1685,0.261920314,0.314540059,0.343566297
283,Burleigh Grimes,1,1964,19,0,52.9,1687,4180,R,1964,19,1916,1934,0,6.2,632,1687,1535,157,380,62,11,2,168,15,6,69,241,0,1,,76,0.248,0.282,0.306,0.588,1964,19,1916,1934,0,46.7,270,212,0.56,3.53,616,497,95,314,35,18,4180,4412,2050,1638,148,1295,25,1512,101,12,92,17974,1964,1893-1985,Veterans,0,0,0,0,0,1,0,0,0,0,0,0,0,0,0,0,Player,,,Burleigh Grimes,burleigh,grimes,grimebu01,632,1535,157,380,62,11,2,168,15,4,69,241,0,5,76,0,1,1685,0.247557003,0.269436202,0.306188925
242,Eppa Rixey,1,1963,21,0,55.9,1667,4494.2,R,1963,21,1912,1933,0,-1.4,694,1667,1522,95,291,33,4,3,111,2,2,49,220,0,2,,87,0.191,0.221,0.224,0.445,1963,21,1912,1933,0,57.33,266,251,0.515,3.15,692,554,99,290,37,14,4494.2,4633,1986,1572,93,1082,16,1350,76,10,97,18754,1963,1891-1963,Veterans,0,0,0,0,0,1,0,0,0,0,0,0,0,0,0,0,Player,,,Eppa Rixey,eppa,rixey,rixeyep01,694,1522,95,291,33,4,3,111,2,2,49,220,0,9,87,0,2,1667,0.191195795,0.209358128,0.224047306
65,Tom Glavine,1,2014,22,0,80.7,1645,4413.1,L,2014,22,1987,2008,10,6.8,688,1645,1323,93,246,25,2,1,90,1,0,101,329,0,14,3,216,0.186,0.244,0.21,0.454,2014,22,1987,2008,10,73.96,305,203,0.6,3.54,682,682,0,56,25,0,4413.1,4298,1900,1734,356,1500,145,2607,66,7,65,18604,2014,1966-Living,BBWAA,1,0,0,0,0,0,0,0,0,0,0,0,0,0,0,0,Player,525,91.90%,Tom Glavine,tom,glavine,glavito01,389,1008,191,259,55,6,24,108,11,0,208,173,0,21,9,0,28,1246,0.256944444,0.391653291,0.39484127
159,Vic Willis,1,1995,13,0,63.2,1632,3996,R,1995,13,1898,1910,0,-3.9,531,1632,1493,107,248,19,4,1,84,3,,81,199,,,,41,0.166,0.213,0.186,0.399,1995,13,1898,1910,0,67,249,205,0.548,2.63,513,471,41,388,50,11,3996,3621,1620,1167,66,1212,,1651,156,6,94,16279,1995,1876-1947,Veterans,0,0,0,0,0,1,0,0,0,0,0,0,0,0,0,0,Player,,,Vic Willis,vic,willis,willivi01,531,1493,107,248,19,4,1,84,3,0,81,199,0,8,41,0,0,1623,0.166108506,0.207640173,0.186202277
152,Clark Griffith,1,1946,21,0,63.8,1590,3385.2,R,1946,21,1891,1914,0,3.9,485,1590,1380,202,321,49,17,8,166,22,1,166,126,,,,27,0.233,0.318,0.31,0.628,1946,21,1891,1914,0,59.88,237,146,0.619,3.31,453,372,78,337,22,8,3385.2,3670,1852,1246,76,774,,955,171,3,66,14333,1946,1869-1955,Old Timers,0,0,0,0,0,0,0,0,0,0,0,0,1,0,0,0,Pioneer/Executive,,,Clark Griffith,clark,griffith,griffcl01,485,1380,202,321,49,17,8,166,22,1,166,126,0,7,27,0,0,1580,0.232608696,0.312658228,0.310144928
26,Lefty Grove,1,1947,17,0,106.8,1580,3940.2,L,1947,17,1925,1941,6,-6.5,619,1580,1369,119,202,27,5,15,121,1,1,105,593,0,1,,103,0.148,0.209,0.207,0.417,1947,17,1925,1941,6,113.24,300,141,0.68,3.06,616,457,123,298,35,54,3940.2,3849,1594,1339,162,1187,24,2266,42,1,51,16622,1947,1900-1975,BBWAA,1,0,0,0,0,0,0,0,0,0,0,0,0,0,0,0,Player,123,76.40%,Lefty Grove,lefty,grove,grovele01,619,1369,119,202,27,5,15,121,1,1,105,593,0,2,103,0,1,1579,0.147552958,0.195693477,0.207450694
377,Jesse Tannehill,1,1946,15,0,47,1561,2759.1,B,,,,,,,,,,,,,,,,,,,,,,,,,,,,,,,,,,,,,,,,,,,,,,,,,,,,,,,,,,,,,,,,,,,,,,,,,,,,,,Jesse Tannehill,jesse,tannehill,tanneje01,507,1414,190,361,55,23,5,142,19,0,105,166,0,8,26,0,0,1553,0.255304102,0.305215712,0.337340877
132,Don Sutton,1,1998,23,0,66.7,1559,5282.1,R,1998,23,1966,1988,4,-1.6,611,1559,1354,64,195,15,1,0,64,1,0,60,365,0,29,3,136,0.144,0.183,0.157,0.34,1998,23,1966,1988,4,68.28,324,256,0.559,3.26,774,756,12,178,58,5,5282.1,4692,2104,1914,472,1343,102,3574,82,21,112,21631,1998,1945-2021,BBWAA,1,0,0,0,0,0,0,0,0,0,0,0,0,0,0,0,Player,386,81.60%,Don Sutton,don,sutton,suttodo01,785,1354,64,195,15,1,0,64,1,0,60,365,0,6,136,3,29,1559,0.144017725,0.16741501,0.156573117
153,Red Faber,1,1964,20,0,63.8,1559,4086.2,B,1964,20,1914,1933,0,-3.6,670,1559,1269,98,170,21,2,3,71,7,0,169,479,0,,,104,0.134,0.24,0.161,0.401,1964,20,1914,1933,0,67.39,254,213,0.544,3.15,669,483,134,273,29,27,4086.2,4106,1813,1430,111,1213,10,1471,103,2,52,17104,1964,1888-1976,Veterans,0,0,0,0,0,1,0,0,0,0,0,0,0,0,0,0,Player,,,Red Faber,red,faber,faberre01,670,1269,98,170,21,2,3,70,7,0,169,479,0,8,104,0,0,1550,0.133963751,0.223870968,0.160756501
22,Tom Seaver,1,1992,20,0,109.9,1552,4783,R,1992,20,1967,1986,12,3.9,582,1552,1315,99,202,28,5,12,86,4,0,108,485,0,22,4,121,0.154,0.219,0.21,0.429,1992,20,1967,1986,12,106.07,311,205,0.603,2.86,656,647,6,231,61,1,4783,3971,1674,1521,380,1390,116,3640,76,8,126,19369,1992,1944-2020,BBWAA,1,0,0,0,0,0,0,0,0,0,0,0,0,0,0,0,Player,425,98.80%,Tom Seaver,tom,seaver,seaveto01,677,1315,99,202,28,5,12,86,4,0,108,485,0,4,121,4,22,1552,0.153612167,0.202319588,0.209885932
307,Theodore Breitenstein,1,1945,11,0,50.6,1538,2973.1,L,,,,,,,,,,,,,,,,,,,,,,,,,,,,,,,,,,,,,,,,,,,,,,,,,,,,,,,,,,,,,,,,,,,,,,,,,,,,,,Theodore Breitenstein,theodore,breitenstein,breitth01,,,,,,,,,,,,,,,,,,,,,
703,Will White,1,2013,10,0,34.9,1537,3542.2,B,,,,,,,,,,,,,,,,,,,,,,,,,,,,,,,,,,,,,,,,,,,,,,,,,,,,,,,,,,,,,,,,,,,,,,,,,,,,,,Will White,will,white,whitewi01,403,1478,167,271,28,7,1,111,0,0,56,128,0,3,0,0,0,1537,0.183355886,0.214703969,0.213802436
344,Doc White,1,1946,13,0,48.5,1532,3041,L,,,,,,,,,,,,,,,,,,,,,,,,,,,,,,,,,,,,,,,,,,,,,,,,,,,,,,,,,,,,,,,,,,,,,,,,,,,,,,Doc White,doc,white,whitedo01,547,1283,147,278,22,13,2,75,32,0,147,195,0,1,85,0,0,1516,0.216679657,0.281002639,0.258768511
213,Jack Quinn,1,1993,23,0,58.6,1514,3920.1,R,,,,,,,,,,,,,,,,,,,,,,,,,,,,,,,,,,,,,,,,,,,,,,,,,,,,,,,,,,,,,,,,,,,,,,,,,,,,,,Jack Quinn,jack,quinn,quinnja01,771,1349,90,248,38,7,8,113,5,0,89,335,0,3,71,0,0,1512,0.183839881,0.224867725,0.24017791
47,Bob Gibson,1,1981,17,0,89.2,1489,3884.1,R,1981,17,1959,1975,9,7.5,596,1489,1328,132,274,44,5,24,144,13,10,63,415,0,13,18,72,0.206,0.243,0.301,0.545,1981,17,1959,1975,9,81.66,251,174,0.591,2.91,528,482,21,255,56,6,3884.1,3279,1420,1258,257,1336,118,3117,102,13,108,16068,1981,1935-2020,BBWAA,1,0,0,0,0,0,0,0,0,0,0,0,0,0,0,0,Player,337,84.00%,Bob Gibson,bob,gibson,gibsobo01,596,1328,132,274,44,5,24,144,13,10,63,415,0,8,72,18,13,1489,0.206325301,0.231699127,0.301204819
157,Bob Feller,1,1962,18,0,63.4,1486,3827,R,1962,18,1936,1956,8,-1.8,570,1486,1282,99,193,28,13,8,99,1,2,100,505,0,15,0,100,0.151,0.214,0.211,0.425,1962,18,1936,1956,8,65.2,266,162,0.621,3.25,570,484,52,279,44,22,3827,3271,1557,1384,224,1764,89,2581,60,13,69,16180,1962,1918-2010,BBWAA,1,0,0,0,0,0,0,0,0,0,0,0,0,0,0,0,Player,150,93.80%,Bob Feller,bob,feller,fellebo01,570,1282,99,193,28,13,8,99,1,2,100,505,0,3,100,0,15,1485,0.150546022,0.199326599,0.211388456
315,Silver King,1,1969,10,0,50.4,1477,3180.2,R,,,,,,,,,,,,,,,,,,,,,,,,,,,,,,,,,,,,,,,,,,,,,,,,,,,,,,,,,,,,,,,,,,,,,,,,,,,,,,Silver King,silver,king,kingxsi01,,,,,,,,,,,,,,,,,,,,,
422,Herb Pennock,1,1948,22,0,45,1427,3571.2,B,1948,22,1912,1934,0,0.8,620,1427,1214,108,232,33,4,4,103,1,0,94,178,0,,,111,0.191,0.253,0.235,0.488,1948,22,1912,1934,0,44.18,241,162,0.598,3.6,617,419,135,249,35,37,3571.2,3900,1699,1428,128,916,18,1227,36,6,65,15093,1948,1894-1948,BBWAA,1,0,0,0,0,0,0,0,0,0,0,0,0,0,0,0,Player,94,77.70%,Herb Pennock,herb,pennock,pennohe01,620,1214,108,232,33,4,4,103,1,0,94,178,0,7,111,0,0,1426,0.191103789,0.233520337,0.23476112
204,Joe McGinnity,1,1946,10,0,59,1424,3441.1,R,1946,10,1899,1908,0,-2.9,477,1424,1297,109,251,21,10,0,90,26,,34,158,,,,81,0.194,0.221,0.225,0.446,1946,10,1899,1908,0,61.91,246,142,0.634,2.66,465,381,73,314,32,24,3441.1,3276,1436,1016,52,812,,1068,179,4,30,14143,1946,1871-1929,Old Timers,0,0,0,0,0,0,0,0,0,0,0,0,1,0,0,0,Player,,,Joe McGinnity,joe,mcginnity,mcginjo01,477,1297,109,251,21,10,0,90,26,0,34,158,0,11,81,0,0,1423,0.193523516,0.208011244,0.225134927
288,Waite Hoyt,1,1969,21,0,52.4,1423,3762.1,R,1969,21,1918,1938,0,-1.8,674,1423,1287,96,255,26,11,0,100,0,1,40,161,0,10,,91,0.198,0.223,0.235,0.458,1969,21,1918,1938,0,54.14,237,182,0.566,3.59,674,425,172,226,26,53,3762.1,4037,1780,1500,154,1003,24,1206,49,5,39,16031,1969,1899-1984,Veterans,0,0,0,0,0,1,0,0,0,0,0,0,0,0,0,0,Player,,,Waite Hoyt,waite,hoyt,hoytxwa01,,,,,,,,,,,,,,,,,,,,,
610,Ray Brown,1,2006,14,0,38.2,1407,1480.2,B,2006,14,1931,1945,2,6.5,429,1407,1260,193,335,74,21,25,197,10,,123,,2,0,0,23,0.266,0.332,0.417,0.749,2006,14,1931,1945,2,31.69,119,46,0.721,3.12,216,157,35,140,18,16,1480.2,1400,648,514,33,415,0,719,24,2,5,5391,2006,1908-1965,Negro League,0,0,0,0,0,0,0,0,0,0,0,1,0,0,0,0,Player,,,Ray Brown,ray,brown,brownra01,1,3,0,0,0,0,0,1,0,0,0,2,0,0,0,0,0,3,0,0,0
202,Jim Bunning,1,1996,17,0,59.4,1401,3760.1,R,1996,17,1955,1971,9,-0.9,601,1401,1275,82,213,21,4,7,75,0,2,34,362,0,36,6,85,0.167,0.188,0.206,0.395,1996,17,1955,1971,9,60.33,224,184,0.549,3.27,591,519,39,151,40,16,3760.1,3433,1527,1366,372,1000,98,2855,160,8,47,15618,1996,1931-2017,Veterans,0,0,0,0,0,1,0,0,0,0,0,0,0,0,0,0,Player,,,Jim Bunning,jim,bunning,bunniji01,601,1275,82,213,21,4,7,75,0,2,34,362,0,1,85,6,36,1401,0.167058824,0.177016417,0.20627451
118,Carl Hubbell,1,1947,16,0,68.5,1397,3590.1,R,1947,16,1928,1943,9,-0.4,535,1397,1288,95,246,30,2,4,101,1,2,33,172,0,12,,75,0.191,0.212,0.227,0.439,1947,16,1928,1943,9,68.83,253,154,0.622,2.98,535,433,82,260,36,33,3590.1,3461,1380,1188,227,725,68,1677,53,1,53,14805,1947,1903-1988,BBWAA,1,0,0,0,0,0,0,0,0,0,0,0,0,0,0,0,Player,140,87.00%,Carl Hubbell,carl,hubbell,hubbeca01,535,1288,95,246,30,2,4,101,1,0,33,172,0,1,75,0,12,1397,0.190993789,0.200429492,0.226708075
309,Jim Kaat,1,2022,25,0,50.5,1363,4530.1,L,2022,25,1959,1983,3,5.3,840,1363,1251,117,232,44,5,16,106,5,1,63,367,1,14,7,34,0.185,0.227,0.267,0.494,2022,25,1959,1983,3,45.24,283,237,0.544,3.45,898,625,102,180,31,17,4530.1,4620,2038,1738,395,1083,116,2461,122,6,128,19023,2022,1938-Living,Golden Days Era,0,0,1,0,0,0,0,0,0,0,0,0,0,0,0,0,Player,12,75.00%,Jim Kaat,jim,kaat,kaatxji01,,,,,,,,,,,,,,,,,,,,,
162,Juan Marichal,1,1983,16,0,62.8,1343,3507,R,1983,16,1960,1975,10,1,464,1343,1221,73,202,29,2,4,75,2,5,38,269,0,20,7,71,0.165,0.191,0.202,0.393,1983,16,1960,1975,10,61.78,243,142,0.631,2.89,471,457,11,244,52,2,3507,3153,1329,1126,320,709,82,2303,40,20,51,14236,1983,1937-Living,BBWAA,1,0,0,0,0,0,0,0,0,0,0,0,0,0,0,0,Player,313,83.70%,Juan Marichal,juan,marichal,maricju01,475,1221,73,202,29,2,4,75,2,5,38,269,0,2,71,7,20,1339,0.165438165,0.180731889,0.202293202
349,Bob Lemon,1,1976,15,0,48.2,1330,2850,L,1976,15,1941,1958,7,10.7,615,1330,1183,148,274,54,9,37,147,2,1,93,241,0,9,3,49,0.232,0.288,0.386,0.674,1976,15,1941,1958,7,37.54,207,128,0.618,3.23,460,350,73,188,31,22,2850,2559,1185,1024,180,1251,55,1277,57,2,63,12099,1976,1920-2000,BBWAA,1,0,0,0,0,0,0,0,0,0,0,0,0,0,0,0,Player,305,78.60%,Bob Lemon,bob,lemon,lemonbo01,615,1183,148,274,54,9,37,147,2,1,93,241,0,2,49,3,9,1330,0.231614539,0.277443609,0.386306002
272,Wilbur Cooper,1,1973,15,0,53.4,1317,3480,R,,,,,,,,,,,,,,,,,,,,,,,,,,,,,,,,,,,,,,,,,,,,,,,,,,,,,,,,,,,,,,,,,,,,,,,,,,,,,,Wilbur Cooper,wilbur,cooper,coopewi01,521,1227,111,293,34,17,6,106,12,9,47,140,0,4,38,0,0,1316,0.238793806,0.261398176,0.308883456
130,Don Drysdale,1,1984,14,0,67.1,1309,3432,R,1984,14,1956,1969,9,5.8,547,1309,1169,96,218,26,7,29,113,0,2,60,370,0,34,6,69,0.186,0.228,0.295,0.523,1984,14,1956,1969,9,61.35,209,166,0.557,2.95,518,465,34,167,49,6,3432,3084,1292,1124,280,855,123,2486,154,10,82,14097,1984,1936-1993,BBWAA,1,0,0,0,0,0,0,0,0,0,0,0,0,0,0,0,Player,316,78.40%,Don Drysdale,don,drysdale,drysddo01,547,1169,96,218,26,7,29,113,0,2,60,370,0,5,69,6,34,1309,0.186484175,0.216195569,0.295124038
361,Charles Bender,1,1953,16,0,47.8,1286,3017,R,1953,16,1903,1925,0,5.2,507,1286,1147,102,243,40,10,6,116,20,2,75,160,0,,,42,0.212,0.266,0.28,0.546,1953,16,1903,1925,0,42.62,212,127,0.625,2.46,459,334,112,255,40,34,3017,2645,1108,823,40,712,,1711,102,10,79,11901,1953,1884-1954,Veterans,0,0,0,0,0,1,0,0,0,0,0,0,0,0,0,0,Player,,,Charles Bender,charles,bender,bendech01,507,1147,102,243,40,10,6,116,20,2,75,160,0,10,42,0,0,1274,0.211857018,0.257456829,0.279860506
273,Billy Pierce,1,1974,18,0,53.4,1255,3306.2,L,,,,,,,,,,,,,,,,,,,,,,,,,,,,,,,,,,,,,,,,,,,,,,,,,,,,,,,,,,,,,,,,,,,,,,,,,,,,,,Billy Pierce,billy,pierce,piercbi01,116,191,9,33,10,1,0,14,0,0,7,46,0,2,17,0,0,217,0.172774869,0.193548387,0.235602094
217,Mordecai Brown,1,1949,14,0,58,1244,3172.1,B,1949,14,1903,1916,0,1.1,493,1244,1143,93,235,20,11,2,73,8,0,44,199,,,,49,0.206,0.236,0.248,0.483,1949,14,1903,1916,0,56.92,239,130,0.648,2.06,481,332,138,271,55,49,3172.1,2708,1044,725,43,673,,1375,61,4,61,12450,1949,1876-1948,Old Timers,0,0,0,0,0,0,0,0,0,0,0,0,1,0,0,0,Player,,,Mordecai Brown,mordecai,brown,brownmo01,493,1143,93,235,20,11,2,74,8,0,44,199,0,1,49,0,0,1237,0.2055993,0.226354082,0.247594051
46,Gaylord Perry,1,1991,22,0,90,1220,5350,R,1991,22,1962,1983,5,-3,512,1220,1076,48,141,17,0,6,47,0,0,22,369,0,20,3,113,0.131,0.153,0.164,0.316,1991,22,1962,1983,5,93.02,314,265,0.542,3.11,777,690,33,303,53,10,5350,4938,2128,1846,399,1379,164,3534,108,6,160,21953,1991,1938-2022,BBWAA,1,0,0,0,0,0,0,0,0,0,0,0,0,0,0,0,Player,342,77.20%,Gaylord Perry,gaylord,perry,perryga01,787,1076,48,141,17,0,6,47,0,0,22,369,0,6,113,3,20,1220,0.131040892,0.13852459,0.163568773
782,Jesse Haines,1,1970,19,0,32.8,1215,3208.2,R,1970,19,1918,1937,0,-3,560,1215,1124,76,209,23,2,3,79,2,1,30,246,0,1,,59,0.186,0.208,0.218,0.426,1970,19,1918,1937,0,35.74,210,158,0.571,3.64,555,387,96,209,23,11,3208.2,3460,1556,1298,165,871,39,981,57,6,55,13644,1970,1893-1978,Veterans,0,0,0,0,0,1,0,0,0,0,0,0,0,0,0,0,Player,,,Jesse Haines,jesse,haines,haineje01,560,1124,76,209,23,2,3,79,2,0,30,246,0,1,59,0,1,1214,0.18594306,0.197693575,0.21797153
230,Whitey Ford,1,1974,16,0,57,1208,3170.1,L,1974,16,1950,1967,10,3.5,500,1208,1023,91,177,19,0,3,69,3,2,113,224,0,10,4,65,0.173,0.256,0.2,0.457,1974,16,1950,1967,10,53.5,236,106,0.69,2.75,498,438,35,156,45,11,3170.1,2766,1107,967,228,1086,49,1956,28,5,75,13036,1974,1928-2020,BBWAA,1,0,0,0,0,0,0,0,0,0,0,0,0,0,0,0,Player,284,77.80%,Whitey Ford,whitey,ford,fordxwh01,,,,,,,,,,,,,,,,,,,,,
301,Carl Mays,1,1951,15,0,51.3,1202,3021.1,L,,,,,,,,,,,,,,,,,,,,,,,,,,,,,,,,,,,,,,,,,,,,,,,,,,,,,,,,,,,,,,,,,,,,,,,,,,,,,,Carl Mays,carl,mays,maysxca01,,,,,,,,,,,,,,,,,,,,,
411,Larry French,1,1976,14,0,45.4,1198,3152,R,,,,,,,,,,,,,,,,,,,,,,,,,,,,,,,,,,,,,,,,,,,,,,,,,,,,,,,,,,,,,,,,,,,,,,,,,,,,,,Larry French,larry,french,frencla01,570,1057,83,199,27,5,1,84,3,0,48,210,0,4,84,0,20,1193,0.188268685,0.210393965,0.226111637
798,Rube Marquard,1,1971,18,0,32.4,1197,3306.2,B,1971,18,1908,1925,0,-2.3,536,1197,1107,63,198,17,3,1,66,6,2,33,208,0,,,48,0.179,0.207,0.202,0.41,1971,18,1908,1925,0,34.72,201,177,0.532,3.08,536,408,82,197,30,20,3306.2,3233,1443,1130,107,858,,1593,39,5,81,13641,1971,1886-1980,Veterans,0,0,0,0,0,1,0,0,0,0,0,0,0,0,0,0,Player,,,Rube Marquard,rube,marquard,marquru01,536,1107,63,198,17,3,1,64,6,1,33,208,0,7,48,0,0,1195,0.178861789,0.19916318,0.20234869
174,Stan Coveleski,1,1969,14,0,61.9,1196,3082,R,1969,14,1912,1928,0,-5,451,1196,1058,70,168,26,10,1,81,0,1,53,309,0,,,72,0.159,0.202,0.205,0.407,1969,14,1912,1928,0,66.91,215,142,0.602,2.89,450,385,52,223,38,21,3082,3055,1227,990,66,802,0,981,30,1,35,12729,1969,1889-1984,Veterans,0,0,0,0,0,1,0,0,0,0,0,0,0,0,0,0,Player,,,Stan Coveleski,stan,coveleski,covelst01,451,1058,70,168,26,10,1,81,0,1,53,309,0,4,72,0,0,1187,0.15879017,0.189553496,0.20510397
350,Dolf Luque,1,1998,20,0,48.2,1192,3220.1,R,,,,,,,,,,,,,,,,,,,,,,,,,,,,,,,,,,,,,,,,,,,,,,,,,,,,,,,,,,,,,,,,,,,,,,,,,,,,,,Dolf Luque,dolf,luque,luquedo01,559,1043,96,237,31,10,5,90,7,4,70,114,0,11,65,0,1,1189,0.227229147,0.26745164,0.29050815
134,Ed Walsh,1,1946,14,0,66.5,1173,2964.1,R,1946,14,1904,1917,0,2.1,459,1173,1085,92,210,38,10,3,68,14,1,46,282,,,,30,0.194,0.231,0.255,0.486,1946,14,1904,1917,0,64.42,195,126,0.607,1.82,430,315,105,250,57,35,2964.1,2346,873,598,23,617,,1736,52,9,76,11411,1946,1881-1959,Old Timers,0,0,0,0,0,0,0,0,0,0,0,0,1,0,0,0,Player,,,Ed Walsh,ed,walsh,walshed01,459,1088,93,210,38,10,3,68,14,1,46,282,0,7,30,0,0,1171,0.193014706,0.224594364,0.254595588
111,John Smoltz,1,2015,21,0,69,1167,3473,R,2015,21,1988,2009,8,2.6,709,1167,948,77,151,26,2,5,61,3,2,79,365,0,15,1,136,0.159,0.226,0.207,0.433,2015,21,1988,2009,8,66.4,213,155,0.579,3.33,723,481,204,53,16,154,3473,3074,1391,1284,288,1010,84,3084,57,16,145,14271,2015,1967-Living,BBWAA,1,0,0,0,0,0,0,0,0,0,0,0,0,0,0,0,Player,455,82.90%,John Smoltz,john,smoltz,smoltjo01,735,948,77,151,26,2,5,61,3,2,79,365,0,3,136,1,15,1167,0.1592827,0.199657241,0.206751055
337,Dutch Leonard,1,1985,20,0,49,1161,3218.1,R,,,,,,,,,,,,,,,,,,,,,,,,,,,,,,,,,,,,,,,,,,,,,,,,,,,,,,,,,,,,,,,,,,,,,,,,,,,,,,Dutch Leonard,dutch,leonard,leonadu01,331,715,47,124,16,2,0,46,0,0,58,132,0,2,39,0,0,814,0.173426573,0.226044226,0.201398601
163,Hal Newhouser,1,1992,17,0,62.8,1160,2993,L,1992,17,1939,1955,6,2.7,492,1160,999,70,201,22,2,2,81,3,3,89,150,0,24,0,72,0.201,0.267,0.233,0.5,1992,17,1939,1955,6,60.07,207,150,0.58,3.06,488,374,79,212,33,26,2993,2674,1197,1016,136,1249,47,1796,19,7,65,12648,1992,1921-1998,Veterans,0,0,0,0,0,1,0,0,0,0,0,0,0,0,0,0,Player,,,Hal Newhouser,hal,newhouser,newhoha01,492,999,71,201,22,2,2,81,3,3,89,150,0,0,72,0,24,1160,0.201201201,0.25,0.233233233
477,Jack Chesbro,1,1946,11,0,42.7,1155,2896.2,R,1946,11,1899,1909,0,0.2,393,1155,1103,85,217,37,13,5,82,5,,25,269,,,,21,0.197,0.216,0.267,0.483,1946,11,1899,1909,0,42.47,198,132,0.6,2.68,392,332,52,260,35,5,2896.2,2647,1206,864,39,690,,1265,113,2,62,11632,1946,1874-1931,Old Timers,0,0,0,0,0,0,0,0,0,0,0,0,1,0,0,0,Player,,,Jack Chesbro,jack,chesbro,chesbja01,393,1103,85,217,37,13,5,82,5,0,25,269,0,2,21,0,0,1151,0.196736174,0.211989574,0.267452403
316,Tommy Bridges,1,1967,16,0,50.4,1144,2826.1,R,,,,,,,,,,,,,,,,,,,,,,,,,,,,,,,,,,,,,,,,,,,,,,,,,,,,,,,,,,,,,,,,,,,,,,,,,,,,,,Tommy Bridges,tommy,bridges,bridgto01,424,1003,83,181,27,8,0,72,0,0,74,271,0,0,65,0,6,1142,0.180458624,0.223292469,0.22333001
215,Rube Waddell,1,1946,13,0,58.4,1139,2961.1,R,1946,13,1897,1910,0,-2.5,410,1139,1066,61,172,29,10,4,83,6,,42,300,,,,23,0.161,0.197,0.219,0.416,1946,13,1897,1910,0,60.86,193,143,0.574,2.16,407,340,54,261,50,5,2961.1,2460,1063,711,37,803,,2316,115,3,74,11717,1946,1876-1914,Old Timers,0,0,0,0,0,0,0,0,0,0,0,0,1,0,0,0,Player,,,Rube Waddell,rube,waddell,wadderu01,410,1066,61,172,29,10,4,83,6,0,42,300,0,6,23,0,0,1137,0.161350844,0.193491645,0.218574109
189,Dazzy Vance,1,1955,16,0,60.4,1114,2966.2,R,1955,16,1915,1935,0,-2.6,442,1114,971,68,146,23,1,7,75,1,0,79,287,0,4,,55,0.15,0.219,0.198,0.417,1955,16,1915,1935,0,62.94,197,140,0.585,3.24,442,349,52,217,29,12,2966.2,2809,1246,1068,132,840,29,2045,77,2,37,12366,1955,1891-1961,BBWAA,1,0,0,0,0,0,0,0,0,0,0,0,0,0,0,0,Player,205,81.70%,Dazzy Vance,dazzy,vance,vanceda01,442,971,68,146,23,1,7,75,1,0,79,287,0,7,55,0,4,1112,0.150360453,0.208633094,0.197734295
655,Candy Cummings,1,1939,6,0,36.5,1084,2149.2,R,1939,6,1872,1877,0,-2.1,247,1084,1068,149,227,29,9,0,107,3,2,16,51,,4,,,0.213,0.224,0.257,0.481,1939,6,1872,1877,0,38.59,145,94,0.607,2.42,242,241,2,233,19,0,2149.2,2526,1450,579,12,113,,259,,0,67,9583,1939,1848-1924,Old Timers,0,0,0,0,0,0,0,0,0,0,0,0,1,0,0,0,Pioneer/Executive,,,Candy Cummings,candy,cummings,cummica01,247,1068,149,227,29,9,0,107,3,2,16,51,0,0,0,0,4,1084,0.212546816,0.224169742,0.256554307
590,Lefty Gomez,1,1972,14,0,38.7,1024,2503,L,1972,14,1930,1943,7,-4.5,368,1024,904,59,133,11,0,0,58,1,1,50,252,0,5,,68,0.147,0.194,0.159,0.353,1972,14,1930,1943,7,43.21,189,102,0.649,3.34,368,320,31,173,28,10,2503,2290,1091,930,138,1095,34,1468,19,0,39,10729,1972,1908-1989,Veterans,0,0,0,0,0,1,0,0,0,0,0,0,0,0,0,0,Player,,,Lefty Gomez,lefty,gomez,gomezle01,368,904,59,133,11,0,0,58,1,1,50,252,0,2,68,0,5,1024,0.147123894,0.180664063,0.159292035
56,Fergie Jenkins,1,1991,19,0,84.1,1010,4500.2,R,1991,19,1965,1983,3,2,413,1010,896,54,148,27,6,13,85,0,1,41,326,0,9,7,66,0.165,0.2,0.252,0.452,1991,19,1965,1983,3,82.16,284,226,0.557,3.34,664,594,37,267,49,7,4500.2,4142,1853,1669,484,997,116,3192,84,18,62,18400,1991,1942-Living,BBWAA,1,0,0,0,0,0,0,0,0,0,0,0,0,0,0,0,Player,334,75.40%,Fergie Jenkins,fergie,jenkins,jenkife01,665,896,54,148,27,6,13,85,0,1,41,326,0,0,66,7,9,1010,0.165178571,0.187128713,0.252232143
62,Nolan Ryan,1,1999,27,0,81.3,957,5386,R,1999,27,1966,1993,8,-2.3,427,957,852,40,94,10,2,2,36,3,3,38,371,0,11,2,65,0.11,0.148,0.134,0.282,1999,27,1966,1993,8,83.6,324,292,0.526,3.19,807,773,13,222,61,3,5386,3923,2178,1911,321,2795,78,5714,158,33,277,22575,1999,1947-Living,BBWAA,1,0,0,0,0,0,0,0,0,0,0,0,0,0,0,0,Player,491,98.80%,Nolan Ryan,nolan,ryan,ryanxno01,,,,,,,,,,,,,,,,,,,,,
413,Addie Joss,1,1978,9,0,45.3,919,2327,R,1978,9,1902,1910,0,-2.3,296,919,817,46,118,21,6,1,51,10,,54,297,,,,39,0.144,0.198,0.188,0.387,1978,9,1902,1910,0,47.67,160,97,0.623,1.89,286,260,22,234,45,5,2327,1888,730,488,19,364,,920,58,1,28,8891,1978,1880-1911,Veterans,0,0,0,0,0,1,0,0,0,0,0,0,0,0,0,0,Player,,,Addie Joss,addie,joss,jossxad01,,,,,,,,,,,,,,,,,,,,,
339,Sandy Koufax,1,1972,12,0,48.9,858,2324.1,R,1972,12,1955,1966,7,-4.2,397,858,776,26,75,9,0,2,28,0,1,43,386,0,10,3,35,0.097,0.145,0.116,0.261,1972,12,1955,1966,7,53.08,165,87,0.655,2.76,397,314,44,137,40,9,2324.1,1754,806,713,204,817,48,2396,18,7,87,9497,1972,1935-Living,BBWAA,1,0,0,0,0,0,0,0,0,0,0,0,0,0,0,0,Player,344,86.90%,Sandy Koufax,sandy,koufax,koufasa01,397,776,26,75,9,0,2,28,0,1,43,386,0,1,35,3,10,858,0.096649485,0.138694639,0.115979381
394,Dizzy Dean,1,1953,12,0,46.2,766,1967.1,R,1953,12,1930,1947,4,2.3,325,766,717,76,161,23,4,8,76,5,3,9,104,0,12,,39,0.225,0.235,0.301,0.536,1953,12,1930,1947,4,43.91,150,83,0.644,3.02,317,230,77,154,26,31,1967.1,1919,774,661,95,453,47,1163,27,5,12,8171,1953,1910-1974,BBWAA,1,0,0,0,0,0,0,0,0,0,0,0,0,0,0,0,Player,209,79.20%,Dizzy Dean,dizzy,dean,deanxdi01,,,,,,,,,,,,,,,,,,,,,
527,Catfish Hunter,1,1987,15,0,40.9,710,3449.1,R,1987,15,1965,1979,8,4.6,304,710,658,60,149,16,3,6,51,2,0,8,160,0,10,5,39,0.226,0.234,0.287,0.521,1987,15,1965,1979,8,36.31,224,166,0.574,3.26,500,476,6,181,42,1,3449.1,2958,1380,1248,374,954,57,2012,49,7,49,14032,1987,1946-1999,BBWAA,1,0,0,0,0,0,0,0,0,0,0,0,0,0,0,0,Player,315,76.30%,Catfish Hunter,catfish,hunter,hunteca01,515,658,60,149,16,3,6,51,2,0,8,160,0,0,39,5,10,710,0.226443769,0.221126761,0.287234043
380,Satchel Paige,1,1971,22,0,46.9,708,1751.2,R,1971,22,1927,1965,8,0,422,708,672,51,137,6,8,1,49,7,0,14,32,0,5,0,21,0.204,0.221,0.241,0.462,1971,22,1927,1965,8,46.91,124,82,0.602,2.73,403,198,114,96,22,44,1751.2,1466,661,531,44,463,33,1501,27,5,24,5353,1971,1906-1982,Negro League,0,0,0,0,0,0,0,0,0,0,0,1,0,0,0,0,Player,,,Satchel Paige,satchel,paige,paigesa01,460,762,58,156,10,8,2,59,8,0,16,39,0,1,30,0,5,809,0.204724409,0.213844252,0.24671916
30,Randy Johnson,1,2015,22,0,101.1,691,4135.1,R,2015,22,1988,2009,10,-2.5,273,691,625,20,78,14,0,1,40,0,0,19,296,0,10,1,44,0.125,0.153,0.152,0.305,2015,22,1988,2009,10,103.53,303,166,0.646,3.29,618,603,7,100,37,2,4135.1,3346,1703,1513,411,1497,37,4875,190,33,109,17067,2015,1963-Living,BBWAA,1,0,0,0,0,0,0,0,0,0,0,0,0,0,0,0,Player,534,97.30%,Randy Johnson,randy,johnson,johnsra01,72,144,7,18,2,0,0,10,1,0,5,32,0,1,7,0,0,157,0.125,0.152866242,0.138888889
378,Bill Foster,1,1996,14,0,47,623,1499.2,B,1996,14,1923,1937,2,1.4,264,623,577,68,126,11,6,4,49,1,,35,,0,,,11,0.218,0.263,0.279,0.542,1996,14,1923,1937,2,45.58,110,56,0.663,2.63,238,165,13,127,31,12,1499.2,1281,574,438,25,477,1,922,38,0,11,3582,1996,1904-1978,Veterans,0,0,0,0,0,1,0,0,0,0,0,0,0,0,0,0,Player,,,Bill Foster,bill,foster,fostebi01,,,,,,,,,,,,,,,,,,,,,
119,Jim Palmer,1,1990,19,0,68.5,537,3948,R,1990,19,1965,1984,6,0.9,222,537,489,52,85,9,1,3,41,1,0,16,207,0,1,1,31,0.174,0.2,0.215,0.414,1990,19,1965,1984,6,67.55,268,152,0.638,2.86,558,521,15,211,53,4,3948,3349,1395,1253,303,1311,37,2212,38,11,85,16114,1990,1945-Living,BBWAA,1,0,0,0,0,0,0,0,0,0,0,0,0,0,0,0,Player,411,92.60%,Jim Palmer,jim,palmer,palmeji01,576,489,52,85,9,1,3,41,1,0,16,207,0,0,31,1,1,537,0.173824131,0.188081937,0.214723926
57,Pedro Martínez,1,2015,18,0,83.9,518,2827.1,R,2015,18,1992,2009,8,-2.2,277,518,434,22,43,6,2,0,18,0,0,15,190,0,5,3,63,0.099,0.134,0.122,0.256,2015,18,1992,2009,8,86.08,219,100,0.687,2.93,476,409,23,46,17,3,2827.1,2221,1006,919,239,760,30,3154,141,6,62,11394,2015,1971-Living,BBWAA,1,0,0,0,0,0,0,0,0,0,0,0,0,0,0,0,Player,500,91.10%,Pedro Martínez,pedro,martnez,martnpe01,,,,,,,,,,,,,,,,,,,,,
38,Bert Blyleven,1,2011,22,0,94.5,514,4970,R,2011,22,1970,1992,2,-1.6,218,514,451,19,59,7,0,0,25,0,0,5,193,0,4,0,56,0.131,0.144,0.146,0.29,2011,22,1970,1992,2,96.09,287,250,0.534,3.31,692,685,3,242,60,0,4970,4632,2029,1830,430,1322,71,3701,155,19,114,20491,2011,1951-Living,BBWAA,1,0,0,0,0,0,0,0,0,0,0,0,0,0,0,0,Player,463,79.70%,Bert Blyleven,bert,blyleven,blylebe01,699,451,19,59,7,0,0,25,0,0,5,193,0,2,56,0,4,514,0.130820399,0.128404669,0.146341463
382,Hoyt Wilhelm,1,1985,21,0,46.8,493,2254.1,R,1985,21,1952,1972,8,-2.9,1070,493,432,24,38,3,1,1,21,0,1,26,166,0,8,1,34,0.088,0.139,0.106,0.246,1985,21,1952,1972,8,49.73,143,122,0.54,2.52,1070,52,651,20,5,228,2254.1,1757,773,632,150,778,79,1610,62,4,90,9164,1985,1922-2002,BBWAA,1,0,0,0,0,0,0,0,0,0,0,0,0,0,0,0,Player,331,83.80%,Hoyt Wilhelm,hoyt,wilhelm,wilheho01,1070,432,24,38,3,1,1,21,0,1,26,166,0,0,34,1,8,493,0.087962963,0.129817444,0.106481481
149,Roy Halladay,1,2019,16,0,64.2,305,2749.1,R,2019,16,1998,2013,8,-1.1,115,305,275,15,34,2,0,0,12,0,0,4,137,0,2,0,26,0.124,0.136,0.131,0.267,2019,16,1998,2013,8,65.38,203,105,0.659,3.38,416,390,6,67,20,1,2749.1,2646,1135,1034,236,592,28,2117,81,9,56,11287,2019,1977-2017,BBWAA,1,0,0,0,0,0,0,0,0,0,0,0,0,0,0,0,Player,363,85.40%,Roy Halladay,roy,halladay,hallaro01,416,275,15,34,2,0,0,12,0,0,4,137,0,0,26,0,2,305,0.123636364,0.124590164,0.130909091
209,Bret Saberhagen,1,2006,16,0,58.9,227,2562.2,R,,,,,,,,,,,,,,,,,,,,,,,,,,,,,,,,,,,,,,,,,,,,,,,,,,,,,,,,,,,,,,,,,,,,,,,,,,,,,,Bret Saberhagen,bret,saberhagen,saberbr01,403,190,13,23,4,0,0,1,0,0,13,49,0,0,24,0,1,227,0.121052632,0.158590308,0.142105263
173,Dennis Eckersley,1,2004,24,0,62.1,196,3285.2,R,2004,24,1975,1998,6,-0.2,218,196,181,9,24,3,0,3,12,0,0,9,84,0,1,1,5,0.133,0.173,0.199,0.372,2004,24,1975,1998,6,62.23,197,171,0.535,3.5,1071,361,577,100,20,390,3285.2,3076,1382,1278,347,738,91,2401,75,16,28,13534,2004,1954-Living,BBWAA,1,0,0,0,0,0,0,0,0,0,0,0,0,0,0,0,Player,421,83.20%,Dennis Eckersley,dennis,eckersley,eckerde01,1073,181,9,24,3,0,3,12,0,0,9,84,0,0,5,1,1,196,0.132596685,0.168367347,0.198895028
521,Rich Gossage,1,2008,22,0,41.2,93,1809.1,R,2008,22,1972,1994,9,-0.5,388,93,85,1,9,1,0,0,2,0,0,4,37,0,2,0,4,0.106,0.146,0.118,0.264,2008,22,1972,1994,9,41.64,124,107,0.537,3.01,1002,37,681,16,0,310,1809.1,1497,670,605,119,732,90,1502,47,5,63,7507,2008,1951-Living,BBWAA,1,0,0,0,0,0,0,0,0,0,0,0,0,0,0,0,Player,466,85.80%,Rich Gossage,rich,gossage,gossari01,1003,85,1,9,1,0,0,2,0,0,4,37,0,0,4,0,2,93,0.105882353,0.139784946,0.117647059
935,Lee Smith,1,2019,18,0,28.9,71,1289.1,R,2019,18,1980,1997,7,-0.5,770,71,64,2,3,0,0,1,2,0,0,3,42,0,0,0,4,0.047,0.09,0.094,0.183,2019,18,1980,1997,7,29.33,71,92,0.436,3.03,1022,6,802,0,0,478,1289.1,1133,475,434,89,486,100,1251,10,4,47,5388,2019,1957-Living,Today's Game Era,0,0,0,1,0,0,0,0,0,0,0,0,0,0,0,0,Player,16,100.00%,Lee Smith,lee,smith,smithle01,35,112,11,21,1,3,0,11,1,0,14,0,0,1,0,0,0,127,0.1875,0.283464567,0.25
60,Mike Mussina,1,2019,18,0,82.8,54,3562.2,L,2019,18,1991,2008,5,0,22,54,52,3,9,1,0,0,5,0,0,1,9,0,0,0,1,0.173,0.189,0.192,0.381,2019,18,1991,2008,5,82.78,270,153,0.638,3.68,537,536,0,57,23,0,3562.2,3460,1559,1458,376,785,29,2813,60,1,71,14593,2019,1968-Living,BBWAA,1,0,0,0,0,0,0,0,0,0,0,0,0,0,0,0,Player,326,76.70%,Mike Mussina,mike,mussina,mussimi01,537,52,3,9,1,0,0,5,0,0,1,9,0,0,1,0,0,54,0.173076923,0.185185185,0.192307692
984,Trevor Hoffman,1,2018,18,0,28,36,1089.1,R,2018,18,1993,2010,7,-0.2,1007,36,34,1,4,2,0,0,5,0,0,0,11,0,0,0,2,0.118,0.118,0.176,0.294,2018,18,1993,2010,7,28.12,61,75,0.449,2.87,1035,0,856,0,0,601,1089.1,846,378,347,100,307,58,1133,9,0,49,4388,2018,1967-Living,BBWAA,1,0,0,0,0,0,0,0,0,0,0,0,0,0,0,0,Player,337,79.90%,Trevor Hoffman,trevor,hoffman,hoffmtr01,1035,34,1,4,2,0,0,5,0,0,0,11,0,0,2,0,0,36,0.117647059,0.111111111,0.176470588
236,Mariano Rivera,1,2019,19,0,56.3,4,1283.2,R,2019,19,1995,2013,13,0,73,4,3,0,0,0,0,0,1,0,0,1,1,0,0,0,0,0,0.25,0,0.25,2019,19,1995,2013,13,56.27,82,60,0.577,2.21,1115,10,952,0,0,652,1283.2,998,340,315,71,286,41,1173,46,3,13,5103,2019,1969-Living,BBWAA,1,0,0,0,0,0,0,0,0,0,0,0,0,0,0,0,Player,425,100.00%,Mariano Rivera,mariano,rivera,riverma01,1115,3,0,0,0,0,0,1,0,0,1,1,0,0,0,0,0,4,0,0.25,0
462,Jack Morris,1,2018,18,0,43.5,1,3824,R,2018,18,1977,1994,5,-0.1,23,1,1,4,0,0,0,0,0,0,0,0,0,0,0,0,0,0,0,0,0,2018,18,1977,1994,5,43.61,254,186,0.577,3.9,549,527,10,175,28,0,3824,3567,1815,1657,389,1390,99,2478,58,27,206,16120,2018,1955-Living,Modern Baseball Era,0,1,0,0,0,0,0,0,0,0,0,0,0,0,0,0,Player,14,87.50%,Jack Morris,jack,morris,morrija01,41,128,19,33,2,1,0,12,3,0,18,12,0,0,4,0,0,150,0.2578125,0.34,0.2890625
67,Pete Ros,0,0,24,0,79.6,15890,,B,,,,,,,,,,,,,,,,,,,,,,,,,,,,,,,,,,,,,,,,,,,,,,,,,,,,,,,,,,,,,,,,,,,,,,,,,,,,,,Pete Ros,pete,ros,rosxxpe01,,,,,,,,,,,,,,,,,,,,,
29,Albert Pujol,0,0,22,0,101.2,13041,1,R,,,,,,,,,,,,,,,,,,,,,,,,,,,,,,,,,,,,,,,,,,,,,,,,,,,,,,,,,,,,,,,,,,,,,,,,,,,,,,Albert Pujol,albert,pujol,pujolal01,3080,11421,1914,3384,686,16,703,2218,117,43,1373,1404,316,123,1,123,426,13041,0.296296296,0.374204432,0.543822783
4,Barry Bonds,0,0,22,0,162.8,12606,,L,,,,,,,,,,,,,,,,,,,,,,,,,,,,,,,,,,,,,,,,,,,,,,,,,,,,,,,,,,,,,,,,,,,,,,,,,,,,,,Barry Bonds,barry,bonds,bondsba01,2986,9847,2227,2935,601,77,762,1996,514,141,2558,1539,688,106,4,91,165,12606,0.298060323,0.444153578,0.606885346
16,Alex Rodrigue,0,0,22,0,117.4,12207,,R,,,,,,,,,,,,,,,,,,,,,,,,,,,,,,,,,,,,,,,,,,,,,,,,,,,,,,,,,,,,,,,,,,,,,,,,,,,,,,Alex Rodrigue,alex,rodrigue,rodrial01,2784,10566,2021,3115,548,31,696,2086,329,76,1338,2287,97,176,16,111,261,12207,0.294813553,0.379208651,0.550160893
95,Rafael Palmeir,0,0,20,0,71.9,12046,,L,,,,,,,,,,,,,,,,,,,,,,,,,,,,,,,,,,,,,,,,,,,,,,,,,,,,,,,,,,,,,,,,,,,,,,,,,,,,,,Rafael Palmeir,rafael,palmeir,palmera01,2831,10472,1663,3020,585,38,569,1835,97,40,1353,1348,172,87,15,119,232,12046,0.288388083,0.370247385,0.514514897
406,Omar Vizquel,0,0,24,0,45.6,12013,,B,,,,,,,,,,,,,,,,,,,,,,,,,,,,,,,,,,,,,,,,,,,,,,,,,,,,,,,,,,,,,,,,,,,,,,,,,,,,,,Omar Vizquel,omar,vizquel,vizquom01,2968,10586,1445,2877,456,77,80,951,404,167,1028,1087,25,49,256,94,207,12013,0.271774041,0.329143428,0.35206877
128,Miguel Cabrera,0,0,21,0,67.2,11796,,R,,,,,,,,,,,,,,,,,,,,,,,,,,,,,,,,,,,,,,,,,,,,,,,,,,,,,,,,,,,,,,,,,,,,,,,,,,,,,,Miguel Cabrera,miguel,cabrera,cabremi01,2797,10356,1551,3174,627,17,511,1881,40,21,1258,2105,238,74,5,103,364,11796,0.306488992,0.381993896,0.518346852
401,Rusty Staub,0,0,23,0,45.8,11229,,L,,,,,,,,,,,,,,,,,,,,,,,,,,,,,,,,,,,,,,,,,,,,,,,,,,,,,,,,,,,,,,,,,,,,,,,,,,,,,,Rusty Staub,rusty,staub,staubru01,2951,9720,1189,2716,499,47,292,1466,47,33,1255,888,193,79,56,119,297,11229,0.279423868,0.360673257,0.430555556
186,Gary Sheffield,0,0,22,0,60.5,10947,,R,,,,,,,,,,,,,,,,,,,,,,,,,,,,,,,,,,,,,,,,,,,,,,,,,,,,,,,,,,,,,,,,,,,,,,,,,,,,,,Gary Sheffield,gary,sheffield,sheffga01,2576,9217,1636,2689,467,27,509,1676,253,104,1475,1171,130,135,9,111,235,10947,0.291743517,0.392710332,0.51394163
237,Johnny Damon,0,0,18,0,56.3,10917,,L,,,,,,,,,,,,,,,,,,,,,,,,,,,,,,,,,,,,,,,,,,,,,,,,,,,,,,,,,,,,,,,,,,,,,,,,,,,,,,Johnny Damon,johnny,damon,damonjo01,2490,9736,1668,2769,522,109,235,1139,408,103,1003,1257,38,50,57,71,93,10917,0.284408381,0.35009618,0.432826623
212,Darrell Evans,0,0,21,0,58.7,10737,,L,,,,,,,,,,,,,,,,,,,,,,,,,,,,,,,,,,,,,,,,,,,,,,,,,,,,,,,,,,,,,,,,,,,,,,,,,,,,,,Darrell Evans,darrell,evans,evansda01,2687,8973,1344,2223,329,36,414,1354,98,68,1605,1410,141,35,34,90,133,10737,0.24774323,0.359783925,0.4308481
129,Dwight Evans,0,0,20,0,67.2,10569,,R,,,,,,,,,,,,,,,,,,,,,,,,,,,,,,,,,,,,,,,,,,,,,,,,,,,,,,,,,,,,,,,,,,,,,,,,,,,,,,Dwight Evans,dwight,evans,evansdw01,2606,8996,1470,2446,483,73,385,1384,78,59,1391,1697,60,53,52,77,227,10569,0.271898622,0.368057527,0.470208982
294,Luis Gonzalez,0,0,19,0,51.7,10531,,L,,,,,,,,,,,,,,,,,,,,,,,,,,,,,,,,,,,,,,,,,,,,,,,,,,,,,,,,,,,,,,,,,,,,,,,,,,,,,,Luis Gonzalez,luis,gonzalez,gonzalu01,2591,9157,1412,2591,596,68,354,1439,128,87,1155,1218,150,111,10,98,212,10531,0.282952932,0.366252018,0.478868625
448,Steve Finley,0,0,19,0,44.2,10460,1,L,,,,,,,,,,,,,,,,,,,,,,,,,,,,,,,,,,,,,,,,,,,,,,,,,,,,,,,,,,,,,,,,,,,,,,,,,,,,,,Steve Finley,steve,finley,finlest01,2583,9397,1443,2548,449,124,304,1167,320,118,844,1299,69,53,91,75,152,10460,0.271150367,0.329349904,0.442375226
83,Bill Dahle,0,0,21,0,75.2,10440,,R,,,,,,,,,,,,,,,,,,,,,,,,,,,,,,,,,,,,,,,,,,,,,,,,,,,,,,,,,,,,,,,,,,,,,,,,,,,,,,Bill Dahle,bill,dahle,dahlebi01,2444,9036,1590,2461,413,163,84,1234,548,0,1064,759,0,140,165,0,0,10405,0.272355024,0.352234503,0.382027446
264,Vada Pinson,0,0,18,0,54.1,10405,,L,,,,,,,,,,,,,,,,,,,,,,,,,,,,,,,,,,,,,,,,,,,,,,,,,,,,,,,,,,,,,,,,,,,,,,,,,,,,,,Vada Pinson,vada,pinson,pinsova01,2469,9645,1365,2757,485,127,256,1169,305,122,574,1196,69,54,52,78,164,10403,0.285847589,0.325386908,0.442094349
358,Jimmy Rollins,0,0,17,0,47.9,10240,,B,,,,,,,,,,,,,,,,,,,,,,,,,,,,,,,,,,,,,,,,,,,,,,,,,,,,,,,,,,,,,,,,,,,,,,,,,,,,,,Jimmy Rollins,jimmy,rollins,rolliji01,2275,9294,1421,2455,511,115,231,936,470,105,813,1264,52,38,42,53,136,10240,0.264148913,0.322851563,0.418442006
125,Graig Nettles,0,0,22,0,68,10228,,L,,,,,,,,,,,,,,,,,,,,,,,,,,,,,,,,,,,,,,,,,,,,,,,,,,,,,,,,,,,,,,,,,,,,,,,,,,,,,,Graig Nettles,graig,nettles,nettlgr01,2700,8986,1193,2225,328,28,390,1314,32,36,1088,1209,94,50,12,90,197,10226,0.247607389,0.328867592,0.420543067
193,Bobby Abreu,0,0,18,0,60.2,10081,,L,,,,,,,,,,,,,,,,,,,,,,,,,,,,,,,,,,,,,,,,,,,,,,,,,,,,,,,,,,,,,,,,,,,,,,,,,,,,,,Bobby Abreu,bobby,abreu,abreubo01,2425,8480,1453,2470,574,59,288,1363,400,128,1476,1840,115,33,7,85,165,10081,0.291273585,0.394702906,0.474764151
135,Buddy Bell,0,0,18,0,66.3,10009,,R,,,,,,,,,,,,,,,,,,,,,,,,,,,,,,,,,,,,,,,,,,,,,,,,,,,,,,,,,,,,,,,,,,,,,,,,,,,,,,Buddy Bell,buddy,bell,bellxbu01,,,,,,,,,,,,,,,,,,,,,
602,Chili Davis,0,0,19,0,38.4,9997,2,B,,,,,,,,,,,,,,,,,,,,,,,,,,,,,,,,,,,,,,,,,,,,,,,,,,,,,,,,,,,,,,,,,,,,,,,,,,,,,,Chili Davis,chili,davis,davisch01,2436,8673,1240,2380,424,30,350,1372,142,98,1194,1698,188,15,20,94,232,9996,0.274414851,0.359043617,0.451285599
86,Lou Whitake,0,0,19,0,75.1,9967,,L,,,,,,,,,,,,,,,,,,,,,,,,,,,,,,,,,,,,,,,,,,,,,,,,,,,,,,,,,,,,,,,,,,,,,,,,,,,,,,Lou Whitake,lou,whitake,whitalo01,2390,8570,1386,2369,420,65,244,1084,143,75,1197,1099,79,20,89,91,143,9967,0.276429405,0.359787298,0.426021004
214,Sammy Sosa,0,0,18,0,58.6,9896,,R,,,,,,,,,,,,,,,,,,,,,,,,,,,,,,,,,,,,,,,,,,,,,,,,,,,,,,,,,,,,,,,,,,,,,,,,,,,,,,Sammy Sosa,sammy,sosa,sosaxsa01,,,,,,,,,,,,,,,,,,,,,
689,Mickey Vernon,0,0,20,0,35.3,9839,,L,,,,,,,,,,,,,,,,,,,,,,,,,,,,,,,,,,,,,,,,,,,,,,,,,,,,,,,,,,,,,,,,,,,,,,,,,,,,,,Mickey Vernon,mickey,vernon,vernomi01,2409,8731,1196,2495,490,120,172,1311,137,90,955,869,22,49,80,19,183,9834,0.285763372,0.355806386,0.428473256
184,Willie Davis,0,0,18,0,60.8,9822,,L,,,,,,,,,,,,,,,,,,,,,,,,,,,,,,,,,,,,,,,,,,,,,,,,,,,,,,,,,,,,,,,,,,,,,,,,,,,,,,Willie Davis,willie,davis,daviswi01,2,1,1,0,0,0,0,0,0,0,0,0,0,1,0,0,0,2,0,0.5,0
496,Gary Gaetti,0,0,20,0,42.1,9817,2.1,R,,,,,,,,,,,,,,,,,,,,,,,,,,,,,,,,,,,,,,,,,,,,,,,,,,,,,,,,,,,,,,,,,,,,,,,,,,,,,,Gary Gaetti,gary,gaetti,gaettga01,2507,8951,1130,2280,443,39,360,1341,96,65,634,1602,57,96,32,104,236,9817,0.254720143,0.306610981,0.43358284
457,Al Oliver,0,0,18,0,43.7,9778,,L,,,,,,,,,,,,,,,,,,,,,,,,,,,,,,,,,,,,,,,,,,,,,,,,,,,,,,,,,,,,,,,,,,,,,,,,,,,,,,Al Oliver,al,oliver,oliveal01,2368,9049,1189,2743,529,77,219,1326,84,64,535,756,119,82,17,95,254,9778,0.303127417,0.343628554,0.451210078
109,Manny Ramirez,0,0,19,0,69.3,9774,,R,,,,,,,,,,,,,,,,,,,,,,,,,,,,,,,,,,,,,,,,,,,,,,,,,,,,,,,,,,,,,,,,,,,,,,,,,,,,,,Manny Ramirez,manny,ramirez,ramirma01,184,286,33,55,8,3,4,28,0,0,41,64,3,1,4,1,5,333,0.192307692,0.291291291,0.283216783
459,Julio Franco,0,0,23,0,43.6,9731,,R,,,,,,,,,,,,,,,,,,,,,,,,,,,,,,,,,,,,,,,,,,,,,,,,,,,,,,,,,,,,,,,,,,,,,,,,,,,,,,Julio Franco,julio,franco,francju01,2527,8677,1285,2586,407,54,173,1194,281,107,917,1341,67,38,19,80,312,9731,0.298029273,0.363888603,0.417194883
338,Andrew McCutchen,0,0,17,1,49,9707,,R,,,,,,,,,,,,,,,,,,,,,,,,,,,,,,,,,,,,,,,,,,,,,,,,,,,,,,,,,,,,,,,,,,,,,,,,,,,,,,Andrew McCutchen,andrew,mccutchen,mccutan01,2262,8350,1290,2266,451,50,332,1152,220,90,1183,1893,74,94,3,75,147,9705,0.271377246,0.365069552,0.456646707
308,Torii Hunter,0,0,19,0,50.6,9692,,R,,,,,,,,,,,,,,,,,,,,,,,,,,,,,,,,,,,,,,,,,,,,,,,,,,,,,,,,,,,,,,,,,,,,,,,,,,,,,,Torii Hunter,torii,hunter,hunteto01,2372,8857,1296,2452,498,39,353,1391,195,99,661,1741,52,97,6,71,262,9692,0.276843175,0.331200991,0.461442926
551,Dave Concepción,0,0,19,0,40.1,9641,1.1,R,,,,,,,,,,,,,,,,,,,,,,,,,,,,,,,,,,,,,,,,,,,,,,,,,,,,,,,,,,,,,,,,,,,,,,,,,,,,,,Dave Concepción,dave,concepcin,conceda01,2488,8723,993,2326,389,48,101,950,321,109,736,1186,93,21,74,86,266,9640,0.266651381,0.319813278,0.356987275
279,Bert Campaneris,0,0,19,0,53.1,9625,1,R,,,,,,,,,,,,,,,,,,,,,,,,,,,,,,,,,,,,,,,,,,,,,,,,,,,,,,,,,,,,,,,,,,,,,,,,,,,,,,Bert Campaneris,bert,campaneris,campabe01,2328,8684,1181,2249,313,86,79,646,649,199,618,1142,15,64,199,60,106,9625,0.258982036,0.304519481,0.342123445
114,Robinson Canó,0,0,17,0,68.7,9550,,L,,,,,,,,,,,,,,,,,,,,,,,,,,,,,,,,,,,,,,,,,,,,,,,,,,,,,,,,,,,,,,,,,,,,,,,,,,,,,,Robinson Canó,robinson,can,canxxro01,,,,,,,,,,,,,,,,,,,,,
329,Brett Butler,0,0,17,0,49.7,9545,,L,,,,,,,,,,,,,,,,,,,,,,,,,,,,,,,,,,,,,,,,,,,,,,,,,,,,,,,,,,,,,,,,,,,,,,,,,,,,,,Brett Butler,brett,butler,butlebr01,2213,8180,1359,2375,277,131,54,578,558,257,1129,907,23,38,147,51,62,9545,0.290342298,0.371084337,0.37603912
985,Paul Konerko,0,0,18,0,28,9505,,R,,,,,,,,,,,,,,,,,,,,,,,,,,,,,,,,,,,,,,,,,,,,,,,,,,,,,,,,,,,,,,,,,,,,,,,,,,,,,,Paul Konerko,paul,konerko,konerpa01,2349,8393,1162,2340,410,8,439,1412,9,4,921,1391,80,104,1,86,282,9505,0.278803765,0.354024198,0.486476826
617,Steve Garvey,0,0,19,0,38.1,9466,,R,,,,,,,,,,,,,,,,,,,,,,,,,,,,,,,,,,,,,,,,,,,,,,,,,,,,,,,,,,,,,,,,,,,,,,,,,,,,,,Steve Garvey,steve,garvey,garvest01,2332,8835,1143,2599,440,43,272,1308,83,62,479,1003,113,29,33,90,251,9466,0.294170911,0.32822734,0.44606678
139,Willie Randolph,0,0,18,0,65.9,9462,,R,,,,,,,,,,,,,,,,,,,,,,,,,,,,,,,,,,,,,,,,,,,,,,,,,,,,,,,,,,,,,,,,,,,,,,,,,,,,,,Willie Randolph,willie,randolph,randowi01,2202,8018,1239,2210,316,65,54,687,271,94,1243,675,37,38,99,64,219,9462,0.275629833,0.368949482,0.351459217
959,Don Baylor,0,0,19,0,28.5,9401,,R,,,,,,,,,,,,,,,,,,,,,,,,,,,,,,,,,,,,,,,,,,,,,,,,,,,,,,,,,,,,,,,,,,,,,,,,,,,,,,Don Baylor,don,baylor,baylodo01,2292,8198,1236,2135,366,28,338,1276,285,120,805,1069,91,267,16,115,196,9401,0.260429373,0.341133922,0.435594047
150,Freddie Freeman,0,0,16,1,64.2,9363,,L,,,,,,,,,,,,,,,,,,,,,,,,,,,,,,,,,,,,,,,,,,,,,,,,,,,,,,,,,,,,,,,,,,,,,,,,,,,,,,Freddie Freeman,freddie,freeman,freemfr01,2179,8114,1379,2431,547,33,367,1322,104,32,1070,1763,142,113,0,66,172,9363,0.29960562,0.385987397,0.510845452
704,Jimmy Dykes,0,0,22,0,34.9,9353,2,R,,,,,,,,,,,,,,,,,,,,,,,,,,,,,,,,,,,,,,,,,,,,,,,,,,,,,,,,,,,,,,,,,,,,,,,,,,,,,,Jimmy Dykes,jimmy,dykes,dykesji01,2282,8046,1108,2256,453,90,108,1071,70,55,958,850,0,115,228,0,0,9347,0.28038777,0.356157056,0.399328859
755,Nick Markakis,0,0,15,0,33.7,9321,,L,,,,,,,,,,,,,,,,,,,,,,,,,,,,,,,,,,,,,,,,,,,,,,,,,,,,,,,,,,,,,,,,,,,,,,,,,,,,,,Nick Markakis,nick,markakis,markani01,2154,8302,1119,2388,514,22,189,1046,66,32,891,1230,79,51,4,73,214,9321,0.287641532,0.357257805,0.423151048
297,Brian Downing,0,0,20,0,51.5,9309,,R,,,,,,,,,,,,,,,,,,,,,,,,,,,,,,,,,,,,,,,,,,,,,,,,,,,,,,,,,,,,,,,,,,,,,,,,,,,,,,Brian Downing,brian,downing,downibr01,2344,7853,1188,2099,360,28,275,1073,50,44,1197,1127,55,129,60,70,197,9309,0.267286387,0.367923515,0.425315166
391,Mark Grace,0,0,16,0,46.4,9290,1,L,,,,,,,,,,,,,,,,,,,,,,,,,,,,,,,,,,,,,,,,,,,,,,,,,,,,,,,,,,,,,,,,,,,,,,,,,,,,,,Mark Grace,mark,grace,gracema01,2245,8065,1179,2445,511,45,173,1146,70,48,1075,642,114,34,17,99,192,9290,0.30316181,0.382561895,0.442033478
576,Carlos Santana,0,0,16,1,39.3,9254,,B,,,,,,,,,,,,,,,,,,,,,,,,,,,,,,,,,,,,,,,,,,,,,,,,,,,,,,,,,,,,,,,,,,,,,,,,,,,,,,Carlos Santana,carlos,santana,santaca01,2204,7815,1107,1880,404,17,335,1136,65,18,1330,1540,66,43,0,66,188,9254,0.24056302,0.351523665,0.425207933
122,Kenny Lofton,0,0,17,0,68.4,9235,,L,,,,,,,,,,,,,,,,,,,,,,,,,,,,,,,,,,,,,,,,,,,,,,,,,,,,,,,,,,,,,,,,,,,,,,,,,,,,,,Kenny Lofton,kenny,lofton,loftoke01,2103,8120,1528,2428,383,116,130,781,622,160,945,1016,43,32,72,65,111,9234,0.299014778,0.368745939,0.422783251
374,Miguel Tejada,0,0,16,0,47.1,9205,,R,,,,,,,,,,,,,,,,,,,,,,,,,,,,,,,,,,,,,,,,,,,,,,,,,,,,,,,,,,,,,,,,,,,,,,,,,,,,,,Miguel Tejada,miguel,tejada,tejadmi01,2171,8434,1230,2407,468,23,307,1302,85,38,553,1079,73,122,23,71,277,9203,0.285392459,0.334890796,0.455537112
359,Joe Judge,0,0,20,0,47.9,9188,,L,,,,,,,,,,,,,,,,,,,,,,,,,,,,,,,,,,,,,,,,,,,,,,,,,,,,,,,,,,,,,,,,,,,,,,,,,,,,,,Joe Judge,joe,judge,judgejo01,2171,7898,1184,2352,433,159,71,1034,213,92,965,478,0,51,257,0,3,9171,0.297796911,0.367244575,0.419853127
693,Eddie Yost,0,0,18,0,35.1,9177,,R,,,,,,,,,,,,,,,,,,,,,,,,,,,,,,,,,,,,,,,,,,,,,,,,,,,,,,,,,,,,,,,,,,,,,,,,,,,,,,Eddie Yost,eddie,yost,yostxed01,,,,,,,,,,,,,,,,,,,,,
333,Jimmy Sheckard,0,0,17,0,49.5,9147,,L,,,,,,,,,,,,,,,,,,,,,,,,,,,,,,,,,,,,,,,,,,,,,,,,,,,,,,,,,,,,,,,,,,,,,,,,,,,,,,Jimmy Sheckard,jimmy,sheckard,sheckji01,2122,7605,1296,2084,354,136,56,813,465,0,1135,849,0,92,286,0,0,9118,0.274030243,0.363127879,0.37843524
454,Jimmy Ryan,0,0,18,0,43.8,9127,117,R,,,,,,,,,,,,,,,,,,,,,,,,,,,,,,,,,,,,,,,,,,,,,,,,,,,,,,,,,,,,,,,,,,,,,,,,,,,,,,Jimmy Ryan,jimmy,ryan,ryanxji01,,,,,,,,,,,,,,,,,,,,,
305,Tony Phillips,0,0,18,0,50.9,9110,,B,,,,,,,,,,,,,,,,,,,,,,,,,,,,,,,,,,,,,,,,,,,,,,,,,,,,,,,,,,,,,,,,,,,,,,,,,,,,,,Tony Phillips,tony,phillips,phillto01,45,43,2,8,0,0,0,1,0,0,1,11,0,1,2,0,0,47,0.186046512,0.212765957,0.186046512
724,B.J. Surhoff,0,0,19,0,34.4,9106,,L,,,,,,,,,,,,,,,,,,,,,,,,,,,,,,,,,,,,,,,,,,,,,,,,,,,,,,,,,,,,,,,,,,,,,,,,,,,,,,B.J. Surhoff,bj,surhoff,surhobj01,2313,8258,1062,2326,440,42,188,1153,141,84,640,839,81,33,71,104,169,9106,0.281666263,0.32934329,0.413417292
859,Joe Kuhel,0,0,18,0,30.5,9097,,L,,,,,,,,,,,,,,,,,,,,,,,,,,,,,,,,,,,,,,,,,,,,,,,,,,,,,,,,,,,,,,,,,,,,,,,,,,,,,,Joe Kuhel,joe,kuhel,kuheljo01,2104,7984,1236,2212,412,111,131,1049,178,90,980,612,0,39,92,0,74,9095,0.277054108,0.355250137,0.405686373
375,Tommy Leach,0,0,19,0,47.1,9075,,R,,,,,,,,,,,,,,,,,,,,,,,,,,,,,,,,,,,,,,,,,,,,,,,,,,,,,,,,,,,,,,,,,,,,,,,,,,,,,,Tommy Leach,tommy,leach,leachto01,2156,7959,1355,2143,266,172,63,810,361,14,820,666,0,32,240,0,0,9051,0.269254932,0.330902663,0.369644428
799,Édgar Rentería,0,0,16,0,32.4,9066,,R,,,,,,,,,,,,,,,,,,,,,,,,,,,,,,,,,,,,,,,,,,,,,,,,,,,,,,,,,,,,,,,,,,,,,,,,,,,,,,Édgar Rentería,dgar,rentera,rentedg01,,,,,,,,,,,,,,,,,,,,,
216,John Olerud,0,0,17,0,58.1,9063,,L,,,,,,,,,,,,,,,,,,,,,,,,,,,,,,,,,,,,,,,,,,,,,,,,,,,,,,,,,,,,,,,,,,,,,,,,,,,,,,John Olerud,john,olerud,olerujo01,2234,7592,1139,2239,500,13,255,1230,11,14,1275,1016,157,88,12,96,232,9063,0.294915701,0.397440141,0.464963119
330,Bernie Williams,0,0,16,0,49.6,9053,,B,,,,,,,,,,,,,,,,,,,,,,,,,,,,,,,,,,,,,,,,,,,,,,,,,,,,,,,,,,,,,,,,,,,,,,,,,,,,,,Bernie Williams,bernie,williams,willibe01,102,172,23,33,6,1,4,15,2,2,21,53,2,0,1,0,4,194,0.191860465,0.278350515,0.308139535
389,Dale Murphy,0,0,18,0,46.5,9041,,R,,,,,,,,,,,,,,,,,,,,,,,,,,,,,,,,,,,,,,,,,,,,,,,,,,,,,,,,,,,,,,,,,,,,,,,,,,,,,,Dale Murphy,dale,murphy,murphda01,8,26,2,3,0,0,0,0,0,0,5,4,0,0,0,0,0,31,0.115384615,0.258064516,0.115384615
519,George Van Haltren,0,0,17,0,41.3,9020,689.1,L,,,,,,,,,,,,,,,,,,,,,,,,,,,,,,,,,,,,,,,,,,,,,,,,,,,,,,,,,,,,,,,,,,,,,,,,,,,,,,George Van Haltren,george,haltren,haltrge01,,,,,,,,,,,,,,,,,,,,,
802,Aramis Ramírez,0,0,18,0,32.3,8986,,R,,,,,,,,,,,,,,,,,,,,,,,,,,,,,,,,,,,,,,,,,,,,,,,,,,,,,,,,,,,,,,,,,,,,,,,,,,,,,,Aramis Ramírez,aramis,ramrez,ramrear01,,,,,,,,,,,,,,,,,,,,,
904,Marquis Grissom,0,0,17,0,29.6,8959,,R,,,,,,,,,,,,,,,,,,,,,,,,,,,,,,,,,,,,,,,,,,,,,,,,,,,,,,,,,,,,,,,,,,,,,,,,,,,,,,Marquis Grissom,marquis,grissom,grissma01,356,189,9,23,7,0,0,6,0,0,8,67,0,1,15,0,4,213,0.121693122,0.150234742,0.158730159
262,José Cruz,0,0,19,0,54.4,8931,,L,,,,,,,,,,,,,,,,,,,,,,,,,,,,,,,,,,,,,,,,,,,,,,,,,,,,,,,,,,,,,,,,,,,,,,,,,,,,,,José Cruz,jos,cruz,cruzxjo01,,,,,,,,,,,,,,,,,,,,,
822,Andrés Galarraga,0,0,19,0,31.7,8916,,R,,,,,,,,,,,,,,,,,,,,,,,,,,,,,,,,,,,,,,,,,,,,,,,,,,,,,,,,,,,,,,,,,,,,,,,,,,,,,,Andrés Galarraga,andrs,galarraga,galaran01,2257,8096,1195,2333,444,32,399,1425,128,81,583,2003,106,178,1,58,179,8916,0.288166996,0.347016599,0.498764822
310,Jason Giambi,0,0,20,0,50.5,8908,,L,,,,,,,,,,,,,,,,,,,,,,,,,,,,,,,,,,,,,,,,,,,,,,,,,,,,,,,,,,,,,,,,,,,,,,,,,,,,,,Jason Giambi,jason,giambi,giambja01,2260,7267,1227,2010,405,9,440,1441,20,12,1366,1572,97,180,2,93,166,8908,0.276592817,0.399191738,0.5164442
600,Tim Wallach,0,0,17,0,38.5,8908,2,R,,,,,,,,,,,,,,,,,,,,,,,,,,,,,,,,,,,,,,,,,,,,,,,,,,,,,,,,,,,,,,,,,,,,,,,,,,,,,,Tim Wallach,tim,wallach,wallati01,2212,8099,908,2085,432,36,260,1125,51,66,649,1307,89,77,6,77,192,8908,0.25743919,0.315559048,0.415977281
429,Jim Gilliam,0,0,17,0,44.8,8887,,B,,,,,,,,,,,,,,,,,,,,,,,,,,,,,,,,,,,,,,,,,,,,,,,,,,,,,,,,,,,,,,,,,,,,,,,,,,,,,,Jim Gilliam,jim,gilliam,gilliji01,2094,7600,1255,2021,325,80,65,624,219,111,1102,416,30,36,113,35,90,8886,0.265921053,0.355503038,0.355394737
455,Fred Tenney,0,0,17,0,43.8,8834,2,L,,,,,,,,,,,,,,,,,,,,,,,,,,,,,,,,,,,,,,,,,,,,,,,,,,,,,,,,,,,,,,,,,,,,,,,,,,,,,,Fred Tenney,fred,tenney,tennefr01,6,23,1,2,0,0,0,0,0,0,0,0,0,0,0,0,0,23,0.086956522,0.086956522,0.086956522
154,Paul Goldschmidt,0,0,15,1,63.8,8826,,R,,,,,,,,,,,,,,,,,,,,,,,,,,,,,,,,,,,,,,,,,,,,,,,,,,,,,,,,,,,,,,,,,,,,,,,,,,,,,,Paul Goldschmidt,paul,goldschmidt,goldspa01,2074,7608,1280,2190,477,24,372,1232,174,36,1086,1979,121,53,0,57,174,8804,0.28785489,0.37812358,0.503548896
414,Tony Fernández,0,0,17,0,45.3,8793,,B,,,,,,,,,,,,,,,,,,,,,,,,,,,,,,,,,,,,,,,,,,,,,,,,,,,,,,,,,,,,,,,,,,,,,,,,,,,,,,Tony Fernández,tony,fernndez,fernnto01,,,,,,,,,,,,,,,,,,,,,
967,Carlos Lee,0,0,14,0,28.3,8787,,R,,,,,,,,,,,,,,,,,,,,,,,,,,,,,,,,,,,,,,,,,,,,,,,,,,,,,,,,,,,,,,,,,,,,,,,,,,,,,,Carlos Lee,carlos,lee,leexxca01,,,,,,,,,,,,,,,,,,,,,
569,Donie Bush,0,0,16,0,39.4,8775,,B,,,,,,,,,,,,,,,,,,,,,,,,,,,,,,,,,,,,,,,,,,,,,,,,,,,,,,,,,,,,,,,,,,,,,,,,,,,,,,Donie Bush,donie,bush,bushxdo01,,,,,,,,,,,,,,,,,,,,,
300,Toby Harrah,0,0,17,0,51.4,8767,,R,,,,,,,,,,,,,,,,,,,,,,,,,,,,,,,,,,,,,,,,,,,,,,,,,,,,,,,,,,,,,,,,,,,,,,,,,,,,,,Toby Harrah,toby,harrah,harrato01,2155,7402,1115,1954,307,40,195,918,238,94,1153,868,51,63,76,72,155,8766,0.263982707,0.361624458,0.395298568
570,Jake Daubert,0,0,15,0,39.4,8749,,L,,,,,,,,,,,,,,,,,,,,,,,,,,,,,,,,,,,,,,,,,,,,,,,,,,,,,,,,,,,,,,,,,,,,,,,,,,,,,,Jake Daubert,jake,daubert,daubeja01,2014,7673,1117,2326,250,165,56,722,251,78,623,489,0,54,392,0,0,8742,0.303140884,0.34351407,0.40062557
156,Joey Votto,0,0,17,0,63.6,8746,,L,,,,,,,,,,,,,,,,,,,,,,,,,,,,,,,,,,,,,,,,,,,,,,,,,,,,,,,,,,,,,,,,,,,,,,,,,,,,,,Joey Votto,joey,votto,vottojo01,2056,7252,1171,2135,459,22,356,1144,80,29,1365,1640,147,81,0,48,168,8746,0.294401544,0.409444317,0.51103144
512,Dick Bartell,0,0,18,0,41.6,8745,,R,,,,,,,,,,,,,,,,,,,,,,,,,,,,,,,,,,,,,,,,,,,,,,,,,,,,,,,,,,,,,,,,,,,,,,,,,,,,,,Dick Bartell,dick,bartell,bartedi01,2016,7629,1130,2165,442,71,79,710,109,3,748,627,0,97,269,0,102,8743,0.283785555,0.34427542,0.391401232
510,Jason Kendall,0,0,15,0,41.7,8702,,R,,,,,,,,,,,,,,,,,,,,,,,,,,,,,,,,,,,,,,,,,,,,,,,,,,,,,,,,,,,,,,,,,,,,,,,,,,,,,,Jason Kendall,jason,kendall,kendaja01,2085,7627,1030,2195,394,35,75,744,189,89,721,686,51,254,36,63,176,8701,0.287793366,0.36432594,0.378130326
274,Jose Altuve,0,0,15,1,53.4,8696,,R,,,,,,,,,,,,,,,,,,,,,,,,,,,,,,,,,,,,,,,,,,,,,,,,,,,,,,,,,,,,,,,,,,,,,,,,,,,,,,Jose Altuve,jose,altuve,altuvjo01,1975,7881,1236,2388,455,32,255,889,325,96,655,1139,50,80,27,53,215,8696,0.303007233,0.359130635,0.465930719
366,Ed Konetchy,0,0,15,0,47.7,8675,16.2,R,,,,,,,,,,,,,,,,,,,,,,,,,,,,,,,,,,,,,,,,,,,,,,,,,,,,,,,,,,,,,,,,,,,,,,,,,,,,,,Ed Konetchy,ed,konetchy,koneted01,2085,7649,972,2150,344,182,74,992,255,5,689,719,0,73,253,0,0,8664,0.281082494,0.336103416,0.402667015
441,Carlos Delgado,0,0,17,0,44.4,8657,,L,,,,,,,,,,,,,,,,,,,,,,,,,,,,,,,,,,,,,,,,,,,,,,,,,,,,,,,,,,,,,,,,,,,,,,,,,,,,,,Carlos Delgado,carlos,delgado,delgaca01,2035,7283,1241,2038,483,18,473,1512,14,8,1109,1745,186,172,0,93,152,8657,0.27982974,0.383389165,0.545928875
711,Stuffy McInnis,0,0,19,0,34.7,8642,,R,,,,,,,,,,,,,,,,,,,,,,,,,,,,,,,,,,,,,,,,,,,,,,,,,,,,,,,,,,,,,,,,,,,,,,,,,,,,,,Stuffy McInnis,stuffy,mcinnis,mcinnst01,2128,7822,872,2405,312,101,20,1063,172,75,380,251,0,38,383,0,0,8623,0.307466121,0.327380262,0.380848888
721,Elvis Andrus,0,0,15,0,34.5,8603,,R,,,,,,,,,,,,,,,,,,,,,,,,,,,,,,,,,,,,,,,,,,,,,,,,,,,,,,,,,,,,,,,,,,,,,,,,,,,,,,Elvis Andrus,elvis,andrus,andruel01,2059,7772,1058,2091,380,51,102,775,347,115,611,1206,8,57,104,58,197,8602,0.269042717,0.320739363,0.370432321
203,Sherry Magee,0,0,16,0,59.4,8560,,R,,,,,,,,,,,,,,,,,,,,,,,,,,,,,,,,,,,,,,,,,,,,,,,,,,,,,,,,,,,,,,,,,,,,,,,,,,,,,,Sherry Magee,sherry,magee,mageesh01,2087,7441,1112,2169,425,166,83,1176,441,12,736,624,0,109,260,0,0,8546,0.291493079,0.352679616,0.426689961
505,Ken Singleton,0,0,15,0,41.8,8559,,B,,,,,,,,,,,,,,,,,,,,,,,,,,,,,,,,,,,,,,,,,,,,,,,,,,,,,,,,,,,,,,,,,,,,,,,,,,,,,,Ken Singleton,ken,singleton,singlke01,2082,7189,985,2029,317,25,246,1065,21,36,1263,1246,125,17,29,60,248,8558,0.282236751,0.386655761,0.435943803
513,Yadier Molina,0,0,19,0,41.6,8554,2,R,,,,,,,,,,,,,,,,,,,,,,,,,,,,,,,,,,,,,,,,,,,,,,,,,,,,,,,,,,,,,,,,,,,,,,,,,,,,,,Yadier Molina,yadier,molina,molinya01,2226,7817,777,2168,408,7,176,1022,71,37,542,922,50,76,43,75,287,8553,0.27734425,0.325733661,0.398874248
190,Keith Hernandez,0,0,17,0,60.4,8553,,L,,,,,,,,,,,,,,,,,,,,,,,,,,,,,,,,,,,,,,,,,,,,,,,,,,,,,,,,,,,,,,,,,,,,,,,,,,,,,,Keith Hernandez,keith,hernandez,hernake01,2088,7370,1124,2182,426,60,162,1071,98,63,1070,1012,130,32,10,71,161,8553,0.296065129,0.383958845,0.436092266
635,Jay Bell,0,0,18,0,37.2,8525,,R,,,,,,,,,,,,,,,,,,,,,,,,,,,,,,,,,,,,,,,,,,,,,,,,,,,,,,,,,,,,,,,,,,,,,,,,,,,,,,Jay Bell,jay,bell,bellxja01,,,,,,,,,,,,,,,,,,,,,
639,Herman Long,0,0,16,0,37,8512,,L,,,,,,,,,,,,,,,,,,,,,,,,,,,,,,,,,,,,,,,,,,,,,,,,,,,,,,,,,,,,,,,,,,,,,,,,,,,,,,Herman Long,herman,long,longxhe01,,,,,,,,,,,,,,,,,,,,,
256,Stan Hack,0,0,16,0,55.2,8509,,L,,,,,,,,,,,,,,,,,,,,,,,,,,,,,,,,,,,,,,,,,,,,,,,,,,,,,,,,,,,,,,,,,,,,,,,,,,,,,,Stan Hack,stan,hack,hackxst01,,,,,,,,,,,,,,,,,,,,,
707,Frank White,0,0,18,0,34.8,8468,,R,,,,,,,,,,,,,,,,,,,,,,,,,,,,,,,,,,,,,,,,,,,,,,,,,,,,,,,,,,,,,,,,,,,,,,,,,,,,,,Frank White,frank,white,whitefr01,2324,7859,912,2006,407,58,160,886,178,83,412,1035,27,30,101,65,156,8467,0.255248759,0.289122475,0.382873139
694,Ron Fairly,0,0,21,0,35.1,8437,,L,,,,,,,,,,,,,,,,,,,,,,,,,,,,,,,,,,,,,,,,,,,,,,,,,,,,,,,,,,,,,,,,,,,,,,,,,,,,,,Ron Fairly,ron,fairly,fairlro01,2442,7184,931,1913,307,33,215,1044,35,33,1052,877,129,40,96,65,157,8437,0.266286192,0.356169254,0.407989978
752,Ray Durham,0,0,14,0,33.8,8423,,B,,,,,,,,,,,,,,,,,,,,,,,,,,,,,,,,,,,,,,,,,,,,,,,,,,,,,,,,,,,,,,,,,,,,,,,,,,,,,,Ray Durham,ray,durham,durhara01,1975,7408,1249,2054,440,79,192,875,273,97,820,1201,34,72,55,68,151,8423,0.277267819,0.349756619,0.43574514
410,Roger Peckinpaugh,0,0,17,0,45.5,8397,,R,,,,,,,,,,,,,,,,,,,,,,,,,,,,,,,,,,,,,,,,,,,,,,,,,,,,,,,,,,,,,,,,,,,,,,,,,,,,,,Roger Peckinpaugh,roger,peckinpaugh,peckiro01,2012,7233,1006,1876,256,75,48,740,205,74,814,670,0,22,314,0,0,8383,0.259366791,0.323511869,0.335407162
498,Nelson Cruz,0,0,19,0,42,8396,,R,,,,,,,,,,,,,,,,,,,,,,,,,,,,,,,,,,,,,,,,,,,,,,,,,,,,,,,,,,,,,,,,,,,,,,,,,,,,,,Nelson Cruz,nelson,cruz,cruzxne01,,,,,,,,,,,,,,,,,,,,,
954,Alfonso Soriano,0,0,16,0,28.6,8395,,R,,,,,,,,,,,,,,,,,,,,,,,,,,,,,,,,,,,,,,,,,,,,,,,,,,,,,,,,,,,,,,,,,,,,,,,,,,,,,,Alfonso Soriano,alfonso,soriano,soriaal01,1975,7750,1152,2095,481,31,412,1159,289,84,496,1803,68,86,9,54,123,8395,0.270322581,0.318880286,0.499870968
792,Billy Hoeft,0,0,14,0,32.5,8386,,L,,,,,,,,,,,,,,,,,,,,,,,,,,,,,,,,,,,,,,,,,,,,,,,,,,,,,,,,,,,,,,,,,,,,,,,,,,,,,,Billy Hoeft,billy,hoeft,hoeftbi01,533,531,73,107,18,3,3,47,0,0,67,162,0,0,28,4,12,630,0.201506591,0.276190476,0.263653484
268,Ron Cey,0,0,17,0,53.7,8344,,R,,,,,,,,,,,,,,,,,,,,,,,,,,,,,,,,,,,,,,,,,,,,,,,,,,,,,,,,,,,,,,,,,,,,,,,,,,,,,,Ron Cey,ron,cey,ceyxxro01,,,,,,,,,,,,,,,,,,,,,
552,Clyde Milan,0,0,16,0,40.1,8338,,L,,,,,,,,,,,,,,,,,,,,,,,,,,,,,,,,,,,,,,,,,,,,,,,,,,,,,,,,,,,,,,,,,,,,,,,,,,,,,,Clyde Milan,clyde,milan,milancl01,1982,7359,1004,2100,240,105,17,617,495,109,685,407,0,80,188,0,0,8312,0.285364859,0.344682387,0.353444762
585,Paul O'Neill,0,0,17,0,38.8,8329,2,L,,,,,,,,,,,,,,,,,,,,,,,,,,,,,,,,,,,,,,,,,,,,,,,,,,,,,,,,,,,,,,,,,,,,,,,,,,,,,,Paul O'Neill,paul,oneill,oneilpa01,2053,7318,1041,2105,451,21,281,1269,141,73,892,1166,107,22,7,90,221,8329,0.287646898,0.362468484,0.47021044
396,Willie Wilson,0,0,19,0,46.1,8317,,B,,,,,,,,,,,,,,,,,,,,,,,,,,,,,,,,,,,,,,,,,,,,,,,,,,,,,,,,,,,,,,,,,,,,,,,,,,,,,,Willie Wilson,willie,wilson,wilsowi01,1,2,0,0,0,0,0,0,0,0,0,0,0,0,0,0,0,2,0,0,0
369,Curtis Granderson,0,0,16,0,47.5,8306,,L,,,,,,,,,,,,,,,,,,,,,,,,,,,,,,,,,,,,,,,,,,,,,,,,,,,,,,,,,,,,,,,,,,,,,,,,,,,,,,Curtis Granderson,curtis,granderson,grandcu01,2057,7236,1217,1800,346,95,344,937,153,50,924,1916,31,67,30,49,64,8306,0.248756219,0.336022153,0.465450525
563,Maury Wills,0,0,14,0,39.7,8306,,B,,,,,,,,,,,,,,,,,,,,,,,,,,,,,,,,,,,,,,,,,,,,,,,,,,,,,,,,,,,,,,,,,,,,,,,,,,,,,,Maury Wills,maury,wills,willsma01,1942,7588,1067,2134,177,71,20,458,586,208,552,684,26,16,119,29,92,8304,0.281233527,0.325385356,0.331180812
267,Ian Kinsler,0,0,14,0,53.8,8299,1,R,,,,,,,,,,,,,,,,,,,,,,,,,,,,,,,,,,,,,,,,,,,,,,,,,,,,,,,,,,,,,,,,,,,,,,,,,,,,,,Ian Kinsler,ian,kinsler,kinslia01,1888,7423,1243,1999,416,41,257,909,243,74,693,1046,11,92,32,59,161,8299,0.269298127,0.335462104,0.440253267
179,Sal Bando,0,0,16,0,61.5,8289,3,R,,,,,,,,,,,,,,,,,,,,,,,,,,,,,,,,,,,,,,,,,,,,,,,,,,,,,,,,,,,,,,,,,,,,,,,,,,,,,,Sal Bando,sal,bando,bandosa01,2019,7060,982,1790,289,38,242,1039,75,46,1031,923,69,75,65,57,149,8288,0.253541076,0.349420849,0.408073654
233,Will Clark,0,0,15,0,56.5,8283,,L,,,,,,,,,,,,,,,,,,,,,,,,,,,,,,,,,,,,,,,,,,,,,,,,,,,,,,,,,,,,,,,,,,,,,,,,,,,,,,Will Clark,will,clark,clarkwi01,350,1280,188,366,54,35,2,199,38,0,114,75,0,29,12,0,0,1435,0.2859375,0.354703833,0.3875
164,Ken Boyer,0,0,15,0,62.8,8274,,R,,,,,,,,,,,,,,,,,,,,,,,,,,,,,,,,,,,,,,,,,,,,,,,,,,,,,,,,,,,,,,,,,,,,,,,,,,,,,,Ken Boyer,ken,boyer,boyerke01,2034,7455,1104,2143,318,68,282,1141,105,77,713,1017,97,20,17,63,185,8268,0.287458082,0.347847121,0.461837693
238,Robin Ventura,0,0,16,0,56.1,8271,1,L,,,,,,,,,,,,,,,,,,,,,,,,,,,,,,,,,,,,,,,,,,,,,,,,,,,,,,,,,,,,,,,,,,,,,,,,,,,,,,Robin Ventura,robin,ventura,venturo01,2079,7064,1006,1885,338,14,294,1182,24,38,1075,1179,132,23,33,76,176,8271,0.26684598,0.36065772,0.443516421
656,George Scott,0,0,14,0,36.5,8269,,R,,,,,,,,,,,,,,,,,,,,,,,,,,,,,,,,,,,,,,,,,,,,,,,,,,,,,,,,,,,,,,,,,,,,,,,,,,,,,,George Scott,george,scott,scottge01,2,1,0,0,0,0,0,0,0,0,0,1,0,0,0,0,0,1,0,0,0
878,Bobby Bonilla,0,0,16,0,30.2,8257,1,B,,,,,,,,,,,,,,,,,,,,,,,,,,,,,,,,,,,,,,,,,,,,,,,,,,,,,,,,,,,,,,,,,,,,,,,,,,,,,,Bobby Bonilla,bobby,bonilla,bonilbo01,2113,7213,1084,2010,408,61,287,1173,45,57,912,1204,128,28,5,97,169,8255,0.278663524,0.357359176,0.471509774
651,Wally Moses,0,0,17,0,36.7,8256,,L,,,,,,,,,,,,,,,,,,,,,,,,,,,,,,,,,,,,,,,,,,,,,,,,,,,,,,,,,,,,,,,,,,,,,,,,,,,,,,Wally Moses,wally,moses,moseswa01,2012,7356,1124,2138,435,110,89,679,174,81,821,457,0,21,55,0,58,8253,0.290647091,0.361080819,0.415986949
557,George Burns,0,0,15,0,39.9,8254,,R,,,,,,,,,,,,,,,,,,,,,,,,,,,,,,,,,,,,,,,,,,,,,,,,,,,,,,,,,,,,,,,,,,,,,,,,,,,,,,George Burns,george,burns,burnsge01,1853,7241,1188,2077,362,108,41,611,383,139,872,565,0,26,112,0,0,8251,0.286838834,0.360562356,0.383648667
476,Amos Otis,0,0,17,0,42.8,8247,,R,,,,,,,,,,,,,,,,,,,,,,,,,,,,,,,,,,,,,,,,,,,,,,,,,,,,,,,,,,,,,,,,,,,,,,,,,,,,,,Amos Otis,amos,otis,otisxam01,,,,,,,,,,,,,,,,,,,,,
640,José Reyes,0,0,16,0,37,8240,1,B,,,,,,,,,,,,,,,,,,,,,,,,,,,,,,,,,,,,,,,,,,,,,,,,,,,,,,,,,,,,,,,,,,,,,,,,,,,,,,José Reyes,jos,reyes,reyesjo01,1877,7552,1180,2138,387,131,145,719,517,127,589,914,56,11,50,38,82,8240,0.283103814,0.332281553,0.426641949
280,Jack Clark,0,0,18,0,53.1,8230,,R,,,,,,,,,,,,,,,,,,,,,,,,,,,,,,,,,,,,,,,,,,,,,,,,,,,,,,,,,,,,,,,,,,,,,,,,,,,,,,Jack Clark,jack,clark,clarkja01,1994,6847,1118,1826,332,39,340,1180,77,61,1262,1441,127,24,9,83,174,8225,0.26668614,0.378358663,0.475536731
97,Bobby Gric,0,0,17,0,71.1,8220,,R,,,,,,,,,,,,,,,,,,,,,,,,,,,,,,,,,,,,,,,,,,,,,,,,,,,,,,,,,,,,,,,,,,,,,,,,,,,,,,Bobby Gric,bobby,gric,gricxbo01,,,,,,,,,,,,,,,,,,,,,
506,Kid Gleason,0,0,22,0,41.8,8211,2389.1,B,,,,,,,,,,,,,,,,,,,,,,,,,,,,,,,,,,,,,,,,,,,,,,,,,,,,,,,,,,,,,,,,,,,,,,,,,,,,,,Kid Gleason,kid,gleason,gleaski01,1968,7459,1022,1946,216,81,15,824,329,0,501,408,0,38,212,0,0,8210,0.260892881,0.302679659,0.317602896
990,Garry Templeton,0,0,16,0,27.9,8208,,B,,,,,,,,,,,,,,,,,,,,,,,,,,,,,,,,,,,,,,,,,,,,,,,,,,,,,,,,,,,,,,,,,,,,,,,,,,,,,,Garry Templeton,garry,templeton,templga01,2079,7721,893,2096,329,106,70,728,242,129,375,1092,144,9,57,46,167,8208,0.271467426,0.30214425,0.36873462
306,Bob Elliott,0,0,15,0,50.9,8207,,R,,,,,,,,,,,,,,,,,,,,,,,,,,,,,,,,,,,,,,,,,,,,,,,,,,,,,,,,,,,,,,,,,,,,,,,,,,,,,,Bob Elliott,bob,elliott,elliobo01,1978,7141,1064,2061,382,94,170,1195,60,2,967,604,0,16,66,0,187,8190,0.28861504,0.371672772,0.439854362
210,Evan Longoria,0,0,16,0,58.9,8206,,R,,,,,,,,,,,,,,,,,,,,,,,,,,,,,,,,,,,,,,,,,,,,,,,,,,,,,,,,,,,,,,,,,,,,,,,,,,,,,,Evan Longoria,evan,longoria,longoev01,1986,7306,1017,1930,431,26,342,1159,58,19,730,1696,87,72,1,97,206,8206,0.264166439,0.332927126,0.470709006
176,Manny Machado,0,0,14,1,61.7,8195,,R,,,,,,,,,,,,,,,,,,,,,,,,,,,,,,,,,,,,,,,,,,,,,,,,,,,,,,,,,,,,,,,,,,,,,,,,,,,,,,Manny Machado,manny,machado,machama01,1894,7424,1082,2069,396,18,369,1144,113,41,663,1433,72,30,14,64,224,8195,0.278690733,0.337034777,0.485991379
345,Buddy Myer,0,0,17,0,48.4,8194,,L,,,,,,,,,,,,,,,,,,,,,,,,,,,,,,,,,,,,,,,,,,,,,,,,,,,,,,,,,,,,,,,,,,,,,,,,,,,,,,Buddy Myer,buddy,myer,myerxbu01,,,,,,,,,,,,,,,,,,,,,
869,Gary Matthews,0,0,16,0,30.4,8189,,R,,,,,,,,,,,,,,,,,,,,,,,,,,,,,,,,,,,,,,,,,,,,,,,,,,,,,,,,,,,,,,,,,,,,,,,,,,,,,,Gary Matthews,gary,matthews,matthga01,2033,7147,1083,2011,319,51,234,978,183,74,940,1125,46,21,19,62,179,8189,0.281376801,0.362925876,0.438505667
731,Willie McGee,0,0,18,0,34.3,8188,,B,,,,,,,,,,,,,,,,,,,,,,,,,,,,,,,,,,,,,,,,,,,,,,,,,,,,,,,,,,,,,,,,,,,,,,,,,,,,,,Willie McGee,willie,mcgee,mcgeewi01,2201,7649,1010,2254,350,94,79,856,352,121,448,1238,58,15,30,46,157,8188,0.294679043,0.331827064,0.395999477
646,Dick Groat,0,0,14,0,36.8,8180,,R,,,,,,,,,,,,,,,,,,,,,,,,,,,,,,,,,,,,,,,,,,,,,,,,,,,,,,,,,,,,,,,,,,,,,,,,,,,,,,Dick Groat,dick,groat,groatdi01,1929,7484,829,2138,352,67,39,707,14,27,490,512,39,31,122,52,220,8179,0.285676109,0.325100868,0.366247996
325,Ellis Burks,0,0,18,0,49.8,8177,,R,,,,,,,,,,,,,,,,,,,,,,,,,,,,,,,,,,,,,,,,,,,,,,,,,,,,,,,,,,,,,,,,,,,,,,,,,,,,,,Ellis Burks,ellis,burks,burksel01,2000,7232,1253,2107,402,63,352,1206,181,84,793,1340,33,60,29,62,171,8176,0.291344027,0.362035225,0.510370575
819,Víctor Martínez,0,0,16,0,31.8,8166,,B,,,,,,,,,,,,,,,,,,,,,,,,,,,,,,,,,,,,,,,,,,,,,,,,,,,,,,,,,,,,,,,,,,,,,,,,,,,,,,Víctor Martínez,vctor,martnez,martnvc01,,,,,,,,,,,,,,,,,,,,,
857,Chris Speier,0,0,19,0,30.6,8155,,R,,,,,,,,,,,,,,,,,,,,,,,,,,,,,,,,,,,,,,,,,,,,,,,,,,,,,,,,,,,,,,,,,,,,,,,,,,,,,,Chris Speier,chris,speier,speiech01,2260,7156,770,1759,302,50,112,720,42,54,847,988,106,35,73,44,183,8155,0.245807714,0.323850399,0.348937954
281,César Cedeño,0,0,17,0,53,8133,,R,,,,,,,,,,,,,,,,,,,,,,,,,,,,,,,,,,,,,,,,,,,,,,,,,,,,,,,,,,,,,,,,,,,,,,,,,,,,,,César Cedeño,csar,cedeo,cedeocs01,,,,,,,,,,,,,,,,,,,,,
486,José Canseco,0,0,17,0,42.4,8129,1,R,,,,,,,,,,,,,,,,,,,,,,,,,,,,,,,,,,,,,,,,,,,,,,,,,,,,,,,,,,,,,,,,,,,,,,,,,,,,,,José Canseco,jos,canseco,cansejo01,1887,7057,1186,1877,340,14,462,1407,200,88,906,1942,63,84,1,81,178,8129,0.265977044,0.352687907,0.514524586
690,Edwin Encarnación,0,0,16,0,35.3,8126,,R,,,,,,,,,,,,,,,,,,,,,,,,,,,,,,,,,,,,,,,,,,,,,,,,,,,,,,,,,,,,,,,,,,,,,,,,,,,,,,Edwin Encarnación,edwin,encarnacin,encared01,1960,7040,1099,1832,370,10,424,1261,61,14,903,1426,54,105,0,66,185,8114,0.260227273,0.350012324,0.496306818
675,Wally Joyner,0,0,16,0,35.8,8115,,L,,,,,,,,,,,,,,,,,,,,,,,,,,,,,,,,,,,,,,,,,,,,,,,,,,,,,,,,,,,,,,,,,,,,,,,,,,,,,,Wally Joyner,wally,joyner,joynewa01,2033,7127,973,2060,409,26,204,1106,60,39,833,825,109,38,26,91,168,8115,0.289041673,0.361182994,0.439595903
218,Bobby Bonds,0,0,14,0,57.9,8090,,R,,,,,,,,,,,,,,,,,,,,,,,,,,,,,,,,,,,,,,,,,,,,,,,,,,,,,,,,,,,,,,,,,,,,,,,,,,,,,,Bobby Bonds,bobby,bonds,bondsbo01,1849,7043,1258,1886,302,66,332,1024,461,169,914,1757,75,53,16,64,107,8090,0.267783615,0.352657602,0.470822093
370,Devon White,0,0,17,0,47.3,8080,,B,,,,,,,,,,,,,,,,,,,,,,,,,,,,,,,,,,,,,,,,,,,,,,,,,,,,,,,,,,,,,,,,,,,,,,,,,,,,,,Devon White,devon,white,whitede01,1560,6624,1140,2067,270,98,24,988,70,9,308,221,0,41,0,0,8,6973,0.312047101,0.346479277,0.393266908
991,Hal McRae,0,0,19,0,27.9,8059,,R,,,,,,,,,,,,,,,,,,,,,,,,,,,,,,,,,,,,,,,,,,,,,,,,,,,,,,,,,,,,,,,,,,,,,,,,,,,,,,Hal McRae,hal,mcrae,mcraeha01,2084,7218,940,2091,484,66,191,1097,109,78,648,779,69,79,28,85,186,8058,0.289692436,0.349714569,0.454419507
144,Reggie Smith,0,0,17,0,64.6,8051,,B,,,,,,,,,,,,,,,,,,,,,,,,,,,,,,,,,,,,,,,,,,,,,,,,,,,,,,,,,,,,,,,,,,,,,,,,,,,,,,Reggie Smith,reggie,smith,smithre01,2,8,1,1,0,0,0,0,0,0,0,0,0,0,0,0,0,8,0.125,0.125,0.125
244,Bob Johnson,0,0,13,0,55.7,8051,,R,,,,,,,,,,,,,,,,,,,,,,,,,,,,,,,,,,,,,,,,,,,,,,,,,,,,,,,,,,,,,,,,,,,,,,,,,,,,,,Bob Johnson,bob,johnson,johnsbo01,1863,6920,1239,2051,396,95,288,1283,96,64,1075,851,0,24,28,0,102,8047,0.296387283,0.39145023,0.505924855
716,Ken Griffey,0,0,19,0,34.6,8049,,L,,,,,,,,,,,,,,,,,,,,,,,,,,,,,,,,,,,,,,,,,,,,,,,,,,,,,,,,,,,,,,,,,,,,,,,,,,,,,,Ken Griffey,ken,griffey,griffke01,2097,7229,1129,2143,364,77,152,859,200,83,719,898,51,14,31,55,106,8048,0.296444875,0.357355865,0.43117997
460,Adrián González,0,0,15,0,43.6,8046,,L,,,,,,,,,,,,,,,,,,,,,,,,,,,,,,,,,,,,,,,,,,,,,,,,,,,,,,,,,,,,,,,,,,,,,,,,,,,,,,Adrián González,adrin,gonzlez,gonzlad01,,,,,,,,,,,,,,,,,,,,,
931,Tino Martinez,0,0,16,0,29,8044,,L,,,,,,,,,,,,,,,,,,,,,,,,,,,,,,,,,,,,,,,,,,,,,,,,,,,,,,,,,,,,,,,,,,,,,,,,,,,,,,Tino Martinez,tino,martinez,martiti01,548,0,0,0,0,0,0,0,0,0,0,0,0,0,0,0,0,0,,,
311,Mark Teixeira,0,0,14,0,50.5,8029,,B,,,,,,,,,,,,,,,,,,,,,,,,,,,,,,,,,,,,,,,,,,,,,,,,,,,,,,,,,,,,,,,,,,,,,,,,,,,,,,Mark Teixeira,mark,teixeira,teixema01,1862,6936,1099,1862,408,18,409,1298,26,7,918,1441,91,111,0,64,158,8029,0.268454441,0.360069747,0.509371396
641,Dusty Baker,0,0,19,0,37,8022,,R,,,,,,,,,,,,,,,,,,,,,,,,,,,,,,,,,,,,,,,,,,,,,,,,,,,,,,,,,,,,,,,,,,,,,,,,,,,,,,Dusty Baker,dusty,baker,bakerdu01,2039,7117,964,1981,320,23,242,1013,137,73,762,926,52,30,27,85,158,8021,0.278347618,0.345717492,0.431783055
836,Bill Russell,0,0,18,0,31.3,8021,,R,,,,,,,,,,,,,,,,,,,,,,,,,,,,,,,,,,,,,,,,,,,,,,,,,,,,,,,,,,,,,,,,,,,,,,,,,,,,,,Bill Russell,bill,russell,russebi01,2181,7318,796,1926,293,57,46,627,167,69,483,667,106,36,132,51,174,8020,0.263186663,0.304862843,0.337660563
243,Jim Wynn,0,0,15,0,55.9,8011,,R,,,,,,,,,,,,,,,,,,,,,,,,,,,,,,,,,,,,,,,,,,,,,,,,,,,,,,,,,,,,,,,,,,,,,,,,,,,,,,Jim Wynn,jim,wynn,wynnxji01,,,,,,,,,,,,,,,,,,,,,
936,Brandon Phillips,0,0,17,0,28.9,7992,,R,,,,,,,,,,,,,,,,,,,,,,,,,,,,,,,,,,,,,,,,,,,,,,,,,,,,,,,,,,,,,,,,,,,,,,,,,,,,,,Brandon Phillips,brandon,phillips,phillbr01,1902,7378,1005,2029,368,35,211,951,209,84,420,1092,34,92,39,62,224,7991,0.275006777,0.317982731,0.420168067
442,Matt Holliday,0,0,15,0,44.4,7981,,R,,,,,,,,,,,,,,,,,,,,,,,,,,,,,,,,,,,,,,,,,,,,,,,,,,,,,,,,,,,,,,,,,,,,,,,,,,,,,,Matt Holliday,matt,holliday,hollima01,1903,7009,1157,2096,468,32,316,1220,108,37,802,1362,57,124,1,45,220,7981,0.299044086,0.378649292,0.51020117
191,Jim Edmonds,0,0,17,0,60.4,7980,,L,,,,,,,,,,,,,,,,,,,,,,,,,,,,,,,,,,,,,,,,,,,,,,,,,,,,,,,,,,,,,,,,,,,,,,,,,,,,,,Jim Edmonds,jim,edmonds,edmonji01,2011,6858,1251,1949,437,25,393,1199,67,50,998,1729,91,49,10,65,122,7980,0.284193642,0.375438596,0.52712161
712,Shawn Green,0,0,15,0,34.7,7963,,L,,,,,,,,,,,,,,,,,,,,,,,,,,,,,,,,,,,,,,,,,,,,,,,,,,,,,,,,,,,,,,,,,,,,,,,,,,,,,,Shawn Green,shawn,green,greensh01,1951,7082,1129,2003,445,35,328,1070,162,52,744,1315,80,80,3,53,175,7962,0.282829709,0.355061542,0.494493081
717,Derrek Lee,0,0,15,0,34.6,7963,,R,,,,,,,,,,,,,,,,,,,,,,,,,,,,,,,,,,,,,,,,,,,,,,,,,,,,,,,,,,,,,,,,,,,,,,,,,,,,,,Derrek Lee,derrek,lee,leexxde01,,,,,,,,,,,,,,,,,,,,,
896,Del Ennis,0,0,14,0,29.8,7944,,R,,,,,,,,,,,,,,,,,,,,,,,,,,,,,,,,,,,,,,,,,,,,,,,,,,,,,,,,,,,,,,,,,,,,,,,,,,,,,,Del Ennis,del,ennis,ennisde01,1903,7254,985,2063,358,69,288,1284,45,19,597,719,23,31,20,38,212,7940,0.284394817,0.338916877,0.471877585
670,Cecil Cooper,0,0,17,0,36,7939,,L,,,,,,,,,,,,,,,,,,,,,,,,,,,,,,,,,,,,,,,,,,,,,,,,,,,,,,,,,,,,,,,,,,,,,,,,,,,,,,Cecil Cooper,cecil,cooper,coopece01,1896,7349,1012,2192,415,47,241,1125,89,49,448,911,79,17,46,79,150,7939,0.298271874,0.334676911,0.46591373
463,Fielder Jones,0,0,15,0,43.4,7924,,L,,,,,,,,,,,,,,,,,,,,,,,,,,,,,,,,,,,,,,,,,,,,,,,,,,,,,,,,,,,,,,,,,,,,,,,,,,,,,,Fielder Jones,fielder,jones,jonesfi01,1788,6747,1180,1920,206,75,21,631,359,0,817,422,0,76,254,0,0,7894,0.28457092,0.356346592,0.346672595
318,Fred Lynn,0,0,17,0,50.2,7923,,L,,,,,,,,,,,,,,,,,,,,,,,,,,,,,,,,,,,,,,,,,,,,,,,,,,,,,,,,,,,,,,,,,,,,,,,,,,,,,,Fred Lynn,fred,lynn,lynnxfr01,,,,,,,,,,,,,,,,,,,,,
290,Norm Cash,0,0,17,0,52,7914,,L,,,,,,,,,,,,,,,,,,,,,,,,,,,,,,,,,,,,,,,,,,,,,,,,,,,,,,,,,,,,,,,,,,,,,,,,,,,,,,Norm Cash,norm,cash,cashxno01,,,,,,,,,,,,,,,,,,,,,
558,Moisés Alou,0,0,17,0,39.9,7913,,R,,,,,,,,,,,,,,,,,,,,,,,,,,,,,,,,,,,,,,,,,,,,,,,,,,,,,,,,,,,,,,,,,,,,,,,,,,,,,,Moisés Alou,moiss,alou,alouxmo01,,,,,,,,,,,,,,,,,,,,,
491,Felipe Alou,0,0,17,0,42.3,7908,,R,,,,,,,,,,,,,,,,,,,,,,,,,,,,,,,,,,,,,,,,,,,,,,,,,,,,,,,,,,,,,,,,,,,,,,,,,,,,,,Felipe Alou,felipe,alou,alouxfe01,,,,,,,,,,,,,,,,,,,,,
543,Carney Lansford,0,0,15,0,40.4,7905,,R,,,,,,,,,,,,,,,,,,,,,,,,,,,,,,,,,,,,,,,,,,,,,,,,,,,,,,,,,,,,,,,,,,,,,,,,,,,,,,Carney Lansford,carney,lansford,lansfca01,1862,7158,1007,2074,332,40,151,874,224,104,553,719,45,64,53,77,166,7905,0.289745739,0.340417457,0.41058955
500,Plácido Polanco,0,0,16,0,41.9,7887,,R,,,,,,,,,,,,,,,,,,,,,,,,,,,,,,,,,,,,,,,,,,,,,,,,,,,,,,,,,,,,,,,,,,,,,,,,,,,,,,Plácido Polanco,plcido,polanco,polanpl01,1927,7214,1009,2142,348,32,104,723,81,30,429,538,13,101,86,56,201,7886,0.29692265,0.338828303,0.397283061
387,Mike Cameron,0,0,17,0,46.7,7884,,R,,,,,,,,,,,,,,,,,,,,,,,,,,,,,,,,,,,,,,,,,,,,,,,,,,,,,,,,,,,,,,,,,,,,,,,,,,,,,,Mike Cameron,mike,cameron,camermi01,1955,6839,1064,1700,383,59,278,968,297,83,867,1901,19,87,31,60,114,7884,0.248574353,0.336631152,0.44377833
250,Chet Lemon,0,0,16,0,55.6,7874,,R,,,,,,,,,,,,,,,,,,,,,,,,,,,,,,,,,,,,,,,,,,,,,,,,,,,,,,,,,,,,,,,,,,,,,,,,,,,,,,Chet Lemon,chet,lemon,lemonch01,1988,6868,973,1875,396,61,215,884,58,76,749,1024,46,151,50,54,174,7872,0.273005242,0.352515244,0.442341293
145,Chase Utley,0,0,16,0,64.6,7863,,L,,,,,,,,,,,,,,,,,,,,,,,,,,,,,,,,,,,,,,,,,,,,,,,,,,,,,,,,,,,,,,,,,,,,,,,,,,,,,,Chase Utley,chase,utley,utleych01,1937,6857,1103,1885,411,58,259,1025,154,22,724,1193,62,204,6,72,93,7863,0.27490156,0.357751494,0.465072189
820,Wally Pipp,0,0,15,0,31.8,7837,,L,,,,,,,,,,,,,,,,,,,,,,,,,,,,,,,,,,,,,,,,,,,,,,,,,,,,,,,,,,,,,,,,,,,,,,,,,,,,,,Wally Pipp,wally,pipp,pippxwa01,,,,,,,,,,,,,,,,,,,,,
304,Brian Giles,0,0,15,0,51.1,7836,,L,,,,,,,,,,,,,,,,,,,,,,,,,,,,,,,,,,,,,,,,,,,,,,,,,,,,,,,,,,,,,,,,,,,,,,,,,,,,,,Brian Giles,brian,giles,gilesbr01,287,709,74,162,27,0,10,50,27,13,70,151,2,2,5,5,11,791,0.228490832,0.295828066,0.308885755
927,George Hendrick,0,0,18,0,29.1,7834,,R,,,,,,,,,,,,,,,,,,,,,,,,,,,,,,,,,,,,,,,,,,,,,,,,,,,,,,,,,,,,,,,,,,,,,,,,,,,,,,George Hendrick,george,hendrick,hendrge01,2048,7129,941,1980,343,27,267,1111,59,47,567,1013,77,22,21,86,211,7825,0.277738813,0.328306709,0.445784823
451,Al Dark,0,0,14,0,43.9,7833,1,R,,,,,,,,,,,,,,,,,,,,,,,,,,,,,,,,,,,,,,,,,,,,,,,,,,,,,,,,,,,,,,,,,,,,,,,,,,,,,,Al Dark,al,dark,darkxal01,,,,,,,,,,,,,,,,,,,,,
291,Lance Berkman,0,0,15,0,52,7814,,B,,,,,,,,,,,,,,,,,,,,,,,,,,,,,,,,,,,,,,,,,,,,,,,,,,,,,,,,,,,,,,,,,,,,,,,,,,,,,,Lance Berkman,lance,berkman,berkmla01,1879,6491,1146,1905,422,30,366,1234,86,48,1201,1300,160,66,1,54,147,7813,0.293483285,0.405990017,0.536897242
449,George Foster,0,0,18,0,44.2,7812,,R,,,,,,,,,,,,,,,,,,,,,,,,,,,,,,,,,,,,,,,,,,,,,,,,,,,,,,,,,,,,,,,,,,,,,,,,,,,,,,George Foster,george,foster,fostege01,1977,7023,986,1925,307,47,348,1239,51,31,666,1419,106,52,3,68,196,7812,0.274099388,0.338325653,0.479851915
581,Boog Powell,0,0,17,0,39.1,7810,,L,,,,,,,,,,,,,,,,,,,,,,,,,,,,,,,,,,,,,,,,,,,,,,,,,,,,,,,,,,,,,,,,,,,,,,,,,,,,,,Boog Powell,boog,powell,powelbo01,2042,6681,889,1776,270,11,339,1187,20,21,1001,1226,140,29,27,72,164,7810,0.265828469,0.359282971,0.461757222
566,Lance Parrish,0,0,19,0,39.5,7797,,R,,,,,,,,,,,,,,,,,,,,,,,,,,,,,,,,,,,,,,,,,,,,,,,,,,,,,,,,,,,,,,,,,,,,,,,,,,,,,,Lance Parrish,lance,parrish,parrila01,1891,6792,850,1789,360,33,256,992,30,36,529,1359,79,42,31,56,187,7450,0.263398115,0.316778523,0.439193168
586,Magglio Ordóñez,0,0,15,0,38.8,7745,,R,,,,,,,,,,,,,,,,,,,,,,,,,,,,,,,,,,,,,,,,,,,,,,,,,,,,,,,,,,,,,,,,,,,,,,,,,,,,,,Magglio Ordóñez,magglio,ordez,ordezma01,,,,,,,,,,,,,,,,,,,,,
696,Brady Anderson,0,0,15,0,35,7737,,L,,,,,,,,,,,,,,,,,,,,,,,,,,,,,,,,,,,,,,,,,,,,,,,,,,,,,,,,,,,,,,,,,,,,,,,,,,,,,,Brady Anderson,brady,anderson,anderbr01,1834,6499,1062,1661,338,67,210,761,315,100,960,1190,59,154,74,50,65,7737,0.255577781,0.35866615,0.42514233
383,Roy White,0,0,15,0,46.8,7736,,B,,,,,,,,,,,,,,,,,,,,,,,,,,,,,,,,,,,,,,,,,,,,,,,,,,,,,,,,,,,,,,,,,,,,,,,,,,,,,,Roy White,roy,white,whitero01,1881,6650,964,1803,300,51,160,758,233,117,934,708,66,29,53,69,123,7735,0.27112782,0.357595346,0.403759398
631,Cy Williams,0,0,19,0,37.4,7727,,L,,,,,,,,,,,,,,,,,,,,,,,,,,,,,,,,,,,,,,,,,,,,,,,,,,,,,,,,,,,,,,,,,,,,,,,,,,,,,,Cy Williams,cy,williams,willicy01,2002,6780,1024,1981,306,74,251,1005,115,82,690,721,0,86,164,0,0,7720,0.292182891,0.357124352,0.47020649
487,Don Mattingly,0,0,14,0,42.4,7722,,L,,,,,,,,,,,,,,,,,,,,,,,,,,,,,,,,,,,,,,,,,,,,,,,,,,,,,,,,,,,,,,,,,,,,,,,,,,,,,,Don Mattingly,don,mattingly,mattido01,1785,7003,1007,2153,442,20,222,1099,14,9,588,444,136,21,13,96,191,7721,0.307439669,0.357725683,0.471369413
810,Bobby Murcer,0,0,17,0,32.1,7718,,L,,,,,,,,,,,,,,,,,,,,,,,,,,,,,,,,,,,,,,,,,,,,,,,,,,,,,,,,,,,,,,,,,,,,,,,,,,,,,,Bobby Murcer,bobby,murcer,murcebo01,1908,6730,972,1862,285,45,252,1043,127,75,862,841,96,27,18,81,124,7718,0.27667162,0.356439492,0.444725111
347,Larry Gardner,0,0,17,0,48.3,7715,,L,,,,,,,,,,,,,,,,,,,,,,,,,,,,,,,,,,,,,,,,,,,,,,,,,,,,,,,,,,,,,,,,,,,,,,,,,,,,,,Larry Gardner,larry,gardner,gardnla01,1923,6688,867,1931,301,129,27,934,165,91,654,434,0,32,311,0,0,7685,0.288726077,0.340533507,0.384419856
636,Phil Cavarretta,0,0,22,0,37.2,7703,,L,,,,,,,,,,,,,,,,,,,,,,,,,,,,,,,,,,,,,,,,,,,,,,,,,,,,,,,,,,,,,,,,,,,,,,,,,,,,,,Phil Cavarretta,phil,cavarretta,cavarph01,2030,6754,990,1977,347,99,95,920,65,0,820,598,0,37,89,1,103,7701,0.292715428,0.368004155,0.415605567
423,Dixie Walker,0,0,18,0,45,7669,,L,,,,,,,,,,,,,,,,,,,,,,,,,,,,,,,,,,,,,,,,,,,,,,,,,,,,,,,,,,,,,,,,,,,,,,,,,,,,,,Dixie Walker,dixie,walker,walkedi01,76,164,14,33,3,0,0,5,1,0,13,39,0,2,1,0,0,180,0.201219512,0.266666667,0.219512195
265,Bryce Harper,0,0,14,1,54,7665,,L,,,,,,,,,,,,,,,,,,,,,,,,,,,,,,,,,,,,,,,,,,,,,,,,,,,,,,,,,,,,,,,,,,,,,,,,,,,,,,Bryce Harper,bryce,harper,harpebr01,1001,3151,339,931,186,7,63,428,8,17,133,188,27,44,15,43,107,3386,0.295461758,0.32722977,0.41891463
171,Mark McGwire,0,0,16,0,62.2,7660,,R,,,,,,,,,,,,,,,,,,,,,,,,,,,,,,,,,,,,,,,,,,,,,,,,,,,,,,,,,,,,,,,,,,,,,,,,,,,,,,Mark McGwire,mark,mcgwire,mcgwima01,1874,6187,1167,1626,252,6,583,1414,12,8,1317,1596,150,75,3,78,147,7660,0.262809116,0.393994778,0.588168741
807,Justin Upton,0,0,16,0,32.2,7649,,R,,,,,,,,,,,,,,,,,,,,,,,,,,,,,,,,,,,,,,,,,,,,,,,,,,,,,,,,,,,,,,,,,,,,,,,,,,,,,,Justin Upton,justin,upton,uptonju01,1845,6721,1058,1754,350,38,325,1003,151,59,785,1971,49,78,3,59,142,7646,0.260973069,0.342270468,0.469424193
962,Terry Pendleton,0,0,15,0,28.4,7637,,B,,,,,,,,,,,,,,,,,,,,,,,,,,,,,,,,,,,,,,,,,,,,,,,,,,,,,,,,,,,,,,,,,,,,,,,,,,,,,,Terry Pendleton,terry,pendleton,pendlte01,1893,7032,851,1897,356,39,140,946,127,59,486,979,77,15,37,67,178,7637,0.26976678,0.313997643,0.391211604
402,Del Pratt,0,0,13,0,45.8,7632,,R,,,,,,,,,,,,,,,,,,,,,,,,,,,,,,,,,,,,,,,,,,,,,,,,,,,,,,,,,,,,,,,,,,,,,,,,,,,,,,Del Pratt,del,pratt,prattde01,1836,6826,856,1996,392,117,43,970,247,138,513,428,0,37,233,0,0,7609,0.292411368,0.334603759,0.403017873
591,Ed McKean,0,0,13,0,38.7,7626,,R,,,,,,,,,,,,,,,,,,,,,,,,,,,,,,,,,,,,,,,,,,,,,,,,,,,,,,,,,,,,,,,,,,,,,,,,,,,,,,Ed McKean,ed,mckean,mckeaed01,1655,6894,1227,2084,272,158,67,1124,324,0,636,257,0,39,57,0,0,7626,0.302291848,0.361788618,0.416739194
388,Matt Williams,0,0,17,0,46.6,7595,,R,,,,,,,,,,,,,,,,,,,,,,,,,,,,,,,,,,,,,,,,,,,,,,,,,,,,,,,,,,,,,,,,,,,,,,,,,,,,,,Matt Williams,matt,williams,willima01,10,19,0,2,0,0,0,1,0,0,1,6,0,0,0,0,0,20,0.105263158,0.15,0.105263158
353,Bobby Veach,0,0,14,0,48.1,7579,2,L,,,,,,,,,,,,,,,,,,,,,,,,,,,,,,,,,,,,,,,,,,,,,,,,,,,,,,,,,,,,,,,,,,,,,,,,,,,,,,Bobby Veach,bobby,veach,veachbo01,1821,6656,953,2063,393,147,64,1166,195,88,571,370,0,59,271,0,0,7557,0.309945913,0.356358343,0.442007212
734,Marty McManus,0,0,15,0,34.2,7568,,R,,,,,,,,,,,,,,,,,,,,,,,,,,,,,,,,,,,,,,,,,,,,,,,,,,,,,,,,,,,,,,,,,,,,,,,,,,,,,,Marty McManus,marty,mcmanus,mcmanma01,1831,6660,1008,1926,401,88,120,999,126,91,675,558,0,30,198,0,13,7563,0.289189189,0.347877826,0.42987988
430,Rocky Colavito,0,0,14,0,44.8,7559,5.2,R,,,,,,,,,,,,,,,,,,,,,,,,,,,,,,,,,,,,,,,,,,,,,,,,,,,,,,,,,,,,,,,,,,,,,,,,,,,,,,Rocky Colavito,rocky,colavito,colavro01,1841,6503,971,1730,283,21,374,1159,19,27,951,880,58,29,16,60,182,7559,0.266031063,0.358513031,0.488543749
177,Jack Glasscock,0,0,17,0,61.6,7552,7,R,,,,,,,,,,,,,,,,,,,,,,,,,,,,,,,,,,,,,,,,,,,,,,,,,,,,,,,,,,,,,,,,,,,,,,,,,,,,,,Jack Glasscock,jack,glasscock,glassja01,1737,7033,1164,2041,313,98,27,827,372,0,440,212,0,62,17,0,0,7552,0.290203327,0.336731992,0.374093559
860,Arlie Latham,0,0,17,0,30.5,7524,,R,,,,,,,,,,,,,,,,,,,,,,,,,,,,,,,,,,,,,,,,,,,,,,,,,,,,,,,,,,,,,,,,,,,,,,,,,,,,,,Arlie Latham,arlie,latham,lathaar01,1629,6832,1481,1836,245,85,27,563,742,0,589,305,0,85,18,0,0,7524,0.268735363,0.333599149,0.341334895
793,Adam Jones,0,0,14,0,32.5,7516,,R,,,,,,,,,,,,,,,,,,,,,,,,,,,,,,,,,,,,,,,,,,,,,,,,,,,,,,,,,,,,,,,,,,,,,,,,,,,,,,Adam Jones,adam,jones,jonesad01,1823,7009,963,1939,336,29,282,945,97,35,340,1395,20,103,8,55,190,7515,0.276644314,0.316966068,0.453559709
221,Nolan Arenado,0,0,13,1,57.8,7514,,R,,,,,,,,,,,,,,,,,,,,,,,,,,,,,,,,,,,,,,,,,,,,,,,,,,,,,,,,,,,,,,,,,,,,,,,,,,,,,,Nolan Arenado,nolan,arenado,arenano01,1787,6807,992,1921,405,34,353,1184,31,23,577,1094,80,43,5,80,202,7512,0.28220949,0.338258786,0.507271926
928,Luis Castillo,0,0,15,0,29.1,7471,,B,,,,,,,,,,,,,,,,,,,,,,,,,,,,,,,,,,,,,,,,,,,,,,,,,,,,,,,,,,,,,,,,,,,,,,,,,,,,,,Luis Castillo,luis,castillo,castilu01,1720,6510,1001,1889,194,59,28,443,370,142,800,850,13,12,123,26,120,7471,0.290168971,0.361531254,0.350998464
424,Paul Hines,0,0,20,0,45,7470,1,R,,,,,,,,,,,,,,,,,,,,,,,,,,,,,,,,,,,,,,,,,,,,,,,,,,,,,,,,,,,,,,,,,,,,,,,,,,,,,,Paul Hines,paul,hines,hinespa01,1658,7062,1217,2133,399,93,57,855,163,11,372,310,0,36,0,0,3,7470,0.302039082,0.340160643,0.409090909
947,Ossie Bluege,0,0,18,0,28.7,7458,,R,,,,,,,,,,,,,,,,,,,,,,,,,,,,,,,,,,,,,,,,,,,,,,,,,,,,,,,,,,,,,,,,,,,,,,,,,,,,,,Ossie Bluege,ossie,bluege,bluegos01,1867,6440,883,1751,276,67,43,848,140,87,723,515,0,71,218,0,2,7452,0.27189441,0.341519055,0.355590062
603,Johnny Callison,0,0,16,0,38.4,7437,,L,,,,,,,,,,,,,,,,,,,,,,,,,,,,,,,,,,,,,,,,,,,,,,,,,,,,,,,,,,,,,,,,,,,,,,,,,,,,,,Johnny Callison,johnny,callison,callijo01,1886,6652,926,1757,321,89,226,840,74,51,650,1064,73,41,51,43,98,7437,0.264131088,0.329164986,0.441070355
478,Ben Chapman,0,0,15,0,42.7,7427,141.1,R,,,,,,,,,,,,,,,,,,,,,,,,,,,,,,,,,,,,,,,,,,,,,,,,,,,,,,,,,,,,,,,,,,,,,,,,,,,,,,Ben Chapman,ben,chapman,chapmbe01,1717,6478,1144,1958,407,107,90,977,287,135,824,556,0,26,92,0,52,7420,0.302253782,0.378436658,0.439796233
341,Jim Fregosi,0,0,18,0,48.7,7404,,R,,,,,,,,,,,,,,,,,,,,,,,,,,,,,,,,,,,,,,,,,,,,,,,,,,,,,,,,,,,,,,,,,,,,,,,,,,,,,,Jim Fregosi,jim,fregosi,fregoji01,1902,6523,844,1726,264,78,151,706,76,40,715,1097,48,32,79,53,125,7402,0.264602177,0.334098892,0.398436302
553,Ryan Zimmerman,0,0,16,0,40.1,7402,,R,,,,,,,,,,,,,,,,,,,,,,,,,,,,,,,,,,,,,,,,,,,,,,,,,,,,,,,,,,,,,,,,,,,,,,,,,,,,,,Ryan Zimmerman,ryan,zimmerman,zimmery01,1799,6654,963,1846,417,22,284,1061,43,16,646,1384,43,31,1,69,212,7401,0.277427112,0.340899878,0.474752029
882,Asdrúbal Cabrera,0,0,15,0,30.1,7401,1.1,B,,,,,,,,,,,,,,,,,,,,,,,,,,,,,,,,,,,,,,,,,,,,,,,,,,,,,,,,,,,,,,,,,,,,,,,,,,,,,,Asdrúbal Cabrera,asdrbal,cabrera,cabreas01,1822,6632,886,1763,401,28,195,869,91,32,589,1330,26,68,51,61,177,7401,0.265832328,0.32698284,0.422949337
417,Larry Doyle,0,0,14,0,45.1,7400,,L,,,,,,,,,,,,,,,,,,,,,,,,,,,,,,,,,,,,,,,,,,,,,,,,,,,,,,,,,,,,,,,,,,,,,,,,,,,,,,Larry Doyle,larry,doyle,doylela01,1766,6509,960,1887,299,123,74,793,298,27,625,378,0,53,195,0,0,7382,0.289906284,0.347466811,0.407743125
604,Harry Davis,0,0,22,0,38.4,7391,,R,,,,,,,,,,,,,,,,,,,,,,,,,,,,,,,,,,,,,,,,,,,,,,,,,,,,,,,,,,,,,,,,,,,,,,,,,,,,,,Harry Davis,harry,davis,davisha01,1755,6653,1001,1841,361,145,75,951,285,2,525,644,0,59,142,0,0,7379,0.27671727,0.328635316,0.408387194
437,Chuck Knoblauch,0,0,12,0,44.6,7387,,R,,,,,,,,,,,,,,,,,,,,,,,,,,,,,,,,,,,,,,,,,,,,,,,,,,,,,,,,,,,,,,,,,,,,,,,,,,,,,,Chuck Knoblauch,chuck,knoblauch,knoblch01,1632,6366,1132,1839,322,64,98,615,407,117,804,730,22,139,20,56,116,7385,0.288878417,0.376709546,0.405749293
611,Bill Madlock,0,0,15,0,38.2,7372,,R,,,,,,,,,,,,,,,,,,,,,,,,,,,,,,,,,,,,,,,,,,,,,,,,,,,,,,,,,,,,,,,,,,,,,,,,,,,,,,Bill Madlock,bill,madlock,madlobi01,1806,6594,920,2008,348,34,163,860,174,90,605,510,121,68,36,69,190,7372,0.30451926,0.363673359,0.441765241
626,Frank Howard,0,0,16,0,37.6,7353,,R,,,,,,,,,,,,,,,,,,,,,,,,,,,,,,,,,,,,,,,,,,,,,,,,,,,,,,,,,,,,,,,,,,,,,,,,,,,,,,Frank Howard,frank,howard,howarfr01,1895,6488,864,1774,245,35,382,1119,8,9,782,1460,135,33,7,43,219,7353,0.273427867,0.352101183,0.498612824
371,Ryan Braun,0,0,14,0,47.2,7340,,R,,,,,,,,,,,,,,,,,,,,,,,,,,,,,,,,,,,,,,,,,,,,,,,,,,,,,,,,,,,,,,,,,,,,,,,,,,,,,,Ryan Braun,ryan,braun,braunry01,35,0,0,0,0,0,0,0,0,0,0,0,0,0,0,0,0,0,,,
488,Davey Lopes,0,0,16,0,42.4,7340,,R,,,,,,,,,,,,,,,,,,,,,,,,,,,,,,,,,,,,,,,,,,,,,,,,,,,,,,,,,,,,,,,,,,,,,,,,,,,,,,Davey Lopes,davey,lopes,lopesda01,1812,6354,1023,1671,232,50,155,614,557,114,833,852,38,31,74,48,126,7340,0.262983947,0.345367847,0.388416745
544,Anthony Rizzo,0,0,14,0,40.4,7336,1,L,,,,,,,,,,,,,,,,,,,,,,,,,,,,,,,,,,,,,,,,,,,,,,,,,,,,,,,,,,,,,,,,,,,,,,,,,,,,,,Anthony Rizzo,anthony,rizzo,rizzoan01,1727,6288,922,1644,338,22,303,965,72,44,781,1208,75,222,0,45,149,7336,0.261450382,0.360823337,0.466762087
890,Pete Runnels,0,0,14,0,29.9,7329,,L,,,,,,,,,,,,,,,,,,,,,,,,,,,,,,,,,,,,,,,,,,,,,,,,,,,,,,,,,,,,,,,,,,,,,,,,,,,,,,Pete Runnels,pete,runnels,runnepe01,1799,6373,876,1854,282,64,49,630,37,51,844,627,28,28,49,34,174,7328,0.290914797,0.371997817,0.378314765
739,Ron Gant,0,0,16,0,34.1,7320,,R,,,,,,,,,,,,,,,,,,,,,,,,,,,,,,,,,,,,,,,,,,,,,,,,,,,,,,,,,,,,,,,,,,,,,,,,,,,,,,Ron Gant,ron,gant,gantxro01,,,,,,,,,,,,,,,,,,,,,
874,Jhonny Peralta,0,0,15,0,30.3,7319,,R,,,,,,,,,,,,,,,,,,,,,,,,,,,,,,,,,,,,,,,,,,,,,,,,,,,,,,,,,,,,,,,,,,,,,,,,,,,,,,Jhonny Peralta,jhonny,peralta,peraljh01,1798,6599,841,1761,376,24,202,873,17,27,606,1450,24,38,13,63,200,7319,0.266858615,0.328596803,0.42294287
759,Joe Adcock,0,0,17,0,33.5,7305,,R,,,,,,,,,,,,,,,,,,,,,,,,,,,,,,,,,,,,,,,,,,,,,,,,,,,,,,,,,,,,,,,,,,,,,,,,,,,,,,Joe Adcock,joe,adcock,adcocjo01,1959,6606,823,1832,295,35,336,1122,20,25,594,1059,55,17,52,35,223,7304,0.277323645,0.334474261,0.485165002
708,Alex Gordon,0,0,14,0,34.8,7250,2.1,L,,,,,,,,,,,,,,,,,,,,,,,,,,,,,,,,,,,,,,,,,,,,,,,,,,,,,,,,,,,,,,,,,,,,,,,,,,,,,,Alex Gordon,alex,gordon,gordoal01,1753,6391,867,1643,357,26,190,749,113,45,684,1535,48,121,8,43,110,7247,0.257080269,0.33779495,0.410264434
713,George Burns,0,0,16,0,34.7,7249,,R,,,,,,,,,,,,,,,,,,,,,,,,,,,,,,,,,,,,,,,,,,,,,,,,,,,,,,,,,,,,,,,,,,,,,,,,,,,,,,George Burns,george,burns,burnsge01,1853,7241,1188,2077,362,108,41,611,383,139,872,565,0,26,112,0,0,8251,0.286838834,0.360562356,0.383648667
647,José Bautista,0,0,15,0,36.8,7244,,R,,,,,,,,,,,,,,,,,,,,,,,,,,,,,,,,,,,,,,,,,,,,,,,,,,,,,,,,,,,,,,,,,,,,,,,,,,,,,,José Bautista,jos,bautista,bautijo01,315,50,2,5,0,0,0,1,0,0,1,17,0,0,4,0,0,55,0.1,0.109090909,0.1
392,Vern Stephens,0,0,15,0,46.4,7243,,R,,,,,,,,,,,,,,,,,,,,,,,,,,,,,,,,,,,,,,,,,,,,,,,,,,,,,,,,,,,,,,,,,,,,,,,,,,,,,,Vern Stephens,vern,stephens,stephve01,1720,6497,1001,1859,307,42,247,1174,25,22,692,685,0,6,37,8,169,7240,0.286132061,0.353176796,0.460366323
567,Rafael Furcal,0,0,14,0,39.5,7237,,B,,,,,,,,,,,,,,,,,,,,,,,,,,,,,,,,,,,,,,,,,,,,,,,,,,,,,,,,,,,,,,,,,,,,,,,,,,,,,,Rafael Furcal,rafael,furcal,furcara01,1614,6477,1063,1817,311,69,113,587,314,94,643,910,24,22,55,39,84,7236,0.28053111,0.343007186,0.402192373
627,Lu Blue,0,0,13,0,37.6,7223,,B,,,,,,,,,,,,,,,,,,,,,,,,,,,,,,,,,,,,,,,,,,,,,,,,,,,,,,,,,,,,,,,,,,,,,,,,,,,,,,Lu Blue,lu,blue,bluexlu01,,,,,,,,,,,,,,,,,,,,,
725,Travis Fryman,0,0,13,0,34.4,7217,,R,,,,,,,,,,,,,,,,,,,,,,,,,,,,,,,,,,,,,,,,,,,,,,,,,,,,,,,,,,,,,,,,,,,,,,,,,,,,,,Travis Fryman,travis,fryman,frymatr01,1698,6481,895,1776,345,40,223,1022,72,38,602,1369,19,41,15,78,154,7217,0.274031785,0.335180823,0.442832896
955,Vernon Wells,0,0,15,0,28.6,7212,,R,,,,,,,,,,,,,,,,,,,,,,,,,,,,,,,,,,,,,,,,,,,,,,,,,,,,,,,,,,,,,,,,,,,,,,,,,,,,,,Vernon Wells,vernon,wells,wellsve01,1731,6642,930,1794,379,34,270,958,109,37,472,956,24,31,2,65,168,7212,0.270099368,0.31849695,0.459349593
49,Mike Trout,0,0,15,1,87.5,7203,,R,,,,,,,,,,,,,,,,,,,,,,,,,,,,,,,,,,,,,,,,,,,,,,,,,,,,,,,,,,,,,,,,,,,,,,,,,,,,,,Mike Trout,mike,trout,troutmi01,1648,5967,1196,1754,325,55,404,1018,214,38,1067,1663,130,106,0,61,75,7201,0.293950059,0.406471323,0.569968158
578,Carl Crawford,0,0,15,0,39.2,7178,,L,,,,,,,,,,,,,,,,,,,,,,,,,,,,,,,,,,,,,,,,,,,,,,,,,,,,,,,,,,,,,,,,,,,,,,,,,,,,,,Carl Crawford,carl,crawford,crawfca01,1,1,0,0,0,0,0,0,0,0,0,0,0,0,0,0,0,1,0,0,0
384,Giancarlo Stanton,0,0,16,1,46.8,7177,,R,,,,,,,,,,,,,,,,,,,,,,,,,,,,,,,,,,,,,,,,,,,,,,,,,,,,,,,,,,,,,,,,,,,,,,,,,,,,,,Giancarlo Stanton,giancarlo,stanton,stantgi01,,,,,,,,,,,,,,,,,,,,,
629,Dick McAuliffe,0,0,16,0,37.5,7162,,L,,,,,,,,,,,,,,,,,,,,,,,,,,,,,,,,,,,,,,,,,,,,,,,,,,,,,,,,,,,,,,,,,,,,,,,,,,,,,,Dick McAuliffe,dick,mcauliffe,mcauldi01,1763,6185,888,1530,231,71,197,697,63,59,882,974,59,33,32,30,77,7162,0.247372676,0.341385088,0.40323363
774,Rick Monday,0,0,19,0,33.1,7162,,L,,,,,,,,,,,,,,,,,,,,,,,,,,,,,,,,,,,,,,,,,,,,,,,,,,,,,,,,,,,,,,,,,,,,,,,,,,,,,,Rick Monday,rick,monday,mondari01,1986,6136,950,1619,248,64,241,775,98,91,924,1513,107,24,46,32,71,7162,0.263852673,0.358419436,0.442959583
714,Shin-Soo Choo,0,0,16,0,34.7,7157,,L,,,,,,,,,,,,,,,,,,,,,,,,,,,,,,,,,,,,,,,,,,,,,,,,,,,,,,,,,,,,,,,,,,,,,,,,,,,,,,Shin-Soo Choo,shinsoo,choo,chooxsh01,,,,,,,,,,,,,,,,,,,,,
592,Juan González,0,0,17,0,38.7,7155,,R,,,,,,,,,,,,,,,,,,,,,,,,,,,,,,,,,,,,,,,,,,,,,,,,,,,,,,,,,,,,,,,,,,,,,,,,,,,,,,Juan González,juan,gonzlez,gonzlju01,,,,,,,,,,,,,,,,,,,,,
479,Jorge Posada,0,0,17,0,42.7,7150,,B,,,,,,,,,,,,,,,,,,,,,,,,,,,,,,,,,,,,,,,,,,,,,,,,,,,,,,,,,,,,,,,,,,,,,,,,,,,,,,Jorge Posada,jorge,posada,posadjo01,1829,6092,900,1664,379,10,275,1065,20,21,936,1453,78,74,1,47,186,7150,0.273145108,0.373986014,0.474064347
597,Kent Hrbek,0,0,14,0,38.6,7137,,L,,,,,,,,,,,,,,,,,,,,,,,,,,,,,,,,,,,,,,,,,,,,,,,,,,,,,,,,,,,,,,,,,,,,,,,,,,,,,,Kent Hrbek,kent,hrbek,hrbekke01,1747,6192,903,1749,312,18,293,1086,37,26,838,798,110,26,15,66,165,7137,0.28246124,0.366120219,0.480620155
608,Hanley Ramírez,0,0,15,0,38.3,7127,,R,,,,,,,,,,,,,,,,,,,,,,,,,,,,,,,,,,,,,,,,,,,,,,,,,,,,,,,,,,,,,,,,,,,,,,,,,,,,,,Hanley Ramírez,hanley,ramrez,ramreha01,,,,,,,,,,,,,,,,,,,,,
760,Ken Caminiti,0,0,15,0,33.5,7127,,B,,,,,,,,,,,,,,,,,,,,,,,,,,,,,,,,,,,,,,,,,,,,,,,,,,,,,,,,,,,,,,,,,,,,,,,,,,,,,,Ken Caminiti,ken,caminiti,caminke01,1760,6288,894,1710,348,17,239,983,88,39,727,1163,112,29,14,67,152,7125,0.271946565,0.346105263,0.446723919
642,Kip Selbach,0,0,13,0,37,7122,,R,,,,,,,,,,,,,,,,,,,,,,,,,,,,,,,,,,,,,,,,,,,,,,,,,,,,,,,,,,,,,,,,,,,,,,,,,,,,,,Kip Selbach,kip,selbach,selbaki01,1612,6165,1066,1807,301,149,44,779,334,0,785,358,0,42,110,0,0,7102,0.293106245,0.370881442,0.411678832
335,Marcus Semien,0,0,13,1,49.2,7073,,R,,,,,,,,,,,,,,,,,,,,,,,,,,,,,,,,,,,,,,,,,,,,,,,,,,,,,,,,,,,,,,,,,,,,,,,,,,,,,,Marcus Semien,marcus,semien,semiema01,1629,6365,968,1613,323,36,253,801,139,40,631,1305,8,27,7,42,102,7072,0.253417125,0.321125566,0.434721131
848,Greg Vaughn,0,0,15,0,30.8,7070,,R,,,,,,,,,,,,,,,,,,,,,,,,,,,,,,,,,,,,,,,,,,,,,,,,,,,,,,,,,,,,,,,,,,,,,,,,,,,,,,Greg Vaughn,greg,vaughn,vaughgr01,1731,6103,1017,1475,284,23,355,1072,121,59,865,1513,54,37,11,54,101,7070,0.241684417,0.336209335,0.470260528
499,Xander Bogaerts,0,0,13,1,42,7069,,R,,,,,,,,,,,,,,,,,,,,,,,,,,,,,,,,,,,,,,,,,,,,,,,,,,,,,,,,,,,,,,,,,,,,,,,,,,,,,,Xander Bogaerts,xander,bogaerts,bogaexa01,1666,6349,948,1822,384,18,197,838,126,24,593,1270,23,58,6,63,160,7069,0.286974327,0.349837318,0.446212002
560,Reggie Sanders,0,0,17,0,39.8,7043,,R,,,,,,,,,,,,,,,,,,,,,,,,,,,,,,,,,,,,,,,,,,,,,,,,,,,,,,,,,,,,,,,,,,,,,,,,,,,,,,Reggie Sanders,reggie,sanders,sandere01,26,99,12,27,7,0,3,10,1,0,5,20,2,0,1,0,2,105,0.272727273,0.304761905,0.434343434
941,Bob Bailey,0,0,17,0,28.8,7043,,R,,,,,,,,,,,,,,,,,,,,,,,,,,,,,,,,,,,,,,,,,,,,,,,,,,,,,,,,,,,,,,,,,,,,,,,,,,,,,,Bob Bailey,bob,bailey,bailebo01,1931,6082,772,1564,234,43,189,773,85,83,852,1126,67,17,40,52,195,7043,0.257152253,0.345449382,0.402992437
348,Heinie Groh,0,0,16,0,48.3,7040,,R,,,,,,,,,,,,,,,,,,,,,,,,,,,,,,,,,,,,,,,,,,,,,,,,,,,,,,,,,,,,,,,,,,,,,,,,,,,,,,Heinie Groh,heinie,groh,grohxhe01,,,,,,,,,,,,,,,,,,,,,
537,Tim Salmon,0,0,14,0,40.6,7039,,R,,,,,,,,,,,,,,,,,,,,,,,,,,,,,,,,,,,,,,,,,,,,,,,,,,,,,,,,,,,,,,,,,,,,,,,,,,,,,,Tim Salmon,tim,salmon,salmoti01,1672,5934,986,1674,339,24,299,1016,48,42,970,1360,45,67,0,68,98,7039,0.282103134,0.385139935,0.498483316
653,Andy Pafko,0,0,17,0,36.6,7028,,R,,,,,,,,,,,,,,,,,,,,,,,,,,,,,,,,,,,,,,,,,,,,,,,,,,,,,,,,,,,,,,,,,,,,,,,,,,,,,,Andy Pafko,andy,pafko,pafkoan01,1852,6292,844,1796,264,62,213,976,38,13,561,477,7,76,82,15,164,7026,0.285441831,0.346285226,0.448664971
418,Christian Yelich,0,0,13,1,45.1,7027,,L,,,,,,,,,,,,,,,,,,,,,,,,,,,,,,,,,,,,,,,,,,,,,,,,,,,,,,,,,,,,,,,,,,,,,,,,,,,,,,Christian Yelich,christian,yelich,yelicch01,1616,6108,1033,1741,327,35,233,851,221,42,834,1548,60,51,5,27,123,7025,0.285036018,0.373807829,0.464472823
776,Richie Hebner,0,0,18,0,33,7027,,L,,,,,,,,,,,,,,,,,,,,,,,,,,,,,,,,,,,,,,,,,,,,,,,,,,,,,,,,,,,,,,,,,,,,,,,,,,,,,,Richie Hebner,richie,hebner,hebneri01,1908,6144,865,1694,273,57,203,890,38,40,687,741,95,74,44,67,105,7016,0.275716146,0.349914481,0.437825521
718,Carl Furillo,0,0,15,0,34.6,7022,,R,,,,,,,,,,,,,,,,,,,,,,,,,,,,,,,,,,,,,,,,,,,,,,,,,,,,,,,,,,,,,,,,,,,,,,,,,,,,,,Carl Furillo,carl,furillo,furilca01,1806,6378,895,1910,324,56,192,1058,48,26,514,436,28,47,59,24,207,7022,0.299466918,0.351894047,0.458137347
948,Billy Jurges,0,0,17,0,28.7,7018,,R,,,,,,,,,,,,,,,,,,,,,,,,,,,,,,,,,,,,,,,,,,,,,,,,,,,,,,,,,,,,,,,,,,,,,,,,,,,,,,Billy Jurges,billy,jurges,jurgebi01,1816,6253,721,1613,245,55,43,656,36,0,568,530,0,51,141,0,195,7013,0.257956181,0.318266077,0.335359028
407,Augie Galan,0,0,16,0,45.6,7008,,B,,,,,,,,,,,,,,,,,,,,,,,,,,,,,,,,,,,,,,,,,,,,,,,,,,,,,,,,,,,,,,,,,,,,,,,,,,,,,,Augie Galan,augie,galan,galanau01,1742,5937,1004,1706,336,74,100,830,123,0,979,393,0,25,62,0,72,7003,0.287350514,0.38697701,0.419403739
846,Hunter Pence,0,0,14,0,30.9,7006,,R,,,,,,,,,,,,,,,,,,,,,,,,,,,,,,,,,,,,,,,,,,,,,,,,,,,,,,,,,,,,,,,,,,,,,,,,,,,,,,Hunter Pence,hunter,pence,pencehu01,1707,6420,891,1791,324,55,244,942,120,55,520,1335,19,26,1,39,151,7006,0.278971963,0.333571225,0.4605919
657,Don Money,0,0,16,0,36.5,6998,,R,,,,,,,,,,,,,,,,,,,,,,,,,,,,,,,,,,,,,,,,,,,,,,,,,,,,,,,,,,,,,,,,,,,,,,,,,,,,,,Don Money,don,money,moneydo01,1720,6215,798,1623,302,36,176,729,80,51,600,866,45,40,90,53,121,6998,0.261142397,0.323378108,0.406275141
516,Jason Heyward,0,0,16,1,41.5,6995,,L,,,,,,,,,,,,,,,,,,,,,,,,,,,,,,,,,,,,,,,,,,,,,,,,,,,,,,,,,,,,,,,,,,,,,,,,,,,,,,Jason Heyward,jason,heyward,heywaja01,1824,6174,879,1575,306,41,186,730,125,43,706,1238,27,62,6,34,104,6982,0.255102041,0.335577199,0.408325235
784,Sam West,0,0,16,0,32.7,6974,,L,,,,,,,,,,,,,,,,,,,,,,,,,,,,,,,,,,,,,,,,,,,,,,,,,,,,,,,,,,,,,,,,,,,,,,,,,,,,,,Sam West,sam,west,westxsa01,,,,,,,,,,,,,,,,,,,,,
968,Bob Watson,0,0,19,0,28.3,6962,,R,,,,,,,,,,,,,,,,,,,,,,,,,,,,,,,,,,,,,,,,,,,,,,,,,,,,,,,,,,,,,,,,,,,,,,,,,,,,,,Bob Watson,bob,watson,watsobo01,1832,6185,802,1826,307,41,184,989,27,28,653,796,98,48,11,65,173,6962,0.295230396,0.362970411,0.447372676
753,Bobby Thomson,0,0,15,0,33.8,6961,,R,,,,,,,,,,,,,,,,,,,,,,,,,,,,,,,,,,,,,,,,,,,,,,,,,,,,,,,,,,,,,,,,,,,,,,,,,,,,,,Bobby Thomson,bobby,thomson,thomsbo01,1779,6305,903,1705,267,74,264,1026,38,20,559,804,23,34,36,23,159,6957,0.270420301,0.330314791,0.46185567
501,Curt Flood,0,0,15,0,41.9,6958,,R,,,,,,,,,,,,,,,,,,,,,,,,,,,,,,,,,,,,,,,,,,,,,,,,,,,,,,,,,,,,,,,,,,,,,,,,,,,,,,Curt Flood,curt,flood,floodcu01,1759,6357,851,1861,271,44,85,636,88,73,444,609,22,52,72,33,117,6958,0.292748152,0.338746766,0.389334592
679,Willie Kamm,0,0,13,0,35.6,6946,,R,,,,,,,,,,,,,,,,,,,,,,,,,,,,,,,,,,,,,,,,,,,,,,,,,,,,,,,,,,,,,,,,,,,,,,,,,,,,,,Willie Kamm,willie,kamm,kammxwi01,,,,,,,,,,,,,,,,,,,,,
84,Mookie Betts,0,0,12,1,75.2,6936,,R,,,,,,,,,,,,,,,,,,,,,,,,,,,,,,,,,,,,,,,,,,,,,,,,,,,,,,,,,,,,,,,,,,,,,,,,,,,,,,Mookie Betts,mookie,betts,bettsmo01,1531,6083,1166,1767,394,41,291,913,196,41,736,924,35,52,4,61,86,6936,0.29048167,0.368367935,0.512247246
683,Salvador Perez,0,0,14,1,35.5,6904,,R,,,,,,,,,,,,,,,,,,,,,,,,,,,,,,,,,,,,,,,,,,,,,,,,,,,,,,,,,,,,,,,,,,,,,,,,,,,,,,Salvador Perez,salvador,perez,perezsa01,67,133,21,25,3,0,0,6,9,1,23,38,2,1,1,2,1,160,0.187969925,0.30625,0.210526316
433,Bill Freehan,0,0,15,0,44.7,6900,,R,,,,,,,,,,,,,,,,,,,,,,,,,,,,,,,,,,,,,,,,,,,,,,,,,,,,,,,,,,,,,,,,,,,,,,,,,,,,,,Bill Freehan,bill,freehan,freehbi01,1774,6073,706,1591,241,35,200,758,24,21,626,753,67,114,38,48,138,6899,0.261979252,0.337875054,0.411987486
539,Jim Sundberg,0,0,16,0,40.5,6899,,R,,,,,,,,,,,,,,,,,,,,,,,,,,,,,,,,,,,,,,,,,,,,,,,,,,,,,,,,,,,,,,,,,,,,,,,,,,,,,,Jim Sundberg,jim,sundberg,sundbji01,1962,6021,621,1493,243,36,95,624,20,37,699,963,31,22,118,38,159,6898,0.247965454,0.320962598,0.347616675
905,Bing Miller,0,0,16,0,29.6,6896,,R,,,,,,,,,,,,,,,,,,,,,,,,,,,,,,,,,,,,,,,,,,,,,,,,,,,,,,,,,,,,,,,,,,,,,,,,,,,,,,Bing Miller,bing,miller,millebi01,1,5,0,1,0,0,0,2,0,0,0,2,0,0,0,0,0,5,0.2,0.2,0.2
511,Harlond Clift,0,0,12,0,41.7,6895,,R,,,,,,,,,,,,,,,,,,,,,,,,,,,,,,,,,,,,,,,,,,,,,,,,,,,,,,,,,,,,,,,,,,,,,,,,,,,,,,Harlond Clift,harlond,clift,cliftha01,1582,5730,1070,1558,309,62,178,829,69,43,1070,713,0,41,53,0,51,6894,0.271902269,0.387148245,0.440663176
745,Tony Cuccinello,0,0,15,0,34,6880,,R,,,,,,,,,,,,,,,,,,,,,,,,,,,,,,,,,,,,,,,,,,,,,,,,,,,,,,,,,,,,,,,,,,,,,,,,,,,,,,Tony Cuccinello,tony,cuccinello,cuccito01,1704,6184,730,1729,334,46,94,884,42,3,579,497,0,18,96,0,121,6877,0.279592497,0.338228879,0.394081501
336,David Wright,0,0,14,0,49.1,6872,,R,,,,,,,,,,,,,,,,,,,,,,,,,,,,,,,,,,,,,,,,,,,,,,,,,,,,,,,,,,,,,,,,,,,,,,,,,,,,,,David Wright,david,wright,wrighda01,2,4,1,1,0,0,0,1,0,0,1,0,0,0,0,0,0,5,0.25,0.4,0.25
849,J.D. Martinez,0,0,14,0,30.8,6865,,R,,,,,,,,,,,,,,,,,,,,,,,,,,,,,,,,,,,,,,,,,,,,,,,,,,,,,,,,,,,,,,,,,,,,,,,,,,,,,,J.D. Martinez,jd,martinez,martijd01,26,37,3,6,1,0,0,0,0,0,1,17,0,0,4,0,1,42,0.162162162,0.166666667,0.189189189
900,Phil Garner,0,0,16,0,29.7,6861,,R,,,,,,,,,,,,,,,,,,,,,,,,,,,,,,,,,,,,,,,,,,,,,,,,,,,,,,,,,,,,,,,,,,,,,,,,,,,,,,Phil Garner,phil,garner,garneph01,1860,6136,780,1594,299,82,109,738,225,105,564,842,74,34,67,59,131,6860,0.259778357,0.319533528,0.388526728
715,Claude Ritchie,0,0,13,0,34.7,6858,,B,,,,,,,,,,,,,,,,,,,,,,,,,,,,,,,,,,,,,,,,,,,,,,,,,,,,,,,,,,,,,,,,,,,,,,,,,,,,,,Claude Ritchie,claude,ritchie,ritchcl01,1672,5923,709,1619,216,68,18,675,155,0,607,290,0,72,224,0,0,6826,0.273341212,0.33665397,0.341887557
826,Brian McCann,0,0,15,0,31.6,6850,,L,,,,,,,,,,,,,,,,,,,,,,,,,,,,,,,,,,,,,,,,,,,,,,,,,,,,,,,,,,,,,,,,,,,,,,,,,,,,,,Brian McCann,brian,mccann,mccanbr01,1755,6067,742,1590,294,5,282,1018,25,9,640,1054,71,75,9,59,180,6850,0.262073512,0.33649635,0.451623537
245,Francisco Lindor,0,0,11,1,55.7,6848,,B,,,,,,,,,,,,,,,,,,,,,,,,,,,,,,,,,,,,,,,,,,,,,,,,,,,,,,,,,,,,,,,,,,,,,,,,,,,,,,Francisco Lindor,francisco,lindor,lindofr01,1535,6086,1011,1664,339,26,279,856,216,51,588,1120,36,80,31,63,109,6848,0.273414394,0.340537383,0.475188958
425,Harry Stovey,0,0,14,0,45,6848,9.1,R,,,,,,,,,,,,,,,,,,,,,,,,,,,,,,,,,,,,,,,,,,,,,,,,,,,,,,,,,,,,,,,,,,,,,,,,,,,,,,Harry Stovey,harry,stovey,stoveha01,1489,6153,1495,1775,348,176,122,912,509,0,664,452,0,31,0,0,0,6848,0.288477166,0.360689252,0.461725987
533,Mike Griffin,0,0,12,0,40.8,6848,,R,,,,,,,,,,,,,,,,,,,,,,,,,,,,,,,,,,,,,,,,,,,,,,,,,,,,,,,,,,,,,,,,,,,,,,,,,,,,,,Mike Griffin,mike,griffin,griffmi01,1513,5923,1406,1755,314,108,42,720,473,0,809,284,0,78,38,0,0,6848,0.296302549,0.385806075,0.407057235
434,Ben Zobrist,0,0,14,0,44.7,6836,1,B,,,,,,,,,,,,,,,,,,,,,,,,,,,,,,,,,,,,,,,,,,,,,,,,,,,,,,,,,,,,,,,,,,,,,,,,,,,,,,Ben Zobrist,ben,zobrist,zobribe01,1651,5880,884,1566,349,44,167,768,116,49,832,994,35,31,26,67,124,6836,0.266326531,0.355324751,0.42585034
861,DJ LeMahieu,0,0,15,1,30.5,6822,,R,,,,,,,,,,,,,,,,,,,,,,,,,,,,,,,,,,,,,,,,,,,,,,,,,,,,,,,,,,,,,,,,,,,,,,,,,,,,,,DJ LeMahieu,dj,lemahieu,lemahdj01,1673,6132,896,1772,278,39,126,663,93,49,575,1048,24,31,37,47,189,6822,0.288975864,0.34857813,0.408675799
821,Eddie Joost,0,0,17,0,31.8,6791,,R,,,,,,,,,,,,,,,,,,,,,,,,,,,,,,,,,,,,,,,,,,,,,,,,,,,,,,,,,,,,,,,,,,,,,,,,,,,,,,Eddie Joost,eddie,joost,joosted01,1574,5606,874,1339,238,35,134,601,61,31,1043,827,2,33,101,0,83,6783,0.238851231,0.356037152,0.365501249
942,John Anderson,0,0,14,0,28.8,6785,,B,,,,,,,,,,,,,,,,,,,,,,,,,,,,,,,,,,,,,,,,,,,,,,,,,,,,,,,,,,,,,,,,,,,,,,,,,,,,,,John Anderson,john,anderson,anderjo01,1636,6345,871,1843,328,124,50,978,338,0,310,356,0,53,65,0,0,6773,0.290464933,0.325705005,0.404885737
293,Dustin Pedroia,0,0,14,0,51.8,6777,,R,,,,,,,,,,,,,,,,,,,,,,,,,,,,,,,,,,,,,,,,,,,,,,,,,,,,,,,,,,,,,,,,,,,,,,,,,,,,,,Dustin Pedroia,dustin,pedroia,pedrodu01,1512,6031,922,1805,394,15,140,725,138,46,624,654,25,38,25,59,154,6777,0.299287017,0.36402538,0.439230642
648,Garry Maddox,0,0,15,0,36.8,6777,,R,,,,,,,,,,,,,,,,,,,,,,,,,,,,,,,,,,,,,,,,,,,,,,,,,,,,,,,,,,,,,,,,,,,,,,,,,,,,,,Garry Maddox,garry,maddox,maddoga01,1749,6331,777,1802,337,62,117,754,248,92,323,781,60,36,25,60,99,6775,0.28463118,0.31896679,0.412888959
443,Cupid Childs,0,0,13,0,44.4,6770,,L,,,,,,,,,,,,,,,,,,,,,,,,,,,,,,,,,,,,,,,,,,,,,,,,,,,,,,,,,,,,,,,,,,,,,,,,,,,,,,Cupid Childs,cupid,childs,childcu01,1457,5622,1214,1721,205,101,20,743,269,0,991,228,0,63,90,0,0,6766,0.306118819,0.41013893,0.389185343
225,José Ramírez,0,0,13,1,57.6,6759,,B,,,,,,,,,,,,,,,,,,,,,,,,,,,,,,,,,,,,,,,,,,,,,,,,,,,,,,,,,,,,,,,,,,,,,,,,,,,,,,José Ramírez,jos,ramrez,ramrejo01,,,,,,,,,,,,,,,,,,,,,
754,Billy Nash,0,0,15,0,33.8,6742,1.1,R,,,,,,,,,,,,,,,,,,,,,,,,,,,,,,,,,,,,,,,,,,,,,,,,,,,,,,,,,,,,,,,,,,,,,,,,,,,,,,Billy Nash,billy,nash,nashxbi01,,,,,,,,,,,,,,,,,,,,,
517,Mike Tiernan,0,0,13,0,41.5,6732,19.2,L,,,,,,,,,,,,,,,,,,,,,,,,,,,,,,,,,,,,,,,,,,,,,,,,,,,,,,,,,,,,,,,,,,,,,,,,,,,,,,Mike Tiernan,mike,tiernan,tiernmi01,1478,5915,1316,1838,257,162,106,853,428,0,748,376,0,41,28,0,0,6732,0.310735418,0.390225787,0.462721893
823,Rudy York,0,0,13,0,31.7,6723,,R,,,,,,,,,,,,,,,,,,,,,,,,,,,,,,,,,,,,,,,,,,,,,,,,,,,,,,,,,,,,,,,,,,,,,,,,,,,,,,Rudy York,rudy,york,yorkxru01,,,,,,,,,,,,,,,,,,,,,
908,Marcell Ozuna,0,0,13,1,29.5,6715,,R,,,,,,,,,,,,,,,,,,,,,,,,,,,,,,,,,,,,,,,,,,,,,,,,,,,,,,,,,,,,,,,,,,,,,,,,,,,,,,Marcell Ozuna,marcell,ozuna,ozunama01,1614,6045,823,1627,280,21,296,948,29,14,604,1490,20,26,1,36,152,6712,0.269148056,0.336263409,0.469313482
870,Harry Steinfeldt,0,0,14,0,30.4,6712,,R,,,,,,,,,,,,,,,,,,,,,,,,,,,,,,,,,,,,,,,,,,,,,,,,,,,,,,,,,,,,,,,,,,,,,,,,,,,,,,Harry Steinfeldt,harry,steinfeldt,steinha01,1647,5900,759,1578,284,90,27,762,202,0,471,479,0,79,241,0,0,6691,0.267457627,0.318039157,0.359830508
871,Mike Hargrove,0,0,12,0,30.4,6694,,L,,,,,,,,,,,,,,,,,,,,,,,,,,,,,,,,,,,,,,,,,,,,,,,,,,,,,,,,,,,,,,,,,,,,,,,,,,,,,,Mike Hargrove,mike,hargrove,hargrmi01,1666,5564,783,1614,266,28,80,686,24,37,965,550,75,53,44,67,154,6693,0.29007908,0.393246676,0.39108555
598,Bill White,0,0,13,0,38.6,6680,,L,,,,,,,,,,,,,,,,,,,,,,,,,,,,,,,,,,,,,,,,,,,,,,,,,,,,,,,,,,,,,,,,,,,,,,,,,,,,,,Bill White,bill,white,whitebi01,1,4,1,1,0,0,0,0,0,0,0,1,0,0,0,0,0,4,0.25,0.25,0.25
554,Albert Belle,0,0,12,0,40.1,6676,,R,,,,,,,,,,,,,,,,,,,,,,,,,,,,,,,,,,,,,,,,,,,,,,,,,,,,,,,,,,,,,,,,,,,,,,,,,,,,,,Albert Belle,albert,belle,belleal01,1539,5853,974,1726,389,21,381,1239,88,41,683,961,91,55,4,78,193,6673,0.294891509,0.369249213,0.563813429
612,Ray Lankford,0,0,14,0,38.2,6675,,L,,,,,,,,,,,,,,,,,,,,,,,,,,,,,,,,,,,,,,,,,,,,,,,,,,,,,,,,,,,,,,,,,,,,,,,,,,,,,,Ray Lankford,ray,lankford,lankfra01,1701,5747,968,1561,356,54,238,874,258,117,828,1550,68,36,10,53,77,6674,0.271619976,0.363350315,0.476596485
622,Paul Blair,0,0,17,0,37.7,6673,,R,,,,,,,,,,,,,,,,,,,,,,,,,,,,,,,,,,,,,,,,,,,,,,,,,,,,,,,,,,,,,,,,,,,,,,,,,,,,,,Paul Blair,paul,blair,blairpa01,1947,6042,776,1513,282,55,134,620,171,93,449,877,23,23,108,51,126,6673,0.25041377,0.297467406,0.38182721
623,Terry Turner,0,0,17,0,37.7,6666,,R,,,,,,,,,,,,,,,,,,,,,,,,,,,,,,,,,,,,,,,,,,,,,,,,,,,,,,,,,,,,,,,,,,,,,,,,,,,,,,Terry Turner,terry,turner,turnete01,1659,5921,699,1499,207,77,8,528,256,31,435,492,0,34,268,0,0,6658,0.253166695,0.29558426,0.318189495
605,Kirk Gibson,0,0,17,0,38.4,6656,,L,,,,,,,,,,,,,,,,,,,,,,,,,,,,,,,,,,,,,,,,,,,,,,,,,,,,,,,,,,,,,,,,,,,,,,,,,,,,,,Kirk Gibson,kirk,gibson,gibsoki01,1635,5798,985,1553,260,54,255,870,284,78,718,1285,72,61,23,56,72,6656,0.267850983,0.350360577,0.463263194
593,Russell Martin,0,0,14,0,38.7,6648,4,R,,,,,,,,,,,,,,,,,,,,,,,,,,,,,,,,,,,,,,,,,,,,,,,,,,,,,,,,,,,,,,,,,,,,,,,,,,,,,,Russell Martin,russell,martin,martiru01,1693,5701,803,1416,255,9,191,771,101,51,792,1211,46,107,12,36,190,6648,0.248377478,0.34822503,0.396772496
803,Darin Erstad,0,0,14,0,32.3,6628,,L,,,,,,,,,,,,,,,,,,,,,,,,,,,,,,,,,,,,,,,,,,,,,,,,,,,,,,,,,,,,,,,,,,,,,,,,,,,,,,Darin Erstad,darin,erstad,erstada01,1654,6024,913,1697,316,33,124,699,179,58,475,939,46,37,36,43,87,6615,0.281706507,0.33393802,0.40687251
937,Coco Crisp,0,0,15,0,28.9,6627,,B,,,,,,,,,,,,,,,,,,,,,,,,,,,,,,,,,,,,,,,,,,,,,,,,,,,,,,,,,,,,,,,,,,,,,,,,,,,,,,Coco Crisp,coco,crisp,crispco01,1586,5930,877,1572,308,57,130,639,309,79,561,865,18,5,80,51,91,6627,0.265092749,0.322619587,0.402023609
765,Gene Woodling,0,0,17,0,33.3,6618,,L,,,,,,,,,,,,,,,,,,,,,,,,,,,,,,,,,,,,,,,,,,,,,,,,,,,,,,,,,,,,,,,,,,,,,,,,,,,,,,Gene Woodling,gene,woodling,woodlge01,1796,5587,830,1585,257,63,147,830,29,45,921,479,34,28,46,31,110,6613,0.28369429,0.383184636,0.431179524
444,Brett Gardner,0,0,14,0,44.3,6614,,L,,,,,,,,,,,,,,,,,,,,,,,,,,,,,,,,,,,,,,,,,,,,,,,,,,,,,,,,,,,,,,,,,,,,,,,,,,,,,,Brett Gardner,brett,gardner,gardnbr01,1688,5737,943,1470,251,73,139,578,274,64,699,1245,6,67,69,42,58,6614,0.25623148,0.338070759,0.398117483
528,Mark Belanger,0,0,18,0,40.9,6602,,R,,,,,,,,,,,,,,,,,,,,,,,,,,,,,,,,,,,,,,,,,,,,,,,,,,,,,,,,,,,,,,,,,,,,,,,,,,,,,,Mark Belanger,mark,belanger,belanma01,2016,5784,676,1316,175,33,20,389,167,75,576,839,22,42,155,45,83,6602,0.227524205,0.292941533,0.279564315
536,Roy Thomas,0,0,13,0,40.7,6602,2.2,L,,,,,,,,,,,,,,,,,,,,,,,,,,,,,,,,,,,,,,,,,,,,,,,,,,,,,,,,,,,,,,,,,,,,,,,,,,,,,,Roy Thomas,roy,thomas,thomaro01,1470,5296,1011,1537,100,53,7,299,244,0,1042,521,0,71,166,0,0,6575,0.290219033,0.403041825,0.333081571
538,David Justice,0,0,14,0,40.6,6602,,L,,,,,,,,,,,,,,,,,,,,,,,,,,,,,,,,,,,,,,,,,,,,,,,,,,,,,,,,,,,,,,,,,,,,,,,,,,,,,,David Justice,david,justice,justida01,1610,5625,929,1571,280,24,305,1017,53,46,903,999,85,18,1,54,101,6601,0.279288889,0.377518558,0.500266667
992,Roy Smalley,0,0,13,0,27.9,6596,,B,,,,,,,,,,,,,,,,,,,,,,,,,,,,,,,,,,,,,,,,,,,,,,,,,,,,,,,,,,,,,,,,,,,,,,,,,,,,,,Roy Smalley,roy,smalley,smallro01,872,2644,277,601,103,33,61,305,4,0,257,541,6,18,26,3,66,2948,0.22730711,0.297150611,0.360438729
918,Jim Piersall,0,0,17,0,29.3,6593,,R,,,,,,,,,,,,,,,,,,,,,,,,,,,,,,,,,,,,,,,,,,,,,,,,,,,,,,,,,,,,,,,,,,,,,,,,,,,,,,Jim Piersall,jim,piersall,piersji01,1734,5890,811,1604,256,52,104,591,115,57,524,583,23,25,104,48,161,6591,0.272325976,0.326657563,0.386417657
529,Darrell Porter,0,0,17,0,40.9,6570,,L,,,,,,,,,,,,,,,,,,,,,,,,,,,,,,,,,,,,,,,,,,,,,,,,,,,,,,,,,,,,,,,,,,,,,,,,,,,,,,Darrell Porter,darrell,porter,porteda01,13,19,2,4,0,0,0,0,0,0,2,4,0,0,0,0,0,21,0.210526316,0.285714286,0.210526316
507,Doug DeCinces,0,0,15,0,41.8,6534,,R,,,,,,,,,,,,,,,,,,,,,,,,,,,,,,,,,,,,,,,,,,,,,,,,,,,,,,,,,,,,,,,,,,,,,,,,,,,,,,Doug DeCinces,doug,decinces,decindo01,1649,5809,778,1505,312,29,237,879,58,48,618,904,57,21,22,64,176,6534,0.259080737,0.328129783,0.445171286
594,Justin Turner,0,0,17,1,38.7,6502,1,R,,,,,,,,,,,,,,,,,,,,,,,,,,,,,,,,,,,,,,,,,,,,,,,,,,,,,,,,,,,,,,,,,,,,,,,,,,,,,,Justin Turner,justin,turner,turneju01,1758,5709,811,1617,354,9,201,832,47,13,589,1012,18,136,5,63,146,6502,0.283236994,0.360196863,0.454019968
520,Andy Van Slyke,0,0,13,0,41.3,6495,,L,,,,,,,,,,,,,,,,,,,,,,,,,,,,,,,,,,,,,,,,,,,,,,,,,,,,,,,,,,,,,,,,,,,,,,,,,,,,,,Andy Van Slyke,andy,slyke,slykean01,,,,,,,,,,,,,,,,,,,,,
756,Dom DiMaggio,0,0,11,0,33.6,6478,,R,,,,,,,,,,,,,,,,,,,,,,,,,,,,,,,,,,,,,,,,,,,,,,,,,,,,,,,,,,,,,,,,,,,,,,,,,,,,,,Dom DiMaggio,dom,dimaggio,dimagdo01,1399,5640,1046,1680,308,57,87,618,100,62,750,571,0,31,57,0,107,6478,0.29787234,0.379901204,0.418971631
832,Ted Kluszewski,0,0,15,0,31.4,6470,,L,,,,,,,,,,,,,,,,,,,,,,,,,,,,,,,,,,,,,,,,,,,,,,,,,,,,,,,,,,,,,,,,,,,,,,,,,,,,,,Ted Kluszewski,ted,kluszewski,kluszte01,1718,5929,848,1766,290,29,279,1028,20,10,492,365,70,23,3,23,143,6470,0.297857986,0.352550232,0.497723056
355,Wally Schang,0,0,19,0,48,6440,,B,,,,,,,,,,,,,,,,,,,,,,,,,,,,,,,,,,,,,,,,,,,,,,,,,,,,,,,,,,,,,,,,,,,,,,,,,,,,,,Wally Schang,wally,schang,schanwa01,1842,5307,769,1506,264,90,59,710,121,49,849,573,0,107,160,0,0,6423,0.283776145,0.38330998,0.400791408
697,Howie Kendrick,0,0,15,0,35,6421,,R,,,,,,,,,,,,,,,,,,,,,,,,,,,,,,,,,,,,,,,,,,,,,,,,,,,,,,,,,,,,,,,,,,,,,,,,,,,,,,Howie Kendrick,howie,kendrick,kendrho01,1621,5950,792,1747,354,38,127,724,126,47,349,1102,34,61,24,37,193,6421,0.293613445,0.335928983,0.429915966
497,Bill Nicholson,0,0,16,0,42.1,6420,,L,,,,,,,,,,,,,,,,,,,,,,,,,,,,,,,,,,,,,,,,,,,,,,,,,,,,,,,,,,,,,,,,,,,,,,,,,,,,,,Bill Nicholson,bill,nicholson,nichobi01,1677,5546,837,1484,272,60,235,948,27,1,800,828,0,52,20,0,61,6418,0.267580238,0.363976317,0.465380454
438,Lonny Frey,0,0,14,0,44.6,6402,,L,,,,,,,,,,,,,,,,,,,,,,,,,,,,,,,,,,,,,,,,,,,,,,,,,,,,,,,,,,,,,,,,,,,,,,,,,,,,,,Lonny Frey,lonny,frey,freyxlo01,,,,,,,,,,,,,,,,,,,,,
492,George Springer,0,0,12,1,42.3,6375,,R,,,,,,,,,,,,,,,,,,,,,,,,,,,,,,,,,,,,,,,,,,,,,,,,,,,,,,,,,,,,,,,,,,,,,,,,,,,,,,George Springer,george,springer,springe01,1445,5555,982,1480,249,23,293,796,120,41,676,1315,14,85,2,34,121,6352,0.266426643,0.352802267,0.477767777
909,Raúl Mondesí,0,0,13,0,29.5,6369,,R,,,,,,,,,,,,,,,,,,,,,,,,,,,,,,,,,,,,,,,,,,,,,,,,,,,,,,,,,,,,,,,,,,,,,,,,,,,,,,Raúl Mondesí,ral,mondes,mondera01,1525,5814,909,1589,319,49,271,860,229,92,475,1130,50,41,2,37,93,6369,0.273305814,0.330507144,0.484864121
921,Jayson Werth,0,0,15,0,29.2,6366,,R,,,,,,,,,,,,,,,,,,,,,,,,,,,,,,,,,,,,,,,,,,,,,,,,,,,,,,,,,,,,,,,,,,,,,,,,,,,,,,Jayson Werth,jayson,werth,werthja01,1583,5484,883,1465,300,22,229,799,132,23,764,1450,32,64,4,50,99,6366,0.267140773,0.360194785,0.455142232
618,Troy Glaus,0,0,13,0,38.1,6355,,R,,,,,,,,,,,,,,,,,,,,,,,,,,,,,,,,,,,,,,,,,,,,,,,,,,,,,,,,,,,,,,,,,,,,,,,,,,,,,,Troy Glaus,troy,glaus,glaustr01,1537,5410,889,1375,293,10,320,950,56,29,854,1377,40,46,0,45,138,6355,0.254158965,0.357985838,0.489463956
466,Dolph Camilli,0,0,12,0,43.2,6354,,L,,,,,,,,,,,,,,,,,,,,,,,,,,,,,,,,,,,,,,,,,,,,,,,,,,,,,,,,,,,,,,,,,,,,,,,,,,,,,,Dolph Camilli,dolph,camilli,camildo01,1490,5353,936,1482,261,86,239,950,60,0,947,961,0,28,24,0,80,6352,0.276854101,0.386807305,0.491686905
494,Darryl Strawberry,0,0,17,0,42.2,6326,,L,,,,,,,,,,,,,,,,,,,,,,,,,,,,,,,,,,,,,,,,,,,,,,,,,,,,,,,,,,,,,,,,,,,,,,,,,,,,,,Darryl Strawberry,darryl,strawberry,strawda01,1583,5418,898,1401,256,38,335,1000,221,99,816,1352,131,38,1,53,64,6326,0.258582503,0.356465381,0.505352529
790,Rico Carty,0,0,15,0,32.6,6318,,R,,,,,,,,,,,,,,,,,,,,,,,,,,,,,,,,,,,,,,,,,,,,,,,,,,,,,,,,,,,,,,,,,,,,,,,,,,,,,,Rico Carty,rico,carty,cartyri01,1651,5606,712,1677,278,17,204,890,21,26,642,663,65,13,3,54,206,6318,0.299143775,0.369104147,0.463967178
913,Brandon Crawford,0,0,14,0,29.4,6318,2.1,L,,,,,,,,,,,,,,,,,,,,,,,,,,,,,,,,,,,,,,,,,,,,,,,,,,,,,,,,,,,,,,,,,,,,,,,,,,,,,,Brandon Crawford,brandon,crawford,crawfbr01,1684,5646,674,1404,295,44,147,748,47,34,544,1294,75,59,7,62,121,6318,0.248671626,0.317663818,0.394615657
827,José Valentín,0,0,16,0,31.6,6317,,B,,,,,,,,,,,,,,,,,,,,,,,,,,,,,,,,,,,,,,,,,,,,,,,,,,,,,,,,,,,,,,,,,,,,,,,,,,,,,,José Valentín,jos,valentn,valenjo01,16,60,9,17,4,0,0,0,0,0,2,0,0,0,0,0,0,62,0.283333333,0.306451613,0.35
770,Ken Keltner,0,0,13,0,33.2,6316,,R,,,,,,,,,,,,,,,,,,,,,,,,,,,,,,,,,,,,,,,,,,,,,,,,,,,,,,,,,,,,,,,,,,,,,,,,,,,,,,Ken Keltner,ken,keltner,keltnke01,1526,5683,737,1570,308,69,163,852,39,33,514,480,0,13,102,0,144,6312,0.276262537,0.332224335,0.440788316
862,Ginger Beaumont,0,0,12,0,30.5,6313,,L,,,,,,,,,,,,,,,,,,,,,,,,,,,,,,,,,,,,,,,,,,,,,,,,,,,,,,,,,,,,,,,,,,,,,,,,,,,,,,Ginger Beaumont,ginger,beaumont,beaumgi01,1463,5660,955,1759,182,82,39,617,254,0,425,314,0,30,166,0,0,6281,0.310777385,0.352491641,0.392579505
976,J.J. Hardy,0,0,13,0,28.2,6309,,R,,,,,,,,,,,,,,,,,,,,,,,,,,,,,,,,,,,,,,,,,,,,,,,,,,,,,,,,,,,,,,,,,,,,,,,,,,,,,,J.J. Hardy,jj,hardy,hardyjj01,1561,5805,718,1488,291,14,188,688,8,9,411,960,24,15,40,38,156,6309,0.256330749,0.303376129,0.408440999
577,Starling Marte,0,0,14,1,39.3,6307,,R,,,,,,,,,,,,,,,,,,,,,,,,,,,,,,,,,,,,,,,,,,,,,,,,,,,,,,,,,,,,,,,,,,,,,,,,,,,,,,Starling Marte,starling,marte,martest01,1530,5751,877,1639,291,55,163,667,361,100,342,1267,18,166,22,26,121,6307,0.284993914,0.340415411,0.439749609
840,Duke Farrell,0,0,18,0,31.1,6269,,B,,,,,,,,,,,,,,,,,,,,,,,,,,,,,,,,,,,,,,,,,,,,,,,,,,,,,,,,,,,,,,,,,,,,,,,,,,,,,,Duke Farrell,duke,farrell,farredu01,1565,5682,829,1572,211,123,52,916,150,0,480,369,0,50,51,0,0,6263,0.276663147,0.335621906,0.384547694
910,Brian Roberts,0,0,14,0,29.5,6253,,B,,,,,,,,,,,,,,,,,,,,,,,,,,,,,,,,,,,,,,,,,,,,,,,,,,,,,,,,,,,,,,,,,,,,,,,,,,,,,,Brian Roberts,brian,roberts,roberbr01,1418,5531,850,1527,367,39,97,542,285,73,609,844,26,13,48,49,82,6250,0.276080275,0.34384,0.409148436
565,Babe Herman,0,0,13,0,39.6,6230,,L,,,,,,,,,,,,,,,,,,,,,,,,,,,,,,,,,,,,,,,,,,,,,,,,,,,,,,,,,,,,,,,,,,,,,,,,,,,,,,Babe Herman,babe,herman,hermaba01,1552,5603,882,1818,399,110,181,997,94,0,520,553,0,11,92,0,43,6226,0.324469034,0.377288789,0.531857933
609,Eric Chavez,0,0,17,0,38.3,6228,,L,,,,,,,,,,,,,,,,,,,,,,,,,,,,,,,,,,,,,,,,,,,,,,,,,,,,,,,,,,,,,,,,,,,,,,,,,,,,,,Eric Chavez,eric,chavez,chaveer01,1615,5518,816,1477,318,24,260,902,50,17,639,1079,77,15,0,55,132,6227,0.267669445,0.342219367,0.475353389
540,Cy Seymour,0,0,16,0,40.5,6227,1038,L,,,,,,,,,,,,,,,,,,,,,,,,,,,,,,,,,,,,,,,,,,,,,,,,,,,,,,,,,,,,,,,,,,,,,,,,,,,,,,Cy Seymour,cy,seymour,seymocy01,1529,5686,737,1724,229,96,52,799,222,0,354,361,0,30,138,0,0,6208,0.303200844,0.339561856,0.404678157
883,Sherm Lollar,0,0,18,0,30.1,6221,,R,,,,,,,,,,,,,,,,,,,,,,,,,,,,,,,,,,,,,,,,,,,,,,,,,,,,,,,,,,,,,,,,,,,,,,,,,,,,,,Sherm Lollar,sherm,lollar,lollash01,1752,5351,623,1415,244,14,155,808,20,10,671,453,49,115,47,34,184,6218,0.264436554,0.353972338,0.402167819
911,José Abreu,0,0,11,1,29.5,6220,,R,,,,,,,,,,,,,,,,,,,,,,,,,,,,,,,,,,,,,,,,,,,,,,,,,,,,,,,,,,,,,,,,,,,,,,,,,,,,,,José Abreu,jos,abreu,abreujo01,9,28,4,6,1,0,1,3,0,0,4,4,0,0,0,0,1,32,0.214285714,0.3125,0.357142857
813,Frank McCormick,0,0,13,0,31.9,6207,,R,,,,,,,,,,,,,,,,,,,,,,,,,,,,,,,,,,,,,,,,,,,,,,,,,,,,,,,,,,,,,,,,,,,,,,,,,,,,,,Frank McCormick,frank,mccormick,mccorfr01,1534,5723,722,1711,334,26,128,951,27,0,399,189,0,27,58,0,176,6207,0.298969072,0.344288706,0.433513891
969,Tim McCarver,0,0,21,0,28.3,6206,,L,,,,,,,,,,,,,,,,,,,,,,,,,,,,,,,,,,,,,,,,,,,,,,,,,,,,,,,,,,,,,,,,,,,,,,,,,,,,,,Tim McCarver,tim,mccarver,mccarti01,1909,5529,590,1501,242,57,97,645,61,49,548,422,119,30,35,64,99,6206,0.271477663,0.334998389,0.388497016
643,Kyle Seager,0,0,11,0,37,6204,,L,,,,,,,,,,,,,,,,,,,,,,,,,,,,,,,,,,,,,,,,,,,,,,,,,,,,,,,,,,,,,,,,,,,,,,,,,,,,,,Kyle Seager,kyle,seager,seageky01,1480,5561,705,1395,309,14,242,807,55,27,533,1120,35,63,5,42,107,6204,0.250854163,0.320921986,0.442006833
970,César Tovar,0,0,12,0,28.3,6177,1,R,,,,,,,,,,,,,,,,,,,,,,,,,,,,,,,,,,,,,,,,,,,,,,,,,,,,,,,,,,,,,,,,,,,,,,,,,,,,,,César Tovar,csar,tovar,tovarcs01,,,,,,,,,,,,,,,,,,,,,
582,Rico Petrocelli,0,0,13,0,39.1,6171,,R,,,,,,,,,,,,,,,,,,,,,,,,,,,,,,,,,,,,,,,,,,,,,,,,,,,,,,,,,,,,,,,,,,,,,,,,,,,,,,Rico Petrocelli,rico,petrocelli,petrori01,1553,5390,653,1352,237,22,210,773,10,22,661,926,61,26,36,57,127,6170,0.250834879,0.330470016,0.419851577
785,Ron Hunt,0,0,12,0,32.7,6158,,R,,,,,,,,,,,,,,,,,,,,,,,,,,,,,,,,,,,,,,,,,,,,,,,,,,,,,,,,,,,,,,,,,,,,,,,,,,,,,,Ron Hunt,ron,hunt,huntxro01,,,,,,,,,,,,,,,,,,,,,
971,Melvin Mora,0,0,13,0,28.3,6158,,R,,,,,,,,,,,,,,,,,,,,,,,,,,,,,,,,,,,,,,,,,,,,,,,,,,,,,,,,,,,,,,,,,,,,,,,,,,,,,,Melvin Mora,melvin,mora,moraxme01,,,,,,,,,,,,,,,,,,,,,
427,J.D. Drew,0,0,14,0,44.9,6153,,L,,,,,,,,,,,,,,,,,,,,,,,,,,,,,,,,,,,,,,,,,,,,,,,,,,,,,,,,,,,,,,,,,,,,,,,,,,,,,,J.D. Drew,jd,drew,drewxjd01,,,,,,,,,,,,,,,,,,,,,
740,Michael Brantley,0,0,15,0,34.1,6149,,L,,,,,,,,,,,,,,,,,,,,,,,,,,,,,,,,,,,,,,,,,,,,,,,,,,,,,,,,,,,,,,,,,,,,,,,,,,,,,,Michael Brantley,michael,brantley,brantmi01,302,1138,154,295,56,8,32,125,34,14,67,136,0,2,7,8,18,1222,0.259226714,0.29787234,0.40685413
666,Eric Davis,0,0,17,0,36.1,6147,,R,,,,,,,,,,,,,,,,,,,,,,,,,,,,,,,,,,,,,,,,,,,,,,,,,,,,,,,,,,,,,,,,,,,,,,,,,,,,,,Eric Davis,eric,davis,daviser01,1626,5321,938,1430,239,26,282,934,349,66,740,1398,59,33,3,50,112,6147,0.268746476,0.358386205,0.482428115
794,Jimmy Williams,0,0,11,0,32.5,6138,,R,,,,,,,,,,,,,,,,,,,,,,,,,,,,,,,,,,,,,,,,,,,,,,,,,,,,,,,,,,,,,,,,,,,,,,,,,,,,,,Jimmy Williams,jimmy,williams,williji01,1457,5485,780,1508,242,138,49,796,151,0,474,531,0,36,121,0,0,6116,0.274931632,0.329954218,0.396171376
722,Jeff Cirillo,0,0,14,0,34.5,6136,1,R,,,,,,,,,,,,,,,,,,,,,,,,,,,,,,,,,,,,,,,,,,,,,,,,,,,,,,,,,,,,,,,,,,,,,,,,,,,,,,Jeff Cirillo,jeff,cirillo,cirilje01,1617,5396,800,1598,343,21,112,727,63,37,563,694,18,67,51,59,153,6136,0.296145293,0.363102999,0.429762787
445,Nomar Garciaparra,0,0,14,0,44.3,6116,,R,,,,,,,,,,,,,,,,,,,,,,,,,,,,,,,,,,,,,,,,,,,,,,,,,,,,,,,,,,,,,,,,,,,,,,,,,,,,,,Nomar Garciaparra,nomar,garciaparra,garcino01,1434,5586,927,1747,370,52,229,936,95,31,403,554,54,59,5,63,129,6116,0.312746151,0.36118378,0.520587182
723,Pedro Guerrero,0,0,15,0,34.5,6115,,R,,,,,,,,,,,,,,,,,,,,,,,,,,,,,,,,,,,,,,,,,,,,,,,,,,,,,,,,,,,,,,,,,,,,,,,,,,,,,,Pedro Guerrero,pedro,guerrero,guerrpe01,1536,5392,730,1618,267,29,215,898,97,47,609,862,115,32,9,73,122,6115,0.300074184,0.36941946,0.479970326
943,Edgardo Alfonzo,0,0,12,0,28.8,6108,,R,,,,,,,,,,,,,,,,,,,,,,,,,,,,,,,,,,,,,,,,,,,,,,,,,,,,,,,,,,,,,,,,,,,,,,,,,,,,,,Edgardo Alfonzo,edgardo,alfonzo,alfoned01,1506,5385,777,1532,282,18,146,744,53,17,596,617,22,41,31,55,110,6108,0.284493965,0.355108055,0.424883937
559,George Gore,0,0,14,0,39.9,6104,,L,,,,,,,,,,,,,,,,,,,,,,,,,,,,,,,,,,,,,,,,,,,,,,,,,,,,,,,,,,,,,,,,,,,,,,,,,,,,,,George Gore,george,gore,gorexge01,,,,,,,,,,,,,,,,,,,,,
949,Elmer Valo,0,0,20,0,28.7,6092,,L,,,,,,,,,,,,,,,,,,,,,,,,,,,,,,,,,,,,,,,,,,,,,,,,,,,,,,,,,,,,,,,,,,,,,,,,,,,,,,Elmer Valo,elmer,valo,valoxel01,,,,,,,,,,,,,,,,,,,,,
997,Jackie Jensen,0,0,11,0,27.8,6080,,R,,,,,,,,,,,,,,,,,,,,,,,,,,,,,,,,,,,,,,,,,,,,,,,,,,,,,,,,,,,,,,,,,,,,,,,,,,,,,,Jackie Jensen,jackie,jensen,jenseja01,1438,5236,810,1463,259,45,199,929,143,55,750,546,28,23,18,52,185,6079,0.279411765,0.367823655,0.460084034
938,Baby Doll Jacobson,0,0,11,0,28.9,6078,,R,,,,,,,,,,,,,,,,,,,,,,,,,,,,,,,,,,,,,,,,,,,,,,,,,,,,,,,,,,,,,,,,,,,,,,,,,,,,,,Baby Doll Jacobson,baby,jacobson,jacobba01,1472,5507,787,1714,328,94,83,821,86,54,355,410,0,39,171,0,0,6072,0.31124024,0.347167325,0.450154349
939,Kevin Seitzer,0,0,12,0,28.9,6062,0.1,R,,,,,,,,,,,,,,,,,,,,,,,,,,,,,,,,,,,,,,,,,,,,,,,,,,,,,,,,,,,,,,,,,,,,,,,,,,,,,,Kevin Seitzer,kevin,seitzer,seitzke01,1439,5278,739,1557,285,35,74,613,80,49,669,617,31,35,39,41,133,6062,0.294998105,0.372979215,0.404319818
746,Dan McGann,0,0,12,0,34,6057,,B,,,,,,,,,,,,,,,,,,,,,,,,,,,,,,,,,,,,,,,,,,,,,,,,,,,,,,,,,,,,,,,,,,,,,,,,,,,,,,Dan McGann,dan,mcgann,mcganda01,1437,5226,842,1482,181,100,42,727,282,0,429,334,0,230,166,0,0,6051,0.28358209,0.353825814,0.380597015
658,Bill Bradley,0,0,14,0,36.5,6052,1,R,,,,,,,,,,,,,,,,,,,,,,,,,,,,,,,,,,,,,,,,,,,,,,,,,,,,,,,,,,,,,,,,,,,,,,,,,,,,,,Bill Bradley,bill,bradley,bradlbi01,1461,5430,754,1471,275,84,34,552,181,0,290,531,0,73,253,0,0,6046,0.270902394,0.303341052,0.371270718
891,Von Hayes,0,0,12,0,29.9,6052,,L,,,,,,,,,,,,,,,,,,,,,,,,,,,,,,,,,,,,,,,,,,,,,,,,,,,,,,,,,,,,,,,,,,,,,,,,,,,,,,Von Hayes,von,hayes,hayesvo01,1495,5249,767,1402,282,36,143,696,253,97,712,804,82,22,19,50,100,6052,0.267098495,0.352941176,0.416269766
775,Earl Torgeson,0,0,15,0,33.1,6046,,L,,,,,,,,,,,,,,,,,,,,,,,,,,,,,,,,,,,,,,,,,,,,,,,,,,,,,,,,,,,,,,,,,,,,,,,,,,,,,,Earl Torgeson,earl,torgeson,torgeea01,1668,4969,848,1318,215,46,149,740,133,39,980,653,7,8,55,25,113,6037,0.265244516,0.381977804,0.416985309
526,Hardy Richardson,0,0,14,0,41,6044,16,R,,,,,,,,,,,,,,,,,,,,,,,,,,,,,,,,,,,,,,,,,,,,,,,,,,,,,,,,,,,,,,,,,,,,,,,,,,,,,,Hardy Richardson,hardy,richardson,richaha01,1334,5657,1127,1694,305,126,73,828,207,0,377,446,0,10,0,0,0,6044,0.299452006,0.344308405,0.436627188
884,Kevin McReynolds,0,0,12,0,30.1,6039,,R,,,,,,,,,,,,,,,,,,,,,,,,,,,,,,,,,,,,,,,,,,,,,,,,,,,,,,,,,,,,,,,,,,,,,,,,,,,,,,Kevin McReynolds,kevin,mcreynolds,mcreyke01,1502,5423,727,1439,284,35,211,807,93,32,522,707,67,14,14,66,100,6039,0.265351282,0.327040901,0.447353863
522,Jack Fournier,0,0,15,0,41.2,6034,1,L,,,,,,,,,,,,,,,,,,,,,,,,,,,,,,,,,,,,,,,,,,,,,,,,,,,,,,,,,,,,,,,,,,,,,,,,,,,,,,Jack Fournier,jack,fournier,fournja01,1530,5208,822,1631,252,113,136,859,145,96,587,424,0,89,149,0,0,6033,0.313172043,0.382396818,0.483294931
963,Bob Meusel,0,0,11,0,28.4,6031,,R,,,,,,,,,,,,,,,,,,,,,,,,,,,,,,,,,,,,,,,,,,,,,,,,,,,,,,,,,,,,,,,,,,,,,,,,,,,,,,Bob Meusel,bob,meusel,meusebo01,1407,5475,826,1693,368,95,156,1068,142,102,375,619,0,21,157,0,0,6028,0.309223744,0.346549436,0.496621005
786,Mickey Rivers,0,0,15,0,32.7,6027,,L,,,,,,,,,,,,,,,,,,,,,,,,,,,,,,,,,,,,,,,,,,,,,,,,,,,,,,,,,,,,,,,,,,,,,,,,,,,,,,Mickey Rivers,mickey,rivers,rivermi01,1468,5629,785,1660,247,71,61,499,267,90,266,471,20,22,75,35,44,6027,0.294901403,0.323212212,0.396518032
677,Danny Murphy,0,0,16,0,35.7,5996,,R,,,,,,,,,,,,,,,,,,,,,,,,,,,,,,,,,,,,,,,,,,,,,,,,,,,,,,,,,,,,,,,,,,,,,,,,,,,,,,Danny Murphy,danny,murphy,murphda01,8,26,2,3,0,0,0,0,0,0,5,4,0,0,0,0,0,31,0.115384615,0.258064516,0.115384615
814,Scott Fletcher,0,0,15,0,31.9,5976,,R,,,,,,,,,,,,,,,,,,,,,,,,,,,,,,,,,,,,,,,,,,,,,,,,,,,,,,,,,,,,,,,,,,,,,,,,,,,,,,Scott Fletcher,scott,fletcher,fletcsc01,1612,5258,688,1376,243,38,34,510,99,58,514,541,13,57,111,36,109,5976,0.261696463,0.325803213,0.34176493
986,Denard Span,0,0,11,0,28,5956,,L,,,,,,,,,,,,,,,,,,,,,,,,,,,,,,,,,,,,,,,,,,,,,,,,,,,,,,,,,,,,,,,,,,,,,,,,,,,,,,Denard Span,denard,span,spanxde01,,,,,,,,,,,,,,,,,,,,,
601,Lonnie Smith,0,0,17,0,38.5,5952,,R,,,,,,,,,,,,,,,,,,,,,,,,,,,,,,,,,,,,,,,,,,,,,,,,,,,,,,,,,,,,,,,,,,,,,,,,,,,,,,Lonnie Smith,lonnie,smith,smithlo01,1613,5170,909,1488,273,58,98,533,370,140,623,849,19,92,21,46,69,5952,0.287814313,0.370127688,0.419922631
914,Buddy Lewis,0,0,11,0,29.4,5940,,L,,,,,,,,,,,,,,,,,,,,,,,,,,,,,,,,,,,,,,,,,,,,,,,,,,,,,,,,,,,,,,,,,,,,,,,,,,,,,,Buddy Lewis,buddy,lewis,lewisbu01,1349,5261,830,1563,249,93,71,607,83,59,573,303,0,20,83,0,69,5937,0.297091808,0.36314637,0.420262308
981,Denis Menke,0,0,13,0,28.1,5936,,R,,,,,,,,,,,,,,,,,,,,,,,,,,,,,,,,,,,,,,,,,,,,,,,,,,,,,,,,,,,,,,,,,,,,,,,,,,,,,,Denis Menke,denis,menke,menkede01,1598,5071,605,1270,225,40,101,606,34,54,698,853,73,46,54,65,99,5934,0.250443699,0.339400067,0.370341156
741,Bob Allison,0,0,13,0,34.1,5924,,R,,,,,,,,,,,,,,,,,,,,,,,,,,,,,,,,,,,,,,,,,,,,,,,,,,,,,,,,,,,,,,,,,,,,,,,,,,,,,,Bob Allison,bob,allison,allisbo01,1541,5032,811,1281,216,53,256,796,84,50,795,1033,30,34,25,35,115,5921,0.254570747,0.356358723,0.47118442
783,Bill Doran,0,0,12,0,32.8,5922,,B,,,,,,,,,,,,,,,,,,,,,,,,,,,,,,,,,,,,,,,,,,,,,,,,,,,,,,,,,,,,,,,,,,,,,,,,,,,,,,Bill Doran,bill,doran,doranbi01,3,2,0,1,0,0,0,0,0,0,1,0,0,0,0,0,0,3,0.5,0.666666667,0.5
987,Terry Steinbach,0,0,14,0,28,5905,,R,,,,,,,,,,,,,,,,,,,,,,,,,,,,,,,,,,,,,,,,,,,,,,,,,,,,,,,,,,,,,,,,,,,,,,,,,,,,,,Terry Steinbach,terry,steinbach,steinte01,1546,5369,638,1453,273,21,162,745,23,22,418,938,31,48,15,46,177,5896,0.270627677,0.325474898,0.419817471
749,George Grantham,0,0,13,0,33.9,5900,,L,,,,,,,,,,,,,,,,,,,,,,,,,,,,,,,,,,,,,,,,,,,,,,,,,,,,,,,,,,,,,,,,,,,,,,,,,,,,,,George Grantham,george,grantham,grantge01,1444,4989,912,1508,292,93,105,712,132,53,717,526,0,23,168,0,5,5897,0.302264983,0.381210785,0.461214672
766,Johnny Logan,0,0,13,0,33.3,5893,,R,,,,,,,,,,,,,,,,,,,,,,,,,,,,,,,,,,,,,,,,,,,,,,,,,,,,,,,,,,,,,,,,,,,,,,,,,,,,,,Johnny Logan,johnny,logan,loganjo01,1503,5244,651,1407,216,41,93,547,19,13,451,472,26,43,125,30,125,5893,0.268306636,0.322586119,0.378337147
385,Josh Donaldson,0,0,13,0,46.8,5856,1,R,,,,,,,,,,,,,,,,,,,,,,,,,,,,,,,,,,,,,,,,,,,,,,,,,,,,,,,,,,,,,,,,,,,,,,,,,,,,,,Josh Donaldson,josh,donaldson,donaljo01,405,1225,96,292,35,11,4,86,19,9,132,133,12,4,13,6,20,1380,0.238367347,0.310144928,0.294693878
977,Rondell White,0,0,15,0,28.2,5852,,R,,,,,,,,,,,,,,,,,,,,,,,,,,,,,,,,,,,,,,,,,,,,,,,,,,,,,,,,,,,,,,,,,,,,,,,,,,,,,,Rondell White,rondell,white,whitero01,1881,6650,964,1803,300,51,160,758,233,117,934,708,66,29,53,69,123,7735,0.27112782,0.357595346,0.403759398
613,Roger Maris,0,0,12,0,38.2,5847,,L,,,,,,,,,,,,,,,,,,,,,,,,,,,,,,,,,,,,,,,,,,,,,,,,,,,,,,,,,,,,,,,,,,,,,,,,,,,,,,Roger Maris,roger,maris,marisro01,1463,5101,826,1325,195,42,275,851,21,9,652,733,42,38,12,43,75,5846,0.25975299,0.344680123,0.476181141
833,Topsy Hartsel,0,0,14,0,31.4,5842,,L,,,,,,,,,,,,,,,,,,,,,,,,,,,,,,,,,,,,,,,,,,,,,,,,,,,,,,,,,,,,,,,,,,,,,,,,,,,,,,Topsy Hartsel,topsy,hartsel,hartsto01,1356,4848,826,1336,182,92,31,341,247,0,837,551,0,12,96,0,0,5793,0.275577558,0.377179354,0.370255776
886,John Titus,0,0,11,0,30,5842,,L,,,,,,,,,,,,,,,,,,,,,,,,,,,,,,,,,,,,,,,,,,,,,,,,,,,,,,,,,,,,,,,,,,,,,,,,,,,,,,John Titus,john,titus,titusjo01,1402,4960,738,1401,253,72,38,561,140,0,620,389,0,94,144,0,0,5818,0.282459677,0.363526985,0.385483871
761,Elbie Fletcher,0,0,12,0,33.5,5828,,L,,,,,,,,,,,,,,,,,,,,,,,,,,,,,,,,,,,,,,,,,,,,,,,,,,,,,,,,,,,,,,,,,,,,,,,,,,,,,,Elbie Fletcher,elbie,fletcher,fletcel01,1415,4879,723,1323,228,58,79,616,32,0,851,495,0,42,54,0,97,5826,0.271162123,0.380363886,0.390243902
993,Amos Strunk,0,0,17,0,27.9,5828,,L,,,,,,,,,,,,,,,,,,,,,,,,,,,,,,,,,,,,,,,,,,,,,,,,,,,,,,,,,,,,,,,,,,,,,,,,,,,,,,Amos Strunk,amos,strunk,strunam01,1512,4999,696,1418,213,96,15,530,185,100,573,453,0,12,219,0,0,5803,0.283656731,0.345166293,0.373674735
614,Sid Gordon,0,0,13,0,38.2,5814,,R,,,,,,,,,,,,,,,,,,,,,,,,,,,,,,,,,,,,,,,,,,,,,,,,,,,,,,,,,,,,,,,,,,,,,,,,,,,,,,Sid Gordon,sid,gordon,gordosi01,1475,4992,735,1415,220,43,202,805,19,5,731,356,2,22,54,12,174,5811,0.283453526,0.373085527,0.466145833
879,Lance Johnson,0,0,14,0,30.2,5800,,L,,,,,,,,,,,,,,,,,,,,,,,,,,,,,,,,,,,,,,,,,,,,,,,,,,,,,,,,,,,,,,,,,,,,,,,,,,,,,,Lance Johnson,lance,johnson,johnsla01,12,26,1,5,2,0,0,1,0,0,2,8,0,0,1,0,0,29,0.192307692,0.24137931,0.269230769
619,Max Bishop,0,0,12,0,38.1,5793,,L,,,,,,,,,,,,,,,,,,,,,,,,,,,,,,,,,,,,,,,,,,,,,,,,,,,,,,,,,,,,,,,,,,,,,,,,,,,,,,Max Bishop,max,bishop,bishoma01,1338,4494,966,1216,236,35,41,379,43,50,1153,452,0,31,98,0,0,5776,0.270583,0.415512465,0.366043614
901,Javy López,0,0,15,0,29.7,5793,,R,,,,,,,,,,,,,,,,,,,,,,,,,,,,,,,,,,,,,,,,,,,,,,,,,,,,,,,,,,,,,,,,,,,,,,,,,,,,,,Javy López,javy,lpez,lpezxja01,,,,,,,,,,,,,,,,,,,,,
950,Matt Carpenter,0,0,14,0,28.7,5773,1.1,L,,,,,,,,,,,,,,,,,,,,,,,,,,,,,,,,,,,,,,,,,,,,,,,,,,,,,,,,,,,,,,,,,,,,,,,,,,,,,,Matt Carpenter,matt,carpenter,carpema01,1511,4856,813,1257,329,28,179,659,28,19,774,1225,40,74,12,54,40,5770,0.258855025,0.364818024,0.448723229
892,Hal Trosky,0,0,11,0,29.9,5750,,L,,,,,,,,,,,,,,,,,,,,,,,,,,,,,,,,,,,,,,,,,,,,,,,,,,,,,,,,,,,,,,,,,,,,,,,,,,,,,,Hal Trosky,hal,trosky,troskha01,1347,5161,835,1561,331,58,228,1012,28,23,545,440,0,16,25,0,43,5747,0.302460763,0.369236123,0.52160434
915,Mickey Tettleton,0,0,14,0,29.4,5745,,B,,,,,,,,,,,,,,,,,,,,,,,,,,,,,,,,,,,,,,,,,,,,,,,,,,,,,,,,,,,,,,,,,,,,,,,,,,,,,,Mickey Tettleton,mickey,tettleton,tettlmi01,1485,4698,711,1132,210,16,245,732,23,29,949,1307,72,30,21,47,86,5745,0.240953597,0.367449956,0.448914432
757,Heinie Zimmerman,0,0,13,0,33.6,5744,,R,,,,,,,,,,,,,,,,,,,,,,,,,,,,,,,,,,,,,,,,,,,,,,,,,,,,,,,,,,,,,,,,,,,,,,,,,,,,,,Heinie Zimmerman,heinie,zimmerman,zimmehe01,1456,5304,695,1566,275,105,58,796,175,33,242,432,0,38,156,0,0,5740,0.295248869,0.321602787,0.419494721
747,Ken McMullen,0,0,16,0,34,5731,,R,,,,,,,,,,,,,,,,,,,,,,,,,,,,,,,,,,,,,,,,,,,,,,,,,,,,,,,,,,,,,,,,,,,,,,,,,,,,,,Ken McMullen,ken,mcmullen,mcmulke01,1583,5131,568,1273,172,26,156,606,20,19,510,815,47,17,34,38,134,5730,0.248099786,0.314136126,0.382966283
762,Mark Ellis,0,0,12,0,33.5,5728,,R,,,,,,,,,,,,,,,,,,,,,,,,,,,,,,,,,,,,,,,,,,,,,,,,,,,,,,,,,,,,,,,,,,,,,,,,,,,,,,Mark Ellis,mark,ellis,ellisma01,1435,5117,690,1343,257,25,105,550,82,29,438,801,20,75,59,39,89,5728,0.262458472,0.324022346,0.384014071
828,Chick Stahl,0,0,10,0,31.6,5718,2,L,,,,,,,,,,,,,,,,,,,,,,,,,,,,,,,,,,,,,,,,,,,,,,,,,,,,,,,,,,,,,,,,,,,,,,,,,,,,,,Chick Stahl,chick,stahl,stahlch01,1304,5069,858,1546,219,118,36,622,189,0,470,270,0,44,126,0,0,5709,0.304991123,0.360833771,0.416058394
172,Joe Jackson,0,0,13,0,62.2,5697,,L,,,,,,,,,,,,,,,,,,,,,,,,,,,,,,,,,,,,,,,,,,,,,,,,,,,,,,,,,,,,,,,,,,,,,,,,,,,,,,Joe Jackson,joe,jackson,jacksjo01,1332,4981,873,1772,307,168,54,785,202,81,519,233,0,59,131,0,0,5690,0.355751857,0.413005272,0.517365991
484,Wally Berger,0,0,11,0,42.5,5666,,R,,,,,,,,,,,,,,,,,,,,,,,,,,,,,,,,,,,,,,,,,,,,,,,,,,,,,,,,,,,,,,,,,,,,,,,,,,,,,,Wally Berger,wally,berger,bergewa01,1350,5163,809,1550,299,59,242,898,36,0,435,694,0,38,27,0,69,5663,0.300213054,0.35723115,0.521595971
777,Brian Jordan,0,0,15,0,32.9,5646,,R,,,,,,,,,,,,,,,,,,,,,,,,,,,,,,,,,,,,,,,,,,,,,,,,,,,,,,,,,,,,,,,,,,,,,,,,,,,,,,Brian Jordan,brian,jordan,jordabr01,1456,5160,755,1454,267,37,184,821,119,48,353,842,25,74,2,57,118,5646,0.281782946,0.333156217,0.454844961
480,Ken Williams,0,0,14,0,42.7,5625,,L,,,,,,,,,,,,,,,,,,,,,,,,,,,,,,,,,,,,,,,,,,,,,,,,,,,,,,,,,,,,,,,,,,,,,,,,,,,,,,Ken Williams,ken,williams,willike01,1397,4862,860,1552,285,77,196,913,154,106,566,287,0,28,160,0,0,5616,0.319210202,0.382122507,0.530440148
426,Buster Posey,0,0,12,0,45,5607,,R,,,,,,,,,,,,,,,,,,,,,,,,,,,,,,,,,,,,,,,,,,,,,,,,,,,,,,,,,,,,,,,,,,,,,,,,,,,,,,Buster Posey,buster,posey,poseybu01,1371,4970,663,1500,293,9,158,729,23,9,540,721,67,43,1,53,163,5607,0.301810865,0.371499911,0.459758551
502,Trea Turner,0,0,11,1,41.9,5606,,R,,,,,,,,,,,,,,,,,,,,,,,,,,,,,,,,,,,,,,,,,,,,,,,,,,,,,,,,,,,,,,,,,,,,,,,,,,,,,,Trea Turner,trea,turner,turnetr01,1266,5157,870,1531,282,48,186,641,315,53,383,1028,11,41,2,21,87,5604,0.29687803,0.348857959,0.478378902
673,Freddy Parent,0,0,12,0,35.9,5592,,R,,,,,,,,,,,,,,,,,,,,,,,,,,,,,,,,,,,,,,,,,,,,,,,,,,,,,,,,,,,,,,,,,,,,,,,,,,,,,,Freddy Parent,freddy,parent,parenfr01,1327,4984,633,1306,180,74,20,471,184,0,333,337,0,51,203,0,0,5571,0.262038523,0.303356668,0.33988764
988,Del Crandall,0,0,16,0,28,5584,,R,,,,,,,,,,,,,,,,,,,,,,,,,,,,,,,,,,,,,,,,,,,,,,,,,,,,,,,,,,,,,,,,,,,,,,,,,,,,,,Del Crandall,del,crandall,crandde01,1573,5026,585,1276,179,18,179,657,26,28,424,477,95,21,68,42,162,5581,0.253879825,0.308367676,0.403501791
684,Tommy Holmes,0,0,11,0,35.5,5566,,L,,,,,,,,,,,,,,,,,,,,,,,,,,,,,,,,,,,,,,,,,,,,,,,,,,,,,,,,,,,,,,,,,,,,,,,,,,,,,,Tommy Holmes,tommy,holmes,holmeto01,1320,4992,698,1507,292,47,88,581,40,0,480,122,0,24,69,0,96,5565,0.301883013,0.361365678,0.432091346
624,Jeff Heath,0,0,14,0,37.7,5561,,L,,,,,,,,,,,,,,,,,,,,,,,,,,,,,,,,,,,,,,,,,,,,,,,,,,,,,,,,,,,,,,,,,,,,,,,,,,,,,,Jeff Heath,jeff,heath,heathje01,1383,4937,777,1447,279,102,194,887,56,47,593,670,0,10,20,0,59,5560,0.293092971,0.368705036,0.508811019
595,J.T. Realmuto,0,0,12,1,38.7,5542,,R,,,,,,,,,,,,,,,,,,,,,,,,,,,,,,,,,,,,,,,,,,,,,,,,,,,,,,,,,,,,,,,,,,,,,,,,,,,,,,J.T. Realmuto,jt,realmuto,realmjt01,1373,5050,696,1366,279,35,180,677,104,27,365,1176,20,82,1,38,107,5536,0.27049505,0.327492775,0.446534653
386,Gene Tenace,0,0,15,0,46.8,5527,,R,,,,,,,,,,,,,,,,,,,,,,,,,,,,,,,,,,,,,,,,,,,,,,,,,,,,,,,,,,,,,,,,,,,,,,,,,,,,,,Gene Tenace,gene,tenace,tenacge01,1555,4390,653,1060,179,20,201,674,36,42,984,998,58,91,21,39,77,5525,0.241457859,0.386425339,0.428701595
742,Johnny Pesky,0,0,10,0,34.1,5516,,L,,,,,,,,,,,,,,,,,,,,,,,,,,,,,,,,,,,,,,,,,,,,,,,,,,,,,,,,,,,,,,,,,,,,,,,,,,,,,,Johnny Pesky,johnny,pesky,peskyjo01,1270,4745,867,1455,226,50,17,404,53,49,662,218,0,25,83,1,82,5516,0.306638567,0.388324873,0.386090622
893,Brandon Belt,0,0,13,0,29.9,5483,,L,,,,,,,,,,,,,,,,,,,,,,,,,,,,,,,,,,,,,,,,,,,,,,,,,,,,,,,,,,,,,,,,,,,,,,,,,,,,,,Brandon Belt,brandon,belt,beltxbr01,,,,,,,,,,,,,,,,,,,,,
972,Terry Puhl,0,0,15,0,28.3,5480,,L,,,,,,,,,,,,,,,,,,,,,,,,,,,,,,,,,,,,,,,,,,,,,,,,,,,,,,,,,,,,,,,,,,,,,,,,,,,,,,Terry Puhl,terry,puhl,puhlxte01,,,,,,,,,,,,,,,,,,,,,
514,Eddie Stanky,0,0,11,0,41.6,5439,,R,,,,,,,,,,,,,,,,,,,,,,,,,,,,,,,,,,,,,,,,,,,,,,,,,,,,,,,,,,,,,,,,,,,,,,,,,,,,,,Eddie Stanky,eddie,stanky,stanked01,1259,4301,811,1154,185,35,29,364,48,5,996,374,0,35,103,0,62,5435,0.268309695,0.402023919,0.347826087
481,Elmer Smith,0,0,14,0,42.6,5422,1210.1,L,,,,,,,,,,,,,,,,,,,,,,,,,,,,,,,,,,,,,,,,,,,,,,,,,,,,,,,,,,,,,,,,,,,,,,,,,,,,,,Elmer Smith,elmer,smith,smithel01,1237,4693,913,1456,197,136,37,665,233,0,639,258,0,42,48,0,0,5422,0.310249307,0.394135006,0.433837631
863,Cecil Travis,0,0,12,0,30.5,5417,,L,,,,,,,,,,,,,,,,,,,,,,,,,,,,,,,,,,,,,,,,,,,,,,,,,,,,,,,,,,,,,,,,,,,,,,,,,,,,,,Cecil Travis,cecil,travis,travice01,1328,4914,665,1544,265,78,27,657,23,32,402,291,0,31,67,0,51,5414,0.314204314,0.365164389,0.416361416
431,Troy Tulowitzki,0,0,13,0,44.8,5415,,R,,,,,,,,,,,,,,,,,,,,,,,,,,,,,,,,,,,,,,,,,,,,,,,,,,,,,,,,,,,,,,,,,,,,,,,,,,,,,,Troy Tulowitzki,troy,tulowitzki,tulowtr01,1291,4804,762,1391,264,24,225,780,57,32,511,900,48,47,10,43,146,5415,0.289550375,0.359926131,0.495004163
847,Orlando Hudson,0,0,11,0,30.9,5413,,B,,,,,,,,,,,,,,,,,,,,,,,,,,,,,,,,,,,,,,,,,,,,,,,,,,,,,,,,,,,,,,,,,,,,,,,,,,,,,,Orlando Hudson,orlando,hudson,hudsoor01,1345,4825,648,1319,256,66,93,542,85,28,483,825,21,30,33,42,138,5413,0.273367876,0.338444485,0.411606218
568,Tommy Henrich,0,0,11,0,39.5,5411,,L,,,,,,,,,,,,,,,,,,,,,,,,,,,,,,,,,,,,,,,,,,,,,,,,,,,,,,,,,,,,,,,,,,,,,,,,,,,,,,Tommy Henrich,tommy,henrich,henrito01,1284,4603,901,1297,269,73,183,795,37,19,712,383,0,34,60,0,62,5409,0.281772757,0.377703827,0.49120139
929,Red Rolfe,0,0,10,0,29.1,5407,,L,,,,,,,,,,,,,,,,,,,,,,,,,,,,,,,,,,,,,,,,,,,,,,,,,,,,,,,,,,,,,,,,,,,,,,,,,,,,,,Red Rolfe,red,rolfe,rolfere01,1175,4827,942,1394,257,67,69,497,44,20,526,335,0,10,42,0,14,5405,0.28879221,0.357076781,0.412678682
530,Gil McDougald,0,0,10,0,40.9,5398,,R,,,,,,,,,,,,,,,,,,,,,,,,,,,,,,,,,,,,,,,,,,,,,,,,,,,,,,,,,,,,,,,,,,,,,,,,,,,,,,Gil McDougald,gil,mcdougald,mcdougi01,1336,4676,697,1291,187,51,112,576,45,44,559,623,8,36,97,27,93,5395,0.276090676,0.349582947,0.409751925
571,Jesse Barfield,0,0,12,0,39.4,5394,,R,,,,,,,,,,,,,,,,,,,,,,,,,,,,,,,,,,,,,,,,,,,,,,,,,,,,,,,,,,,,,,,,,,,,,,,,,,,,,,Jesse Barfield,jesse,barfield,barfije01,1428,4759,715,1219,216,30,241,716,66,47,551,1234,49,34,16,34,100,5394,0.256146249,0.33444568,0.466064299
843,Jacoby Ellsbury,0,0,11,0,31,5375,,L,,,,,,,,,,,,,,,,,,,,,,,,,,,,,,,,,,,,,,,,,,,,,,,,,,,,,,,,,,,,,,,,,,,,,,,,,,,,,,Jacoby Ellsbury,jacoby,ellsbury,ellsbja01,1235,4846,749,1376,241,47,104,512,343,71,399,737,19,46,21,32,82,5344,0.283945522,0.340755988,0.417457697
665,Don Buford,0,0,10,0,36.2,5347,,B,,,,,,,,,,,,,,,,,,,,,,,,,,,,,,,,,,,,,,,,,,,,,,,,,,,,,,,,,,,,,,,,,,,,,,,,,,,,,,Don Buford,don,buford,bufordo01,1286,4553,718,1203,157,44,93,418,200,105,672,575,57,41,47,34,34,5347,0.264221392,0.358331775,0.379310345
405,Carlos Correa,0,0,11,1,45.7,5344,,R,,,,,,,,,,,,,,,,,,,,,,,,,,,,,,,,,,,,,,,,,,,,,,,,,,,,,,,,,,,,,,,,,,,,,,,,,,,,,,Carlos Correa,carlos,correa,correca01,1253,4716,686,1298,264,13,200,724,33,9,552,1086,28,30,0,45,151,5343,0.275233249,0.35186225,0.463952502
960,Bobby Ávila,0,0,11,0,28.5,5344,,R,,,,,,,,,,,,,,,,,,,,,,,,,,,,,,,,,,,,,,,,,,,,,,,,,,,,,,,,,,,,,,,,,,,,,,,,,,,,,,Bobby Ávila,bobby,vila,vilaxbo01,,,,,,,,,,,,,,,,,,,,,
470,Alex Bregman,0,0,10,1,43.1,5327,,R,,,,,,,,,,,,,,,,,,,,,,,,,,,,,,,,,,,,,,,,,,,,,,,,,,,,,,,,,,,,,,,,,,,,,,,,,,,,,,Alex Bregman,alex,bregman,bregmal01,1225,4590,758,1250,293,18,209,725,43,15,627,716,17,67,1,42,120,5327,0.272331155,0.364933358,0.480610022
545,Pete Browning,0,0,13,0,40.4,5315,0.1,R,,,,,,,,,,,,,,,,,,,,,,,,,,,,,,,,,,,,,,,,,,,,,,,,,,,,,,,,,,,,,,,,,,,,,,,,,,,,,,Pete Browning,pete,browning,brownpe01,1183,4820,954,1646,295,85,46,659,258,0,466,245,0,29,0,0,0,5315,0.341493776,0.402822201,0.46659751
951,Henry Larkin,0,0,10,0,28.7,5303,,R,,,,,,,,,,,,,,,,,,,,,,,,,,,,,,,,,,,,,,,,,,,,,,,,,,,,,,,,,,,,,,,,,,,,,,,,,,,,,,Henry Larkin,henry,larkin,larkihe01,1184,4718,925,1429,259,114,53,836,129,0,484,182,0,101,0,0,0,5303,0.302882577,0.379785027,0.439805002
767,Kid Elberfeld,0,0,14,0,33.3,5295,,R,,,,,,,,,,,,,,,,,,,,,,,,,,,,,,,,,,,,,,,,,,,,,,,,,,,,,,,,,,,,,,,,,,,,,,,,,,,,,,Kid Elberfeld,kid,elberfeld,elberki01,1292,4561,647,1235,169,56,10,535,213,0,427,166,0,165,119,0,0,5272,0.270773953,0.3465478,0.338960754
489,Lenny Dykstra,0,0,12,0,42.4,5282,,L,,,,,,,,,,,,,,,,,,,,,,,,,,,,,,,,,,,,,,,,,,,,,,,,,,,,,,,,,,,,,,,,,,,,,,,,,,,,,,Lenny Dykstra,lenny,dykstra,dykstle01,1278,4559,802,1298,281,43,81,404,285,72,640,503,50,31,25,27,39,5282,0.28471156,0.372775464,0.418512832
964,Dansby Swanson,0,0,10,1,28.4,5263,,R,,,,,,,,,,,,,,,,,,,,,,,,,,,,,,,,,,,,,,,,,,,,,,,,,,,,,,,,,,,,,,,,,,,,,,,,,,,,,,Dansby Swanson,dansby,swanson,swansda01,1282,4732,680,1186,237,21,164,634,106,29,457,1286,39,28,10,36,65,5263,0.250633981,0.317499525,0.413567202
667,Art Devlin,0,0,10,0,36.1,5253,,R,,,,,,,,,,,,,,,,,,,,,,,,,,,,,,,,,,,,,,,,,,,,,,,,,,,,,,,,,,,,,,,,,,,,,,,,,,,,,,Art Devlin,art,devlin,devliar01,1313,4412,603,1185,164,57,10,505,285,0,576,345,0,84,169,0,0,5241,0.268585675,0.352032055,0.338395286
771,Dwayne Murphy,0,0,12,0,33.2,5242,,L,,,,,,,,,,,,,,,,,,,,,,,,,,,,,,,,,,,,,,,,,,,,,,,,,,,,,,,,,,,,,,,,,,,,,,,,,,,,,,Dwayne Murphy,dwayne,murphy,murphdw01,1360,4347,648,1069,139,20,166,609,100,61,747,953,39,19,84,45,92,5242,0.245916724,0.35005723,0.401656315
750,Robbie Thompson,0,0,11,0,33.9,5235,,R,,,,,,,,,,,,,,,,,,,,,,,,,,,,,,,,,,,,,,,,,,,,,,,,,,,,,,,,,,,,,,,,,,,,,,,,,,,,,,Robbie Thompson,robbie,thompson,thompro01,1304,4612,671,1187,238,39,119,458,103,62,439,987,8,66,99,19,72,5235,0.257372073,0.323209169,0.40329575
564,Matt Olson,0,0,10,1,39.7,5197,,L,,,,,,,,,,,,,,,,,,,,,,,,,,,,,,,,,,,,,,,,,,,,,,,,,,,,,,,,,,,,,,,,,,,,,,,,,,,,,,Matt Olson,matt,olson,olsonma01,133,457,67,110,15,6,0,30,1,5,70,30,0,0,14,0,0,541,0.240700219,0.33271719,0.299781182
834,Shane Victorino,0,0,12,0,31.4,5164,,R,,,,,,,,,,,,,,,,,,,,,,,,,,,,,,,,,,,,,,,,,,,,,,,,,,,,,,,,,,,,,,,,,,,,,,,,,,,,,,Shane Victorino,shane,victorino,victosh01,1299,4630,731,1274,231,70,108,489,231,46,381,626,12,81,52,20,60,5164,0.275161987,0.336173509,0.425269978
787,Riggs Stephenson,0,0,14,0,32.7,5136,,R,,,,,,,,,,,,,,,,,,,,,,,,,,,,,,,,,,,,,,,,,,,,,,,,,,,,,,,,,,,,,,,,,,,,,,,,,,,,,,Riggs Stephenson,riggs,stephenson,stephri01,1310,4508,714,1515,321,54,63,773,53,9,494,247,0,41,91,0,14,5134,0.33606921,0.399298792,0.473158829
680,Ketel Marte,0,0,11,1,35.6,5092,,B,,,,,,,,,,,,,,,,,,,,,,,,,,,,,,,,,,,,,,,,,,,,,,,,,,,,,,,,,,,,,,,,,,,,,,,,,,,,,,Ketel Marte,ketel,marte,marteke01,1230,4534,688,1273,270,43,171,587,65,19,471,809,29,41,6,40,92,5092,0.280767534,0.350549882,0.472430525
916,Charlie Zimmer,0,0,19,0,29.4,5078,,R,,,,,,,,,,,,,,,,,,,,,,,,,,,,,,,,,,,,,,,,,,,,,,,,,,,,,,,,,,,,,,,,,,,,,,,,,,,,,,Charlie Zimmer,charlie,zimmer,zimmech01,1280,4546,617,1225,222,76,26,625,151,0,390,511,0,91,51,0,0,5078,0.269467664,0.335959039,0.368895733
685,Denny Lyons,0,0,13,0,35.5,5029,,R,,,,,,,,,,,,,,,,,,,,,,,,,,,,,,,,,,,,,,,,,,,,,,,,,,,,,,,,,,,,,,,,,,,,,,,,,,,,,,Denny Lyons,denny,lyons,lyonsde01,1123,4300,933,1334,244,69,62,756,224,0,623,280,0,82,24,0,0,5029,0.310232558,0.405448399,0.442325581
735,Anthony Rendon,0,0,12,1,34.2,5022,,R,,,,,,,,,,,,,,,,,,,,,,,,,,,,,,,,,,,,,,,,,,,,,,,,,,,,,,,,,,,,,,,,,,,,,,,,,,,,,,Anthony Rendon,anthony,rendon,rendoan01,1173,4350,683,1218,295,16,158,671,55,17,547,779,30,64,4,57,94,5022,0.28,0.364197531,0.464137931
768,Smoky Burgess,0,0,18,0,33.3,5014,,L,,,,,,,,,,,,,,,,,,,,,,,,,,,,,,,,,,,,,,,,,,,,,,,,,,,,,,,,,,,,,,,,,,,,,,,,,,,,,,Smoky Burgess,smoky,burgess,burgesm01,1691,4471,485,1318,230,33,126,673,13,14,477,270,80,13,13,39,121,5013,0.294788638,0.360662278,0.445537911
168,Aaron Judge,0,0,10,1,62.3,5002,,R,,,,,,,,,,,,,,,,,,,,,,,,,,,,,,,,,,,,,,,,,,,,,,,,,,,,,,,,,,,,,,,,,,,,,,,,,,,,,,Aaron Judge,aaron,judge,judgeaa01,1145,4105,873,1205,203,7,368,830,65,21,817,1369,104,40,0,33,116,4995,0.293544458,0.412812813,0.615347138
474,Corey Seager,0,0,11,1,43,4887,,L,,,,,,,,,,,,,,,,,,,,,,,,,,,,,,,,,,,,,,,,,,,,,,,,,,,,,,,,,,,,,,,,,,,,,,,,,,,,,,Corey Seager,corey,seager,seageco01,1131,4344,702,1254,270,13,221,667,21,8,473,875,54,40,0,30,98,4887,0.288674033,0.361571516,0.509438306
688,Dave Fouts,0,0,13,0,35.4,4859,1997.1,R,,,,,,,,,,,,,,,,,,,,,,,,,,,,,,,,,,,,,,,,,,,,,,,,,,,,,,,,,,,,,,,,,,,,,,,,,,,,,,Dave Fouts,dave,fouts,foutsda01,,,,,,,,,,,,,,,,,,,,,
659,Andrelton Simmons,0,0,11,0,36.5,4816,1,R,,,,,,,,,,,,,,,,,,,,,,,,,,,,,,,,,,,,,,,,,,,,,,,,,,,,,,,,,,,,,,,,,,,,,,,,,,,,,,Andrelton Simmons,andrelton,simmons,simmoan01,1226,4441,501,1169,201,23,70,444,72,24,304,461,15,26,16,29,163,4816,0.263229002,0.311254153,0.366133754
973,Sixto Lezcano,0,0,12,0,28.3,4814,,R,,,,,,,,,,,,,,,,,,,,,,,,,,,,,,,,,,,,,,,,,,,,,,,,,,,,,,,,,,,,,,,,,,,,,,,,,,,,,,Sixto Lezcano,sixto,lezcano,lezcasi01,1291,4134,560,1122,184,34,148,591,37,31,576,768,37,19,39,46,96,4814,0.271407837,0.356668052,0.439767779
482,Juan Soto,0,0,8,1,42.6,4803,,L,,,,,,,,,,,,,,,,,,,,,,,,,,,,,,,,,,,,,,,,,,,,,,,,,,,,,,,,,,,,,,,,,,,,,,,,,,,,,,Juan Soto,juan,soto,sotoxju01,,,,,,,,,,,,,,,,,,,,,
804,Roy Cullenbine,0,0,10,0,32.3,4787,,B,,,,,,,,,,,,,,,,,,,,,,,,,,,,,,,,,,,,,,,,,,,,,,,,,,,,,,,,,,,,,,,,,,,,,,,,,,,,,,Roy Cullenbine,roy,cullenbine,cullero01,1181,3879,627,1072,209,32,110,599,26,20,853,399,0,11,44,0,61,4787,0.276359887,0.404428661,0.431812323
508,Matt Chapman,0,0,9,1,41.8,4770,,R,,,,,,,,,,,,,,,,,,,,,,,,,,,,,,,,,,,,,,,,,,,,,,,,,,,,,,,,,,,,,,,,,,,,,,,,,,,,,,Matt Chapman,matt,chapman,chapmma01,1150,4167,661,1001,253,23,203,565,35,18,516,1260,6,57,0,30,72,4770,0.240220782,0.329979036,0.45812335
864,Cody Bellinger,0,0,9,1,30.5,4765,,L,,,,,,,,,,,,,,,,,,,,,,,,,,,,,,,,,,,,,,,,,,,,,,,,,,,,,,,,,,,,,,,,,,,,,,,,,,,,,,Cody Bellinger,cody,bellinger,bellico01,1157,4230,690,1102,211,28,225,695,104,24,469,957,58,20,0,45,60,4764,0.260520095,0.333963056,0.48321513
615,Lorenzo Cain,0,0,13,0,38.2,4758,,R,,,,,,,,,,,,,,,,,,,,,,,,,,,,,,,,,,,,,,,,,,,,,,,,,,,,,,,,,,,,,,,,,,,,,,,,,,,,,,Lorenzo Cain,lorenzo,cain,cainxlo01,,,,,,,,,,,,,,,,,,,,,
922,Kevin Mitchell,0,0,13,0,29.2,4696,,R,,,,,,,,,,,,,,,,,,,,,,,,,,,,,,,,,,,,,,,,,,,,,,,,,,,,,,,,,,,,,,,,,,,,,,,,,,,,,,Kevin Mitchell,kevin,mitchell,mitchke01,1223,4134,630,1173,224,25,234,760,30,31,491,719,87,27,2,42,89,4696,0.283744557,0.360093697,0.51983551
778,Gavy Cravath,0,0,11,0,32.9,4663,,R,,,,,,,,,,,,,,,,,,,,,,,,,,,,,,,,,,,,,,,,,,,,,,,,,,,,,,,,,,,,,,,,,,,,,,,,,,,,,,Gavy Cravath,gavy,cravath,cravaga01,1220,3951,575,1134,232,83,119,719,89,9,561,578,0,28,105,0,0,4645,0.287015945,0.370936491,0.478106808
930,Johnny Kling,0,0,13,0,29.1,4655,,R,,,,,,,,,,,,,,,,,,,,,,,,,,,,,,,,,,,,,,,,,,,,,,,,,,,,,,,,,,,,,,,,,,,,,,,,,,,,,,Johnny Kling,johnny,kling,klingjo01,1261,4246,475,1154,181,61,20,515,124,0,281,327,0,12,106,0,0,4645,0.27178521,0.311517761,0.357277438
965,Jack Rowe,0,0,12,0,28.4,4626,,L,,,,,,,,,,,,,,,,,,,,,,,,,,,,,,,,,,,,,,,,,,,,,,,,,,,,,,,,,,,,,,,,,,,,,,,,,,,,,,Jack Rowe,jack,rowe,rowexja01,,,,,,,,,,,,,,,,,,,,,
919,Ray Chapman,0,0,9,0,29.3,4608,,R,,,,,,,,,,,,,,,,,,,,,,,,,,,,,,,,,,,,,,,,,,,,,,,,,,,,,,,,,,,,,,,,,,,,,,,,,,,,,,Ray Chapman,ray,chapman,chapmra01,1051,3785,671,1053,162,81,17,364,233,52,452,427,0,19,334,0,0,4590,0.278203435,0.332026144,0.377278732
461,Charlie Keller,0,0,13,0,43.6,4604,,L,,,,,,,,,,,,,,,,,,,,,,,,,,,,,,,,,,,,,,,,,,,,,,,,,,,,,,,,,,,,,,,,,,,,,,,,,,,,,,Charlie Keller,charlie,keller,kellech01,1170,3790,725,1085,166,72,189,760,45,23,784,499,0,10,20,0,50,4604,0.286279683,0.408123371,0.5176781
920,Tom Haller,0,0,12,0,29.3,4520,,L,,,,,,,,,,,,,,,,,,,,,,,,,,,,,,,,,,,,,,,,,,,,,,,,,,,,,,,,,,,,,,,,,,,,,,,,,,,,,,Tom Haller,tom,haller,halleto01,1294,3935,461,1011,153,31,134,504,14,30,477,593,96,35,35,37,60,4519,0.256925032,0.337021465,0.413722999
795,John Valentin,0,0,11,0,32.5,4511,,R,,,,,,,,,,,,,,,,,,,,,,,,,,,,,,,,,,,,,,,,,,,,,,,,,,,,,,,,,,,,,,,,,,,,,,,,,,,,,,John Valentin,john,valentin,valenjo01,16,60,9,17,4,0,0,0,0,0,2,0,0,0,0,0,0,62,0.283333333,0.306451613,0.35
705,Trevor Story,0,0,10,1,34.9,4460,,R,,,,,,,,,,,,,,,,,,,,,,,,,,,,,,,,,,,,,,,,,,,,,,,,,,,,,,,,,,,,,,,,,,,,,,,,,,,,,,Trevor Story,trevor,story,storytr01,1065,4043,627,1070,247,27,204,636,160,37,351,1251,19,44,3,19,60,4460,0.264654959,0.328475336,0.490477368
800,Kevin Youkilis,0,0,10,0,32.4,4436,,R,,,,,,,,,,,,,,,,,,,,,,,,,,,,,,,,,,,,,,,,,,,,,,,,,,,,,,,,,,,,,,,,,,,,,,,,,,,,,,Kevin Youkilis,kevin,youkilis,youkike01,,,,,,,,,,,,,,,,,,,,,
805,Al Rosen,0,0,10,0,32.3,4374,,R,,,,,,,,,,,,,,,,,,,,,,,,,,,,,,,,,,,,,,,,,,,,,,,,,,,,,,,,,,,,,,,,,,,,,,,,,,,,,,Al Rosen,al,rosen,rosenal01,1044,3725,603,1063,165,20,192,717,39,33,587,385,9,27,9,26,121,4374,0.285369128,0.38340192,0.495033557
982,Josh Hamilton,0,0,9,0,28.1,4350,,L,,,,,,,,,,,,,,,,,,,,,,,,,,,,,,,,,,,,,,,,,,,,,,,,,,,,,,,,,,,,,,,,,,,,,,,,,,,,,,Josh Hamilton,josh,hamilton,hamiljo01,21,71,5,7,0,2,0,0,0,0,6,0,0,0,0,0,0,77,0.098591549,0.168831169,0.154929577
298,Shohei Ohtani,0,0,8,1,51.5,4329,528.2,L,,,,,,,,,,,,,,,,,,,,,,,,,,,,,,,,,,,,,,,,,,,,,,,,,,,,,,,,,,,,,,,,,,,,,,,,,,,,,,Shohei Ohtani,shohei,ohtani,ohtansh01,1033,3730,708,1050,192,45,280,669,165,43,541,1104,88,25,0,20,49,4316,0.28150134,0.37442076,0.58230563
587,Charlie Bennett,0,0,15,0,38.8,4310,,R,,,,,,,,,,,,,,,,,,,,,,,,,,,,,,,,,,,,,,,,,,,,,,,,,,,,,,,,,,,,,,,,,,,,,,,,,,,,,,Charlie Bennett,charlie,bennett,bennech01,1062,3821,549,978,203,67,55,533,42,0,478,572,0,11,0,0,0,4310,0.255953939,0.34037123,0.387333159
944,Mike Donlin,0,0,12,0,28.8,4294,16.1,L,,,,,,,,,,,,,,,,,,,,,,,,,,,,,,,,,,,,,,,,,,,,,,,,,,,,,,,,,,,,,,,,,,,,,,,,,,,,,,Mike Donlin,mike,donlin,donlimi01,1049,3854,669,1282,176,97,51,543,213,0,312,311,0,20,96,0,0,4282,0.332641412,0.37692667,0.468344577
923,Willson Contreras,0,0,10,1,29.2,4275,,R,,,,,,,,,,,,,,,,,,,,,,,,,,,,,,,,,,,,,,,,,,,,,,,,,,,,,,,,,,,,,,,,,,,,,,,,,,,,,,Willson Contreras,willson,contreras,contrwi01,1078,3700,526,954,208,11,172,548,37,22,419,1035,11,129,5,21,103,4274,0.257837838,0.351427234,0.459459459
644,Fred Dunlap,0,0,12,0,37,4264,2.2,R,,,,,,,,,,,,,,,,,,,,,,,,,,,,,,,,,,,,,,,,,,,,,,,,,,,,,,,,,,,,,,,,,,,,,,,,,,,,,,Fred Dunlap,fred,dunlap,dunlafr01,965,3974,759,1159,224,53,41,366,85,0,283,263,0,7,0,0,0,4264,0.291645697,0.339821764,0.405636638
852,Hank Thompson,0,0,12,0,30.7,4217,,L,,,,,,,,,,,,,,,,,,,,,,,,,,,,,,,,,,,,,,,,,,,,,,,,,,,,,,,,,,,,,,,,,,,,,,,,,,,,,,Hank Thompson,hank,thompson,thompha01,23,38,0,8,2,0,0,4,1,0,3,2,0,0,2,0,0,43,0.210526316,0.255813953,0.263157895
844,Bill Joyce,0,0,8,0,31,4163,,L,,,,,,,,,,,,,,,,,,,,,,,,,,,,,,,,,,,,,,,,,,,,,,,,,,,,,,,,,,,,,,,,,,,,,,,,,,,,,,Bill Joyce,bill,joyce,joycebi01,906,3310,822,971,153,106,70,609,266,0,721,380,0,108,24,0,0,4163,0.293353474,0.432380495,0.467069486
662,Kevin Kiermaier,0,0,12,0,36.3,4040,,L,,,,,,,,,,,,,,,,,,,,,,,,,,,,,,,,,,,,,,,,,,,,,,,,,,,,,,,,,,,,,,,,,,,,,,,,,,,,,,Kevin Kiermaier,kevin,kiermaier,kiermke01,1159,3682,499,905,170,60,95,378,132,39,277,908,12,41,22,18,51,4040,0.245790331,0.302722772,0.401955459
956,Ronald Acuña Jr.,0,0,8,1,28.6,3666,,R,,,,,,,,,,,,,,,,,,,,,,,,,,,,,,,,,,,,,,,,,,,,,,,,,,,,,,,,,,,,,,,,,,,,,,,,,,,,,,Ronald Acuña Jr.,ronald,jr,jrxxxro01,,,,,,,,,,,,,,,,,,,,,
932,Benny Kauff,0,0,8,0,29,3568,,L,,,,,,,,,,,,,,,,,,,,,,,,,,,,,,,,,,,,,,,,,,,,,,,,,,,,,,,,,,,,,,,,,,,,,,,,,,,,,,Benny Kauff,benny,kauff,kauffbe01,859,3094,521,961,169,57,49,454,234,33,367,313,0,28,75,0,0,3564,0.310601164,0.38047138,0.449579832
897,Byron Buxton,0,0,11,1,29.8,3417,,R,,,,,,,,,,,,,,,,,,,,,,,,,,,,,,,,,,,,,,,,,,,,,,,,,,,,,,,,,,,,,,,,,,,,,,,,,,,,,,Byron Buxton,byron,buxton,buxtoby01,898,3102,523,768,178,31,168,436,117,12,234,978,11,46,14,21,16,3417,0.247582205,0.306701785,0.487427466
634,Guy Hecker,0,0,9,0,37.3,3052,2924,R,,,,,,,,,,,,,,,,,,,,,,,,,,,,,,,,,,,,,,,,,,,,,,,,,,,,,,,,,,,,,,,,,,,,,,,,,,,,,,Guy Hecker,guy,hecker,heckegu01,705,2876,504,812,117,47,19,278,123,0,143,98,0,33,0,0,0,3052,0.282336579,0.323722149,0.375521558
254,Bobby Matthews,0,0,15,0,55.4,2559,4956,R,,,,,,,,,,,,,,,,,,,,,,,,,,,,,,,,,,,,,,,,,,,,,,,,,,,,,,,,,,,,,,,,,,,,,,,,,,,,,,Bobby Matthews,bobby,matthews,matthbo01,1,3,1,1,0,0,0,0,0,0,0,1,0,2,0,0,0,5,0.333333333,0.6,0.333333333
839,Adonis Terry,0,0,14,0,31.2,2555,3514.1,R,,,,,,,,,,,,,,,,,,,,,,,,,,,,,,,,,,,,,,,,,,,,,,,,,,,,,,,,,,,,,,,,,,,,,,,,,,,,,,Adonis Terry,adonis,terry,terryad01,667,2389,314,594,76,54,15,287,106,0,146,167,0,11,9,0,0,2555,0.248639598,0.293933464,0.344495605
239,Jim Whitney,0,0,10,0,56,2306,3496.1,R,,,,,,,,,,,,,,,,,,,,,,,,,,,,,,,,,,,,,,,,,,,,,,,,,,,,,,,,,,,,,,,,,,,,,,,,,,,,,,Jim Whitney,jim,whitney,whitnji01,550,2144,316,559,113,39,18,280,20,0,161,211,0,1,0,0,0,2306,0.260727612,0.312662619,0.375
546,Smoky Joe Wood,0,0,14,0,40.4,2282,1434.1,R,,,,,,,,,,,,,,,,,,,,,,,,,,,,,,,,,,,,,,,,,,,,,,,,,,,,,,,,,,,,,,,,,,,,,,,,,,,,,,Smoky Joe Wood,smoky,wood,woodxsm01,,,,,,,,,,,,,,,,,,,,,
621,Gus Weyhing,0,0,14,0,37.8,1980,4337,R,,,,,,,,,,,,,,,,,,,,,,,,,,,,,,,,,,,,,,,,,,,,,,,,,,,,,,,,,,,,,,,,,,,,,,,,,,,,,,Gus Weyhing,gus,weyhing,weyhigu01,554,1855,164,308,40,16,3,133,32,0,101,477,0,3,21,0,0,1980,0.166037736,0.208080808,0.209703504
302,Al Ortiz,0,0,15,0,51.3,1792,3354.2,L,,,,,,,,,,,,,,,,,,,,,,,,,,,,,,,,,,,,,,,,,,,,,,,,,,,,,,,,,,,,,,,,,,,,,,,,,,,,,,Al Ortiz,al,ortiz,ortizal01,,,,,,,,,,,,,,,,,,,,,
435,Red Lucas,0,0,16,0,44.7,1608,2542,L,,,,,,,,,,,,,,,,,,,,,,,,,,,,,,,,,,,,,,,,,,,,,,,,,,,,,,,,,,,,,,,,,,,,,,,,,,,,,,Red Lucas,red,lucas,lucasre01,907,1439,155,404,61,13,3,190,2,0,124,133,0,4,41,0,14,1608,0.280750521,0.330845771,0.347463516
743,Harry Howell,0,0,13,0,34.1,1519,2567.2,R,,,,,,,,,,,,,,,,,,,,,,,,,,,,,,,,,,,,,,,,,,,,,,,,,,,,,,,,,,,,,,,,,,,,,,,,,,,,,,Harry Howell,harry,howell,howelha01,458,1394,143,302,60,25,11,131,19,0,64,322,0,12,40,0,0,1510,0.216642755,0.250331126,0.319225251
246,George Uhle,0,0,17,0,55.7,1514,3119.2,R,,,,,,,,,,,,,,,,,,,,,,,,,,,,,,,,,,,,,,,,,,,,,,,,,,,,,,,,,,,,,,,,,,,,,,,,,,,,,,George Uhle,george,uhle,uhlexge01,,,,,,,,,,,,,,,,,,,,,
483,Sad Sam Jones,0,0,22,0,42.6,1495,3883,R,,,,,,,,,,,,,,,,,,,,,,,,,,,,,,,,,,,,,,,,,,,,,,,,,,,,,,,,,,,,,,,,,,,,,,,,,,,,,,Sad Sam Jones,sad,jones,jonessa01,713,1243,151,245,44,5,6,99,7,4,139,346,0,22,85,0,0,1489,0.197103781,0.272666219,0.255028158
645,Earl Whitehill,0,0,17,0,36.9,1451,3564.2,L,,,,,,,,,,,,,,,,,,,,,,,,,,,,,,,,,,,,,,,,,,,,,,,,,,,,,,,,,,,,,,,,,,,,,,,,,,,,,,Earl Whitehill,earl,whitehill,whiteea01,548,1291,107,264,23,7,4,98,3,0,97,216,0,1,57,0,1,1446,0.204492641,0.250345781,0.242447715
432,Bill Donovan,0,0,18,0,44.8,1449,2964.2,B,,,,,,,,,,,,,,,,,,,,,,,,,,,,,,,,,,,,,,,,,,,,,,,,,,,,,,,,,,,,,,,,,,,,,,,,,,,,,,Bill Donovan,bill,donovan,donovbi01,459,1302,142,251,30,11,7,95,36,0,77,342,0,6,55,0,0,1440,0.192780338,0.231944444,0.248847926
362,Bobo Newsom,0,0,20,0,47.8,1442,3759.1,R,,,,,,,,,,,,,,,,,,,,,,,,,,,,,,,,,,,,,,,,,,,,,,,,,,,,,,,,,,,,,,,,,,,,,,,,,,,,,,Bobo Newsom,bobo,newsom,newsobo01,609,1337,86,253,28,3,1,102,1,1,17,266,0,1,86,0,30,1441,0.189229619,0.188063845,0.216903515
583,Bill Hutchison,0,0,9,0,38.9,1425,3079.1,R,,,,,,,,,,,,,,,,,,,,,,,,,,,,,,,,,,,,,,,,,,,,,,,,,,,,,,,,,,,,,,,,,,,,,,,,,,,,,,Bill Hutchison,bill,hutchison,hutchbi01,384,1350,150,291,35,17,12,133,26,0,72,291,0,1,2,0,0,1425,0.215555556,0.255438596,0.293333333
668,Paul Derringer,0,0,15,0,36.1,1357,3645,R,,,,,,,,,,,,,,,,,,,,,,,,,,,,,,,,,,,,,,,,,,,,,,,,,,,,,,,,,,,,,,,,,,,,,,,,,,,,,,Paul Derringer,paul,derringer,derripa01,579,1260,70,220,30,3,2,102,0,0,16,219,0,2,77,0,27,1355,0.174603175,0.175645756,0.207936508
195,Wes Ferrell,0,0,15,0,60.1,1345,2623,R,,,,,,,,,,,,,,,,,,,,,,,,,,,,,,,,,,,,,,,,,,,,,,,,,,,,,,,,,,,,,,,,,,,,,,,,,,,,,,Wes Ferrell,wes,ferrell,ferrewe01,548,1176,175,329,57,12,38,208,2,0,129,185,0,0,40,0,0,1345,0.279761905,0.340520446,0.445578231
698,Brickyard Kennedy,0,0,12,0,35,1342,3030,R,,,,,,,,,,,,,,,,,,,,,,,,,,,,,,,,,,,,,,,,,,,,,,,,,,,,,,,,,,,,,,,,,,,,,,,,,,,,,,Brickyard Kennedy,brickyard,kennedy,kennebr01,414,1279,151,334,51,21,1,148,13,0,43,95,0,1,19,0,0,1342,0.261141517,0.281669151,0.336200156
524,Frank Dwyer,0,0,12,0,41.1,1339,2819,R,,,,,,,,,,,,,,,,,,,,,,,,,,,,,,,,,,,,,,,,,,,,,,,,,,,,,,,,,,,,,,,,,,,,,,,,,,,,,,Frank Dwyer,frank,dwyer,dwyerfr01,394,1252,178,287,28,21,5,136,16,0,70,88,0,5,12,0,0,1339,0.229233227,0.270351008,0.297124601
534,Hooks Dauss,0,0,15,0,40.8,1324,3390.2,R,,,,,,,,,,,,,,,,,,,,,,,,,,,,,,,,,,,,,,,,,,,,,,,,,,,,,,,,,,,,,,,,,,,,,,,,,,,,,,Hooks Dauss,hooks,dauss,daussho01,540,1124,107,212,41,14,6,107,3,1,141,289,0,8,45,0,0,1318,0.1886121,0.273899848,0.266014235
649,Bullet Joe Bush,0,0,17,0,36.8,1324,3085.1,R,,,,,,,,,,,,,,,,,,,,,,,,,,,,,,,,,,,,,,,,,,,,,,,,,,,,,,,,,,,,,,,,,,,,,,,,,,,,,,Bullet Joe Bush,bullet,bush,bushxbu01,,,,,,,,,,,,,,,,,,,,,
446,Mel Harder,0,0,20,0,44.3,1315,3426.1,R,,,,,,,,,,,,,,,,,,,,,,,,,,,,,,,,,,,,,,,,,,,,,,,,,,,,,,,,,,,,,,,,,,,,,,,,,,,,,,Mel Harder,mel,harder,hardeme01,584,1203,89,199,38,5,4,93,2,0,39,369,0,3,69,0,11,1314,0.165419784,0.183409437,0.215295096
561,Pink Hawley,0,0,10,0,39.8,1307,3012.2,L,,,,,,,,,,,,,,,,,,,,,,,,,,,,,,,,,,,,,,,,,,,,,,,,,,,,,,,,,,,,,,,,,,,,,,,,,,,,,,Pink Hawley,pink,hawley,hawlepi01,399,1230,130,297,51,20,11,163,7,0,41,140,0,12,24,0,0,1307,0.241463415,0.267788829,0.342276423
108,Rick Reuschel,0,0,19,0,69.5,1304,3548.1,R,,,,,,,,,,,,,,,,,,,,,,,,,,,,,,,,,,,,,,,,,,,,,,,,,,,,,,,,,,,,,,,,,,,,,,,,,,,,,,Rick Reuschel,rick,reuschel,reuscri01,579,1115,82,187,35,4,4,79,3,5,46,317,0,3,135,5,11,1304,0.167713004,0.180981595,0.217040359
531,Bob Friend,0,0,16,0,40.9,1299,3611,R,,,,,,,,,,,,,,,,,,,,,,,,,,,,,,,,,,,,,,,,,,,,,,,,,,,,,,,,,,,,,,,,,,,,,,,,,,,,,,Bob Friend,bob,friend,frienbo01,602,1137,56,138,16,2,2,60,0,0,38,375,0,0,120,2,14,1297,0.121372032,0.135697764,0.144239226
572,Bill Dinneen,0,0,12,0,39.4,1281,3074.2,L,,,,,,,,,,,,,,,,,,,,,,,,,,,,,,,,,,,,,,,,,,,,,,,,,,,,,,,,,,,,,,,,,,,,,,,,,,,,,,Bill Dinneen,bill,dinneen,dinnebi01,417,1143,99,219,18,5,1,60,29,0,80,221,0,12,36,0,0,1271,0.19160105,0.244689221,0.21872266
660,Ray Caldwell,0,0,12,0,36.5,1270,2242,L,,,,,,,,,,,,,,,,,,,,,,,,,,,,,,,,,,,,,,,,,,,,,,,,,,,,,,,,,,,,,,,,,,,,,,,,,,,,,,Ray Caldwell,ray,caldwell,caldwra01,13,33,3,8,0,0,0,3,0,0,1,3,0,0,0,0,0,34,0.242424242,0.264705882,0.242424242
674,Freddie Fitzsimmons,0,0,19,0,35.9,1264,3223.2,R,,,,,,,,,,,,,,,,,,,,,,,,,,,,,,,,,,,,,,,,,,,,,,,,,,,,,,,,,,,,,,,,,,,,,,,,,,,,,,Freddie Fitzsimmons,freddie,fitzsimmons,fitzsfr01,513,1155,112,231,35,7,14,103,0,0,36,177,0,13,58,0,15,1262,0.2,0.221870048,0.278787879
465,Curt Simmons,0,0,20,0,43.3,1257,3348.1,L,,,,,,,,,,,,,,,,,,,,,,,,,,,,,,,,,,,,,,,,,,,,,,,,,,,,,,,,,,,,,,,,,,,,,,,,,,,,,,Curt Simmons,curt,simmons,simmocu01,609,1135,93,194,19,3,1,76,2,1,59,283,0,2,57,3,16,1256,0.17092511,0.203025478,0.195594714
555,Tom Zachary,0,0,19,0,40,1236,3126.1,L,,,,,,,,,,,,,,,,,,,,,,,,,,,,,,,,,,,,,,,,,,,,,,,,,,,,,,,,,,,,,,,,,,,,,,,,,,,,,,Tom Zachary,tom,zachary,zachato01,546,1122,79,254,28,12,6,112,0,1,62,261,0,2,46,0,7,1232,0.226381462,0.258116883,0.288770053
205,Eddie Cicotte,0,0,14,0,59,1232,3226,B,,,,,,,,,,,,,,,,,,,,,,,,,,,,,,,,,,,,,,,,,,,,,,,,,,,,,,,,,,,,,,,,,,,,,,,,,,,,,,Eddie Cicotte,eddie,cicotte,cicoted01,504,1062,97,198,24,3,0,58,6,0,88,212,0,3,67,0,0,1220,0.186440678,0.236885246,0.214689266
523,Claude Osteen,0,0,18,0,41.2,1220,3460.2,L,,,,,,,,,,,,,,,,,,,,,,,,,,,,,,,,,,,,,,,,,,,,,,,,,,,,,,,,,,,,,,,,,,,,,,,,,,,,,,Claude Osteen,claude,osteen,osteecl01,588,1099,90,207,31,6,8,76,2,1,40,291,0,3,69,9,18,1220,0.188353048,0.204918033,0.249317561
906,Dick McBride,0,0,6,0,29.6,1209,2082,,,,,,,,,,,,,,,,,,,,,,,,,,,,,,,,,,,,,,,,,,,,,,,,,,,,,,,,,,,,,,,,,,,,,,,,,,,,,,,Dick McBride,dick,mcbride,mcbridi01,240,1192,208,309,32,2,0,177,10,2,17,14,0,0,0,0,12,1209,0.259228188,0.269644334,0.28942953
779,Jim Devlin,0,0,5,0,32.9,1202,1405,R,,,,,,,,,,,,,,,,,,,,,,,,,,,,,,,,,,,,,,,,,,,,,,,,,,,,,,,,,,,,,,,,,,,,,,,,,,,,,,Jim Devlin,jim,devlin,devliji01,266,1186,180,340,46,14,1,131,8,2,16,55,0,0,0,0,3,1202,0.286677909,0.296173045,0.351602024
974,Lee Meadows,0,0,15,0,28.3,1201,3160.2,L,,,,,,,,,,,,,,,,,,,,,,,,,,,,,,,,,,,,,,,,,,,,,,,,,,,,,,,,,,,,,,,,,,,,,,,,,,,,,,Lee Meadows,lee,meadows,meadole01,498,1117,80,201,21,10,5,75,0,1,34,272,0,6,43,0,0,1200,0.179946285,0.200833333,0.230080573
695,Jerry Reuss,0,0,22,0,35.1,1195,3669.2,L,,,,,,,,,,,,,,,,,,,,,,,,,,,,,,,,,,,,,,,,,,,,,,,,,,,,,,,,,,,,,,,,,,,,,,,,,,,,,,Jerry Reuss,jerry,reuss,reussje01,631,1024,71,171,24,1,1,58,1,0,69,433,0,1,99,2,15,1195,0.166992188,0.20167364,0.1953125
292,Larry Jackson,0,0,14,0,52,1192,3262.2,R,,,,,,,,,,,,,,,,,,,,,,,,,,,,,,,,,,,,,,,,,,,,,,,,,,,,,,,,,,,,,,,,,,,,,,,,,,,,,,Larry Jackson,larry,jackson,jacksla01,599,1089,77,170,22,6,2,48,2,3,41,310,0,4,58,0,14,1192,0.15610652,0.180369128,0.192837466
628,Charlie Root,0,0,17,0,37.6,1192,3197.1,R,,,,,,,,,,,,,,,,,,,,,,,,,,,,,,,,,,,,,,,,,,,,,,,,,,,,,,,,,,,,,,,,,,,,,,,,,,,,,,Charlie Root,charlie,root,rootxch01,,,,,,,,,,,,,,,,,,,,,
535,Sadie McMahon,0,0,9,0,40.8,1191,2634,R,,,,,,,,,,,,,,,,,,,,,,,,,,,,,,,,,,,,,,,,,,,,,,,,,,,,,,,,,,,,,,,,,,,,,,,,,,,,,,Sadie McMahon,sadie,mcmahon,mcmahsa01,325,1128,126,230,21,9,3,115,17,0,45,118,0,9,9,0,0,1191,0.203900709,0.23845508,0.246453901
456,Milt Pappas,0,0,17,0,43.8,1176,3186,R,,,,,,,,,,,,,,,,,,,,,,,,,,,,,,,,,,,,,,,,,,,,,,,,,,,,,,,,,,,,,,,,,,,,,,,,,,,,,,Milt Pappas,milt,pappas,pappami01,527,1073,72,132,13,3,20,67,1,0,36,510,0,8,52,5,13,1174,0.123019571,0.149914821,0.196644921
691,Jack Taylor,0,0,10,0,35.3,1165,2626,R,,,,,,,,,,,,,,,,,,,,,,,,,,,,,,,,,,,,,,,,,,,,,,,,,,,,,,,,,,,,,,,,,,,,,,,,,,,,,,Jack Taylor,jack,taylor,tayloja01,288,931,100,234,46,8,5,137,9,0,44,101,0,4,19,0,0,998,0.251342642,0.28256513,0.334049409
902,Joe Niekro,0,0,22,0,29.7,1165,3584.1,R,,,,,,,,,,,,,,,,,,,,,,,,,,,,,,,,,,,,,,,,,,,,,,,,,,,,,,,,,,,,,,,,,,,,,,,,,,,,,,Joe Niekro,joe,niekro,niekrjo01,706,973,55,152,26,1,1,72,1,0,38,262,0,1,147,6,17,1165,0.156217883,0.163948498,0.188078109
606,Ed Morris,0,0,7,0,38.4,1157,2678,B,,,,,,,,,,,,,,,,,,,,,,,,,,,,,,,,,,,,,,,,,,,,,,,,,,,,,,,,,,,,,,,,,,,,,,,,,,,,,,Ed Morris,ed,morris,morried01,317,1113,100,179,18,16,1,63,10,0,37,90,0,7,0,0,0,1157,0.160826595,0.192739844,0.208445642
726,Frank Killen,0,0,10,0,34.4,1148,2511.1,L,,,,,,,,,,,,,,,,,,,,,,,,,,,,,,,,,,,,,,,,,,,,,,,,,,,,,,,,,,,,,,,,,,,,,,,,,,,,,,Frank Killen,frank,killen,killefr01,335,998,151,241,28,17,11,127,9,0,131,216,0,10,9,0,0,1148,0.241482966,0.332752613,0.336673347
699,Bump Hadley,0,0,16,0,35,1147,2945.2,R,,,,,,,,,,,,,,,,,,,,,,,,,,,,,,,,,,,,,,,,,,,,,,,,,,,,,,,,,,,,,,,,,,,,,,,,,,,,,,Bump Hadley,bump,hadley,hadlebu01,528,1004,84,190,29,4,0,75,3,1,88,187,0,1,53,0,5,1146,0.189243028,0.243455497,0.226095618
853,Ice Box Chamberlain,0,0,10,0,30.7,1146,2521.2,R,,,,,,,,,,,,,,,,,,,,,,,,,,,,,,,,,,,,,,,,,,,,,,,,,,,,,,,,,,,,,,,,,,,,,,,,,,,,,,Ice Box Chamberlain,ice,chamberlain,chambic01,,,,,,,,,,,,,,,,,,,,,
395,Murry Dickson,0,0,18,0,46.2,1143,3052.1,R,,,,,,,,,,,,,,,,,,,,,,,,,,,,,,,,,,,,,,,,,,,,,,,,,,,,,,,,,,,,,,,,,,,,,,,,,,,,,,Murry Dickson,murry,dickson,dicksmu01,638,1095,81,253,34,5,3,82,0,0,12,105,0,2,33,0,27,1142,0.231050228,0.23380035,0.279452055
376,Bob Shawkey,0,0,15,0,47.1,1136,2937,R,,,,,,,,,,,,,,,,,,,,,,,,,,,,,,,,,,,,,,,,,,,,,,,,,,,,,,,,,,,,,,,,,,,,,,,,,,,,,,Bob Shawkey,bob,shawkey,shawkbo01,488,1049,90,225,26,6,3,94,0,0,34,181,0,3,48,0,0,1134,0.21448999,0.231040564,0.259294566
957,Lew Burdette,0,0,18,0,28.6,1124,3067.1,R,,,,,,,,,,,,,,,,,,,,,,,,,,,,,,,,,,,,,,,,,,,,,,,,,,,,,,,,,,,,,,,,,,,,,,,,,,,,,,Lew Burdette,lew,burdette,burdele01,666,1011,101,185,27,4,12,75,2,0,32,271,0,12,63,6,14,1124,0.182987141,0.203736655,0.253214639
887,Liván Hernández,0,0,17,0,30,1113,3189,R,,,,,,,,,,,,,,,,,,,,,,,,,,,,,,,,,,,,,,,,,,,,,,,,,,,,,,,,,,,,,,,,,,,,,,,,,,,,,,Liván Hernández,livn,hernndez,hernnli01,,,,,,,,,,,,,,,,,,,,,
286,Babe Adams,0,0,19,0,52.6,1111,2995.1,L,,,,,,,,,,,,,,,,,,,,,,,,,,,,,,,,,,,,,,,,,,,,,,,,,,,,,,,,,,,,,,,,,,,,,,,,,,,,,,Babe Adams,babe,adams,adamsba01,482,1019,79,216,31,15,3,75,1,1,53,194,0,1,35,0,0,1108,0.211972522,0.24368231,0.280667321
835,Bill Lee,0,0,14,0,31.4,1099,2864,R,,,,,,,,,,,,,,,,,,,,,,,,,,,,,,,,,,,,,,,,,,,,,,,,,,,,,,,,,,,,,,,,,,,,,,,,,,,,,,Bill Lee,bill,lee,leexxbi01,,,,,,,,,,,,,,,,,,,,,
573,Howard Ehmke,0,0,15,0,39.4,1089,2820.2,R,,,,,,,,,,,,,,,,,,,,,,,,,,,,,,,,,,,,,,,,,,,,,,,,,,,,,,,,,,,,,,,,,,,,,,,,,,,,,,Howard Ehmke,howard,ehmke,ehmkeho01,429,1009,71,210,38,6,0,73,5,1,26,111,0,0,53,0,0,1088,0.208126858,0.216911765,0.257680872
403,Lon Warneke,0,0,15,0,45.8,1080,2782.1,R,,,,,,,,,,,,,,,,,,,,,,,,,,,,,,,,,,,,,,,,,,,,,,,,,,,,,,,,,,,,,,,,,,,,,,,,,,,,,,Lon Warneke,lon,warneke,warnelo01,459,962,87,215,26,2,4,97,1,0,52,148,0,4,62,0,31,1080,0.223492723,0.250925926,0.267151767
541,Sam Leever,0,0,13,0,40.5,1078,2660.2,R,,,,,,,,,,,,,,,,,,,,,,,,,,,,,,,,,,,,,,,,,,,,,,,,,,,,,,,,,,,,,,,,,,,,,,,,,,,,,,Sam Leever,sam,leever,leevesa01,389,993,90,183,17,14,2,78,4,0,49,138,0,7,25,0,0,1074,0.18429003,0.222532588,0.235649547
824,Charlie Ferguson,0,0,4,0,31.7,1078,1514.2,B,,,,,,,,,,,,,,,,,,,,,,,,,,,,,,,,,,,,,,,,,,,,,,,,,,,,,,,,,,,,,,,,,,,,,,,,,,,,,,Charlie Ferguson,charlie,ferguson,ferguch01,257,963,191,277,37,13,6,157,22,0,113,119,0,2,0,0,0,1078,0.287642783,0.363636364,0.371754933
924,Dutch Ruether,0,0,11,0,29.2,1074,2124.2,L,,,,,,,,,,,,,,,,,,,,,,,,,,,,,,,,,,,,,,,,,,,,,,,,,,,,,,,,,,,,,,,,,,,,,,,,,,,,,,Dutch Ruether,dutch,ruether,ruethdu01,488,969,83,250,30,12,7,111,3,1,77,129,0,2,22,0,0,1070,0.257997936,0.307476636,0.335397317
532,Camilo Pascual,0,0,18,0,40.9,1073,2930.2,R,,,,,,,,,,,,,,,,,,,,,,,,,,,,,,,,,,,,,,,,,,,,,,,,,,,,,,,,,,,,,,,,,,,,,,,,,,,,,,Camilo Pascual,camilo,pascual,pascuca01,2,4,0,1,0,0,0,0,0,0,0,0,0,0,1,0,0,5,0.25,0.2,0.25
841,Bill Sherdel,0,0,15,0,31.1,1071,2709.1,L,,,,,,,,,,,,,,,,,,,,,,,,,,,,,,,,,,,,,,,,,,,,,,,,,,,,,,,,,,,,,,,,,,,,,,,,,,,,,,Bill Sherdel,bill,sherdel,sherdbi01,549,960,96,214,35,5,9,86,2,1,63,96,0,1,44,0,0,1068,0.222916667,0.260299625,0.297916667
681,Deacon Phillippe,0,0,13,0,35.6,1070,2607,R,,,,,,,,,,,,,,,,,,,,,,,,,,,,,,,,,,,,,,,,,,,,,,,,,,,,,,,,,,,,,,,,,,,,,,,,,,,,,,Deacon Phillippe,deacon,phillippe,phillde01,377,980,96,185,23,6,3,90,4,0,49,148,0,11,24,0,0,1064,0.18877551,0.230263158,0.233673469
574,George Cuppy,0,0,10,0,39.4,1066,2283,R,,,,,,,,,,,,,,,,,,,,,,,,,,,,,,,,,,,,,,,,,,,,,,,,,,,,,,,,,,,,,,,,,,,,,,,,,,,,,,George Cuppy,george,cuppy,cuppyge01,,,,,,,,,,,,,,,,,,,,,
989,Reb Russell,0,0,9,0,28,1063,1291.2,L,,,,,,,,,,,,,,,,,,,,,,,,,,,,,,,,,,,,,,,,,,,,,,,,,,,,,,,,,,,,,,,,,,,,,,,,,,,,,,Reb Russell,reb,russell,russere01,420,976,142,262,48,25,22,172,9,3,42,130,0,15,29,0,0,1062,0.268442623,0.300376648,0.43647541
269,Jerry Koosman,0,0,19,0,53.7,1052,3839.1,R,,,,,,,,,,,,,,,,,,,,,,,,,,,,,,,,,,,,,,,,,,,,,,,,,,,,,,,,,,,,,,,,,,,,,,,,,,,,,,Jerry Koosman,jerry,koosman,koosmje01,612,915,36,109,12,1,2,46,1,0,33,418,0,2,100,2,19,1052,0.119125683,0.136882129,0.140983607
419,Claude Passeau,0,0,13,0,45.1,1051,2719.2,R,,,,,,,,,,,,,,,,,,,,,,,,,,,,,,,,,,,,,,,,,,,,,,,,,,,,,,,,,,,,,,,,,,,,,,,,,,,,,,Claude Passeau,claude,passeau,passecl01,447,982,84,189,29,3,15,80,2,0,26,294,0,1,41,0,13,1050,0.192464358,0.205714286,0.273930754
206,Urban Shocker,0,0,13,0,59,1050,2681.2,R,,,,,,,,,,,,,,,,,,,,,,,,,,,,,,,,,,,,,,,,,,,,,,,,,,,,,,,,,,,,,,,,,,,,,,,,,,,,,,Urban Shocker,urban,shocker,shockur01,412,798,89,167,23,3,1,70,1,3,139,211,0,11,98,0,0,1046,0.209273183,0.303059273,0.249373434
323,Dizzy Trout,0,0,15,0,49.9,1048,2725.2,R,,,,,,,,,,,,,,,,,,,,,,,,,,,,,,,,,,,,,,,,,,,,,,,,,,,,,,,,,,,,,,,,,,,,,,,,,,,,,,Dizzy Trout,dizzy,trout,troutdi01,535,961,99,205,28,7,20,110,7,2,59,226,0,1,26,0,18,1047,0.213319459,0.253104107,0.319458897
945,Art Nehf,0,0,15,0,28.8,1047,2707.2,L,,,,,,,,,,,,,,,,,,,,,,,,,,,,,,,,,,,,,,,,,,,,,,,,,,,,,,,,,,,,,,,,,,,,,,,,,,,,,,Art Nehf,art,nehf,nehfxar01,,,,,,,,,,,,,,,,,,,,,
436,Steve Rogers,0,0,13,0,44.7,1045,2837.2,R,,,,,,,,,,,,,,,,,,,,,,,,,,,,,,,,,,,,,,,,,,,,,,,,,,,,,,,,,,,,,,,,,,,,,,,,,,,,,,Steve Rogers,steve,rogers,rogerst01,406,881,47,122,8,2,0,39,1,2,61,268,0,1,101,1,10,1045,0.138479001,0.176076555,0.152099886
518,Fernando Valenzuela,0,0,17,0,41.4,1044,2930,L,,,,,,,,,,,,,,,,,,,,,,,,,,,,,,,,,,,,,,,,,,,,,,,,,,,,,,,,,,,,,,,,,,,,,,,,,,,,,,Fernando Valenzuela,fernando,valenzuela,valenfe01,474,936,56,187,26,1,10,84,0,2,8,145,0,0,93,6,12,1043,0.199786325,0.18696069,0.261752137
596,Don Newcombe,0,0,12,0,38.7,1033,2251.2,L,,,,,,,,,,,,,,,,,,,,,,,,,,,,,,,,,,,,,,,,,,,,,,,,,,,,,,,,,,,,,,,,,,,,,,,,,,,,,,Don Newcombe,don,newcombe,newcodo01,470,916,99,246,34,3,15,109,2,1,90,147,1,5,17,3,17,1031,0.268558952,0.330746848,0.361353712
727,Slim Sallee,0,0,14,0,34.4,1033,2821.2,R,,,,,,,,,,,,,,,,,,,,,,,,,,,,,,,,,,,,,,,,,,,,,,,,,,,,,,,,,,,,,,,,,,,,,,,,,,,,,,Slim Sallee,slim,sallee,sallesl01,476,924,57,158,12,4,2,52,2,0,46,233,0,3,58,0,0,1031,0.170995671,0.200775946,0.199134199
178,Tommy John,0,0,26,0,61.6,1030,4710.1,R,,,,,,,,,,,,,,,,,,,,,,,,,,,,,,,,,,,,,,,,,,,,,,,,,,,,,,,,,,,,,,,,,,,,,,,,,,,,,,Tommy John,tommy,john,johnxto01,,,,,,,,,,,,,,,,,,,,,
485,Schoolboy Rowe,0,0,15,0,42.5,1023,2219.1,R,,,,,,,,,,,,,,,,,,,,,,,,,,,,,,,,,,,,,,,,,,,,,,,,,,,,,,,,,,,,,,,,,,,,,,,,,,,,,,Schoolboy Rowe,schoolboy,rowe,rowexsc01,,,,,,,,,,,,,,,,,,,,,
356,Mickey Lolich,0,0,16,0,48,1017,3638.1,B,,,,,,,,,,,,,,,,,,,,,,,,,,,,,,,,,,,,,,,,,,,,,,,,,,,,,,,,,,,,,,,,,,,,,,,,,,,,,,Mickey Lolich,mickey,lolich,lolicmi01,592,821,63,90,5,2,0,31,1,1,105,362,0,5,85,1,20,1017,0.109622412,0.196656834,0.120584653
381,Hippo Vaughn,0,0,13,0,46.9,1017,2730,B,,,,,,,,,,,,,,,,,,,,,,,,,,,,,,,,,,,,,,,,,,,,,,,,,,,,,,,,,,,,,,,,,,,,,,,,,,,,,,Hippo Vaughn,hippo,vaughn,vaughhi01,392,921,81,159,25,6,3,61,12,2,68,285,0,3,23,0,0,1015,0.172638436,0.226600985,0.222584148
542,Virgil Trucks,0,0,17,0,40.5,1012,2682.1,R,,,,,,,,,,,,,,,,,,,,,,,,,,,,,,,,,,,,,,,,,,,,,,,,,,,,,,,,,,,,,,,,,,,,,,,,,,,,,,Virgil Trucks,virgil,trucks,truckvi01,517,949,63,171,23,1,2,70,1,1,9,153,0,2,46,3,31,1009,0.180189673,0.180376611,0.212855638
858,Willis Hudlin,0,0,16,0,30.6,1006,2613.1,R,,,,,,,,,,,,,,,,,,,,,,,,,,,,,,,,,,,,,,,,,,,,,,,,,,,,,,,,,,,,,,,,,,,,,,,,,,,,,,Willis Hudlin,willis,hudlin,hudliwi01,492,894,76,180,39,3,5,69,2,1,52,228,0,8,48,0,4,1002,0.201342282,0.239520958,0.268456376
650,Rube Walberg,0,0,15,0,36.8,1005,2644,L,,,,,,,,,,,,,,,,,,,,,,,,,,,,,,,,,,,,,,,,,,,,,,,,,,,,,,,,,,,,,,,,,,,,,,,,,,,,,,Rube Walberg,rube,walberg,walberu01,547,905,78,162,26,5,4,84,2,1,48,179,0,0,52,0,0,1005,0.179005525,0.208955224,0.232044199
801,Vern Law,0,0,16,0,32.4,1003,2672,R,,,,,,,,,,,,,,,,,,,,,,,,,,,,,,,,,,,,,,,,,,,,,,,,,,,,,,,,,,,,,,,,,,,,,,,,,,,,,,Vern Law,vern,law,lawxxve01,,,,,,,,,,,,,,,,,,,,,
811,Eddie Lopat,0,0,12,0,32.1,999,2439.1,L,,,,,,,,,,,,,,,,,,,,,,,,,,,,,,,,,,,,,,,,,,,,,,,,,,,,,,,,,,,,,,,,,,,,,,,,,,,,,,Eddie Lopat,eddie,lopat,lopated01,357,887,87,187,26,5,5,77,0,1,73,92,0,0,34,1,30,995,0.210822999,0.261306533,0.26832018
829,Claude Hendrix,0,0,10,0,31.6,991,2371.1,R,,,,,,,,,,,,,,,,,,,,,,,,,,,,,,,,,,,,,,,,,,,,,,,,,,,,,,,,,,,,,,,,,,,,,,,,,,,,,,Claude Hendrix,claude,hendrix,hendrcl01,421,922,118,222,39,17,14,97,9,0,39,168,0,4,25,0,0,990,0.240780911,0.267676768,0.365509761
686,Ed Reulbach,0,0,13,0,35.5,985,2632.1,R,,,,,,,,,,,,,,,,,,,,,,,,,,,,,,,,,,,,,,,,,,,,,,,,,,,,,,,,,,,,,,,,,,,,,,,,,,,,,,Ed Reulbach,ed,reulbach,reulbed01,401,862,52,127,16,6,1,52,3,0,59,304,0,2,58,0,0,981,0.147331787,0.191641182,0.183294664
515,Jim Perry,0,0,17,0,41.6,980,3285.2,B,,,,,,,,,,,,,,,,,,,,,,,,,,,,,,,,,,,,,,,,,,,,,,,,,,,,,,,,,,,,,,,,,,,,,,,,,,,,,,Jim Perry,jim,perry,perryji01,635,889,73,177,22,3,5,59,0,1,32,179,0,3,51,5,19,980,0.199100112,0.216326531,0.247469066
471,Ned Garver,0,0,14,0,43.1,962,2477.1,R,,,,,,,,,,,,,,,,,,,,,,,,,,,,,,,,,,,,,,,,,,,,,,,,,,,,,,,,,,,,,,,,,,,,,,,,,,,,,,Ned Garver,ned,garver,garvene01,458,827,87,180,27,3,7,72,1,1,76,109,0,1,53,5,24,962,0.217654172,0.267151767,0.282950423
907,Hal Schumacher,0,0,13,0,29.6,961,2482.1,R,,,,,,,,,,,,,,,,,,,,,,,,,,,,,,,,,,,,,,,,,,,,,,,,,,,,,,,,,,,,,,,,,,,,,,,,,,,,,,Hal Schumacher,hal,schumacher,schumha01,4,6,0,0,0,0,0,0,0,0,0,4,0,0,0,0,0,6,0,0,0
326,Eddie Rommel,0,0,13,0,49.8,960,2557,R,,,,,,,,,,,,,,,,,,,,,,,,,,,,,,,,,,,,,,,,,,,,,,,,,,,,,,,,,,,,,,,,,,,,,,,,,,,,,,Eddie Rommel,eddie,rommel,rommeed01,507,826,80,164,23,6,1,59,1,3,62,102,0,0,70,0,0,958,0.198547215,0.235908142,0.244552058
894,Bob Ewing,0,0,11,0,29.9,955,2301,R,,,,,,,,,,,,,,,,,,,,,,,,,,,,,,,,,,,,,,,,,,,,,,,,,,,,,,,,,,,,,,,,,,,,,,,,,,,,,,Bob Ewing,bob,ewing,ewingbo01,311,872,77,170,27,7,3,58,5,0,33,143,0,10,31,0,0,946,0.194954128,0.225158562,0.252293578
240,Orel Hershiser,0,0,18,0,56,949,3130.1,R,,,,,,,,,,,,,,,,,,,,,,,,,,,,,,,,,,,,,,,,,,,,,,,,,,,,,,,,,,,,,,,,,,,,,,,,,,,,,,Orel Hershiser,orel,hershiser,hershor01,521,810,65,163,29,2,0,50,8,3,27,182,0,5,101,6,7,949,0.201234568,0.205479452,0.241975309
599,Jeff Pfeffer,0,0,13,0,38.6,932,2407.1,R,,,,,,,,,,,,,,,,,,,,,,,,,,,,,,,,,,,,,,,,,,,,,,,,,,,,,,,,,,,,,,,,,,,,,,,,,,,,,,Jeff Pfeffer,jeff,pfeffer,pfeffje01,352,874,49,180,16,6,0,62,3,2,27,203,0,1,29,0,0,931,0.205949657,0.223415682,0.23798627
994,General Crowder,0,0,11,0,27.9,929,2344.1,L,,,,,,,,,,,,,,,,,,,,,,,,,,,,,,,,,,,,,,,,,,,,,,,,,,,,,,,,,,,,,,,,,,,,,,,,,,,,,,General Crowder,general,crowder,crowdge01,,,,,,,,,,,,,,,,,,,,,
682,Burt Hooton,0,0,15,0,35.6,913,2652,R,,,,,,,,,,,,,,,,,,,,,,,,,,,,,,,,,,,,,,,,,,,,,,,,,,,,,,,,,,,,,,,,,,,,,,,,,,,,,,Burt Hooton,burt,hooton,hootobu01,481,748,42,92,18,0,4,49,0,1,44,243,0,2,117,2,6,913,0.122994652,0.151150055,0.163101604
579,Curt Davis,0,0,13,0,39.2,904,2325,R,,,,,,,,,,,,,,,,,,,,,,,,,,,,,,,,,,,,,,,,,,,,,,,,,,,,,,,,,,,,,,,,,,,,,,,,,,,,,,Curt Davis,curt,davis,daviscu01,449,813,70,165,17,0,11,81,1,0,28,176,0,0,63,0,19,904,0.20295203,0.213495575,0.264452645
68,Curt Schillin,0,0,20,0,79.5,901,3261,R,,,,,,,,,,,,,,,,,,,,,,,,,,,,,,,,,,,,,,,,,,,,,,,,,,,,,,,,,,,,,,,,,,,,,,,,,,,,,,Curt Schillin,curt,schillin,schilcu01,571,773,39,117,13,1,0,29,1,1,25,270,0,0,102,1,8,901,0.151358344,0.157602664,0.17076326
732,Thornton Lee,0,0,16,0,34.3,886,2331.1,L,,,,,,,,,,,,,,,,,,,,,,,,,,,,,,,,,,,,,,,,,,,,,,,,,,,,,,,,,,,,,,,,,,,,,,,,,,,,,,Thornton Lee,thornton,lee,leexxth01,,,,,,,,,,,,,,,,,,,,,
831,Andy Benes,0,0,14,0,31.5,880,2505.1,R,,,,,,,,,,,,,,,,,,,,,,,,,,,,,,,,,,,,,,,,,,,,,,,,,,,,,,,,,,,,,,,,,,,,,,,,,,,,,,Andy Benes,andy,benes,benesan01,405,741,48,106,21,0,8,50,0,0,34,307,0,6,95,4,14,880,0.143049933,0.165909091,0.203778677
865,Bill Byrd,0,0,15,0,30.5,880,1366.1,B,,,,,,,,,,,,,,,,,,,,,,,,,,,,,,,,,,,,,,,,,,,,,,,,,,,,,,,,,,,,,,,,,,,,,,,,,,,,,,Bill Byrd,bill,byrd,byrdxbi01,,,,,,,,,,,,,,,,,,,,,
830,Ed Brandt,0,0,11,0,31.6,878,2268.1,L,,,,,,,,,,,,,,,,,,,,,,,,,,,,,,,,,,,,,,,,,,,,,,,,,,,,,,,,,,,,,,,,,,,,,,,,,,,,,,Ed Brandt,ed,brandt,branded01,404,793,80,187,21,4,0,59,1,0,55,83,0,0,30,0,9,878,0.235813367,0.275626424,0.272383354
815,Larry Dierker,0,0,14,0,31.9,876,2333.2,R,,,,,,,,,,,,,,,,,,,,,,,,,,,,,,,,,,,,,,,,,,,,,,,,,,,,,,,,,,,,,,,,,,,,,,,,,,,,,,Larry Dierker,larry,dierker,dierkla01,357,789,38,107,14,0,4,46,0,0,12,272,0,1,70,4,16,876,0.135614702,0.136986301,0.168567807
952,Gary Peters,0,0,14,0,28.7,875,2081,L,,,,,,,,,,,,,,,,,,,,,,,,,,,,,,,,,,,,,,,,,,,,,,,,,,,,,,,,,,,,,,,,,,,,,,,,,,,,,,Gary Peters,gary,peters,peterga01,450,807,86,179,31,7,19,102,0,1,29,172,3,7,25,7,17,875,0.22180917,0.245714286,0.348203222
671,Bob Rush,0,0,13,0,36,872,2410.2,R,,,,,,,,,,,,,,,,,,,,,,,,,,,,,,,,,,,,,,,,,,,,,,,,,,,,,,,,,,,,,,,,,,,,,,,,,,,,,,Bob Rush,bob,rush,rushxbo01,,,,,,,,,,,,,,,,,,,,,
769,Harvey Haddix,0,0,14,0,33.3,871,2235,L,,,,,,,,,,,,,,,,,,,,,,,,,,,,,,,,,,,,,,,,,,,,,,,,,,,,,,,,,,,,,,,,,,,,,,,,,,,,,,Harvey Haddix,harvey,haddix,haddiha01,531,798,95,169,37,9,4,64,4,0,46,162,0,2,20,5,15,871,0.211779449,0.249138921,0.295739348
872,Joe Nuxhall,0,0,16,0,30.4,861,2302.2,L,,,,,,,,,,,,,,,,,,,,,,,,,,,,,,,,,,,,,,,,,,,,,,,,,,,,,,,,,,,,,,,,,,,,,,,,,,,,,,Joe Nuxhall,joe,nuxhall,nuxhajo01,555,766,76,152,21,3,15,78,2,2,40,199,0,4,43,8,13,861,0.19843342,0.227642276,0.292428198
368,Nap Rucker,0,0,10,0,47.6,859,2375.1,R,,,,,,,,,,,,,,,,,,,,,,,,,,,,,,,,,,,,,,,,,,,,,,,,,,,,,,,,,,,,,,,,,,,,,,,,,,,,,,Nap Rucker,nap,rucker,ruckena01,336,805,44,157,10,6,1,44,2,0,22,117,0,0,31,0,0,858,0.195031056,0.208624709,0.226086957
917,Johnny Sain,0,0,11,0,29.4,857,2125.2,R,,,,,,,,,,,,,,,,,,,,,,,,,,,,,,,,,,,,,,,,,,,,,,,,,,,,,,,,,,,,,,,,,,,,,,,,,,,,,,Johnny Sain,johnny,sain,sainxjo01,,,,,,,,,,,,,,,,,,,,,
898,Johnny Podres,0,0,15,0,29.8,852,2265,L,,,,,,,,,,,,,,,,,,,,,,,,,,,,,,,,,,,,,,,,,,,,,,,,,,,,,,,,,,,,,,,,,,,,,,,,,,,,,,Johnny Podres,johnny,podres,podrejo01,462,762,61,145,19,1,2,50,1,2,32,108,0,4,43,11,14,852,0.190288714,0.212441315,0.225721785
509,Sam McDowell,0,0,15,0,41.8,851,2492.1,L,,,,,,,,,,,,,,,,,,,,,,,,,,,,,,,,,,,,,,,,,,,,,,,,,,,,,,,,,,,,,,,,,,,,,,,,,,,,,,Sam McDowell,sam,mcdowell,mcdowsa01,429,774,34,119,7,2,2,36,0,1,16,306,0,1,56,4,6,851,0.15374677,0.159811986,0.175710594
282,Dwight Gooden,0,0,16,0,53,849,2800.2,R,,,,,,,,,,,,,,,,,,,,,,,,,,,,,,,,,,,,,,,,,,,,,,,,,,,,,,,,,,,,,,,,,,,,,,,,,,,,,,Dwight Gooden,dwight,gooden,goodedw01,434,741,60,145,15,5,8,67,1,1,14,135,0,3,85,6,13,849,0.195681511,0.190812721,0.261808367
415,Adam Wainwright,0,0,18,0,45.3,848,2668.1,R,,,,,,,,,,,,,,,,,,,,,,,,,,,,,,,,,,,,,,,,,,,,,,,,,,,,,,,,,,,,,,,,,,,,,,,,,,,,,,Adam Wainwright,adam,wainwright,wainwad01,508,744,55,143,39,2,10,75,0,2,27,250,0,0,74,3,11,848,0.192204301,0.200471698,0.290322581
64,Clayton Kershaw,0,0,18,1,80.9,847,2855.1,L,,,,,,,,,,,,,,,,,,,,,,,,,,,,,,,,,,,,,,,,,,,,,,,,,,,,,,,,,,,,,,,,,,,,,,,,,,,,,,Clayton Kershaw,clayton,kershaw,kershcl01,464,698,46,113,11,1,1,40,1,0,34,211,0,4,110,1,15,847,0.161891117,0.178276269,0.184813754
472,Mel Stottlemyre,0,0,11,0,43.1,846,2661.1,R,,,,,,,,,,,,,,,,,,,,,,,,,,,,,,,,,,,,,,,,,,,,,,,,,,,,,,,,,,,,,,,,,,,,,,,,,,,,,,Mel Stottlemyre,mel,stottlemyre,stottme01,366,749,54,120,14,6,7,57,0,2,47,270,0,4,42,4,14,846,0.160213618,0.20212766,0.222963952
978,Mike Hampton,0,0,16,0,28.2,845,2268.1,R,,,,,,,,,,,,,,,,,,,,,,,,,,,,,,,,,,,,,,,,,,,,,,,,,,,,,,,,,,,,,,,,,,,,,,,,,,,,,,Mike Hampton,mike,hampton,hamptmi01,448,725,97,178,22,5,16,79,3,4,47,195,0,5,63,5,12,845,0.245517241,0.272189349,0.355862069
995,George Mogridge,0,0,15,0,27.9,843,2265.2,L,,,,,,,,,,,,,,,,,,,,,,,,,,,,,,,,,,,,,,,,,,,,,,,,,,,,,,,,,,,,,,,,,,,,,,,,,,,,,,George Mogridge,george,mogridge,mogrige01,402,754,57,137,20,8,1,46,7,4,39,199,0,5,43,0,0,841,0.181697613,0.215219976,0.233421751
780,Van Mungo,0,0,14,0,32.9,838,2113,R,,,,,,,,,,,,,,,,,,,,,,,,,,,,,,,,,,,,,,,,,,,,,,,,,,,,,,,,,,,,,,,,,,,,,,,,,,,,,,Van Mungo,van,mungo,mungova01,410,787,56,174,24,4,0,74,1,0,29,164,0,1,21,0,11,838,0.221092757,0.243436754,0.261753494
873,Hooks Wiltse,0,0,12,0,30.4,838,2112.1,R,,,,,,,,,,,,,,,,,,,,,,,,,,,,,,,,,,,,,,,,,,,,,,,,,,,,,,,,,,,,,,,,,,,,,,,,,,,,,,Hooks Wiltse,hooks,wiltse,wiltsho01,375,743,81,156,19,4,2,79,14,0,50,67,0,7,26,0,0,826,0.209959623,0.257869249,0.254374159
692,Rick Rhoden,0,0,16,0,35.3,830,2593.2,R,,,,,,,,,,,,,,,,,,,,,,,,,,,,,,,,,,,,,,,,,,,,,,,,,,,,,,,,,,,,,,,,,,,,,,,,,,,,,,Rick Rhoden,rick,rhoden,rhoderi01,427,761,58,181,38,0,9,75,0,1,17,114,0,0,47,5,20,830,0.237844941,0.238554217,0.32325887
875,Frank Lary,0,0,12,0,30.3,830,2162.1,R,,,,,,,,,,,,,,,,,,,,,,,,,,,,,,,,,,,,,,,,,,,,,,,,,,,,,,,,,,,,,,,,,,,,,,,,,,,,,,Frank Lary,frank,lary,laryxfr01,,,,,,,,,,,,,,,,,,,,,
547,Andy Messersmith,0,0,12,0,40.2,826,2230.1,R,,,,,,,,,,,,,,,,,,,,,,,,,,,,,,,,,,,,,,,,,,,,,,,,,,,,,,,,,,,,,,,,,,,,,,,,,,,,,,Andy Messersmith,andy,messersmith,messean01,353,729,49,124,30,0,5,54,1,0,46,212,0,1,46,4,6,826,0.170096022,0.207021792,0.231824417
672,Fritz Ostermueller,0,0,15,0,36,824,2066.2,L,,,,,,,,,,,,,,,,,,,,,,,,,,,,,,,,,,,,,,,,,,,,,,,,,,,,,,,,,,,,,,,,,,,,,,,,,,,,,,Fritz Ostermueller,fritz,ostermueller,osterfr01,399,749,60,175,22,4,0,62,1,0,35,80,0,2,37,0,16,823,0.23364486,0.257594168,0.273698264
632,Dutch Leonard,0,0,11,0,37.4,817,2192,L,,,,,,,,,,,,,,,,,,,,,,,,,,,,,,,,,,,,,,,,,,,,,,,,,,,,,,,,,,,,,,,,,,,,,,,,,,,,,,Dutch Leonard,dutch,leonard,leonadu01,331,715,47,124,16,2,0,46,0,0,58,132,0,2,39,0,0,814,0.173426573,0.226044226,0.201398601
439,Noodles Hahn,0,0,8,0,44.6,813,2029.1,L,,,,,,,,,,,,,,,,,,,,,,,,,,,,,,,,,,,,,,,,,,,,,,,,,,,,,,,,,,,,,,,,,,,,,,,,,,,,,,Noodles Hahn,noodles,hahn,hahnxno01,,,,,,,,,,,,,,,,,,,,,
925,Doug Drabek,0,0,13,0,29.2,808,2535,R,,,,,,,,,,,,,,,,,,,,,,,,,,,,,,,,,,,,,,,,,,,,,,,,,,,,,,,,,,,,,,,,,,,,,,,,,,,,,,Doug Drabek,doug,drabek,drabedo01,412,716,42,119,17,3,2,46,0,1,17,207,0,7,66,2,5,808,0.166201117,0.176980198,0.206703911
320,Roy Oswalt,0,0,13,0,50,796,2245.1,R,,,,,,,,,,,,,,,,,,,,,,,,,,,,,,,,,,,,,,,,,,,,,,,,,,,,,,,,,,,,,,,,,,,,,,,,,,,,,,Roy Oswalt,roy,oswalt,oswalro01,370,657,30,101,7,0,1,36,0,0,27,181,0,5,106,1,6,796,0.153729072,0.167085427,0.168949772
876,Mike Garcia,0,0,14,0,30.3,792,2174.2,R,,,,,,,,,,,,,,,,,,,,,,,,,,,,,,,,,,,,,,,,,,,,,,,,,,,,,,,,,,,,,,,,,,,,,,,,,,,,,,Mike Garcia,mike,garcia,garcimi01,428,696,41,127,23,1,2,62,0,2,31,151,0,2,58,5,16,792,0.182471264,0.202020202,0.227011494
728,Howie Pollet,0,0,14,0,34.4,790,2107.1,L,,,,,,,,,,,,,,,,,,,,,,,,,,,,,,,,,,,,,,,,,,,,,,,,,,,,,,,,,,,,,,,,,,,,,,,,,,,,,,Howie Pollet,howie,pollet,polleho01,407,698,54,129,17,2,0,48,0,0,55,159,0,0,37,0,14,790,0.184813754,0.232911392,0.214899713
953,Chris Short,0,0,15,0,28.7,786,2325,R,,,,,,,,,,,,,,,,,,,,,,,,,,,,,,,,,,,,,,,,,,,,,,,,,,,,,,,,,,,,,,,,,,,,,,,,,,,,,,Chris Short,chris,short,shortch01,527,1345,161,370,51,20,3,134,12,8,110,68,0,1,62,0,0,1518,0.275092937,0.316864295,0.349442379
845,Ken Raffensberger,0,0,15,0,31,779,2151.2,R,,,,,,,,,,,,,,,,,,,,,,,,,,,,,,,,,,,,,,,,,,,,,,,,,,,,,,,,,,,,,,,,,,,,,,,,,,,,,,Ken Raffensberger,ken,raffensberger,raffeke01,397,688,38,97,16,0,4,31,0,1,20,280,0,1,70,0,13,779,0.140988372,0.151476252,0.181686047
207,Cole Hamels,0,0,15,0,59,778,2698,L,,,,,,,,,,,,,,,,,,,,,,,,,,,,,,,,,,,,,,,,,,,,,,,,,,,,,,,,,,,,,,,,,,,,,,,,,,,,,,Cole Hamels,cole,hamels,hamelco01,430,688,40,116,16,2,2,34,1,3,19,286,0,4,64,3,8,778,0.168604651,0.178663239,0.206395349
895,Dean Chance,0,0,11,0,29.9,759,2147.1,R,,,,,,,,,,,,,,,,,,,,,,,,,,,,,,,,,,,,,,,,,,,,,,,,,,,,,,,,,,,,,,,,,,,,,,,,,,,,,,Dean Chance,dean,chance,chancde01,406,662,17,44,2,0,0,16,0,0,30,420,0,5,61,1,2,759,0.066465257,0.104084321,0.069486405
493,Harry Brecheen,0,0,12,0,42.3,746,1907.2,L,,,,,,,,,,,,,,,,,,,,,,,,,,,,,,,,,,,,,,,,,,,,,,,,,,,,,,,,,,,,,,,,,,,,,,,,,,,,,,Harry Brecheen,harry,brecheen,brechha01,321,673,48,129,13,5,2,44,0,0,45,121,0,4,24,0,16,746,0.191679049,0.238605898,0.234769688
816,Johnny Antonelli,0,0,12,0,31.9,745,1992.1,L,,,,,,,,,,,,,,,,,,,,,,,,,,,,,,,,,,,,,,,,,,,,,,,,,,,,,,,,,,,,,,,,,,,,,,,,,,,,,,Johnny Antonelli,johnny,antonelli,antonjo01,135,528,50,133,28,2,1,29,1,0,24,29,0,2,6,0,14,560,0.251893939,0.283928571,0.318181818
452,Carlos Zambrano,0,0,12,0,43.9,744,1959,B,,,,,,,,,,,,,,,,,,,,,,,,,,,,,,,,,,,,,,,,,,,,,,,,,,,,,,,,,,,,,,,,,,,,,,,,,,,,,,Carlos Zambrano,carlos,zambrano,zambrca01,384,693,75,165,26,3,24,71,1,0,10,240,0,0,37,4,14,744,0.238095238,0.235215054,0.388167388
663,Rick Wise,0,0,18,0,36.3,741,3127.1,R,,,,,,,,,,,,,,,,,,,,,,,,,,,,,,,,,,,,,,,,,,,,,,,,,,,,,,,,,,,,,,,,,,,,,,,,,,,,,,Rick Wise,rick,wise,wisexri01,,,,,,,,,,,,,,,,,,,,,
637,Madison Bumgarner,0,0,15,0,37.2,731,2209.1,R,,,,,,,,,,,,,,,,,,,,,,,,,,,,,,,,,,,,,,,,,,,,,,,,,,,,,,,,,,,,,,,,,,,,,,,,,,,,,,Madison Bumgarner,madison,bumgarner,bumgama01,375,633,54,109,19,0,19,65,0,0,49,284,0,2,42,5,5,731,0.172195893,0.218878249,0.292259084
709,William Bell,0,0,14,0,34.8,731,1438.2,R,,,,,,,,,,,,,,,,,,,,,,,,,,,,,,,,,,,,,,,,,,,,,,,,,,,,,,,,,,,,,,,,,,,,,,,,,,,,,,William Bell,william,bell,bellxwi01,,,,,,,,,,,,,,,,,,,,,
854,Firpo Marberry,0,0,14,0,30.7,731,2067.1,R,,,,,,,,,,,,,,,,,,,,,,,,,,,,,,,,,,,,,,,,,,,,,,,,,,,,,,,,,,,,,,,,,,,,,,,,,,,,,,Firpo Marberry,firpo,marberry,marbefi01,551,668,60,128,21,3,1,65,2,1,22,111,0,6,34,0,0,730,0.191616766,0.21369863,0.236526946
850,Jim Bagby,0,0,9,0,30.8,727,1821.2,B,,,,,,,,,,,,,,,,,,,,,,,,,,,,,,,,,,,,,,,,,,,,,,,,,,,,,,,,,,,,,,,,,,,,,,,,,,,,,,Jim Bagby,jim,bagby,bagbyji01,325,660,69,144,35,6,2,60,3,0,32,91,0,2,30,0,0,724,0.218181818,0.245856354,0.298484848
788,Mort Cooper,0,0,11,0,32.7,725,1840.2,R,,,,,,,,,,,,,,,,,,,,,,,,,,,,,,,,,,,,,,,,,,,,,,,,,,,,,,,,,,,,,,,,,,,,,,,,,,,,,,Mort Cooper,mort,cooper,coopemo01,297,654,50,127,16,0,6,68,0,0,23,118,0,1,43,0,14,721,0.194189602,0.209431345,0.24617737
812,Sonny Siebert,0,0,12,0,32.1,725,2152,R,,,,,,,,,,,,,,,,,,,,,,,,,,,,,,,,,,,,,,,,,,,,,,,,,,,,,,,,,,,,,,,,,,,,,,,,,,,,,,Sonny Siebert,sonny,siebert,siebeso01,405,660,52,114,22,3,12,57,0,0,18,182,0,9,35,3,20,725,0.172727273,0.194482759,0.26969697
903,Preacher Roe,0,0,12,0,29.7,722,1914.1,R,,,,,,,,,,,,,,,,,,,,,,,,,,,,,,,,,,,,,,,,,,,,,,,,,,,,,,,,,,,,,,,,,,,,,,,,,,,,,,Preacher Roe,preacher,roe,roexxpr01,,,,,,,,,,,,,,,,,,,,,
912,Jason Schmidt,0,0,14,0,29.5,712,1996.1,R,,,,,,,,,,,,,,,,,,,,,,,,,,,,,,,,,,,,,,,,,,,,,,,,,,,,,,,,,,,,,,,,,,,,,,,,,,,,,,Jason Schmidt,jason,schmidt,schmija01,324,597,29,63,9,0,7,21,0,0,22,282,0,2,90,1,5,712,0.105527638,0.122191011,0.155778894
219,Tim Hudson,0,0,17,0,57.9,710,3126.2,R,,,,,,,,,,,,,,,,,,,,,,,,,,,,,,,,,,,,,,,,,,,,,,,,,,,,,,,,,,,,,,,,,,,,,,,,,,,,,,Tim Hudson,tim,hudson,hudsoti01,489,613,35,98,19,1,4,42,0,0,26,190,0,2,67,2,12,710,0.159869494,0.177464789,0.2137031
933,Matt Cain,0,0,13,0,29,708,2085.2,R,,,,,,,,,,,,,,,,,,,,,,,,,,,,,,,,,,,,,,,,,,,,,,,,,,,,,,,,,,,,,,,,,,,,,,,,,,,,,,Matt Cain,matt,cain,cainxma01,,,,,,,,,,,,,,,,,,,,,
630,Jim Maloney,0,0,12,0,37.5,696,1849,L,,,,,,,,,,,,,,,,,,,,,,,,,,,,,,,,,,,,,,,,,,,,,,,,,,,,,,,,,,,,,,,,,,,,,,,,,,,,,,Jim Maloney,jim,maloney,malonji01,321,628,51,126,21,4,7,53,2,2,33,139,0,1,31,3,11,696,0.200636943,0.229885057,0.280254777
408,Javier Vázquez,0,0,14,0,45.6,692,2840,R,,,,,,,,,,,,,,,,,,,,,,,,,,,,,,,,,,,,,,,,,,,,,,,,,,,,,,,,,,,,,,,,,,,,,,,,,,,,,,Javier Vázquez,javier,vzquez,vzqueja01,,,,,,,,,,,,,,,,,,,,,
934,Nip Winters,0,0,8,0,29,690,1114.2,L,,,,,,,,,,,,,,,,,,,,,,,,,,,,,,,,,,,,,,,,,,,,,,,,,,,,,,,,,,,,,,,,,,,,,,,,,,,,,,Nip Winters,nip,winters,winteni01,280,703,92,205,44,16,13,116,7,2,54,24,0,2,22,0,0,781,0.291607397,0.33418694,0.455192034
503,John Candelaria,0,0,19,0,41.9,688,2525.2,L,,,,,,,,,,,,,,,,,,,,,,,,,,,,,,,,,,,,,,,,,,,,,,,,,,,,,,,,,,,,,,,,,,,,,,,,,,,,,,John Candelaria,john,candelaria,candejo01,603,596,39,104,20,3,1,48,0,2,44,162,0,2,43,3,19,688,0.174496644,0.218023256,0.223154362
458,Bob Welch,0,0,17,0,43.7,668,3092,R,,,,,,,,,,,,,,,,,,,,,,,,,,,,,,,,,,,,,,,,,,,,,,,,,,,,,,,,,,,,,,,,,,,,,,,,,,,,,,Bob Welch,bob,welch,welchbo01,520,582,26,88,7,1,2,30,0,1,22,171,0,3,59,2,4,668,0.151202749,0.169161677,0.176975945
751,Rick Sutcliffe,0,0,18,0,33.9,657,2697.2,L,,,,,,,,,,,,,,,,,,,,,,,,,,,,,,,,,,,,,,,,,,,,,,,,,,,,,,,,,,,,,,,,,,,,,,,,,,,,,,Rick Sutcliffe,rick,sutcliffe,sutclri01,466,562,42,102,22,1,4,55,4,0,34,143,0,2,54,5,15,657,0.181494662,0.210045662,0.245551601
808,John Denny,0,0,13,0,32.2,656,2148.2,R,,,,,,,,,,,,,,,,,,,,,,,,,,,,,,,,,,,,,,,,,,,,,,,,,,,,,,,,,,,,,,,,,,,,,,,,,,,,,,John Denny,john,denny,dennyjo01,326,570,44,97,9,2,0,29,9,5,19,164,0,1,63,3,4,656,0.170175439,0.178353659,0.192982456
664,Johnny Cueto,0,0,17,0,36.3,655,2256.1,R,,,,,,,,,,,,,,,,,,,,,,,,,,,,,,,,,,,,,,,,,,,,,,,,,,,,,,,,,,,,,,,,,,,,,,,,,,,,,,Johnny Cueto,johnny,cueto,cuetojo01,371,545,27,55,1,0,0,18,1,0,17,178,0,1,90,2,6,655,0.100917431,0.111450382,0.102752294
719,Bobby Shantz,0,0,16,0,34.6,646,1935.2,R,,,,,,,,,,,,,,,,,,,,,,,,,,,,,,,,,,,,,,,,,,,,,,,,,,,,,,,,,,,,,,,,,,,,,,,,,,,,,,Bobby Shantz,bobby,shantz,shantbo01,578,548,60,107,20,2,1,46,3,2,47,96,0,5,44,1,4,645,0.195255474,0.246511628,0.244525547
866,Sal Maglie,0,0,10,0,30.5,645,1723,R,,,,,,,,,,,,,,,,,,,,,,,,,,,,,,,,,,,,,,,,,,,,,,,,,,,,,,,,,,,,,,,,,,,,,,,,,,,,,,Sal Maglie,sal,maglie,maglisa01,304,563,29,76,5,1,2,29,1,0,20,180,0,3,57,2,13,645,0.134991119,0.153488372,0.158081705
789,Sid Fernandez,0,0,15,0,32.7,629,1866.2,L,,,,,,,,,,,,,,,,,,,,,,,,,,,,,,,,,,,,,,,,,,,,,,,,,,,,,,,,,,,,,,,,,,,,,,,,,,,,,,Sid Fernandez,sid,fernandez,fernasi01,308,539,28,98,15,2,1,34,1,0,16,209,0,2,67,5,12,629,0.181818182,0.184419714,0.222634508
420,Vida Blue,0,0,17,0,45.1,618,3343.1,B,,,,,,,,,,,,,,,,,,,,,,,,,,,,,,,,,,,,,,,,,,,,,,,,,,,,,,,,,,,,,,,,,,,,,,,,,,,,,,Vida Blue,vida,blue,bluexvi01,,,,,,,,,,,,,,,,,,,,,
880,Woody Williams,0,0,15,0,30.2,617,2216.1,R,,,,,,,,,,,,,,,,,,,,,,,,,,,,,,,,,,,,,,,,,,,,,,,,,,,,,,,,,,,,,,,,,,,,,,,,,,,,,,Woody Williams,woody,williams,williwo01,338,1255,133,314,40,5,1,79,14,0,88,52,0,4,22,0,18,1369,0.250199203,0.296566837,0.292430279
556,Al Leiter,0,0,19,0,40,613,2391,L,,,,,,,,,,,,,,,,,,,,,,,,,,,,,,,,,,,,,,,,,,,,,,,,,,,,,,,,,,,,,,,,,,,,,,,,,,,,,,Al Leiter,al,leiter,leiteal01,419,530,15,45,7,1,0,16,0,0,35,290,0,0,48,0,10,613,0.08490566,0.13050571,0.101886792
342,Dennis Martínez,0,0,23,0,48.7,604,3999.2,R,,,,,,,,,,,,,,,,,,,,,,,,,,,,,,,,,,,,,,,,,,,,,,,,,,,,,,,,,,,,,,,,,,,,,,,,,,,,,,Dennis Martínez,dennis,martnez,martnde01,,,,,,,,,,,,,,,,,,,,,
855,Jim Barr,0,0,12,0,30.7,601,2065.1,R,,,,,,,,,,,,,,,,,,,,,,,,,,,,,,,,,,,,,,,,,,,,,,,,,,,,,,,,,,,,,,,,,,,,,,,,,,,,,,Jim Barr,jim,barr,barrxji01,,,,,,,,,,,,,,,,,,,,,
74,Zack Greink,0,0,20,0,77.4,600,3389.1,R,,,,,,,,,,,,,,,,,,,,,,,,,,,,,,,,,,,,,,,,,,,,,,,,,,,,,,,,,,,,,,,,,,,,,,,,,,,,,,Zack Greink,zack,greink,greinza01,597,521,49,117,29,1,9,34,9,1,26,114,0,2,47,4,8,600,0.224568138,0.241666667,0.335892514
881,Max Lanier,0,0,14,0,30.2,599,1619.1,R,,,,,,,,,,,,,,,,,,,,,,,,,,,,,,,,,,,,,,,,,,,,,,,,,,,,,,,,,,,,,,,,,,,,,,,,,,,,,,Max Lanier,max,lanier,laniema01,328,535,46,99,4,1,0,27,0,0,23,45,0,0,41,0,17,599,0.185046729,0.203672788,0.196261682
580,Jake Peavy,0,0,15,0,39.2,598,2377,R,,,,,,,,,,,,,,,,,,,,,,,,,,,,,,,,,,,,,,,,,,,,,,,,,,,,,,,,,,,,,,,,,,,,,,,,,,,,,,Jake Peavy,jake,peavy,peavyja01,393,519,48,87,17,1,3,33,0,2,22,165,0,3,52,2,6,598,0.167630058,0.18729097,0.221579961
127,Kevin Brown,0,0,19,0,67.8,575,3256.1,R,,,,,,,,,,,,,,,,,,,,,,,,,,,,,,,,,,,,,,,,,,,,,,,,,,,,,,,,,,,,,,,,,,,,,,,,,,,,,,Kevin Brown,kevin,brown,brownke01,490,495,20,64,10,0,2,29,0,0,19,187,0,5,54,2,2,575,0.129292929,0.153043478,0.161616162
946,A.J. Burnett,0,0,17,0,28.8,575,2731.1,R,,,,,,,,,,,,,,,,,,,,,,,,,,,,,,,,,,,,,,,,,,,,,,,,,,,,,,,,,,,,,,,,,,,,,,,,,,,,,,A.J. Burnett,aj,burnett,burneaj01,436,493,20,56,8,3,4,19,0,0,20,241,0,2,59,1,9,575,0.113590264,0.135652174,0.1663286
729,Russ Ford,0,0,7,0,34.4,571,1487.1,R,,,,,,,,,,,,,,,,,,,,,,,,,,,,,,,,,,,,,,,,,,,,,,,,,,,,,,,,,,,,,,,,,,,,,,,,,,,,,,Russ Ford,russ,ford,fordxru01,,,,,,,,,,,,,,,,,,,,,
136,Luis Tiant,0,0,19,0,66.1,570,3486.1,R,,,,,,,,,,,,,,,,,,,,,,,,,,,,,,,,,,,,,,,,,,,,,,,,,,,,,,,,,,,,,,,,,,,,,,,,,,,,,,Luis Tiant,luis,tiant,tiantlu01,573,513,36,84,14,1,5,44,1,1,13,146,0,1,41,2,10,570,0.16374269,0.171929825,0.22417154
899,Kevin Millwood,0,0,16,0,29.8,550,2720.1,R,,,,,,,,,,,,,,,,,,,,,,,,,,,,,,,,,,,,,,,,,,,,,,,,,,,,,,,,,,,,,,,,,,,,,,,,,,,,,,Kevin Millwood,kevin,millwood,millwke01,451,472,22,57,15,0,4,27,0,0,21,219,0,0,55,0,9,548,0.120762712,0.142335766,0.177966102
575,Jon Matlack,0,0,13,0,39.4,541,2363,L,,,,,,,,,,,,,,,,,,,,,,,,,,,,,,,,,,,,,,,,,,,,,,,,,,,,,,,,,,,,,,,,,,,,,,,,,,,,,,Jon Matlack,jon,matlack,matlajo01,362,441,32,57,3,0,0,23,0,0,57,217,0,1,41,1,7,541,0.129251701,0.212569316,0.136054422
733,Derek Lowe,0,0,17,0,34.3,534,2671.1,R,,,,,,,,,,,,,,,,,,,,,,,,,,,,,,,,,,,,,,,,,,,,,,,,,,,,,,,,,,,,,,,,,,,,,,,,,,,,,,Derek Lowe,derek,lowe,lowexde01,,,,,,,,,,,,,,,,,,,,,
80,Max Scherzer,0,0,18,1,75.6,529,2963,R,,,,,,,,,,,,,,,,,,,,,,,,,,,,,,,,,,,,,,,,,,,,,,,,,,,,,,,,,,,,,,,,,,,,,,,,,,,,,,Max Scherzer,max,scherzer,scherma01,490,464,31,78,6,0,1,30,3,0,13,161,0,2,49,1,5,529,0.168103448,0.175803403,0.1875
806,Stephen Strasburg,0,0,13,0,32.3,521,1470,R,,,,,,,,,,,,,,,,,,,,,,,,,,,,,,,,,,,,,,,,,,,,,,,,,,,,,,,,,,,,,,,,,,,,,,,,,,,,,,Stephen Strasburg,stephen,strasburg,strasst01,248,440,23,67,10,0,4,29,0,0,24,153,0,1,56,0,6,521,0.152272727,0.176583493,0.202272727
661,José Rijo,0,0,14,0,36.5,511,1880,R,,,,,,,,,,,,,,,,,,,,,,,,,,,,,,,,,,,,,,,,,,,,,,,,,,,,,,,,,,,,,,,,,,,,,,,,,,,,,,José Rijo,jos,rijo,rijoxjo01,,,,,,,,,,,,,,,,,,,,,
327,Jamie Moyer,0,0,25,0,49.8,502,4074,L,,,,,,,,,,,,,,,,,,,,,,,,,,,,,,,,,,,,,,,,,,,,,,,,,,,,,,,,,,,,,,,,,,,,,,,,,,,,,,Jamie Moyer,jamie,moyer,moyerja01,701,400,24,51,5,0,0,15,0,0,35,152,0,1,64,2,5,502,0.1275,0.173306773,0.14
736,Chris Carpenter,0,0,15,0,34.2,501,2219.1,R,,,,,,,,,,,,,,,,,,,,,,,,,,,,,,,,,,,,,,,,,,,,,,,,,,,,,,,,,,,,,,,,,,,,,,,,,,,,,,Chris Carpenter,chris,carpenter,carpech01,350,439,18,52,8,0,2,21,0,1,12,144,0,2,47,1,5,501,0.118451025,0.131736527,0.150341686
940,Ellis Kinder,0,0,12,0,28.9,499,1479.2,R,,,,,,,,,,,,,,,,,,,,,,,,,,,,,,,,,,,,,,,,,,,,,,,,,,,,,,,,,,,,,,,,,,,,,,,,,,,,,,Ellis Kinder,ellis,kinder,kindeel01,484,444,34,63,7,1,1,33,0,1,23,123,0,0,29,0,10,496,0.141891892,0.173387097,0.168918919
700,Dan Haren,0,0,13,0,35,478,2419.2,R,,,,,,,,,,,,,,,,,,,,,,,,,,,,,,,,,,,,,,,,,,,,,,,,,,,,,,,,,,,,,,,,,,,,,,,,,,,,,,Dan Haren,dan,haren,harenda01,401,414,31,83,26,0,2,39,0,0,17,121,0,2,41,4,8,478,0.200483092,0.213389121,0.277777778
975,Gio Gonzalez,0,0,13,0,28.3,475,1933,R,,,,,,,,,,,,,,,,,,,,,,,,,,,,,,,,,,,,,,,,,,,,,,,,,,,,,,,,,,,,,,,,,,,,,,,,,,,,,,Gio Gonzalez,gio,gonzalez,gonzagi01,344,410,16,37,7,0,3,17,0,0,9,190,0,4,50,2,3,475,0.090243902,0.105263158,0.129268293
169,David Cone,0,0,17,0,62.3,470,2898.2,L,,,,,,,,,,,,,,,,,,,,,,,,,,,,,,,,,,,,,,,,,,,,,,,,,,,,,,,,,,,,,,,,,,,,,,,,,,,,,,David Cone,david,cone,conexda01,,,,,,,,,,,,,,,,,,,,,
842,Brandon Webb,0,0,7,0,31.1,457,1319.2,R,,,,,,,,,,,,,,,,,,,,,,,,,,,,,,,,,,,,,,,,,,,,,,,,,,,,,,,,,,,,,,,,,,,,,,,,,,,,,,Brandon Webb,brandon,webb,webbxbr01,,,,,,,,,,,,,,,,,,,,,
737,John Tudor,0,0,12,0,34.2,443,1797,L,,,,,,,,,,,,,,,,,,,,,,,,,,,,,,,,,,,,,,,,,,,,,,,,,,,,,,,,,,,,,,,,,,,,,,,,,,,,,,John Tudor,john,tudor,tudorjo01,289,384,22,59,7,2,0,18,1,1,17,120,0,0,41,1,3,443,0.153645833,0.171557562,0.182291667
360,Jacob deGrom,0,0,12,1,47.9,423,1539.2,L,,,,,,,,,,,,,,,,,,,,,,,,,,,,,,,,,,,,,,,,,,,,,,,,,,,,,,,,,,,,,,,,,,,,,,,,,,,,,,Jacob deGrom,jacob,degrom,degroja01,260,383,27,78,9,0,3,29,1,0,17,116,0,0,23,0,8,423,0.203655352,0.224586288,0.250652742
464,Jon Lester,0,0,16,0,43.4,423,2740,L,,,,,,,,,,,,,,,,,,,,,,,,,,,,,,,,,,,,,,,,,,,,,,,,,,,,,,,,,,,,,,,,,,,,,,,,,,,,,,Jon Lester,jon,lester,lestejo01,458,366,27,42,10,0,4,31,1,0,21,162,0,0,34,2,6,423,0.114754098,0.14893617,0.174863388
817,Barry Zito,0,0,15,0,31.9,418,2576.2,L,,,,,,,,,,,,,,,,,,,,,,,,,,,,,,,,,,,,,,,,,,,,,,,,,,,,,,,,,,,,,,,,,,,,,,,,,,,,,,Barry Zito,barry,zito,zitoxba01,,,,,,,,,,,,,,,,,,,,,
979,Lindy McDaniel,0,0,21,0,28.2,412,2139.1,R,,,,,,,,,,,,,,,,,,,,,,,,,,,,,,,,,,,,,,,,,,,,,,,,,,,,,,,,,,,,,,,,,,,,,,,,,,,,,,Lindy McDaniel,lindy,mcdaniel,mcdanli01,988,378,19,56,11,0,3,17,0,0,8,159,0,1,25,0,4,412,0.148148148,0.15776699,0.201058201
983,Aníbal Sánchez,0,0,16,0,28.1,400,2017.2,R,,,,,,,,,,,,,,,,,,,,,,,,,,,,,,,,,,,,,,,,,,,,,,,,,,,,,,,,,,,,,,,,,,,,,,,,,,,,,,Aníbal Sánchez,anbal,snchez,snchean01,,,,,,,,,,,,,,,,,,,,,
321,Wilbur Wood,0,0,17,0,50,381,2684,R,,,,,,,,,,,,,,,,,,,,,,,,,,,,,,,,,,,,,,,,,,,,,,,,,,,,,,,,,,,,,,,,,,,,,,,,,,,,,,Wilbur Wood,wilbur,wood,woodxwi01,,,,,,,,,,,,,,,,,,,,,
525,Tom Candiotti,0,0,16,0,41.1,360,2725,R,,,,,,,,,,,,,,,,,,,,,,,,,,,,,,,,,,,,,,,,,,,,,,,,,,,,,,,,,,,,,,,,,,,,,,,,,,,,,,Tom Candiotti,tom,candiotti,candito01,452,299,11,35,5,0,0,12,0,0,7,71,0,1,52,1,10,360,0.117056856,0.119444444,0.133779264
678,Josh Beckett,0,0,14,0,35.7,335,2051,R,,,,,,,,,,,,,,,,,,,,,,,,,,,,,,,,,,,,,,,,,,,,,,,,,,,,,,,,,,,,,,,,,,,,,,,,,,,,,,Josh Beckett,josh,beckett,beckejo01,40,83,8,20,5,2,1,13,0,0,8,8,0,1,0,0,0,92,0.240963855,0.315217391,0.385542169
562,Danny Darwin,0,0,21,0,39.8,334,3016.2,R,,,,,,,,,,,,,,,,,,,,,,,,,,,,,,,,,,,,,,,,,,,,,,,,,,,,,,,,,,,,,,,,,,,,,,,,,,,,,,Danny Darwin,danny,darwin,darwida01,722,305,15,39,11,2,2,22,2,0,6,171,0,1,20,2,1,334,0.127868852,0.137724551,0.196721311
888,Lance Lynn,0,0,13,0,30,333,2006.1,B,,,,,,,,,,,,,,,,,,,,,,,,,,,,,,,,,,,,,,,,,,,,,,,,,,,,,,,,,,,,,,,,,,,,,,,,,,,,,,Lance Lynn,lance,lynn,lynnxla01,,,,,,,,,,,,,,,,,,,,,
744,Bruce Hurst,0,0,15,0,34.1,331,2417.1,L,,,,,,,,,,,,,,,,,,,,,,,,,,,,,,,,,,,,,,,,,,,,,,,,,,,,,,,,,,,,,,,,,,,,,,,,,,,,,,Bruce Hurst,bruce,hurst,hurstbr01,380,274,11,31,5,0,0,8,0,0,20,141,0,0,37,0,1,331,0.113138686,0.15407855,0.131386861
393,Bartolo Colón,0,0,21,0,46.3,326,3461.2,R,,,,,,,,,,,,,,,,,,,,,,,,,,,,,,,,,,,,,,,,,,,,,,,,,,,,,,,,,,,,,,,,,,,,,,,,,,,,,,Bartolo Colón,bartolo,coln,colnxba01,,,,,,,,,,,,,,,,,,,,,
548,Zack Wheeler,0,0,11,1,40.2,323,1728.1,L,,,,,,,,,,,,,,,,,,,,,,,,,,,,,,,,,,,,,,,,,,,,,,,,,,,,,,,,,,,,,,,,,,,,,,,,,,,,,,Zack Wheeler,zack,wheeler,wheelza01,288,288,13,44,9,0,1,18,0,0,5,128,0,2,27,1,2,323,0.152777778,0.157894737,0.194444444
467,Cliff Lee,0,0,13,0,43.2,321,2156.2,L,,,,,,,,,,,,,,,,,,,,,,,,,,,,,,,,,,,,,,,,,,,,,,,,,,,,,,,,,,,,,,,,,,,,,,,,,,,,,,Cliff Lee,cliff,lee,leexxcl01,,,,,,,,,,,,,,,,,,,,,
706,Aaron Nola,0,0,11,1,34.9,318,1715.2,R,,,,,,,,,,,,,,,,,,,,,,,,,,,,,,,,,,,,,,,,,,,,,,,,,,,,,,,,,,,,,,,,,,,,,,,,,,,,,,Aaron Nola,aaron,nola,nolaxaa01,,,,,,,,,,,,,,,,,,,,,
763,Charlie Leibrandt,0,0,14,0,33.4,315,2308,R,,,,,,,,,,,,,,,,,,,,,,,,,,,,,,,,,,,,,,,,,,,,,,,,,,,,,,,,,,,,,,,,,,,,,,,,,,,,,,Charlie Leibrandt,charlie,leibrandt,leibrch01,394,267,7,32,3,2,0,14,0,0,13,72,0,0,33,2,3,315,0.119850187,0.142857143,0.146067416
926,Kevin Tapani,0,0,13,0,29.2,311,2265,R,,,,,,,,,,,,,,,,,,,,,,,,,,,,,,,,,,,,,,,,,,,,,,,,,,,,,,,,,,,,,,,,,,,,,,,,,,,,,,Kevin Tapani,kevin,tapani,tapanke01,361,261,14,40,6,0,2,22,1,1,16,105,0,0,33,1,4,311,0.153256705,0.180064309,0.199233716
701,Doyle Alexander,0,0,19,0,35,300,3367.2,R,,,,,,,,,,,,,,,,,,,,,,,,,,,,,,,,,,,,,,,,,,,,,,,,,,,,,,,,,,,,,,,,,,,,,,,,,,,,,,Doyle Alexander,doyle,alexander,alexado01,562,265,19,44,8,0,0,17,0,0,9,77,0,1,23,2,7,300,0.166037736,0.18,0.196226415
468,Gerrit Cole,0,0,12,1,43.2,286,1954,R,,,,,,,,,,,,,,,,,,,,,,,,,,,,,,,,,,,,,,,,,,,,,,,,,,,,,,,,,,,,,,,,,,,,,,,,,,,,,,Gerrit Cole,gerrit,cole,colexge01,,,,,,,,,,,,,,,,,,,,,
867,Greg Swindell,0,0,17,0,30.5,286,2233.1,R,,,,,,,,,,,,,,,,,,,,,,,,,,,,,,,,,,,,,,,,,,,,,,,,,,,,,,,,,,,,,,,,,,,,,,,,,,,,,,Greg Swindell,greg,swindell,swindgr01,665,245,10,46,10,0,0,13,0,0,4,57,0,0,36,1,2,286,0.187755102,0.174825175,0.228571429
295,Johan Santana,0,0,12,0,51.7,279,2025.2,L,,,,,,,,,,,,,,,,,,,,,,,,,,,,,,,,,,,,,,,,,,,,,,,,,,,,,,,,,,,,,,,,,,,,,,,,,,,,,,Johan Santana,johan,santana,santajo01,360,248,11,40,12,1,1,9,0,0,9,78,0,0,22,0,1,279,0.161290323,0.17562724,0.22983871
638,John Lackey,0,0,15,0,37.2,265,2840.1,R,,,,,,,,,,,,,,,,,,,,,,,,,,,,,,,,,,,,,,,,,,,,,,,,,,,,,,,,,,,,,,,,,,,,,,,,,,,,,,John Lackey,john,lackey,lackejo01,450,236,6,26,7,0,0,8,1,1,9,97,0,0,20,0,3,265,0.110169492,0.132075472,0.139830508
607,Charlie Hough,0,0,25,0,38.4,250,3801.1,R,,,,,,,,,,,,,,,,,,,,,,,,,,,,,,,,,,,,,,,,,,,,,,,,,,,,,,,,,,,,,,,,,,,,,,,,,,,,,,Charlie Hough,charlie,hough,houghch01,858,226,7,33,4,0,1,13,0,0,5,53,0,1,18,0,8,250,0.146017699,0.156,0.17699115
194,Andy Pettitte,0,0,18,0,60.2,237,3316,L,,,,,,,,,,,,,,,,,,,,,,,,,,,,,,,,,,,,,,,,,,,,,,,,,,,,,,,,,,,,,,,,,,,,,,,,,,,,,,Andy Pettitte,andy,pettitte,pettian01,533,196,6,27,6,0,1,13,0,0,6,66,0,0,34,1,1,237,0.137755102,0.139240506,0.183673469
8,Roger Clemen,0,0,24,0,139.2,213,4916.2,R,,,,,,,,,,,,,,,,,,,,,,,,,,,,,,,,,,,,,,,,,,,,,,,,,,,,,,,,,,,,,,,,,,,,,,,,,,,,,,Roger Clemen,roger,clemen,clemero01,2433,9454,1416,3000,440,166,240,1305,83,46,621,1230,167,35,36,66,275,10212,0.317326,0.358010184,0.475142797
379,Frank Viola,0,0,15,0,47,210,2836.1,L,,,,,,,,,,,,,,,,,,,,,,,,,,,,,,,,,,,,,,,,,,,,,,,,,,,,,,,,,,,,,,,,,,,,,,,,,,,,,,Frank Viola,frank,viola,violafr01,421,185,8,26,3,0,0,6,0,0,3,41,0,0,22,0,2,210,0.140540541,0.138095238,0.156756757
275,David Wells,0,0,21,0,53.4,200,3439,L,,,,,,,,,,,,,,,,,,,,,,,,,,,,,,,,,,,,,,,,,,,,,,,,,,,,,,,,,,,,,,,,,,,,,,,,,,,,,,David Wells,david,wells,wellsda01,660,178,8,23,2,0,0,5,0,0,3,59,0,1,18,0,1,200,0.129213483,0.135,0.140449438
825,Jose Quintana,0,0,14,1,31.7,184,2101.1,R,,,,,,,,,,,,,,,,,,,,,,,,,,,,,,,,,,,,,,,,,,,,,,,,,,,,,,,,,,,,,,,,,,,,,,,,,,,,,,Jose Quintana,jose,quintana,quintjo01,383,156,4,12,1,0,0,7,0,0,3,84,0,0,24,1,4,184,0.076923077,0.081521739,0.083333333
772,Yu Darvish,0,0,13,1,33.2,165,1778,R,,,,,,,,,,,,,,,,,,,,,,,,,,,,,,,,,,,,,,,,,,,,,,,,,,,,,,,,,,,,,,,,,,,,,,,,,,,,,,Yu Darvish,yu,darvish,darviyu01,297,152,4,15,4,0,1,5,0,0,3,83,0,1,8,1,4,165,0.098684211,0.115151515,0.144736842
856,James Shields,0,0,13,0,30.7,154,2616,R,,,,,,,,,,,,,,,,,,,,,,,,,,,,,,,,,,,,,,,,,,,,,,,,,,,,,,,,,,,,,,,,,,,,,,,,,,,,,,James Shields,james,shields,shielja01,24,4,0,0,0,0,0,0,0,0,1,3,0,0,1,0,0,6,0,0.166666667,0
966,Max Fried,0,0,9,1,28.4,149,1079.2,L,,,,,,,,,,,,,,,,,,,,,,,,,,,,,,,,,,,,,,,,,,,,,,,,,,,,,,,,,,,,,,,,,,,,,,,,,,,,,,Max Fried,max,fried,friedma01,212,126,20,27,7,0,0,9,0,0,10,40,0,0,13,0,0,149,0.214285714,0.248322148,0.26984127
961,Alex Fernandez,0,0,10,0,28.5,146,1760.1,R,,,,,,,,,,,,,,,,,,,,,,,,,,,,,,,,,,,,,,,,,,,,,,,,,,,,,,,,,,,,,,,,,,,,,,,,,,,,,,Alex Fernandez,alex,fernandez,fernaal01,266,126,7,22,8,0,3,14,0,0,9,35,0,0,10,1,4,146,0.174603175,0.212328767,0.30952381
208,Mark Buehrle,0,0,16,0,59,140,3283.1,L,,,,,,,,,,,,,,,,,,,,,,,,,,,,,,,,,,,,,,,,,,,,,,,,,,,,,,,,,,,,,,,,,,,,,,,,,,,,,,Mark Buehrle,mark,buehrle,buehrma01,518,125,4,9,2,0,1,3,0,0,2,58,0,0,13,0,1,140,0.072,0.078571429,0.112
730,Tim Wakefield,0,0,19,0,34.4,130,3226.1,R,,,,,,,,,,,,,,,,,,,,,,,,,,,,,,,,,,,,,,,,,,,,,,,,,,,,,,,,,,,,,,,,,,,,,,,,,,,,,,Tim Wakefield,tim,wakefield,wakefti01,630,111,4,13,2,0,1,4,0,0,3,47,0,1,15,0,0,130,0.117117117,0.130769231,0.162162162
170,CC Sabathia,0,0,19,0,62.3,127,3577.1,L,2025,19,2001,2019,6,0.5,48,127,121,7,25,3,0,3,15,0,0,2,36,0,7,0,4,0.207,0.22,0.306,0.525,2025,19,2001,2019,6,61.76,251,161,0.609,3.74,561,560,0,38,12,0,3577.1,3404,1623,1485,382,1099,44,3093,123,17,74,14989,2025,1980-Living,BBWAA,1,0,0,0,0,0,0,0,0,0,0,0,0,0,0,0,Player,342,86.80%,CC Sabathia,cc,sabathia,sabatcc01,562,121,7,25,3,0,3,15,0,0,2,36,0,0,4,0,7,127,0.20661157,0.212598425,0.305785124
758,Sonny Gray,0,0,13,1,33.6,118,1918,R,,,,,,,,,,,,,,,,,,,,,,,,,,,,,,,,,,,,,,,,,,,,,,,,,,,,,,,,,,,,,,,,,,,,,,,,,,,,,,Sonny Gray,sonny,gray,grayxso01,,,,,,,,,,,,,,,,,,,,,
868,John Hiller,0,0,15,0,30.5,108,1242,R,,,,,,,,,,,,,,,,,,,,,,,,,,,,,,,,,,,,,,,,,,,,,,,,,,,,,,,,,,,,,,,,,,,,,,,,,,,,,,John Hiller,john,hiller,hillejo01,546,101,2,11,1,0,0,4,0,0,3,34,0,0,4,0,1,108,0.108910891,0.12962963,0.118811881
319,Mark Langston,0,0,16,0,50.1,100,2962.2,R,,,,,,,,,,,,,,,,,,,,,,,,,,,,,,,,,,,,,,,,,,,,,,,,,,,,,,,,,,,,,,,,,,,,,,,,,,,,,,Mark Langston,mark,langston,langsma01,459,92,5,14,3,0,0,5,0,0,2,38,0,0,5,1,0,100,0.152173913,0.16,0.184782609
738,Freddy García,0,0,15,0,34.2,99,2264,R,,,,,,,,,,,,,,,,,,,,,,,,,,,,,,,,,,,,,,,,,,,,,,,,,,,,,,,,,,,,,,,,,,,,,,,,,,,,,,Freddy García,freddy,garca,garcafr01,,,,,,,,,,,,,,,,,,,,,
791,Pat Hentgen,0,0,14,0,32.6,97,2075.1,R,,,,,,,,,,,,,,,,,,,,,,,,,,,,,,,,,,,,,,,,,,,,,,,,,,,,,,,,,,,,,,,,,,,,,,,,,,,,,,Pat Hentgen,pat,hentgen,hentgpa01,344,84,4,9,0,0,0,0,0,0,4,25,0,0,9,0,2,97,0.107142857,0.134020619,0.107142857
259,Kevin Appier,0,0,16,0,54.5,90,2595.1,R,,,,,,,,,,,,,,,,,,,,,,,,,,,,,,,,,,,,,,,,,,,,,,,,,,,,,,,,,,,,,,,,,,,,,,,,,,,,,,Kevin Appier,kevin,appier,appieke01,414,83,4,8,0,0,0,4,0,0,1,39,0,1,5,0,0,90,0.096385542,0.111111111,0.096385542
312,Kenny Rogers,0,0,20,0,50.5,75,3302.2,L,,,,,,,,,,,,,,,,,,,,,,,,,,,,,,,,,,,,,,,,,,,,,,,,,,,,,,,,,,,,,,,,,,,,,,,,,,,,,,Kenny Rogers,kenny,rogers,rogerke01,763,66,5,9,1,1,0,4,1,0,4,25,0,0,5,0,1,75,0.136363636,0.173333333,0.181818182
549,David Price,0,0,14,0,40.2,71,2143.2,L,,,,,,,,,,,,,,,,,,,,,,,,,,,,,,,,,,,,,,,,,,,,,,,,,,,,,,,,,,,,,,,,,,,,,,,,,,,,,,David Price,david,price,priceda01,400,65,1,8,1,0,0,3,0,0,3,28,0,0,2,1,1,71,0.123076923,0.154929577,0.138461538
229,Frank Tanana,0,0,21,0,57.1,64,4188.1,L,,,,,,,,,,,,,,,,,,,,,,,,,,,,,,,,,,,,,,,,,,,,,,,,,,,,,,,,,,,,,,,,,,,,,,,,,,,,,,Frank Tanana,frank,tanana,tananfr01,639,59,3,9,1,1,0,5,0,1,2,12,0,0,3,0,0,64,0.152542373,0.171875,0.203389831
61,Justin Verlander,0,0,20,1,81.7,60,3567.2,R,,,,,,,,,,,,,,,,,,,,,,,,,,,,,,,,,,,,,,,,,,,,,,,,,,,,,,,,,,,,,,,,,,,,,,,,,,,,,,Justin Verlander,justin,verlander,verlaju01,555,50,2,5,0,0,0,1,0,0,0,24,0,0,10,0,2,60,0.1,0.083333333,0.1
220,Chuck Finley,0,0,17,0,57.9,59,3197.1,L,,,,,,,,,,,,,,,,,,,,,,,,,,,,,,,,,,,,,,,,,,,,,,,,,,,,,,,,,,,,,,,,,,,,,,,,,,,,,,Chuck Finley,chuck,finley,finlech01,524,53,3,3,1,0,0,1,0,0,0,26,0,0,6,0,1,59,0.056603774,0.050847458,0.075471698
328,Félix Hernández,0,0,15,0,49.8,59,2729.2,R,,,,,,,,,,,,,,,,,,,,,,,,,,,,,,,,,,,,,,,,,,,,,,,,,,,,,,,,,,,,,,,,,,,,,,,,,,,,,,Félix Hernández,flix,hernndez,hernnfl01,,,,,,,,,,,,,,,,,,,,,
720,Jered Weaver,0,0,12,0,34.6,57,2067.1,R,,,,,,,,,,,,,,,,,,,,,,,,,,,,,,,,,,,,,,,,,,,,,,,,,,,,,,,,,,,,,,,,,,,,,,,,,,,,,,Jered Weaver,jered,weaver,weaveje01,365,208,14,43,6,1,0,13,0,0,6,73,0,1,24,0,1,239,0.206730769,0.209205021,0.245192308
980,Jarrod Washburn,0,0,12,0,28.2,53,1863.2,L,,,,,,,,,,,,,,,,,,,,,,,,,,,,,,,,,,,,,,,,,,,,,,,,,,,,,,,,,,,,,,,,,,,,,,,,,,,,,,Jarrod Washburn,jarrod,washburn,washbja01,314,41,4,9,0,0,0,4,0,0,5,13,0,0,7,0,0,53,0.219512195,0.264150943,0.219512195
416,Brad Radke,0,0,12,0,45.3,34,2451,R,,,,,,,,,,,,,,,,,,,,,,,,,,,,,,,,,,,,,,,,,,,,,,,,,,,,,,,,,,,,,,,,,,,,,,,,,,,,,,Brad Radke,brad,radke,radkebr01,378,29,0,3,0,0,0,0,0,0,0,9,0,0,5,0,0,34,0.103448276,0.088235294,0.103448276
748,Corey Kluber,0,0,13,0,34,32,1641.2,R,,,,,,,,,,,,,,,,,,,,,,,,,,,,,,,,,,,,,,,,,,,,,,,,,,,,,,,,,,,,,,,,,,,,,,,,,,,,,,Corey Kluber,corey,kluber,klubeco01,273,28,2,3,1,0,0,0,0,0,1,15,0,0,3,0,1,32,0.107142857,0.125,0.142857143
227,Chris Sale,0,0,15,1,57.3,27,2084,L,,,,,,,,,,,,,,,,,,,,,,,,,,,,,,,,,,,,,,,,,,,,,,,,,,,,,,,,,,,,,,,,,,,,,,,,,,,,,,Chris Sale,chris,sale,salexch01,,,,,,,,,,,,,,,,,,,,,
340,Jimmy Keppinger,0,0,15,0,48.9,3,2591.2,R,,,,,,,,,,,,,,,,,,,,,,,,,,,,,,,,,,,,,,,,,,,,,,,,,,,,,,,,,,,,,,,,,,,,,,,,,,,,,,Jimmy Keppinger,jimmy,keppinger,keppiji01,,,,,,,,,,,,,,,,,,,,,
235,Dave Steeves,0,0,16,0,56.4,2,2895.1,R,,,,,,,,,,,,,,,,,,,,,,,,,,,,,,,,,,,,,,,,,,,,,,,,,,,,,,,,,,,,,,,,,,,,,,,,,,,,,,Dave Steeves,dave,steeves,steevda01,,,,,,,,,,,,,,,,,,,,,
702,Tom Gordon,0,0,21,0,35,2,2108,R,,,,,,,,,,,,,,,,,,,,,,,,,,,,,,,,,,,,,,,,,,,,,,,,,,,,,,,,,,,,,,,,,,,,,,,,,,,,,,Tom Gordon,tom,gordon,gordoto01,893,2,0,0,0,0,0,0,0,0,0,0,0,0,0,0,0,2,0,0,0
996,Mike Moore,0,0,14,0,27.9,1,2831.2,R,,,,,,,,,,,,,,,,,,,,,,,,,,,,,,,,,,,,,,,,,,,,,,,,,,,,,,,,,,,,,,,,,,,,,,,,,,,,,,Mike Moore,mike,moore,mooremi01,451,1,0,0,0,0,0,0,0,0,0,0,0,0,0,0,0,1,0,0,0
363,Ron Guidry,0,0,14,0,47.8,0,2392,L,,,,,,,,,,,,,,,,,,,,,,,,,,,,,,,,,,,,,,,,,,,,,,,,,,,,,,,,,,,,,,,,,,,,,,,,,,,,,,Ron Guidry,ron,guidry,guidrro01,379,0,4,0,0,0,0,0,0,0,0,0,0,0,0,0,0,0,,,
633,Mark Gubicza,0,0,14,0,37.4,0,2223.1,R,,,,,,,,,,,,,,,,,,,,,,,,,,,,,,,,,,,,,,,,,,,,,,,,,,,,,,,,,,,,,,,,,,,,,,,,,,,,,,Mark Gubicza,mark,gubicza,gubicma01,384,0,0,0,0,0,0,0,0,0,0,0,0,0,0,0,0,0,,,
837,Mike Boddicker,0,0,14,0,31.3,0,2123.2,R,,,,,,,,,,,,,,,,,,,,,,,,,,,,,,,,,,,,,,,,,,,,,,,,,,,,,,,,,,,,,,,,,,,,,,,,,,,,,,Mike Boddicker,mike,boddicker,boddimi01,346,0,2,0,0,0,0,0,0,0,0,0,0,0,0,0,0,0,,,
877,Teddy Higuera,0,0,9,0,30.3,0,1380,B,,,,,,,,,,,,,,,,,,,,,,,,,,,,,,,,,,,,,,,,,,,,,,,,,,,,,,,,,,,,,,,,,,,,,,,,,,,,,,Teddy Higuera,teddy,higuera,higuete01,213,0,0,0,0,0,0,0,0,0,0,0,0,0,0,0,0,0,,,
998,Jack McDowell,0,0,12,0,27.8,0,1889,R,,,,,,,,,,,,,,,,,,,,,,,,,,,,,,,,,,,,,,,,,,,,,,,,,,,,,,,,,,,,,,,,,,,,,,,,,,,,,,Jack McDowell,jack,mcdowell,mcdowja01,277,0,0,0,0,0,0,0,0,0,0,0,0,0,0,0,0,0,,,
