Rk,Name,HOF (1/0),Induction Year,Years,"Active (1,0)",Wins Above Replacement,PA_x,IP_x,Bats/Throws,Inducted_x,Yrs_x,From_x,To_x,ASG_x,WAR/pos,G_x,PA_y,AB,R_x,H_x,2B,3B,HR_x,RBI,SB,CS,BB_x,SO_x,IBB_x,GDP,SF,SH,BA,OBP,SLG,OPS,POS_x,PITCH_x,MLB_x,NL_x,MLB/NL_x,Inducted_y,Yrs_y,From_y,To_y,ASG_y,WAR,W,L,W-L%,ERA,G_y,GS,GF,CG,SHO,SV,IP_y,H_y,R_y,ER,HR_y,BB_y,IBB_y,SO_y,HBP,BK,WP,BF,POS_y,PITCH_y,MLB_y,NL_y,MLB/NL_y,Year,Unnamed: 2,Voted By,1,2,3,4,5,6,7,8,9,10,11,12,13,14,15,16,Inducted As,Votes,% of Ballots
33,Carl Yastrzemski,1,1989,23,0,96.4,13992,,L,1989,23,1961,1983,18,96.4,3308,13992,11988,1816,3419,646,59,452,1844,168,116,1845,1393,190,323,105,13,0.285,0.379,0.462,0.841,0,0,1,0,0,,,,,,,,,,,,,,,,,,,,,,,,,,,,,,,,,,1989,1939-Living,BBWAA,1,0,0,0,0,0,0,0,0,0,0,0,0,0,0,0,Player,423,94.60%
7,Henry Aaron,1,1982,23,0,143.2,13941,,R,1982,23,1954,1976,25,143.2,3298,13941,12364,2174,3771,624,98,755,2297,240,73,1402,1383,293,328,121,21,0.305,0.374,0.555,0.928,1,0,1,0,0,,,,,,,,,,,,,,,,,,,,,,,,,,,,,,,,,,1982,1934-2021,BBWAA,1,0,0,0,0,0,0,0,0,0,0,0,0,0,0,0,Player,406,97.80%
19,Rickey Henderson,1,2009,25,0,111.2,13346,,R,2009,25,1979,2003,10,111.2,3081,13346,10961,2295,3055,510,66,297,1115,1406,335,2190,1694,61,172,67,30,0.279,0.401,0.419,0.82,1,0,1,0,0,,,,,,,,,,,,,,,,,,,,,,,,,,,,,,,,,,2009,1958-2024,BBWAA,1,0,0,0,0,0,0,0,0,0,0,0,0,0,0,0,Player,511,94.80%
6,Ty Cobb,1,1936,24,0,151.4,13103,5,L,1936,24,1905,1928,0,151.4,3034,13103,11440,2245,4189,724,295,117,1944,897,215,1249,680,9,,,292,0.366,0.433,0.512,0.944,1,0,1,0,0,,,,,,,,,,,,,,,,,,,,,,,,,,,,,,,,,,1936,1886-1961,BBWAA,1,0,0,0,0,0,0,0,0,0,0,0,0,0,0,0,Player,222,98.20%
35,Cal Ripken Jr.,1,2007,21,0,95.9,12883,,R,2007,21,1981,2001,19,95.9,3001,12883,11551,1647,3184,603,44,431,1695,36,39,1129,1305,107,350,127,10,0.276,0.34,0.447,0.788,1,0,1,0,0,,,,,,,,,,,,,,,,,,,,,,,,,,,,,,,,,,2007,1960-Living,BBWAA,1,0,0,0,0,0,0,0,0,0,0,0,0,0,0,0,Player,537,98.50%
112,Eddie Murray,1,2003,21,0,68.7,12817,,B,2003,21,1977,1997,8,68.7,3026,12817,11336,1627,3255,560,35,504,1917,110,43,1333,1516,222,315,128,2,0.287,0.359,0.476,0.836,1,0,1,0,0,,,,,,,,,,,,,,,,,,,,,,,,,,,,,,,,,,2003,1956-Living,BBWAA,1,0,0,0,0,0,0,0,0,0,0,0,0,0,0,0,Player,423,85.30%
11,Stan Musial,1,1969,22,0,128.6,12721,0,L,1969,22,1941,1963,24,128.6,3026,12721,10972,1949,3630,725,177,475,1951,78,71,1599,696,298,243,53,35,0.331,0.417,0.559,0.976,0,0,1,0,0,,,,,,,,,,,,,,,,,,,,,,,,,,,,,,,,,,1969,1920-2013,BBWAA,1,0,0,0,0,0,0,0,0,0,0,0,0,0,0,0,Player,317,93.20%
96,Derek Jeter,1,2020,20,0,71.3,12602,,R,2020,20,1995,2014,14,71.3,2747,12602,11195,1923,3465,544,66,260,1311,358,97,1082,1840,39,287,58,97,0.31,0.377,0.44,0.817,1,0,1,0,0,,,,,,,,,,,,,,,,,,,,,,,,,,,,,,,,,,2020,1974-Living,BBWAA,1,0,0,0,0,0,0,0,0,0,0,0,0,0,0,0,Player,396,99.70%
5,Willie Mays,1,1979,23,0,156.2,12545,,R,1979,23,1948,1973,24,156.2,3005,12545,10924,2068,3293,525,141,660,1909,339,103,1468,1526,214,251,91,13,0.301,0.384,0.557,0.94,1,0,0,0,1,,,,,,,,,,,,,,,,,,,,,,,,,,,,,,,,,,1979,1931-2024,BBWAA,1,0,0,0,0,0,0,0,0,0,0,0,0,0,0,0,Player,409,94.70%
141,Craig Biggio,1,2015,20,0,65.5,12504,,R,2015,20,1988,2007,7,65.5,2850,12504,10876,1844,3060,668,55,291,1175,414,124,1160,1753,68,150,81,101,0.281,0.363,0.433,0.796,0,0,1,0,0,,,,,,,,,,,,,,,,,,,,,,,,,,,,,,,,,,2015,1965-Living,BBWAA,1,0,0,0,0,0,0,0,0,0,0,0,0,0,0,0,Player,454,82.70%
148,Dave Winfield,1,2001,22,0,64.2,12358,,R,2001,22,1973,1995,12,64.2,2973,12358,11003,1669,3110,540,88,465,1833,223,96,1216,1686,172,319,95,19,0.283,0.353,0.475,0.827,1,0,1,0,0,,,,,,,,,,,,,,,,,,,,,,,,,,,,,,,,,,2001,1951-Living,BBWAA,1,0,0,0,0,0,0,0,0,0,0,0,0,0,0,0,Player,435,84.50%
73,Robin Yount,1,1999,20,0,77.4,12249,,R,1999,20,1974,1993,3,77.4,2856,12249,11008,1632,3142,583,126,251,1406,271,105,966,1350,95,217,123,104,0.285,0.342,0.43,0.772,1,0,1,0,0,,,,,,,,,,,,,,,,,,,,,,,,,,,,,,,,,,1999,1955-Living,BBWAA,1,0,0,0,0,0,0,0,0,0,0,0,0,0,0,0,Player,385,77.50%
79,Paul Molitor,1,2004,21,0,75.7,12167,,R,2004,21,1978,1998,7,75.7,2683,12167,10835,1782,3319,605,114,234,1307,504,131,1094,1244,100,209,109,75,0.306,0.369,0.448,0.817,0,0,1,0,0,,,,,,,,,,,,,,,,,,,,,,,,,,,,,,,,,,2004,1956-Living,BBWAA,1,0,0,0,0,0,0,0,0,0,0,0,0,0,0,0,Player,431,85.20%
40,Adrian Beltré,1,2024,21,0,93.7,12130,,R,2024,21,1998,2018,4,93.7,2933,12130,11068,1524,3166,636,38,477,1707,121,42,848,1732,112,279,103,14,0.286,0.339,0.48,0.819,1,0,1,0,0,,,,,,,,,,,,,,,,,,,,,,,,,,,,,,,,,,2024,1979-Living,BBWAA,1,0,0,0,0,0,0,0,0,0,0,0,0,0,0,0,Player,366,95.10%
13,Eddie Collins,1,1939,25,0,124.2,12087,,L,1939,25,1906,1930,0,124.2,2826,12087,9949,1821,3315,438,187,47,1299,741,196,1499,467,15,,,512,0.333,0.424,0.429,0.853,1,0,1,0,0,,,,,,,,,,,,,,,,,,,,,,,,,,,,,,,,,,1939,1887-1951,BBWAA,1,0,0,0,0,0,0,0,0,0,0,0,0,0,0,0,Player,213,77.70%
9,Tris Speaker,1,1937,22,0,134.9,12021,1,L,1937,22,1907,1928,0,135,2789,12021,10195,1882,3514,792,222,117,1531,436,158,1381,393,4,,,309,0.345,0.428,0.5,0.928,1,0,1,0,0,,,,,,,,,,,,,,,,,,,,,,,,,,,,,,,,,,1937,1888-1958,BBWAA,1,0,0,0,0,0,0,0,0,0,0,0,0,0,0,0,Player,165,82.10%
71,Brooks Robinson,1,1983,23,0,78.3,11782,,R,1983,23,1955,1977,18,78.3,2896,11782,10654,1232,2848,482,68,268,1357,28,22,860,990,120,297,114,101,0.267,0.322,0.401,0.723,1,0,1,0,0,,,,,,,,,,,,,,,,,,,,,,,,,,,,,,,,,,1983,1937-2023,BBWAA,1,0,0,0,0,0,0,0,0,0,0,0,0,0,0,0,Player,344,92.00%
10,Honus Wagner,1,1936,21,0,131.1,11766,8.1,R,1936,21,1897,1917,0,131.1,2794,11766,10439,1739,3420,643,252,101,1732,723,26,963,735,,,,221,0.328,0.391,0.467,0.858,1,0,1,0,0,,,,,,,,,,,,,,,,,,,,,,,,,,,,,,,,,,1936,1874-1955,BBWAA,1,0,0,0,0,0,0,0,0,0,0,0,0,0,0,0,Player,215,95.10%
23,Frank Robinson,1,1982,21,0,107.2,11744,,R,1982,21,1956,1976,14,107.2,2808,11744,10006,1829,2943,528,72,586,1812,204,77,1420,1532,218,270,102,17,0.294,0.389,0.537,0.926,1,0,1,0,0,,,,,,,,,,,,,,,,,,,,,,,,,,,,,,,,,,1982,1935-2019,BBWAA,1,0,0,0,0,0,0,0,0,0,0,0,0,0,0,0,Player,370,89.20%
48,George Brett,1,1999,21,0,88.6,11625,,L,1999,21,1973,1993,13,88.6,2707,11625,10349,1583,3154,665,137,317,1596,201,97,1096,908,229,235,120,26,0.305,0.369,0.487,0.857,0,0,1,0,0,,,,,,,,,,,,,,,,,,,,,,,,,,,,,,,,,,1999,1953-Living,BBWAA,1,0,0,0,0,0,0,0,0,0,0,0,0,0,0,0,Player,488,98.20%
42,Al Kaline,1,1980,22,0,92.8,11597,,R,1980,22,1953,1974,18,92.8,2834,11597,10116,1622,3007,498,75,399,1582,137,65,1277,1020,133,271,104,45,0.297,0.376,0.48,0.855,0,0,1,0,0,,,,,,,,,,,,,,,,,,,,,,,,,,,,,,,,,,1980,1934-2020,BBWAA,1,0,0,0,0,0,0,0,0,0,0,0,0,0,0,0,Player,340,88.30%
88,Reggie Jackson,1,1993,21,0,74,11418,,L,1993,21,1967,1987,14,74,2820,11418,9864,1551,2584,463,49,563,1702,228,115,1375,2597,164,183,68,13,0.262,0.356,0.49,0.846,0,0,1,0,0,,,,,,,,,,,,,,,,,,,,,,,,,,,,,,,,,,1993,1946-Living,BBWAA,1,0,0,0,0,0,0,0,0,0,0,0,0,0,0,0,Player,396,93.60%
20,Mel Ott,1,1951,22,0,111,11347,,L,1951,22,1926,1947,11,111,2730,11347,9456,1859,2876,488,72,511,1860,89,95,1708,896,129,82,,110,0.304,0.414,0.533,0.947,1,0,1,0,0,,,,,,,,,,,,,,,,,,,,,,,,,,,,,,,,,,1951,1909-1958,BBWAA,1,0,0,0,0,0,0,0,0,0,0,0,0,0,0,0,Player,197,87.20%
39,Cap Anson,1,1939,27,0,94.3,11331,4,R,1939,27,1871,1897,0,94.4,2524,11331,10281,1999,3435,582,142,97,2075,277,16,984,330,,6,,34,0.334,0.394,0.447,0.841,1,0,1,0,0,,,,,,,,,,,,,,,,,,,,,,,,,,,,,,,,,,1939,1852-1922,Old Timers,0,0,0,0,0,0,0,0,0,0,0,0,1,0,0,0,Player,,
31,Joe Morgan,1,1990,22,0,100.6,11329,,L,1990,22,1963,1984,10,100.6,2649,11329,9277,1650,2517,449,96,268,1133,689,162,1865,1015,76,105,96,51,0.271,0.392,0.427,0.819,0,0,1,0,0,,,,,,,,,,,,,,,,,,,,,,,,,,,,,,,,,,1990,1943-2020,BBWAA,1,0,0,0,0,0,0,0,0,0,0,0,0,0,0,0,Player,363,81.80%
58,Ken Griffey Jr.,1,2016,22,0,83.8,11304,,L,2016,22,1989,2010,13,83.8,2671,11304,9801,1662,2781,524,38,630,1836,184,69,1312,1779,246,199,102,8,0.284,0.37,0.538,0.907,0,0,1,0,0,,,,,,,,,,,,,,,,,,,,,,,,,,,,,,,,,,2016,1969-Living,BBWAA,1,0,0,0,0,0,0,0,0,0,0,0,0,0,0,0,Player,437,99.30%
450,Rabbit Maranville,1,1954,23,0,44,11260,,R,1954,23,1912,1935,0,44,2670,11260,10078,1256,2605,380,177,28,884,291,150,839,756,4,21,,300,0.258,0.318,0.34,0.658,1,0,1,0,0,,,,,,,,,,,,,,,,,,,,,,,,,,,,,,,,,,1954,1891-1954,BBWAA,1,0,0,0,0,0,0,0,0,0,0,0,0,0,0,0,Player,209,82.90%
412,Lou Brock,1,1985,19,0,45.3,11240,,L,1985,19,1961,1979,6,45.3,2616,11240,10332,1610,3023,486,141,149,900,938,307,761,1730,124,114,46,47,0.293,0.343,0.41,0.753,1,0,1,0,0,,,,,,,,,,,,,,,,,,,,,,,,,,,,,,,,,,1985,1939-2020,BBWAA,1,0,0,0,0,0,0,0,0,0,0,0,0,0,0,0,Player,315,79.70%
241,Luis Aparicio,1,1984,18,0,55.9,11231,,R,1984,18,1956,1973,13,55.9,2599,11231,10230,1335,2677,394,92,83,791,506,136,736,742,22,184,76,161,0.262,0.311,0.343,0.653,0,0,1,0,0,,,,,,,,,,,,,,,,,,,,,,,,,,,,,,,,,,1984,1934-Living,BBWAA,1,0,0,0,0,0,0,0,0,0,0,0,0,0,0,0,Player,341,84.60%
584,Harold Baines,1,2019,22,0,38.8,11092,,L,2019,22,1980,2001,6,38.8,2830,11092,9908,1299,2866,488,49,384,1628,34,34,1062,1441,187,298,99,9,0.289,0.356,0.465,0.82,0,0,1,0,0,,,,,,,,,,,,,,,,,,,,,,,,,,,,,,,,,,2019,1959-Living,Today's Game Era,0,0,0,1,0,0,0,0,0,0,0,0,0,0,0,0,Player,12,75.00%
105,Carlos Beltrán,1,2026,20,0,70,11031,,B,2026,20,1998,2017,9,70,2586,11031,9768,1582,2725,565,78,435,1587,312,49,1084,1795,104,203,110,18,0.279,0.35,0.486,0.837,0,0,1,0,0,,,,,,,,,,,,,,,,,,,,,,,,,,,,,,,,,,2026,1977-Living,BBWAA,1,0,0,0,0,0,0,0,0,0,0,0,0,0,0,0,Player,358,84.20%
266,Tony Pérez,1,2000,23,0,53.9,10861,,R,2000,23,1964,1986,7,53.9,2777,10861,9778,1272,2732,505,79,379,1652,49,33,925,1867,150,268,106,9,0.279,0.341,0.463,0.804,0,0,1,0,0,,,,,,,,,,,,,,,,,,,,,,,,,,,,,,,,,,2000,1942-Living,BBWAA,1,0,0,0,0,0,0,0,0,0,0,0,0,0,0,0,Player,385,77.20%
76,Ozzie Smith,1,2002,19,0,76.9,10778,,B,2002,19,1978,1996,15,76.9,2573,10778,9396,1257,2460,402,69,28,793,580,148,1072,589,79,167,63,214,0.262,0.337,0.328,0.666,0,0,1,0,0,,,,,,,,,,,,,,,,,,,,,,,,,,,,,,,,,,2002,1954-Living,BBWAA,1,0,0,0,0,0,0,0,0,0,0,0,0,0,0,0,Player,433,91.70%
247,Max Carey,1,1961,20,0,55.6,10772,,B,1961,20,1910,1929,0,55.6,2476,10772,9363,1545,2665,419,159,70,802,738,127,1040,695,6,,,290,0.285,0.361,0.386,0.747,0,0,1,0,0,,,,,,,,,,,,,,,,,,,,,,,,,,,,,,,,,,1961,1890-1976,Veterans,0,0,0,0,0,1,0,0,0,0,0,0,0,0,0,0,Player,,
87,Paul Waner,1,1952,20,0,74.7,10769,,L,1952,20,1926,1945,4,74.7,2549,10769,9459,1627,3152,605,191,113,1309,104,101,1091,376,53,127,,174,0.333,0.404,0.473,0.878,0,0,1,0,0,,,,,,,,,,,,,,,,,,,,,,,,,,,,,,,,,,1952,1903-1965,BBWAA,1,0,0,0,0,0,0,0,0,0,0,0,0,0,0,0,Player,195,83.30%
142,Andre Dawson,1,2010,21,0,64.8,10769,,R,2010,21,1976,1996,8,64.8,2627,10769,9927,1373,2774,503,98,438,1591,314,109,589,1509,143,217,118,24,0.279,0.323,0.482,0.806,1,0,1,0,0,,,,,,,,,,,,,,,,,,,,,,,,,,,,,,,,,,2010,1954-Living,BBWAA,1,0,0,0,0,0,0,0,0,0,0,0,0,0,0,0,Player,420,77.90%
43,Wade Boggs,1,2005,18,0,91.4,10740,2.1,L,2005,18,1982,1999,12,91.4,2439,10740,9180,1513,3010,578,61,118,1014,24,35,1412,745,180,236,96,29,0.328,0.415,0.443,0.858,0,0,1,0,0,,,,,,,,,,,,,,,,,,,,,,,,,,,,,,,,,,2005,1958-Living,BBWAA,1,0,0,0,0,0,0,0,0,0,0,0,0,0,0,0,Player,474,91.90%
196,Ichiro Suzuki,1,2025,19,0,60,10734,1,L,2025,19,2001,2019,10,60,2653,10734,9934,1420,3089,362,96,117,780,509,117,647,1080,181,92,48,50,0.311,0.355,0.402,0.757,1,0,1,0,0,,,,,,,,,,,,,,,,,,,,,,,,,,,,,,,,,,2025,1973-Living,BBWAA,1,0,0,0,0,0,0,0,0,0,0,0,0,0,0,0,Player,393,99.70%
1,Babe Ruth,1,1936,22,0,182.6,10628,1221.1,L,1936,22,1914,1935,2,162.2,2503,10628,8399,2174,2873,506,136,714,2214,123,116,2062,1330,79,2,,114,0.342,0.474,0.69,1.164,1,0,1,0,0,1936,22,1914,1935,2,20.36,94,46,0.671,2.28,163,147,12,107,17,4,1221.1,974,400,309,10,441,0,488,29,4,25,4896,0,1,1,0,0,1936,1895-1948,BBWAA,1,0,0,0,0,0,0,0,0,0,0,0,0,0,0,0,Player,215,95.10%
82,Sam Crawford,1,1957,19,0,75.3,10627,,L,1957,19,1899,1917,0,75.3,2517,10627,9570,1391,2961,458,309,97,1523,367,43,760,580,,,,241,0.309,0.362,0.452,0.814,1,0,1,0,0,,,,,,,,,,,,,,,,,,,,,,,,,,,,,,,,,,1957,1880-1968,Veterans,0,0,0,0,0,1,0,0,0,0,0,0,0,0,0,0,Player,,
52,Chipper Jones,1,2018,19,0,85.3,10614,,B,2018,19,1993,2012,8,85.3,2499,10614,8984,1619,2726,549,38,468,1623,150,46,1512,1409,177,253,97,3,0.303,0.401,0.529,0.93,1,0,1,0,0,,,,,,,,,,,,,,,,,,,,,,,,,,,,,,,,,,2018,1972-Living,BBWAA,1,0,0,0,0,0,0,0,0,0,0,0,0,0,0,0,Player,410,97.20%
63,Rod Carew,1,1991,19,0,81.2,10550,,L,1991,19,1967,1985,18,81.2,2469,10550,9315,1424,3053,445,112,92,1015,353,187,1018,1028,144,216,64,128,0.328,0.393,0.429,0.822,0,0,1,0,0,,,,,,,,,,,,,,,,,,,,,,,,,,,,,,,,,,1991,1945-Living,BBWAA,1,0,0,0,0,0,0,0,0,0,0,0,0,0,0,0,Player,401,90.50%
155,Billy Williams,1,1987,18,0,63.7,10519,,L,1987,18,1959,1976,6,63.7,2488,10519,9350,1410,2711,434,88,426,1475,90,49,1045,1046,182,200,73,8,0.29,0.361,0.492,0.853,1,0,1,0,0,,,,,,,,,,,,,,,,,,,,,,,,,,,,,,,,,,1987,1938-Living,BBWAA,1,0,0,0,0,0,0,0,0,0,0,0,0,0,0,0,Player,354,85.70%
181,Jake Beckley,1,1971,20,0,61.2,10518,4,L,1971,20,1888,1907,0,61.5,2392,10518,9551,1603,2938,473,244,87,1581,315,,616,526,,,,167,0.308,0.361,0.436,0.797,1,0,1,0,0,,,,,,,,,,,,,,,,,,,,,,,,,,,,,,,,,,1971,1867-1918,Veterans,0,0,0,0,0,1,0,0,0,0,0,0,0,0,0,0,Player,,
24,Nap Lajoie,1,1937,21,0,106.9,10471,,R,1937,21,1896,1916,0,106.9,2480,10471,9590,1504,3243,657,163,82,1599,380,26,516,347,,,,221,0.338,0.38,0.466,0.846,1,0,1,0,0,,,,,,,,,,,,,,,,,,,,,,,,,,,,,,,,,,1937,1874-1959,BBWAA,1,0,0,0,0,0,0,0,0,0,0,0,0,0,0,0,Player,168,83.60%
131,Roberto Alomar,1,2011,17,0,67,10400,,B,2011,17,1988,2004,12,67,2379,10400,9073,1508,2724,504,80,210,1134,474,114,1032,1140,62,206,97,148,0.3,0.371,0.443,0.814,1,0,1,0,0,,,,,,,,,,,,,,,,,,,,,,,,,,,,,,,,,,2011,1968-Living,BBWAA,1,0,0,0,0,0,0,0,0,0,0,0,0,0,0,0,Player,523,90.00%
126,Ernie Banks,1,1977,19,0,67.8,10396,,R,1977,19,1953,1971,14,67.8,2528,10396,9421,1305,2583,407,90,512,1636,50,53,763,1236,202,229,96,45,0.274,0.33,0.5,0.83,1,0,1,0,0,,,,,,,,,,,,,,,,,,,,,,,,,,,,,,,,,,1977,1931-2015,BBWAA,1,0,0,0,0,0,0,0,0,0,0,0,0,0,0,0,Player,321,83.80%
107,Tim Raines,1,2017,23,0,69.5,10359,,B,2017,23,1979,2002,7,69.5,2502,10359,8872,1571,2605,430,113,170,980,808,146,1330,966,148,142,76,39,0.294,0.385,0.425,0.81,0,0,1,0,0,,,,,,,,,,,,,,,,,,,,,,,,,,,,,,,,,,2017,1959-Living,BBWAA,1,0,0,0,0,0,0,0,0,0,0,0,0,0,0,0,Player,380,86.00%
334,Nellie Fox,1,1997,19,0,49.3,10351,,L,1997,19,1947,1965,15,49.3,2367,10351,9232,1279,2663,355,112,35,790,76,80,719,216,30,175,48,208,0.288,0.348,0.363,0.71,1,0,1,0,0,,,,,,,,,,,,,,,,,,,,,,,,,,,,,,,,,,1997,1927-1975,Veterans,0,0,0,0,0,1,0,0,0,0,0,0,0,0,0,0,Player,,
91,Jim Thome,1,2018,22,0,72.9,10313,,L,2018,22,1991,2012,5,72.9,2543,10313,8422,1583,2328,451,26,612,1699,19,20,1747,2548,173,165,74,1,0.276,0.402,0.554,0.956,0,0,1,0,0,,,,,,,,,,,,,,,,,,,,,,,,,,,,,,,,,,2018,1970-Living,BBWAA,1,0,0,0,0,0,0,0,0,0,0,0,0,0,0,0,Player,379,89.80%
270,Harry Hooper,1,1971,17,0,53.6,10278,2,L,1971,17,1909,1925,0,53.5,2309,10278,8785,1429,2466,389,160,75,816,375,141,1136,582,3,,,247,0.281,0.368,0.387,0.755,0,0,1,0,0,,,,,,,,,,,,,,,,,,,,,,,,,,,,,,,,,,1971,1887-1974,Veterans,0,0,0,0,0,1,0,0,0,0,0,0,0,0,0,0,Player,,
113,Iván Rodríguez,1,2017,21,0,68.7,10270,,R,2017,21,1991,2011,14,68.7,2543,10270,9592,1354,2844,572,51,311,1332,127,64,513,1474,67,337,76,31,0.296,0.334,0.464,0.798,1,0,1,0,0,,,,,,,,,,,,,,,,,,,,,,,,,,,,,,,,,,2017,1971-Living,BBWAA,1,0,0,0,0,0,0,0,0,0,0,0,0,0,0,0,Player,336,76.00%
260,Sam Rice,1,1963,20,0,54.4,10260,39.1,L,1963,20,1915,1934,0,54.3,2404,10260,9269,1514,2987,498,184,34,1077,351,147,708,275,10,,,213,0.322,0.374,0.427,0.801,0,0,1,0,0,,,,,,,,,,,,,,,,,,,,,,,,,,,,,,,,,,1963,1890-1974,Veterans,0,0,0,0,0,1,0,0,0,0,0,0,0,0,0,0,Player,,
75,Luke Appling,1,1964,20,0,77.2,10254,,R,1964,20,1930,1950,7,77.2,2422,10254,8856,1319,2749,440,102,45,1116,179,108,1302,528,68,129,,74,0.31,0.399,0.398,0.798,0,0,1,0,0,,,,,,,,,,,,,,,,,,,,,,,,,,,,,,,,,,1964,1907-1991,Run Off,0,0,0,0,0,0,0,0,0,0,0,0,0,0,1,0,Player,189,94.00%
53,Charlie Gehringer,1,1949,19,0,84.8,10245,,L,1949,19,1924,1942,6,84.8,2323,10245,8860,1775,2839,574,146,184,1427,181,93,1186,372,43,27,,141,0.32,0.404,0.48,0.884,1,0,1,0,0,,,,,,,,,,,,,,,,,,,,,,,,,,,,,,,,,,1949,1903-1993,Run Off,0,0,0,0,0,0,0,0,0,0,0,0,0,0,1,0,Player,159,85.00%
110,Tony Gwynn,1,2007,20,0,69.2,10232,,L,2007,20,1982,2001,15,69.2,2440,10232,9288,1383,3141,543,85,135,1138,319,125,790,434,203,259,85,45,0.338,0.388,0.459,0.847,1,0,1,0,0,,,,,,,,,,,,,,,,,,,,,,,,,,,,,,,,,,2007,1960-2014,BBWAA,1,0,0,0,0,0,0,0,0,0,0,0,0,0,0,0,Player,532,97.60%
37,Roberto Clemente,1,1973,18,0,95,10212,,R,1973,18,1955,1972,15,95,2433,10212,9454,1416,3000,440,166,240,1305,83,46,621,1230,167,275,66,36,0.317,0.359,0.475,0.834,1,0,1,0,0,,,,,,,,,,,,,,,,,,,,,,,,,,,,,,,,,,1973,1934-1972,Special Election,0,0,0,0,0,0,0,0,0,0,0,0,0,0,0,1,Player,,
54,George Davis,1,1998,20,0,84.5,10188,4,B,1998,20,1890,1909,0,84.9,2372,10188,9045,1545,2665,453,163,73,1440,619,,874,613,,,,184,0.295,0.362,0.405,0.767,1,0,1,0,0,,,,,,,,,,,,,,,,,,,,,,,,,,,,,,,,,,1998,1870-1940,Veterans,0,0,0,0,0,1,0,0,0,0,0,0,0,0,0,0,Player,,
550,Dave Parker,1,2025,19,0,40.1,10184,,L,2025,19,1973,1991,7,40.1,2466,10184,9358,1272,2712,526,75,339,1493,154,113,683,1537,170,209,86,1,0.29,0.339,0.471,0.81,1,0,1,0,0,,,,,,,,,,,,,,,,,,,,,,,,,,,,,,,,,,2025,1951-2025,Classic Baseball Era,0,0,0,0,0,0,0,0,1,0,0,0,0,0,0,0,Player,,
285,Fred McGriff,1,2023,19,0,52.6,10174,,L,2023,19,1986,2004,5,52.6,2460,10174,8757,1349,2490,441,24,493,1550,72,38,1305,1882,171,226,71,2,0.284,0.377,0.509,0.886,1,0,1,0,0,,,,,,,,,,,,,,,,,,,,,,,,,,,,,,,,,,2023,1963-Living,Contemporary Baseball Era,0,0,0,0,0,0,0,0,0,1,0,0,0,0,0,0,Player,16,100.00%
34,Eddie Mathews,1,1978,17,0,96,10101,,L,1978,17,1952,1968,12,96,2391,10101,8537,1509,2315,354,72,512,1453,68,39,1444,1487,142,123,58,36,0.271,0.376,0.509,0.885,1,0,1,0,0,,,,,,,,,,,,,,,,,,,,,,,,,,,,,,,,,,1978,1931-2001,BBWAA,1,0,0,0,0,0,0,0,0,0,0,0,0,0,0,0,Player,301,79.40%
94,Frankie Frisch,1,1947,19,0,72,10101,,B,1947,19,1919,1937,3,72,2311,10101,9112,1532,2880,466,138,105,1244,419,176,728,272,25,55,,229,0.316,0.369,0.432,0.801,1,0,1,0,0,,,,,,,,,,,,,,,,,,,,,,,,,,,,,,,,,,1947,1897-1973,BBWAA,1,0,0,0,0,0,0,0,0,0,0,0,0,0,0,0,Player,136,84.50%
257,David Ortiz,1,2022,20,0,55,10091,,L,2022,20,1997,2016,10,55,2408,10091,8640,1419,2472,632,19,541,1768,17,9,1319,1750,209,236,92,2,0.286,0.38,0.552,0.931,0,0,1,0,0,,,,,,,,,,,,,,,,,,,,,,,,,,,,,,,,,,2022,1975-Living,BBWAA,1,0,0,0,0,0,0,0,0,0,0,0,0,0,0,0,Player,307,77.90%
89,Frank Thomas,1,2014,19,0,73.8,10075,,R,2014,19,1990,2008,5,73.8,2322,10075,8199,1494,2468,495,12,521,1704,32,23,1667,1397,168,226,121,0,0.301,0.419,0.555,0.974,0,0,1,0,0,,,,,,,,,,,,,,,,,,,,,,,,,,,,,,,,,,2014,1968-Living,BBWAA,1,0,0,0,0,0,0,0,0,0,0,0,0,0,0,0,Player,478,83.70%
25,Mike Schmidt,1,1995,18,0,106.9,10062,,R,1995,18,1972,1989,12,106.9,2404,10062,8352,1506,2234,408,59,548,1595,174,92,1507,1883,201,156,108,16,0.267,0.38,0.527,0.908,1,0,1,0,0,,,,,,,,,,,,,,,,,,,,,,,,,,,,,,,,,,1995,1949-Living,BBWAA,1,0,0,0,0,0,0,0,0,0,0,0,0,0,0,0,Player,444,96.50%
187,Zack Wheat,1,1959,19,0,60.4,10007,,L,1959,19,1909,1927,0,60.4,2410,10007,9106,1289,2884,476,172,132,1248,205,73,650,572,15,,,163,0.317,0.367,0.45,0.817,0,0,1,0,0,,,,,,,,,,,,,,,,,,,,,,,,,,,,,,,,,,1959,1888-1972,Veterans,0,0,0,0,0,1,0,0,0,0,0,0,0,0,0,0,Player,,
21,Mickey Mantle,1,1974,18,0,110.3,9910,,B,1974,18,1951,1968,20,110.3,2401,9910,8102,1676,2415,344,72,536,1509,153,38,1733,1710,148,113,47,14,0.298,0.421,0.557,0.977,1,0,1,0,0,,,,,,,,,,,,,,,,,,,,,,,,,,,,,,,,,,1974,1931-1995,BBWAA,1,0,0,0,0,0,0,0,0,0,0,0,0,0,0,0,Player,322,88.20%
123,Fred Clarke,1,1945,21,0,68,9864,,L,1945,21,1894,1915,0,68,2246,9864,8584,1622,2678,361,220,67,1015,509,0,875,511,,,,225,0.312,0.386,0.429,0.814,1,0,1,0,0,,,,,,,,,,,,,,,,,,,,,,,,,,,,,,,,,,1945,1872-1960,Old Timers,0,0,0,0,0,0,0,0,0,0,0,0,1,0,0,0,Player,,
120,Carlton Fisk,1,2000,24,0,68.4,9853,,R,2000,24,1969,1993,11,68.4,2499,9853,8756,1276,2356,421,47,376,1330,128,58,849,1386,105,204,79,26,0.269,0.341,0.457,0.797,1,0,1,0,0,,,,,,,,,,,,,,,,,,,,,,,,,,,,,,,,,,2000,1947-Living,BBWAA,1,0,0,0,0,0,0,0,0,0,0,0,0,0,0,0,Player,397,79.60%
188,Harmon Killebrew,1,1984,22,0,60.4,9833,,R,1984,22,1954,1975,13,60.4,2435,9833,8147,1283,2086,290,24,573,1584,19,18,1559,1699,160,243,77,0,0.256,0.376,0.509,0.884,1,0,1,0,0,,,,,,,,,,,,,,,,,,,,,,,,,,,,,,,,,,1984,1936-2011,BBWAA,1,0,0,0,0,0,0,0,0,0,0,0,0,0,0,0,Player,335,83.10%
137,Goose Goslin,1,1968,18,0,66,9831,,L,1968,18,1921,1938,1,66,2287,9831,8656,1482,2735,500,173,248,1612,176,94,949,585,67,,,162,0.316,0.387,0.5,0.887,0,0,1,0,0,,,,,,,,,,,,,,,,,,,,,,,,,,,,,,,,,,1968,1900-1971,Veterans,0,0,0,0,0,1,0,0,0,0,0,0,0,0,0,0,Player,,
14,Ted Williams,1,1966,19,0,121.8,9792,2,L,1966,19,1939,1960,19,121.8,2292,9792,7706,1798,2654,525,71,521,1839,24,17,2021,709,258,197,20,5,0.344,0.482,0.634,1.116,1,0,1,0,0,,,,,,,,,,,,,,,,,,,,,,,,,,,,,,,,,,1966,1918-2002,BBWAA,1,0,0,0,0,0,0,0,0,0,0,0,0,0,0,0,Player,282,93.40%
147,Richie Ashburn,1,1995,15,0,64.3,9737,,L,1995,15,1948,1962,6,64.3,2189,9737,8365,1322,2574,317,109,29,586,234,117,1198,571,40,83,18,112,0.308,0.396,0.382,0.778,0,0,1,0,0,,,,,,,,,,,,,,,,,,,,,,,,,,,,,,,,,,1995,1927-1997,Veterans,0,0,0,0,0,1,0,0,0,0,0,0,0,0,0,0,Player,,
146,Willie McCovey,1,1986,22,0,64.5,9692,,L,1986,22,1959,1980,6,64.5,2588,9692,8197,1229,2211,353,46,521,1555,26,22,1345,1550,260,176,70,5,0.27,0.374,0.515,0.889,1,0,1,0,0,,,,,,,,,,,,,,,,,,,,,,,,,,,,,,,,,,1986,1938-2018,BBWAA,1,0,0,0,0,0,0,0,0,0,0,0,0,0,0,0,Player,346,81.40%
313,Ted Simmons,1,2020,21,0,50.4,9685,,B,2020,21,1968,1988,8,50.4,2456,9685,8680,1074,2472,483,47,248,1389,21,33,855,694,188,287,100,11,0.285,0.348,0.437,0.785,1,0,1,0,0,,,,,,,,,,,,,,,,,,,,,,,,,,,,,,,,,,2020,1949-Living,Modern Baseball Era,0,1,0,0,0,0,0,0,0,0,0,0,0,0,0,0,Player,13,81.30%
41,Jimmie Foxx,1,1951,20,0,92.9,9677,23.2,R,1951,20,1925,1945,9,92.1,2317,9677,8134,1751,2646,458,125,534,1922,87,77,1452,1311,134,69,,72,0.325,0.428,0.609,1.038,0,0,1,0,0,,,,,,,,,,,,,,,,,,,,,,,,,,,,,,,,,,1951,1907-1967,BBWAA,1,0,0,0,0,0,0,0,0,0,0,0,0,0,0,0,Player,179,79.20%
18,Lou Gehrig,1,1939,17,0,113.7,9665,,L,1939,17,1923,1939,7,113.7,2164,9665,8001,1888,2721,534,163,493,1995,102,102,1508,790,114,2,,107,0.34,0.447,0.632,1.08,1,0,1,0,0,,,,,,,,,,,,,,,,,,,,,,,,,,,,,,,,,,1939,1903-1941,Special Election,0,0,0,0,0,0,0,0,0,0,0,0,0,0,0,1,Player,,
77,Bobby Wallace,1,1953,25,0,76.4,9631,402,R,1953,25,1894,1918,0,70.4,2383,9631,8618,1057,2309,391,143,34,1121,201,10,774,560,,,,173,0.268,0.332,0.358,0.69,1,0,1,0,0,,,,,,,,,,,,,,,,,,,,,,,,,,,,,,,,,,1953,1873-1960,Veterans,0,0,0,0,0,1,0,0,0,0,0,0,0,0,0,0,Player,,
197,Jesse Burkett,1,1946,16,0,59.7,9629,123,L,1946,16,1890,1905,0,62.8,2067,9629,8426,1720,2850,320,182,75,952,389,,1029,613,,,,90,0.338,0.415,0.446,0.861,0,0,1,0,0,,,,,,,,,,,,,,,,,,,,,,,,,,,,,,,,,,1946,1868-1953,Old Timers,0,0,0,0,0,0,0,0,0,0,0,0,1,0,0,0,Player,,
263,Willie Keeler,1,1939,19,0,54.3,9619,,L,1939,19,1892,1910,0,54.3,2123,9619,8591,1719,2932,241,145,33,810,495,,524,136,,,,366,0.341,0.388,0.415,0.802,1,0,1,0,0,,,,,,,,,,,,,,,,,,,,,,,,,,,,,,,,,,1939,1872-1923,BBWAA,1,0,0,0,0,0,0,0,0,0,0,0,0,0,0,0,Player,207,75.50%
253,Jeff Kent,1,2026,17,0,55.4,9537,,R,2026,17,1992,2008,5,55.4,2298,9537,8498,1320,2461,560,47,377,1518,94,60,801,1522,61,224,103,10,0.29,0.356,0.5,0.855,0,0,1,0,0,,,,,,,,,,,,,,,,,,,,,,,,,,,,,,,,,,2026,1968-Living,Veterans,0,0,0,0,0,1,0,0,0,0,0,0,0,0,0,0,Player,,
116,Al Simmons,1,1953,20,0,68.5,9520,,R,1953,20,1924,1944,3,68.5,2215,9520,8759,1507,2927,539,149,307,1828,88,68,615,737,79,23,,111,0.334,0.38,0.535,0.915,1,0,1,0,0,,,,,,,,,,,,,,,,,,,,,,,,,,,,,,,,,,1953,1902-1956,BBWAA,1,0,0,0,0,0,0,0,0,0,0,0,0,0,0,0,Player,199,75.40%
12,Rogers Hornsby,1,1942,23,0,127.3,9481,,R,1942,23,1915,1937,0,127.3,2259,9481,8173,1579,2930,541,169,301,1584,135,81,1038,679,54,3,,216,0.358,0.434,0.577,1.01,0,0,1,0,0,,,,,,,,,,,,,,,,,,,,,,,,,,,,,,,,,,1942,1896-1963,BBWAA,1,0,0,0,0,0,0,0,0,0,0,0,0,0,0,0,Player,182,78.10%
117,Pee Wee Reese,1,1984,16,0,68.5,9472,,R,1984,16,1940,1958,10,68.5,2166,9472,8058,1338,2170,330,80,126,885,232,99,1210,890,69,176,19,157,0.269,0.366,0.377,0.743,1,0,1,0,0,,,,,,,,,,,,,,,,,,,,,,,,,,,,,,,,,,1984,1918-1999,Veterans,0,0,0,0,0,1,0,0,0,0,0,0,0,0,0,0,Player,,
175,Todd Helton,1,2024,17,0,61.8,9453,,L,2024,17,1997,2013,5,61.8,2247,9453,7962,1401,2519,592,37,369,1406,37,29,1335,1175,185,186,93,3,0.316,0.414,0.539,0.953,1,0,1,0,0,,,,,,,,,,,,,,,,,,,,,,,,,,,,,,,,,,2024,1973-Living,BBWAA,1,0,0,0,0,0,0,0,0,0,0,0,0,0,0,0,Player,307,79.70%
66,Jeff Bagwell,1,2017,15,0,79.9,9431,,R,2017,15,1991,2005,4,79.9,2150,9431,7797,1517,2314,488,32,449,1529,202,78,1401,1558,155,221,102,3,0.297,0.408,0.54,0.948,1,0,1,0,0,,,,,,,,,,,,,,,,,,,,,,,,,,,,,,,,,,2017,1968-Living,BBWAA,1,0,0,0,0,0,0,0,0,0,0,0,0,0,0,0,Player,381,86.20%
287,Bid McPhee,1,2000,18,0,52.5,9429,,R,2000,18,1882,1899,0,52.5,2138,9429,8304,1684,2258,303,189,53,1072,568,,982,377,,,,56,0.272,0.355,0.373,0.728,0,0,1,0,0,,,,,,,,,,,,,,,,,,,,,,,,,,,,,,,,,,2000,1859-1943,Veterans,0,0,0,0,0,1,0,0,0,0,0,0,0,0,0,0,Player,,
101,Ron Santo,1,2012,15,0,70.5,9397,,R,2012,15,1960,1974,9,70.5,2243,9397,8143,1138,2254,365,67,342,1331,35,41,1108,1343,94,256,94,13,0.277,0.362,0.464,0.826,0,0,1,0,0,,,,,,,,,,,,,,,,,,,,,,,,,,,,,,,,,,2012,1940-2010,Veterans,0,0,0,0,0,1,0,0,0,0,0,0,0,0,0,0,Player,15,93.80%
99,Alan Trammell,1,2018,20,0,70.6,9376,,R,2018,20,1977,1996,6,70.6,2293,9376,8288,1231,2365,412,55,185,1003,236,109,850,874,48,156,76,124,0.285,0.352,0.415,0.767,0,0,1,0,0,,,,,,,,,,,,,,,,,,,,,,,,,,,,,,,,,,2018,1958-Living,Modern Baseball Era,0,1,0,0,0,0,0,0,0,0,0,0,0,0,0,0,Player,13,81.30%
124,Ryne Sandberg,1,2005,16,0,68,9282,,R,2005,16,1981,1997,10,68,2164,9282,8385,1318,2386,403,76,282,1061,344,107,761,1260,59,139,71,31,0.285,0.344,0.452,0.795,0,0,1,0,0,,,,,,,,,,,,,,,,,,,,,,,,,,,,,,,,,,2005,1959-2025,BBWAA,1,0,0,0,0,0,0,0,0,0,0,0,0,0,0,0,Player,393,76.20%
428,Red Schoendienst,1,1989,19,0,44.8,9224,,B,1989,19,1945,1963,10,44.8,2216,9224,8479,1223,2449,427,78,84,773,89,60,606,346,30,180,19,97,0.289,0.337,0.387,0.724,1,0,1,0,0,,,,,,,,,,,,,,,,,,,,,,,,,,,,,,,,,,1989,1923-2018,Veterans,0,0,0,0,0,1,0,0,0,0,0,0,0,0,0,0,Player,,
226,Enos Slaughter,1,1985,19,0,57.5,9087,,L,1985,19,1938,1959,10,57.5,2380,9087,7946,1247,2383,413,148,169,1304,71,60,1018,538,108,139,10,73,0.3,0.382,0.453,0.834,0,0,1,0,0,,,,,,,,,,,,,,,,,,,,,,,,,,,,,,,,,,1985,1916-2002,Veterans,0,0,0,0,0,1,0,0,0,0,0,0,0,0,0,0,Player,,
199,Vladimir Guerrero,1,2018,16,0,59.5,9059,,R,2018,16,1996,2011,9,59.5,2147,9059,8155,1328,2590,477,46,449,1496,181,94,737,985,250,277,64,0,0.318,0.379,0.553,0.931,0,0,1,0,0,,,,,,,,,,,,,,,,,,,,,,,,,,,,,,,,,,2018,1975-Living,BBWAA,1,0,0,0,0,0,0,0,0,0,0,0,0,0,0,0,Player,392,92.90%
364,Jim Rice,1,2009,16,0,47.7,9058,,R,2009,16,1974,1989,8,47.7,2089,9058,8225,1249,2452,373,79,382,1451,58,34,670,1423,77,315,94,5,0.298,0.352,0.502,0.854,0,0,1,0,0,,,,,,,,,,,,,,,,,,,,,,,,,,,,,,,,,,2009,1953-Living,BBWAA,1,0,0,0,0,0,0,0,0,0,0,0,0,0,0,0,Player,412,76.40%
102,Barry Larkin,1,2012,19,0,70.5,9057,,R,2012,19,1986,2004,12,70.5,2180,9057,7937,1329,2340,441,76,198,960,379,77,939,817,66,178,67,59,0.295,0.371,0.444,0.815,1,0,1,0,0,,,,,,,,,,,,,,,,,,,,,,,,,,,,,,,,,,2012,1964-Living,BBWAA,1,0,0,0,0,0,0,0,0,0,0,0,0,0,0,0,Player,495,86.40%
289,Jim O'Rourke,1,1945,23,0,52.3,9052,19.2,R,1945,23,1872,1904,0,52.1,1999,9052,8503,1729,2639,468,149,62,1208,229,12,513,362,,6,,0,0.31,0.352,0.422,0.775,1,0,1,0,0,,,,,,,,,,,,,,,,,,,,,,,,,,,,,,,,,,1945,1850-1919,Old Timers,0,0,0,0,0,0,0,0,0,0,0,0,1,0,0,0,Player,,
224,Willie Stargell,1,1988,21,0,57.6,9027,,L,1988,21,1962,1982,7,57.6,2360,9027,7927,1194,2232,423,55,475,1540,17,16,937,1936,227,143,75,9,0.282,0.36,0.529,0.889,1,0,1,0,0,,,,,,,,,,,,,,,,,,,,,,,,,,,,,,,,,,1988,1940-2001,BBWAA,1,0,0,0,0,0,0,0,0,0,0,0,0,0,0,0,Player,352,82.40%
103,Gary Carter,1,2003,19,0,70.1,9019,,R,2003,19,1974,1992,11,70.1,2296,9019,7971,1025,2092,371,31,324,1225,39,42,848,997,106,180,99,33,0.262,0.335,0.439,0.773,1,0,1,0,0,,,,,,,,,,,,,,,,,,,,,,,,,,,,,,,,,,2003,1954-2012,BBWAA,1,0,0,0,0,0,0,0,0,0,0,0,0,0,0,0,Player,387,78.00%
228,George Sisler,1,1939,15,0,57.2,9018,111,L,1939,15,1915,1930,0,54.9,2055,9018,8267,1284,2812,425,164,102,1178,375,149,472,327,4,,,226,0.34,0.379,0.468,0.847,0,0,1,0,0,,,,,,,,,,,,,,,,,,,,,,,,,,,,,,,,,,1939,1893-1973,BBWAA,1,0,0,0,0,0,0,0,0,0,0,0,0,0,0,0,Player,235,85.80%
93,Harry Heilmann,1,1952,17,0,72.2,8972,,R,1952,17,1914,1932,0,72.2,2147,8972,7787,1291,2660,542,151,183,1543,113,74,856,550,36,,,277,0.342,0.41,0.52,0.93,0,0,1,0,0,,,,,,,,,,,,,,,,,,,,,,,,,,,,,,,,,,1952,1894-1951,BBWAA,1,0,0,0,0,0,0,0,0,0,0,0,0,0,0,0,Player,203,86.80%
55,Roger Connor,1,1976,18,0,84.3,8847,,B,1976,18,1880,1897,0,84.3,1998,8847,7797,1620,2467,441,233,138,1323,244,,1002,455,,,,9,0.316,0.397,0.486,0.883,1,0,1,0,0,,,,,,,,,,,,,,,,,,,,,,,,,,,,,,,,,,1976,1857-1931,Veterans,0,0,0,0,0,1,0,0,0,0,0,0,0,0,0,0,Player,,
143,Joe Cronin,1,1956,20,0,64.8,8840,,R,1956,20,1926,1945,7,64.8,2124,8840,7579,1233,2285,515,118,170,1424,87,71,1059,700,41,57,,166,0.301,0.39,0.468,0.857,1,0,1,0,0,,,,,,,,,,,,,,,,,,,,,,,,,,,,,,,,,,1956,1906-1984,BBWAA,1,0,0,0,0,0,0,0,0,0,0,0,0,0,0,0,Player,152,78.80%
222,Joe Torre,1,2014,18,0,57.7,8802,,R,2014,18,1960,1977,9,57.7,2209,8802,7874,996,2342,344,59,252,1185,23,29,779,1094,127,284,50,13,0.297,0.365,0.452,0.817,1,0,1,0,0,,,,,,,,,,,,,,,,,,,,,,,,,,,,,,,,,,2014,1940-Living,Expansion Era,0,0,0,0,0,0,1,0,0,0,0,0,0,0,0,0,Manager,16,100.00%
317,Orlando Cepeda,1,1999,17,0,50.2,8699,,R,1999,17,1958,1974,11,50.2,2124,8699,7927,1131,2351,417,27,379,1365,142,80,588,1169,154,218,74,4,0.297,0.35,0.499,0.849,0,0,1,0,0,,,,,,,,,,,,,,,,,,,,,,,,,,,,,,,,,,1999,1937-2024,Veterans,0,0,0,0,0,1,0,0,0,0,0,0,0,0,0,0,Player,,
85,Johnny Bench,1,1989,17,0,75.1,8674,,R,1989,17,1967,1983,14,75.1,2158,8674,7658,1091,2048,381,24,389,1376,68,43,891,1278,135,201,90,11,0.267,0.342,0.476,0.817,1,0,1,0,0,,,,,,,,,,,,,,,,,,,,,,,,,,,,,,,,,,1989,1947-Living,BBWAA,1,0,0,0,0,0,0,0,0,0,0,0,0,0,0,0,Player,431,96.40%
121,Edgar Martínez,1,2019,18,0,68.4,8674,,R,2019,18,1987,2004,7,68.4,2055,8674,7213,1219,2247,514,15,309,1261,49,30,1283,1202,113,190,77,10,0.312,0.418,0.515,0.933,1,0,1,0,0,,,,,,,,,,,,,,,,,,,,,,,,,,,,,,,,,,2019,1963-Living,BBWAA,1,0,0,0,0,0,0,0,0,0,0,0,0,0,0,0,Player,363,85.40%
165,Andruw Jones,1,2025,17,0,62.7,8664,,R,2026,17,1996,2012,5,62.7,2196,8664,7599,1204,1933,383,36,434,1289,152,59,891,1748,69,192,71,6,0.254,0.337,0.486,0.823,1,0,1,0,0,,,,,,,,,,,,,,,,,,,,,,,,,,,,,,,,,,2026,1977-Living,BBWAA,1,0,0,0,0,0,0,0,0,0,0,0,0,0,0,0,Player,333,78.40%
223,Billy Herman,1,1975,15,0,57.7,8641,,R,1975,15,1931,1947,10,57.7,1922,8641,7707,1163,2345,486,82,47,839,67,72,737,428,34,191,,171,0.304,0.367,0.407,0.774,1,0,1,0,0,,,,,,,,,,,,,,,,,,,,,,,,,,,,,,,,,,1975,1909-1992,Veterans,0,0,0,0,0,1,0,0,0,0,0,0,0,0,0,0,Player,,
104,Scott Rolen,1,2023,17,0,70.1,8518,,R,2023,17,1996,2012,7,70.1,2038,8518,7398,1211,2077,517,43,316,1287,118,49,899,1410,57,150,93,1,0.281,0.364,0.49,0.855,1,0,1,0,0,,,,,,,,,,,,,,,,,,,,,,,,,,,,,,,,,,2023,1975-Living,BBWAA,1,0,0,0,0,0,0,0,0,0,0,0,0,0,0,0,Player,297,76.30%
346,Heinie Manush,1,1964,17,0,48.3,8422,,L,1964,17,1923,1939,1,48.3,2008,8422,7654,1288,2524,491,160,110,1183,113,69,506,345,33,11,,186,0.33,0.377,0.479,0.856,0,0,1,0,0,,,,,,,,,,,,,,,,,,,,,,,,,,,,,,,,,,1964,1901-1971,Veterans,0,0,0,0,0,1,0,0,0,0,0,0,0,0,0,0,Player,,
106,Ed Delahanty,1,1945,16,0,69.6,8402,,R,1945,16,1888,1903,0,69.6,1837,8402,7510,1600,2597,522,186,101,1466,456,,742,439,,,,54,0.346,0.411,0.505,0.917,0,0,1,0,0,,,,,,,,,,,,,,,,,,,,,,,,,,,,,,,,,,1945,1867-1903,Old Timers,0,0,0,0,0,0,0,0,0,0,0,0,1,0,0,0,Player,,
654,Bill Mazeroski,1,2001,17,0,36.5,8379,,R,2001,17,1956,1972,10,36.5,2163,8379,7755,769,2016,294,62,138,853,27,23,447,706,110,194,70,87,0.26,0.299,0.367,0.667,1,0,1,0,0,,,,,,,,,,,,,,,,,,,,,,,,,,,,,,,,,,2001,1936-Living,Veterans,0,0,0,0,0,1,0,0,0,0,0,0,0,0,0,0,Player,,
200,Yogi Berra,1,1972,19,0,59.5,8364,,L,1972,19,1946,1965,18,59.5,2120,8364,7555,1175,2150,321,49,358,1430,30,26,704,414,91,146,44,9,0.285,0.348,0.482,0.83,1,0,1,0,0,,,,,,,,,,,,,,,,,,,,,,,,,,,,,,,,,,1972,1925-2015,BBWAA,1,0,0,0,0,0,0,0,0,0,0,0,0,0,0,0,Player,339,85.60%
669,Jim Bottomley,1,1974,16,0,36,8358,,L,1974,16,1922,1937,0,36,1991,8358,7471,1177,2313,465,151,219,1422,58,55,664,591,35,33,,177,0.31,0.369,0.5,0.869,1,0,1,0,0,,,,,,,,,,,,,,,,,,,,,,,,,,,,,,,,,,1974,1900-1959,Veterans,0,0,0,0,0,1,0,0,0,0,0,0,0,0,0,0,Player,,
889,Lloyd Waner,1,1967,18,0,29.9,8337,,L,1967,18,1927,1945,1,29.9,1993,8337,7772,1201,2459,281,118,27,598,67,60,420,173,9,57,,108,0.316,0.353,0.393,0.747,1,0,1,0,0,,,,,,,,,,,,,,,,,,,,,,,,,,,,,,,,,,1967,1906-1982,Veterans,0,0,0,0,0,1,0,0,0,0,0,0,0,0,0,0,Player,,
258,Joe Sewell,1,1977,14,0,54.9,8333,,L,1977,14,1920,1933,0,54.9,1903,8333,7132,1141,2226,436,68,49,1054,74,74,842,114,25,,,275,0.312,0.391,0.413,0.804,1,0,1,0,0,,,,,,,,,,,,,,,,,,,,,,,,,,,,,,,,,,1977,1898-1990,Veterans,0,0,0,0,0,1,0,0,0,0,0,0,0,0,0,0,Player,,
588,Pie Traynor,1,1948,17,0,38.7,8298,,R,1948,17,1920,1937,2,38.7,1941,8298,7559,1183,2416,371,164,58,1273,158,88,472,278,19,47,,231,0.32,0.362,0.435,0.797,1,0,1,0,0,,,,,,,,,,,,,,,,,,,,,,,,,,,,,,,,,,1948,1898-1972,BBWAA,1,0,0,0,0,0,0,0,0,0,0,0,0,0,0,0,Player,93,76.90%
322,Dave Bancroft,1,1971,16,0,49.9,8250,,B,1971,16,1915,1930,0,49.9,1913,8250,7182,1048,2004,320,77,32,591,145,90,827,487,4,,,212,0.279,0.355,0.358,0.714,1,0,1,0,0,,,,,,,,,,,,,,,,,,,,,,,,,,,,,,,,,,1971,1891-1972,Veterans,0,0,0,0,0,1,0,0,0,0,0,0,0,0,0,0,Player,,
138,Duke Snider,1,1980,18,0,66,8237,,L,1980,18,1947,1964,8,66,2143,8237,7161,1259,2116,358,85,407,1333,99,73,971,1237,154,166,32,52,0.295,0.38,0.54,0.919,0,0,1,0,0,,,,,,,,,,,,,,,,,,,,,,,,,,,,,,,,,,1980,1926-2011,BBWAA,1,0,0,0,0,0,0,0,0,0,0,0,0,0,0,0,Player,333,86.50%
278,Minnie Miñoso,1,2022,20,0,53.2,8233,,R,2022,20,1946,1980,13,53.2,1948,8233,7059,1228,2113,365,95,195,1089,216,130,848,584,43,185,57,69,0.299,0.387,0.461,0.848,0,0,0,0,1,,,,,,,,,,,,,,,,,,,,,,,,,,,,,,,,,,2022,1923-2015,Golden Days Era,0,0,1,0,0,0,0,0,0,0,0,0,0,0,0,0,Player,14,87.50%
314,Joe Kelley,1,1971,17,0,50.4,8163,,R,1971,17,1891,1908,0,50.4,1853,8163,7006,1421,2220,358,194,65,1194,443,,911,430,,,,140,0.317,0.402,0.451,0.853,1,0,1,0,0,,,,,,,,,,,,,,,,,,,,,,,,,,,,,,,,,,1971,1871-1943,Veterans,0,0,0,0,0,1,0,0,0,0,0,0,0,0,0,0,Player,,
400,Edd Roush,1,1962,18,0,45.8,8157,,L,1962,18,1913,1931,0,45.8,1967,8157,7363,1099,2376,339,182,68,981,268,134,484,260,10,,,256,0.323,0.369,0.446,0.815,1,0,1,0,0,,,,,,,,,,,,,,,,,,,,,,,,,,,,,,,,,,1962,1893-1988,Veterans,0,0,0,0,0,1,0,0,0,0,0,0,0,0,0,0,Player,,
261,Joe Medwick,1,1968,17,0,54.4,8143,,R,1968,17,1932,1948,10,54.4,1984,8143,7635,1198,2471,540,113,205,1383,42,37,437,551,101,203,,44,0.324,0.362,0.505,0.867,0,0,1,0,0,,,,,,,,,,,,,,,,,,,,,,,,,,,,,,,,,,1968,1911-1975,BBWAA,1,0,0,0,0,0,0,0,0,0,0,0,0,0,0,0,Player,240,84.80%
166,John Ward,1,1964,17,0,62.3,8114,2469.2,L,1964,17,1878,1894,0,34.3,1827,8114,7656,1410,2107,231,96,26,869,540,,421,326,,,,20,0.275,0.314,0.341,0.655,1,0,1,0,0,1964,17,1878,1894,0,28.06,164,103,0.614,2.1,293,262,32,245,24,3,2469.2,2324,1185,576,26,253,,920,,0,144,10164,0,1,1,0,0,1964,1860-1925,Veterans,0,0,0,0,0,1,0,0,0,0,0,0,0,0,0,0,Player,,
453,Gil Hodges,1,2022,18,0,43.8,8104,,R,2022,18,1943,1963,8,43.8,2071,8104,7030,1105,1921,295,48,370,1274,63,42,943,1137,109,165,50,56,0.273,0.359,0.487,0.846,1,0,1,0,0,,,,,,,,,,,,,,,,,,,,,,,,,,,,,,,,,,2022,1924-1972,Golden Days Era,0,0,1,0,0,0,0,0,0,0,0,0,0,0,0,0,Player,12,75.00%
351,Kiki Cuyler,1,1968,18,0,48.1,8100,,R,1968,18,1921,1938,1,48.1,1879,8100,7161,1305,2299,394,157,128,1065,328,148,676,752,20,53,,176,0.321,0.386,0.474,0.86,1,0,1,0,0,,,,,,,,,,,,,,,,,,,,,,,,,,,,,,,,,,1968,1898-1950,Veterans,0,0,0,0,0,1,0,0,0,0,0,0,0,0,0,0,Player,,
92,Larry Walker,1,2020,17,0,72.7,8030,,L,2020,17,1989,2005,5,72.7,1988,8030,6907,1355,2160,471,62,383,1311,230,76,913,1231,117,153,65,7,0.313,0.4,0.565,0.965,1,0,1,0,0,,,,,,,,,,,,,,,,,,,,,,,,,,,,,,,,,,2020,1966-Living,BBWAA,1,0,0,0,0,0,0,0,0,0,0,0,0,0,0,0,Player,304,76.60%
299,Bobby Doerr,1,1986,14,0,51.4,8030,,R,1986,14,1937,1951,9,51.4,1865,8030,7093,1094,2042,381,89,223,1247,54,64,809,608,53,187,,115,0.288,0.362,0.461,0.823,1,0,1,0,0,,,,,,,,,,,,,,,,,,,,,,,,,,,,,,,,,,1986,1918-2017,Veterans,0,0,0,0,0,1,0,0,0,0,0,0,0,0,0,0,Player,,
248,Joe Mauer,1,2024,15,0,55.6,7960,,L,2024,15,2004,2018,6,55.6,1858,7960,6930,1018,2123,428,30,143,923,52,19,939,1034,145,208,60,6,0.306,0.388,0.439,0.827,0,0,1,0,0,,,,,,,,,,,,,,,,,,,,,,,,,,,,,,,,,,2024,1983-Living,BBWAA,1,0,0,0,0,0,0,0,0,0,0,0,0,0,0,0,Player,293,76.10%
473,Hugh Duffy,1,1945,17,0,43,7842,,R,1945,17,1888,1906,0,43,1737,7842,7044,1554,2293,325,119,106,1302,574,,664,268,,,,104,0.326,0.386,0.451,0.837,0,0,1,0,0,,,,,,,,,,,,,,,,,,,,,,,,,,,,,,,,,,1945,1866-1954,Old Timers,0,0,0,0,0,0,0,0,0,0,0,0,1,0,0,0,Player,,
303,Kirby Puckett,1,2001,12,0,51.1,7831,,R,2001,12,1984,1995,10,51.1,1783,7831,7244,1071,2304,414,57,207,1085,134,76,450,965,85,188,58,23,0.318,0.36,0.477,0.837,1,0,1,0,0,,,,,,,,,,,,,,,,,,,,,,,,,,,,,,,,,,2001,1960-2006,BBWAA,1,0,0,0,0,0,0,0,0,0,0,0,0,0,0,0,Player,423,82.10%
198,Mike Piazza,1,2016,16,0,59.6,7745,,R,2016,16,1992,2007,12,59.6,1912,7745,6911,1048,2127,344,8,427,1335,17,20,759,1113,146,229,45,0,0.308,0.377,0.545,0.922,1,0,1,0,0,,,,,,,,,,,,,,,,,,,,,,,,,,,,,,,,,,2016,1968-Living,BBWAA,1,0,0,0,0,0,0,0,0,0,0,0,0,0,0,0,Player,365,83.00%
72,Arky Vaughan,1,1985,14,0,77.9,7723,,L,1985,14,1932,1948,9,77.9,1817,7723,6622,1173,2103,356,128,96,926,118,90,937,276,85,70,,116,0.318,0.406,0.453,0.859,1,0,1,0,0,,,,,,,,,,,,,,,,,,,,,,,,,,,,,,,,,,1985,1912-1952,Veterans,0,0,0,0,0,1,0,0,0,0,0,0,0,0,0,0,Player,,
70,Dan Brouthers,1,1945,19,0,78.7,7691,23,L,1945,19,1879,1904,0,79.8,1676,7691,6726,1529,2303,462,206,107,1301,257,,840,238,,,,20,0.342,0.423,0.52,0.943,1,0,1,0,0,,,,,,,,,,,,,,,,,,,,,,,,,,,,,,,,,,1945,1858-1932,Old Timers,0,0,0,0,0,0,0,0,0,0,0,0,1,0,0,0,Player,,
69,Joe DiMaggio,1,1955,13,0,79.1,7672,,R,1955,13,1936,1951,13,79.1,1736,7672,6821,1390,2214,389,131,361,1537,30,9,790,369,111,130,,14,0.325,0.398,0.579,0.977,1,0,1,0,0,,,,,,,,,,,,,,,,,,,,,,,,,,,,,,,,,,1955,1914-1999,BBWAA,1,0,0,0,0,0,0,0,0,0,0,0,0,0,0,0,Player,223,88.80%
158,Billy Hamilton,1,1961,14,0,63.2,7609,,L,1961,14,1888,1901,0,63.2,1594,7609,6283,1697,2164,242,95,40,742,914,,1189,362,,,,47,0.344,0.455,0.432,0.888,1,0,1,0,0,,,,,,,,,,,,,,,,,,,,,,,,,,,,,,,,,,1961,1866-1940,Veterans,0,0,0,0,0,1,0,0,0,0,0,0,0,0,0,0,Player,,
625,George Kell,1,1983,15,0,37.6,7529,,R,1983,15,1943,1957,10,37.6,1795,7529,6702,880,2054,385,50,78,870,51,36,621,287,33,188,20,149,0.306,0.367,0.414,0.781,0,0,1,0,0,,,,,,,,,,,,,,,,,,,,,,,,,,,,,,,,,,1983,1922-2009,Veterans,0,0,0,0,0,1,0,0,0,0,0,0,0,0,0,0,Player,,
276,Jimmy Collins,1,1945,14,0,53.3,7460,,R,1945,14,1895,1908,0,53.3,1725,7460,6795,1055,1999,352,116,65,983,194,,426,266,,,,147,0.294,0.343,0.409,0.752,1,0,1,0,0,,,,,,,,,,,,,,,,,,,,,,,,,,,,,,,,,,1945,1870-1943,Old Timers,0,0,0,0,0,0,0,0,0,0,0,0,1,0,0,0,Player,,
100,Johnny Mize,1,1981,15,0,70.6,7372,,L,1981,15,1936,1953,10,70.6,1884,7372,6443,1118,2011,367,83,359,1337,28,12,856,524,150,99,,20,0.312,0.397,0.562,0.959,1,0,1,0,0,,,,,,,,,,,,,,,,,,,,,,,,,,,,,,,,,,1981,1913-1993,Veterans,0,0,0,0,0,1,0,0,0,0,0,0,0,0,0,0,Player,,
211,Dick Allen,1,2014,15,0,58.8,7315,,R,2025,15,1963,1977,7,58.8,1749,7315,6332,1099,1848,320,79,351,1119,133,52,894,1556,138,164,53,19,0.292,0.378,0.534,0.912,0,0,1,0,0,,,,,,,,,,,,,,,,,,,,,,,,,,,,,,,,,,2025,1942-2020,Classic Baseball Era,0,0,0,0,0,0,0,0,1,0,0,0,0,0,0,0,Player,,
367,Tony Lazzeri,1,1991,14,0,47.6,7314,,R,1991,14,1926,1939,1,47.6,1740,7314,6297,986,1840,334,115,178,1194,148,82,869,864,40,8,,116,0.292,0.38,0.467,0.846,1,0,1,0,0,,,,,,,,,,,,,,,,,,,,,,,,,,,,,,,,,,1991,1903-1946,Veterans,0,0,0,0,0,1,0,0,0,0,0,0,0,0,0,0,Player,,
251,Gabby Hartnett,1,1955,20,0,55.5,7300,,R,1955,20,1922,1941,6,55.5,1990,7300,6432,867,1912,396,64,236,1179,28,32,703,697,114,93,,127,0.297,0.37,0.489,0.858,1,0,1,0,0,,,,,,,,,,,,,,,,,,,,,,,,,,,,,,,,,,1955,1900-1972,BBWAA,1,0,0,0,0,0,0,0,0,0,0,0,0,0,0,0,Player,195,77.70%
365,Johnny Evers,1,1946,18,0,47.7,7230,,L,1946,18,1902,1929,0,47.7,1784,7230,6137,919,1659,216,70,12,536,324,26,778,293,0,,,256,0.27,0.356,0.334,0.69,1,0,1,0,0,,,,,,,,,,,,,,,,,,,,,,,,,,,,,,,,,,1946,1881-1947,Old Timers,0,0,0,0,0,0,0,0,0,0,0,0,1,0,0,0,Player,,
296,Earl Averill,1,1975,13,0,51.6,7221,,L,1975,13,1929,1941,6,51.6,1669,7221,6353,1224,2019,401,128,238,1164,70,58,774,518,36,7,,55,0.318,0.395,0.534,0.928,1,0,1,0,0,,,,,,,,,,,,,,,,,,,,,,,,,,,,,,,,,,1975,1902-1983,Veterans,0,0,0,0,0,1,0,0,0,0,0,0,0,0,0,0,Player,,
390,Chuck Klein,1,1980,17,0,46.4,7172,,L,1980,17,1928,1944,2,46.4,1753,7172,6486,1168,2076,398,74,300,1201,79,72,601,521,48,55,,69,0.32,0.379,0.543,0.922,0,0,1,0,0,,,,,,,,,,,,,,,,,,,,,,,,,,,,,,,,,,1980,1904-1958,Veterans,0,0,0,0,0,1,0,0,0,0,0,0,0,0,0,0,Player,,
277,Joe Tinker,1,1946,15,0,53.3,7166,,R,1946,15,1902,1916,0,53.3,1806,7166,6441,774,1690,263,114,31,785,336,12,416,526,,,,285,0.262,0.308,0.353,0.661,1,0,1,0,0,,,,,,,,,,,,,,,,,,,,,,,,,,,,,,,,,,1946,1880-1948,Old Timers,0,0,0,0,0,0,0,0,0,0,0,0,1,0,0,0,Player,,
232,Bill Terry,1,1954,14,0,56.6,7111,,L,1954,14,1923,1936,3,56.6,1721,7111,6428,1120,2193,373,112,154,1078,56,63,537,449,32,38,,137,0.341,0.393,0.506,0.899,1,0,1,0,0,,,,,,,,,,,,,,,,,,,,,,,,,,,,,,,,,,1954,1898-1989,BBWAA,1,0,0,0,0,0,0,0,0,0,0,0,0,0,0,0,Player,195,77.40%
851,Rick Ferrell,1,1984,18,0,30.7,7076,,R,1984,18,1929,1947,7,30.7,1884,7076,6028,687,1692,324,45,28,734,29,35,931,277,68,55,,103,0.281,0.378,0.363,0.741,1,0,1,0,0,,,,,,,,,,,,,,,,,,,,,,,,,,,,,,,,,,1984,1905-1995,Veterans,0,0,0,0,0,1,0,0,0,0,0,0,0,0,0,0,Player,,
234,Bill Dickey,1,1954,17,0,56.4,7065,,L,1954,17,1928,1946,11,56.4,1789,7065,6300,930,1969,343,72,202,1209,36,32,678,289,101,49,,51,0.313,0.382,0.486,0.868,0,0,1,0,0,,,,,,,,,,,,,,,,,,,,,,,,,,,,,,,,,,1954,1907-1993,BBWAA,1,0,0,0,0,0,0,0,0,0,0,0,0,0,0,0,Player,202,80.20%
160,Lou Boudreau,1,1970,15,0,63.1,7025,,R,1970,15,1938,1952,7,63.1,1646,7025,6029,861,1779,385,66,68,789,51,50,796,309,40,155,,164,0.295,0.38,0.415,0.795,1,0,1,0,0,,,,,,,,,,,,,,,,,,,,,,,,,,,,,,,,,,1970,1917-2001,BBWAA,1,0,0,0,0,0,0,0,0,0,0,0,0,0,0,0,Player,232,77.30%
409,Deacon White,1,2013,20,0,45.5,6973,10,L,2013,20,1871,1890,0,45.7,1560,6973,6624,1140,2067,270,98,24,988,70,9,308,221,,8,,,0.312,0.346,0.393,0.74,1,0,1,0,0,,,,,,,,,,,,,,,,,,,,,,,,,,,,,,,,,,2013,1847-1939,Pre-Integration Era,0,0,0,0,0,0,0,1,0,0,0,0,0,0,0,0,Player,14,87.50%
231,Larry Doby,1,1998,17,0,56.7,6920,,L,1998,17,1942,1959,9,56.7,1674,6920,5883,1080,1697,276,72,273,1099,64,36,945,1011,60,97,25,27,0.288,0.389,0.499,0.888,1,0,1,0,0,,,,,,,,,,,,,,,,,,,,,,,,,,,,,,,,,,1998,1923-2003,Veterans,0,0,0,0,0,1,0,0,0,0,0,0,0,0,0,0,Player,,
469,Tony Oliva,1,2022,15,0,43.1,6880,,L,2022,15,1962,1976,8,43.1,1676,6880,6301,870,1917,329,48,220,947,86,55,448,645,131,139,57,14,0.304,0.353,0.476,0.83,1,0,1,0,0,,,,,,,,,,,,,,,,,,,,,,,,,,,,,,,,,,2022,1938-Living,Golden Days Era,0,0,1,0,0,0,0,0,0,0,0,0,0,0,0,0,Player,12,75.00%
687,Miller Huggins,1,1964,13,0,35.4,6825,,B,1964,13,1904,1916,0,35.4,1586,6825,5558,948,1474,146,50,9,318,324,31,1003,556,,,,192,0.265,0.382,0.314,0.696,0,0,1,0,0,,,,,,,,,,,,,,,,,,,,,,,,,,,,,,,,,,1964,1878-1929,Veterans,0,0,0,0,0,1,0,0,0,0,0,0,0,0,0,0,Manager,,
495,Phil Rizzuto,1,1994,13,0,42.1,6719,,R,1994,13,1941,1956,5,42.1,1661,6719,5816,877,1588,239,62,38,563,149,58,651,398,35,107,2,193,0.273,0.351,0.355,0.706,0,0,1,0,0,,,,,,,,,,,,,,,,,,,,,,,,,,,,,,,,,,1994,1917-2007,Veterans,0,0,0,0,0,1,0,0,0,0,0,0,0,0,0,0,Player,,
447,Travis Jackson,1,1982,15,0,44.2,6682,,R,1982,15,1922,1936,1,44.2,1656,6682,6086,833,1768,291,86,135,929,71,70,412,565,29,39,,171,0.291,0.337,0.433,0.77,1,0,1,0,0,,,,,,,,,,,,,,,,,,,,,,,,,,,,,,,,,,1982,1903-1987,Veterans,0,0,0,0,0,1,0,0,0,0,0,0,0,0,0,0,Player,,
161,Home Run Baker,1,1955,13,0,62.8,6677,,L,1955,13,1908,1922,0,62.8,1575,6677,5984,887,1838,315,103,96,991,235,54,473,344,,,,153,0.307,0.363,0.442,0.805,1,0,1,0,0,,,,,,,,,,,,,,,,,,,,,,,,,,,,,,,,,,1955,1886-1963,Veterans,0,0,0,0,0,1,0,0,0,0,0,0,0,0,0,0,Player,,
999,George Kelly,1,1973,16,0,25.7,6570,0,R,1973,16,1915,1932,0,25.7,1622,6570,5993,819,1778,337,76,148,1020,65,64,386,694,14,,,158,0.297,0.342,0.452,0.794,1,0,1,0,0,,,,,,,,,,,,,,,,,,,,,,,,,,,,,,,,,,1973,1895-1984,Veterans,0,0,0,0,0,1,0,0,0,0,0,0,0,0,0,0,Player,,
249,Joe Gordon,1,1967,11,0,55.6,6537,,R,2009,11,1938,1950,9,55.6,1566,6537,5707,914,1530,264,52,253,975,89,60,759,702,87,159,,41,0.268,0.357,0.466,0.822,0,0,1,0,0,,,,,,,,,,,,,,,,,,,,,,,,,,,,,,,,,,2009,1915-1978,Veterans,0,0,0,0,0,1,0,0,0,0,0,0,0,0,0,0,Player,10,83.30%
440,Sam Thompson,1,1974,15,0,44.4,6526,,L,1974,15,1885,1906,0,44.4,1410,6526,5998,1261,1988,343,161,126,1308,232,,452,234,,,,13,0.331,0.384,0.505,0.89,1,0,1,0,0,,,,,,,,,,,,,,,,,,,,,,,,,,,,,,,,,,1974,1860-1922,Veterans,0,0,0,0,0,1,0,0,0,0,0,0,0,0,0,0,Player,,
421,Earle Combs,1,1970,12,0,45,6514,,L,1970,12,1924,1935,0,45,1455,6514,5746,1186,1866,309,154,58,633,98,70,670,278,8,,,74,0.325,0.397,0.462,0.859,0,0,1,0,0,,,,,,,,,,,,,,,,,,,,,,,,,,,,,,,,,,1970,1899-1976,Veterans,0,0,0,0,0,1,0,0,0,0,0,0,0,0,0,0,Player,,
397,King Kelly,1,1945,16,0,46,6457,45.2,R,1945,16,1878,1893,0,47,1456,6457,5896,1357,1813,359,102,69,950,368,,549,418,,,,,0.307,0.368,0.438,0.806,1,0,1,0,0,,,,,,,,,,,,,,,,,,,,,,,,,,,,,,,,,,1945,1857-1894,Old Timers,0,0,0,0,0,0,0,0,0,0,0,0,1,0,0,0,Player,,
284,Elmer Flick,1,1963,13,0,52.7,6434,,L,1963,13,1898,1910,0,52.7,1483,6434,5597,950,1752,268,164,48,756,330,,597,567,,,,121,0.313,0.389,0.445,0.834,0,0,1,0,0,,,,,,,,,,,,,,,,,,,,,,,,,,,,,,,,,,1963,1876-1971,Veterans,0,0,0,0,0,1,0,0,0,0,0,0,0,0,0,0,Player,,
620,Ernie Lombardi,1,1986,17,0,37.8,6353,,R,1986,17,1931,1947,7,37.8,1853,6353,5855,601,1792,277,27,190,990,8,9,430,262,153,261,,18,0.306,0.358,0.46,0.818,0,0,1,0,0,,,,,,,,,,,,,,,,,,,,,,,,,,,,,,,,,,1986,1908-1977,Veterans,0,0,0,0,0,1,0,0,0,0,0,0,0,0,0,0,Player,,
352,Ralph Kiner,1,1975,10,0,48.1,6256,,R,1975,10,1946,1955,6,48.1,1472,6256,5205,971,1451,216,39,369,1015,22,18,1011,749,90,126,7,9,0.279,0.398,0.548,0.946,1,0,1,0,0,,,,,,,,,,,,,,,,,,,,,,,,,,,,,,,,,,1975,1922-2014,BBWAA,1,0,0,0,0,0,0,0,0,0,0,0,0,0,0,0,Player,273,75.40%
773,Ray Schalk,1,1955,18,0,33.1,6243,,R,1955,18,1912,1929,0,33.1,1762,6243,5306,579,1345,199,49,11,593,177,69,638,358,5,,,214,0.253,0.34,0.316,0.656,1,0,1,0,0,,,,,,,,,,,,,,,,,,,,,,,,,,,,,,,,,,1955,1892-1970,Veterans,0,0,0,0,0,1,0,0,0,0,0,0,0,0,0,0,Player,,
324,Mickey Cochrane,1,1947,13,0,49.8,6211,,L,1947,13,1925,1937,2,49.8,1482,6211,5169,1041,1652,333,64,119,830,64,47,857,217,20,,,151,0.32,0.419,0.478,0.897,1,0,1,0,0,,,,,,,,,,,,,,,,,,,,,,,,,,,,,,,,,,1947,1903-1962,BBWAA,1,0,0,0,0,0,0,0,0,0,0,0,0,0,0,0,Player,128,79.50%
818,Marty Marion,1,1972,13,0,31.8,6143,,R,,,,,,,,,,,,,,,,,,,,,,,,,,,,,,,,,,,,,,,,,,,,,,,,,,,,,,,,,,,,,,,,,,,,,,,,,,,,,,,,,,,,,,,
958,Freddie Lindstrom,1,1976,13,0,28.5,6109,,R,1976,13,1924,1936,0,28.5,1438,6109,5611,895,1747,301,81,103,779,84,99,334,276,11,35,,146,0.311,0.351,0.449,0.8,0,0,1,0,0,,,,,,,,,,,,,,,,,,,,,,,,,,,,,,,,,,1976,1905-1981,Veterans,0,0,0,0,0,1,0,0,0,0,0,0,0,0,0,0,Player,,
252,Hank Greenberg,1,1956,13,0,55.5,6098,,R,1956,13,1930,1947,4,55.5,1394,6098,5193,1046,1628,379,71,331,1274,58,30,852,844,82,66,,35,0.313,0.412,0.605,1.017,1,0,1,0,0,,,,,,,,,,,,,,,,,,,,,,,,,,,,,,,,,,1956,1911-1986,BBWAA,1,0,0,0,0,0,0,0,0,0,0,0,0,0,0,0,Player,164,85.00%
372,Art Fletcher,1,1970,13,0,47.1,6045,,R,,,,,,,,,,,,,,,,,,,,,,,,,,,,,,,,,,,,,,,,,,,,,,,,,,,,,,,,,,,,,,,,,,,,,,,,,,,,,,,,,,,,,,,
151,Jackie Robinson,1,1962,11,0,63.9,5941,,R,1962,11,1945,1956,7,63.9,1416,5941,4997,972,1563,286,55,141,761,200,76,756,291,61,113,9,105,0.313,0.41,0.477,0.887,1,0,1,0,0,,,,,,,,,,,,,,,,,,,,,,,,,,,,,,,,,,1962,1919-1972,BBWAA,1,0,0,0,0,0,0,0,0,0,0,0,0,0,0,0,Player,124,77.50%
398,Thurman Munson,1,1979,11,0,46,5905,,R,,,,,,,,,,,,,,,,,,,,,,,,,,,,,,,,,,,,,,,,,,,,,,,,,,,,,,,,,,,,,,,,,,,,,,,,,,,,,,,,,,,,,,,
357,Buck Ewing,1,1939,18,0,47.9,5772,47,R,1939,18,1880,1897,0,48,1315,5772,5363,1129,1625,250,178,71,883,354,,392,294,,,,8,0.303,0.351,0.456,0.807,1,0,1,0,0,,,,,,,,,,,,,,,,,,,,,,,,,,,,,,,,,,1939,1859-1906,Old Timers,0,0,0,0,0,0,0,0,0,0,0,0,1,0,0,0,Player,,
504,Roy Campanella,1,1969,18,0,41.8,5727,15.1,R,1969,18,1937,1957,11,42,1449,5727,5030,786,1422,232,31,260,1019,38,20,609,501,114,146,18,35,0.283,0.363,0.496,0.859,1,0,1,0,0,,,,,,,,,,,,,,,,,,,,,,,,,,,,,,,,,,1969,1921-1993,BBWAA,1,0,0,0,0,0,0,0,0,0,0,0,0,0,0,0,Player,270,79.40%
490,Hughie Jennings,1,1945,18,0,42.3,5648,,R,1945,18,1891,1918,0,42.3,1284,5648,4895,992,1526,232,88,18,840,359,0,347,234,,,,119,0.312,0.391,0.406,0.797,1,0,1,0,0,,,,,,,,,,,,,,,,,,,,,,,,,,,,,,,,,,1945,1869-1928,Old Timers,0,0,0,0,0,0,0,0,0,0,0,0,1,0,0,0,Player,,
589,Hack Wilson,1,1979,12,0,38.7,5557,,R,1979,12,1923,1934,0,38.7,1348,5557,4760,884,1461,266,67,244,1063,52,34,674,713,29,15,,102,0.307,0.395,0.545,0.94,1,0,1,0,0,,,,,,,,,,,,,,,,,,,,,,,,,,,,,,,,,,1979,1900-1948,Veterans,0,0,0,0,0,1,0,0,0,0,0,0,0,0,0,0,Player,,
796,Ezra Sutton,1,1939,18,0,32.4,5537,6,R,,,,,,,,,,,,,,,,,,,,,,,,,,,,,,,,,,,,,,,,,,,,,,,,,,,,,,,,,,,,,,,,,,,,,,,,,,,,,,,,,,,,,,,
475,Roger Bresnahan,1,1945,17,0,42.9,5389,50.1,R,1945,17,1897,1915,0,42.1,1446,5389,4481,682,1252,218,71,26,530,212,4,714,403,,,,112,0.279,0.386,0.377,0.764,1,0,1,0,0,,,,,,,,,,,,,,,,,,,,,,,,,,,,,,,,,,1945,1879-1944,Old Timers,0,0,0,0,0,0,0,0,0,0,0,0,1,0,0,0,Player,,
710,Cool Papa Bell,1,1974,21,0,34.7,5361,309.2,B,1974,21,1922,1946,8,30.9,1202,5361,4767,1152,1548,262,72,57,596,285,,531,,1,0,0,49,0.325,0.394,0.446,0.84,0,0,0,1,0,,,,,,,,,,,,,,,,,,,,,,,,,,,,,,,,,,1974,1903-1991,Negro League,0,0,0,0,0,0,0,0,0,0,0,1,0,0,0,0,Player,,
781,Ross Youngs,1,1972,10,0,32.8,5337,,L,1972,10,1917,1926,0,32.8,1211,5337,4627,812,1491,236,93,42,592,153,93,550,390,6,,,119,0.322,0.399,0.441,0.839,1,0,1,0,0,,,,,,,,,,,,,,,,,,,,,,,,,,,,,,,,,,1972,1897-1927,Veterans,0,0,0,0,0,1,0,0,0,0,0,0,0,0,0,0,Player,,
399,Frank Chance,1,1946,17,0,46,5138,,R,1946,17,1898,1914,0,46,1288,5138,4299,798,1274,200,79,20,596,403,0,556,320,,,,111,0.296,0.394,0.394,0.788,0,0,1,0,0,,,,,,,,,,,,,,,,,,,,,,,,,,,,,,,,,,1946,1876-1924,Old Timers,0,0,0,0,0,0,0,0,0,0,0,0,1,0,0,0,Player,,
838,Chick Hafey,1,1971,13,0,31.2,5116,,R,1971,13,1924,1937,1,31.2,1283,5116,4625,777,1466,341,67,164,833,70,52,372,477,37,28,,83,0.317,0.372,0.526,0.898,0,0,1,0,0,,,,,,,,,,,,,,,,,,,,,,,,,,,,,,,,,,1971,1903-1973,Veterans,0,0,0,0,0,1,0,0,0,0,0,0,0,0,0,0,Player,,
676,Ed Williamson,1,1939,13,0,35.7,5082,35,R,,,,,,,,,,,,,,,,,,,,,,,,,,,,,,,,,,,,,,,,,,,,,,,,,,,,,,,,,,,,,,,,,,,,,,,,,,,,,,,,,,,,,,,
404,John McGraw,1,1937,17,0,45.7,4946,,L,1937,17,1891,1907,0,45.7,1100,4946,3924,1024,1309,121,70,13,462,436,,836,155,,,,46,0.334,0.466,0.41,0.876,1,0,1,0,0,,,,,,,,,,,,,,,,,,,,,,,,,,,,,,,,,,1937,1873-1934,Centennial,0,0,0,0,0,0,0,0,0,0,0,0,0,1,0,0,Manager,,
797,Joe Start,1,1939,16,0,32.4,4907,,L,,,,,,,,,,,,,,,,,,,,,,,,,,,,,,,,,,,,,,,,,,,,,,,,,,,,,,,,,,,,,,,,,,,,,,,,,,,,,,,,,,,,,,,
331,Willie Wells,1,1997,21,0,49.5,4471,0.2,R,1997,21,1924,1948,10,49.5,1039,4471,3920,932,1292,257,65,140,873,160,,487,,0,,,36,0.33,0.407,0.535,0.943,1,0,0,1,0,,,,,,,,,,,,,,,,,,,,,,,,,,,,,,,,,,1997,1904-1989,Veterans,0,0,0,0,0,1,0,0,0,0,0,0,0,0,0,0,Player,,
332,Turkey Stearnes,1,2000,18,0,49.5,4279,7,L,2000,18,1923,1940,5,49.8,993,4279,3807,917,1326,231,113,187,1009,130,,418,,0,0,,25,0.348,0.417,0.616,1.032,1,0,0,1,0,,,,,,,,,,,,,,,,,,,,,,,,,,,,,,,,,,2000,1901-1979,Veterans,0,0,0,0,0,1,0,0,0,0,0,0,0,0,0,0,Player,,
809,Monte Irvin,1,1973,18,0,32.1,4062,,R,1973,18,1938,1956,7,32.1,1044,4062,3523,580,1076,155,43,139,684,52,9,474,220,26,81,11,24,0.305,0.391,0.492,0.883,1,0,0,0,1,,,,,,,,,,,,,,,,,,,,,,,,,,,,,,,,,,1973,1919-2016,Negro League,0,0,0,0,0,0,0,0,0,0,0,1,0,0,0,0,Player,,
354,Oscar Charleston,1,1976,18,0,48,3885,80.2,L,1976,18,1920,1941,3,48.3,918,3885,3317,854,1210,241,80,143,853,210,,478,,0,0,,62,0.365,0.449,0.615,1.064,1,0,0,1,0,,,,,,,,,,,,,,,,,,,,,,,,,,,,,,,,,,1976,1896-1954,Negro League,0,0,0,0,0,0,0,0,0,0,0,1,0,0,0,0,Player,,
652,Mule Suttles,1,2006,21,0,36.6,3623,16,R,2006,21,1924,1944,5,36.5,909,3623,3220,720,1093,213,75,180,883,85,,370,,2,1,0,18,0.339,0.41,0.62,1.03,1,0,0,1,0,,,,,,,,,,,,,,,,,,,,,,,,,,,,,,,,,,2006,1901-1966,Negro League,0,0,0,0,0,0,0,0,0,0,0,1,0,0,0,0,Player,,
764,Jud Wilson,1,2006,21,0,33.3,3563,,L,2006,21,1923,1945,3,33.3,911,3563,3082,625,1080,203,50,77,728,104,,416,,1,0,0,26,0.35,0.434,0.524,0.958,1,0,0,1,0,,,,,,,,,,,,,,,,,,,,,,,,,,,,,,,,,,2006,1894-1963,Negro League,0,0,0,0,0,0,0,0,0,0,0,1,0,0,0,0,Player,,
3,Cy Young,1,1937,22,0,163.6,3104,7356,R,1937,22,1890,1911,0,-2,918,3104,2960,325,623,87,35,18,290,29,,81,381,,,,50,0.21,0.234,0.282,0.516,1,1,1,0,0,1937,22,1890,1911,0,165.55,511,315,0.619,2.63,906,815,84,749,76,18,7356,7092,3167,2147,138,1217,,2803,161,3,156,29565,0,1,1,0,0,1937,1867-1955,BBWAA,1,0,0,0,0,0,0,0,0,0,0,0,0,0,0,0,Player,153,76.10%
133,Tony Mullane,1,1946,13,0,66.6,2971,4531.1,B,,,,,,,,,,,,,,,,,,,,,,,,,,,,,,,,,,,,,,,,,,,,,,,,,,,,,,,,,,,,,,,,,,,,,,,,,,,,,,,,,,,,,,,
201,Bob Caruthers,1,1945,10,0,59.5,2906,2828.2,L,,,,,,,,,,,,,,,,,,,,,,,,,,,,,,,,,,,,,,,,,,,,,,,,,,,,,,,,,,,,,,,,,,,,,,,,,,,,,,,,,,,,,,,
90,Pud Galvin,1,1965,15,0,73.4,2788,6003.1,R,1965,15,1875,1892,0,-9.8,731,2788,2748,278,552,87,31,5,220,23,0,38,631,,1,,,0.201,0.212,0.261,0.473,0,1,1,0,0,1965,15,1875,1892,0,83.25,365,310,0.541,2.85,705,688,19,646,57,2,6003.1,6405,3352,1903,121,745,,1807,61,2,221,25415,0,1,1,0,0,1965,1856-1902,Veterans,0,0,0,0,0,1,0,0,0,0,0,0,0,0,0,0,Player,,
81,Old Hoss Radbourn,1,1939,12,0,75.4,2654,4527.1,R,1939,12,1880,1891,0,2.2,653,2654,2487,308,585,64,11,9,259,26,,158,244,,,,,0.235,0.283,0.281,0.564,0,1,1,0,0,1939,12,1880,1891,0,73.2,310,194,0.615,2.68,527,502,24,488,35,2,4527.1,4328,2273,1347,118,875,,1830,54,0,214,18918,0,1,1,0,0,1939,1854-1897,Old Timers,0,0,0,0,0,0,0,0,0,0,0,0,1,0,0,0,Player,,
885,Buck Leonard,1,1972,14,0,30,2614,,L,1972,14,1935,1948,13,30,604,2614,2163,549,748,144,50,97,548,32,,403,,2,2,0,28,0.346,0.453,0.593,1.046,1,0,0,1,0,,,,,,,,,,,,,,,,,,,,,,,,,,,,,,,,,,1972,1907-1997,Negro League,0,0,0,0,0,0,0,0,0,0,0,1,0,0,0,0,Player,,
2,Walter Johnson,1,1936,21,0,167.8,2534,5914.1,R,1936,21,1907,1927,0,12.7,934,2534,2324,241,547,94,41,24,255,13,4,110,419,0,,,70,0.235,0.274,0.342,0.616,1,1,1,0,0,1936,21,1907,1927,0,155.08,417,279,0.599,2.17,802,666,127,531,110,34,5914.1,4913,1902,1424,97,1363,,3509,205,4,154,23415,0,1,1,0,0,1936,1887-1946,BBWAA,1,0,0,0,0,0,0,0,0,0,0,0,0,0,0,0,Player,189,83.60%
616,Josh Gibson,1,1972,14,0,38.1,2526,1.2,R,1972,14,1930,1946,12,38.2,602,2526,2168,612,808,135,58,166,733,40,,336,,11,1,0,18,0.373,0.458,0.718,1.176,1,0,0,1,0,,,,,,,,,,,,,,,,,,,,,,,,,,,,,,,,,,1972,1911-1947,Negro League,0,0,0,0,0,0,0,0,0,0,0,1,0,0,0,0,Player,,
180,Bullet Rogan,1,1998,13,0,61.3,2345,1500,R,1998,13,1920,1938,1,23.4,681,2345,2052,413,693,106,60,50,419,106,,248,,,,,29,0.338,0.413,0.521,0.934,1,0,0,1,0,1998,13,1920,1938,1,37.84,120,52,0.698,2.65,214,157,18,136,18,16,1500,1330,611,442,22,405,0,918,30,1,31,5541,0,1,0,1,0,1998,1893-1967,Veterans,0,0,0,0,0,1,0,0,0,0,0,0,0,0,0,0,Player,,
185,Charlie Buffinton,1,1964,11,0,60.7,2309,3404,R,,,,,,,,,,,,,,,,,,,,,,,,,,,,,,,,,,,,,,,,,,,,,,,,,,,,,,,,,,,,,,,,,,,,,,,,,,,,,,,,,,,,,,,
167,Mickey Welch,1,1973,13,0,62.3,2286,4802,R,1973,13,1880,1892,0,-0.8,607,2286,2201,268,492,93,16,12,202,10,,82,329,,,,,0.224,0.252,0.297,0.549,1,1,1,0,0,1973,13,1880,1892,0,63.11,307,210,0.594,2.71,565,549,16,525,41,4,4802,4588,2556,1447,106,1297,,1850,52,1,274,20308,0,1,1,0,0,1973,1859-1941,Veterans,0,0,0,0,0,1,0,0,0,0,0,0,0,0,0,0,Player,,
17,Kid Nichols,1,1949,15,0,116.3,2264,5067.1,B,1949,15,1890,1906,0,-0.4,650,2264,2090,273,472,58,24,16,278,19,,137,343,,,,25,0.226,0.277,0.3,0.577,1,1,1,0,0,1949,15,1890,1906,0,116.71,362,208,0.635,2.96,621,562,56,532,48,16,5067.1,4929,2480,1664,156,1272,,1881,129,1,169,21099,0,1,1,0,0,1949,1869-1953,Old Timers,0,0,0,0,0,0,0,0,0,0,0,0,1,0,0,0,Player,,
50,Tim Keefe,1,1964,14,0,86.9,2262,5049.2,R,1964,14,1880,1893,0,-2.3,618,2262,2083,248,390,60,38,12,134,13,,175,411,,,,,0.187,0.252,0.27,0.521,1,1,1,0,0,1964,14,1880,1893,0,89.14,342,225,0.603,2.63,600,594,7,554,39,2,5049.2,4438,2470,1474,75,1233,,2564,98,0,240,20941,0,1,1,0,0,1964,1857-1933,Veterans,0,0,0,0,0,1,0,0,0,0,0,0,0,0,0,0,Player,,
271,Bucky Walters,1,2008,19,0,53.6,2150,3104.2,R,,,,,,,,,,,,,,,,,,,,,,,,,,,,,,,,,,,,,,,,,,,,,,,,,,,,,,,,,,,,,,,,,,,,,,,,,,,,,,,,,,,,,,,
343,Jack Stivetts,1,1946,11,0,48.5,2148,2887.2,R,,,,,,,,,,,,,,,,,,,,,,,,,,,,,,,,,,,,,,,,,,,,,,,,,,,,,,,,,,,,,,,,,,,,,,,,,,,,,,,,,,,,,,,
78,Jim McCormic,1,1946,10,0,76.2,2104,4275.2,R,,,,,,,,,,,,,,,,,,,,,,,,,,,,,,,,,,,,,,,,,,,,,,,,,,,,,,,,,,,,,,,,,,,,,,,,,,,,,,,,,,,,,,,
115,Red Ruffing,1,1967,22,0,68.6,2084,4344,R,1967,22,1924,1947,6,13.2,882,2084,1937,207,521,98,13,36,273,1,1,97,266,4,13,,44,0.269,0.306,0.389,0.695,1,1,1,0,0,1967,22,1924,1947,6,55.34,273,225,0.548,3.8,624,538,69,335,45,18,4344,4284,2115,1833,254,1541,67,1987,58,7,46,18546,0,1,1,0,0,1967,1905-1986,Run Off,0,0,0,0,0,0,0,0,0,0,0,0,0,0,1,0,Player,266,86.90%
59,John Clarkson,1,1963,12,0,83.2,2060,4536.1,R,1963,12,1882,1894,0,-1.8,546,2060,1974,254,432,73,26,24,232,31,,81,382,,,,4,0.219,0.25,0.319,0.569,1,1,1,0,0,1963,12,1882,1894,0,84.98,328,178,0.648,2.81,531,518,12,485,37,5,4536.1,4295,2384,1417,159,1191,,1978,80,0,182,19146,0,1,1,0,0,1963,1861-1909,Veterans,0,0,0,0,0,1,0,0,0,0,0,0,0,0,0,0,Player,,
32,Warren Spahn,1,1973,21,0,100.1,2056,5243.2,L,1973,21,1942,1965,17,7.6,783,2056,1872,141,363,57,6,35,189,4,2,94,487,0,23,14,68,0.194,0.234,0.287,0.52,0,1,1,0,0,1973,21,1942,1965,17,92.55,363,245,0.597,3.09,750,665,67,382,63,28,5243.2,4830,2016,1798,434,1434,112,2583,42,5,81,21547,0,1,1,0,0,1973,1921-2003,BBWAA,1,0,0,0,0,0,0,0,0,0,0,0,0,0,0,0,Player,316,83.20%
183,Tommy Bond,1,1946,10,0,60.9,1997,3628.2,R,,,,,,,,,,,,,,,,,,,,,,,,,,,,,,,,,,,,,,,,,,,,,,,,,,,,,,,,,,,,,,,,,,,,,,,,,,,,,,,,,,,,,,,
192,Al Spalding,1,1939,8,0,60.2,1988,2886.1,R,1939,8,1871,1878,0,6.8,411,1988,1959,417,613,86,19,2,338,18,3,29,26,,5,,,0.313,0.323,0.379,0.702,1,1,1,0,0,1939,8,1871,1878,0,53.37,251,65,0.794,2.13,347,325,31,279,24,13,2886.1,3280,1790,684,15,164,,248,,2,104,12724,0,1,1,0,0,1939,1850-1915,Old Timers,0,0,0,0,0,0,0,0,0,0,0,0,1,0,0,0,Pioneer/Executive,,
15,Grover Alexander,1,1938,20,0,119.7,1982,5190,R,1938,20,1911,1930,0,3.1,703,1982,1810,154,378,60,13,11,163,3,6,77,276,0,,,88,0.209,0.242,0.275,0.517,1,1,1,0,0,1938,20,1911,1930,0,116.64,373,208,0.642,2.56,696,600,81,436,90,32,5190,4868,1852,1476,165,951,8,2198,70,1,38,20893,0,1,1,0,0,1938,1887-1950,BBWAA,1,0,0,0,0,0,0,0,0,0,0,0,0,0,0,0,Player,212,80.90%
182,Early Wynn,1,1972,23,0,61,1904,4564,B,1972,23,1939,1963,9,9.4,796,1904,1704,136,365,59,5,17,173,1,0,141,330,1,33,4,52,0.214,0.274,0.285,0.559,1,1,1,0,0,1972,23,1939,1963,9,51.55,300,244,0.551,3.54,691,611,67,289,49,16,4564,4291,2037,1796,338,1775,100,2334,64,2,51,19408,0,1,1,0,0,1972,1920-1999,BBWAA,1,0,0,0,0,0,0,0,0,0,0,0,0,0,0,0,Player,301,76.00%
27,Christy Mathewson,1,1936,17,0,106.7,1900,4788.2,R,1936,17,1900,1916,0,6.2,647,1900,1687,151,362,50,12,7,167,20,1,116,218,,,,69,0.215,0.272,0.271,0.543,0,1,1,0,0,1936,17,1900,1916,0,100.47,373,188,0.665,2.13,636,552,73,435,79,30,4788.2,4219,1620,1135,89,848,,2507,59,8,115,18929,0,1,1,0,0,1936,1880-1925,BBWAA,1,0,0,0,0,0,0,0,0,0,0,0,0,0,0,0,Player,205,90.70%
45,Steve Carlton,1,1994,24,0,90.2,1881,5217.2,L,1994,24,1965,1988,10,6.1,699,1881,1719,123,346,49,6,13,140,2,2,41,413,0,33,13,94,0.201,0.223,0.259,0.482,0,1,1,0,0,1994,24,1965,1988,10,84.13,329,244,0.574,3.22,741,709,13,254,55,2,5217.2,4672,2130,1864,414,1833,150,4136,53,90,183,21683,0,1,1,0,0,1994,1944-Living,BBWAA,1,0,0,0,0,0,0,0,0,0,0,0,0,0,0,0,Player,436,95.60%
28,Greg Maddux,1,2014,23,0,106.6,1812,5008.1,R,2014,23,1986,2008,8,1.8,737,1812,1591,103,272,35,2,5,84,11,3,34,419,0,15,2,180,0.171,0.191,0.205,0.395,1,1,1,0,0,2014,23,1986,2008,8,104.79,355,227,0.61,3.16,744,740,3,109,35,0,5008.1,4726,1981,1756,353,999,177,3371,137,28,70,20421,0,1,1,0,0,2014,1966-Living,BBWAA,1,0,0,0,0,0,0,0,0,0,0,0,0,0,0,0,Player,555,97.20%
51,Robin Roberts,1,1976,19,0,86.2,1784,4688.2,B,1976,19,1948,1966,7,3.2,688,1784,1525,107,255,55,10,5,103,3,1,135,372,0,37,6,108,0.167,0.238,0.226,0.464,1,1,1,0,0,1976,19,1948,1966,7,83.06,286,245,0.539,3.41,676,609,49,305,45,25,4688.2,4582,1962,1774,505,902,109,2357,54,3,33,19174,0,1,1,0,0,1976,1926-2010,BBWAA,1,0,0,0,0,0,0,0,0,0,0,0,0,0,0,0,Player,337,86.90%
44,Eddie Plank,1,1946,17,0,91.2,1783,4495.2,L,1946,17,1901,1917,0,3.3,630,1783,1607,130,331,39,7,3,122,13,3,71,265,,,,76,0.206,0.25,0.245,0.495,1,1,1,0,0,1946,17,1901,1917,0,87.97,326,194,0.627,2.35,623,529,77,410,69,23,4495.2,3958,1566,1174,42,1072,,2246,190,6,88,17814,0,1,1,0,0,1946,1875-1926,Old Timers,0,0,0,0,0,0,0,0,0,0,0,0,1,0,0,0,Player,,
140,Amos Rusie,1,1977,10,0,65.8,1765,3778.2,R,1977,10,1889,1901,0,0.6,487,1765,1730,209,429,42,29,8,176,25,,27,186,,,,2,0.248,0.262,0.32,0.582,1,1,1,0,0,1977,10,1889,1901,0,65.21,246,174,0.586,3.07,463,427,35,393,30,5,3778.2,3389,2068,1288,75,1707,,1950,112,1,153,16313,0,1,1,0,0,1977,1871-1942,Veterans,0,0,0,0,0,1,0,0,0,0,0,0,0,0,0,0,Player,,
255,Jack Powell,1,1945,16,0,55.3,1764,4389,R,,,,,,,,,,,,,,,,,,,,,,,,,,,,,,,,,,,,,,,,,,,,,,,,,,,,,,,,,,,,,,,,,,,,,,,,,,,,,,,,,,,,,,,
98,Ted Lyons,1,1955,21,0,70.7,1729,4161,B,1955,21,1923,1946,1,3.9,705,1729,1563,162,364,49,9,5,149,0,1,73,201,0,9,,83,0.233,0.27,0.285,0.556,0,1,1,0,0,1955,21,1923,1946,1,66.77,260,230,0.531,3.67,594,484,91,356,27,25,4161,4489,2056,1696,222,1121,49,1073,31,6,55,17797,0,1,1,0,0,1955,1900-1986,BBWAA,1,0,0,0,0,0,0,0,0,0,0,0,0,0,0,0,Player,217,86.50%
36,Phil Niekro,1,1997,24,0,95.9,1707,5404,R,1997,24,1964,1987,5,-1.1,742,1707,1537,80,260,42,1,7,109,0,1,17,314,0,35,12,129,0.169,0.183,0.211,0.395,1,1,1,0,0,1997,24,1964,1987,5,96.97,318,274,0.537,3.35,864,716,83,245,45,29,5404,5044,2337,2012,482,1809,86,3342,123,42,226,22677,0,1,1,0,0,1997,1939-2020,BBWAA,1,0,0,0,0,0,0,0,0,0,0,0,0,0,0,0,Player,380,80.30%
373,George Mullin,1,1946,14,0,47.1,1701,3686.2,R,,,,,,,,,,,,,,,,,,,,,,,,,,,,,,,,,,,,,,,,,,,,,,,,,,,,,,,,,,,,,,,,,,,,,,,,,,,,,,,,,,,,,,,
283,Burleigh Grimes,1,1964,19,0,52.9,1687,4180,R,1964,19,1916,1934,0,6.2,632,1687,1535,157,380,62,11,2,168,15,6,69,241,0,1,,76,0.248,0.282,0.306,0.588,1,1,1,0,0,1964,19,1916,1934,0,46.7,270,212,0.56,3.53,616,497,95,314,35,18,4180,4412,2050,1638,148,1295,25,1512,101,12,92,17974,0,1,1,0,0,1964,1893-1985,Veterans,0,0,0,0,0,1,0,0,0,0,0,0,0,0,0,0,Player,,
242,Eppa Rixey,1,1963,21,0,55.9,1667,4494.2,R,1963,21,1912,1933,0,-1.4,694,1667,1522,95,291,33,4,3,111,2,2,49,220,0,2,,87,0.191,0.221,0.224,0.445,1,1,1,0,0,1963,21,1912,1933,0,57.33,266,251,0.515,3.15,692,554,99,290,37,14,4494.2,4633,1986,1572,93,1082,16,1350,76,10,97,18754,0,1,1,0,0,1963,1891-1963,Veterans,0,0,0,0,0,1,0,0,0,0,0,0,0,0,0,0,Player,,
65,Tom Glavine,1,2014,22,0,80.7,1645,4413.1,L,2014,22,1987,2008,10,6.8,688,1645,1323,93,246,25,2,1,90,1,0,101,329,0,14,3,216,0.186,0.244,0.21,0.454,1,1,1,0,0,2014,22,1987,2008,10,73.96,305,203,0.6,3.54,682,682,0,56,25,0,4413.1,4298,1900,1734,356,1500,145,2607,66,7,65,18604,0,1,1,0,0,2014,1966-Living,BBWAA,1,0,0,0,0,0,0,0,0,0,0,0,0,0,0,0,Player,525,91.90%
159,Vic Willis,1,1995,13,0,63.2,1632,3996,R,1995,13,1898,1910,0,-3.9,531,1632,1493,107,248,19,4,1,84,3,,81,199,,,,41,0.166,0.213,0.186,0.399,0,1,1,0,0,1995,13,1898,1910,0,67,249,205,0.548,2.63,513,471,41,388,50,11,3996,3621,1620,1167,66,1212,,1651,156,6,94,16279,0,1,1,0,0,1995,1876-1947,Veterans,0,0,0,0,0,1,0,0,0,0,0,0,0,0,0,0,Player,,
152,Clark Griffith,1,1946,21,0,63.8,1590,3385.2,R,1946,21,1891,1914,0,3.9,485,1590,1380,202,321,49,17,8,166,22,1,166,126,,,,27,0.233,0.318,0.31,0.628,0,0,1,0,0,1946,21,1891,1914,0,59.88,237,146,0.619,3.31,453,372,78,337,22,8,3385.2,3670,1852,1246,76,774,,955,171,3,66,14333,0,1,1,0,0,1946,1869-1955,Old Timers,0,0,0,0,0,0,0,0,0,0,0,0,1,0,0,0,Pioneer/Executive,,
26,Lefty Grove,1,1947,17,0,106.8,1580,3940.2,L,1947,17,1925,1941,6,-6.5,619,1580,1369,119,202,27,5,15,121,1,1,105,593,0,1,,103,0.148,0.209,0.207,0.417,0,1,1,0,0,1947,17,1925,1941,6,113.24,300,141,0.68,3.06,616,457,123,298,35,54,3940.2,3849,1594,1339,162,1187,24,2266,42,1,51,16622,0,1,1,0,0,1947,1900-1975,BBWAA,1,0,0,0,0,0,0,0,0,0,0,0,0,0,0,0,Player,123,76.40%
377,Jesse Tannehill,1,1946,15,0,47,1561,2759.1,B,,,,,,,,,,,,,,,,,,,,,,,,,,,,,,,,,,,,,,,,,,,,,,,,,,,,,,,,,,,,,,,,,,,,,,,,,,,,,,,,,,,,,,,
132,Don Sutton,1,1998,23,0,66.7,1559,5282.1,R,1998,23,1966,1988,4,-1.6,611,1559,1354,64,195,15,1,0,64,1,0,60,365,0,29,3,136,0.144,0.183,0.157,0.34,1,1,1,0,0,1998,23,1966,1988,4,68.28,324,256,0.559,3.26,774,756,12,178,58,5,5282.1,4692,2104,1914,472,1343,102,3574,82,21,112,21631,0,1,1,0,0,1998,1945-2021,BBWAA,1,0,0,0,0,0,0,0,0,0,0,0,0,0,0,0,Player,386,81.60%
153,Red Faber,1,1964,20,0,63.8,1559,4086.2,B,1964,20,1914,1933,0,-3.6,670,1559,1269,98,170,21,2,3,71,7,0,169,479,0,,,104,0.134,0.24,0.161,0.401,0,1,1,0,0,1964,20,1914,1933,0,67.39,254,213,0.544,3.15,669,483,134,273,29,27,4086.2,4106,1813,1430,111,1213,10,1471,103,2,52,17104,0,1,1,0,0,1964,1888-1976,Veterans,0,0,0,0,0,1,0,0,0,0,0,0,0,0,0,0,Player,,
22,Tom Seaver,1,1992,20,0,109.9,1552,4783,R,1992,20,1967,1986,12,3.9,582,1552,1315,99,202,28,5,12,86,4,0,108,485,0,22,4,121,0.154,0.219,0.21,0.429,1,1,1,0,0,1992,20,1967,1986,12,106.07,311,205,0.603,2.86,656,647,6,231,61,1,4783,3971,1674,1521,380,1390,116,3640,76,8,126,19369,0,1,1,0,0,1992,1944-2020,BBWAA,1,0,0,0,0,0,0,0,0,0,0,0,0,0,0,0,Player,425,98.80%
307,Theodore Breitenstein,1,1945,11,0,50.6,1538,2973.1,L,,,,,,,,,,,,,,,,,,,,,,,,,,,,,,,,,,,,,,,,,,,,,,,,,,,,,,,,,,,,,,,,,,,,,,,,,,,,,,,,,,,,,,,
703,Will White,1,2013,10,0,34.9,1537,3542.2,B,,,,,,,,,,,,,,,,,,,,,,,,,,,,,,,,,,,,,,,,,,,,,,,,,,,,,,,,,,,,,,,,,,,,,,,,,,,,,,,,,,,,,,,
344,Doc White,1,1946,13,0,48.5,1532,3041,L,,,,,,,,,,,,,,,,,,,,,,,,,,,,,,,,,,,,,,,,,,,,,,,,,,,,,,,,,,,,,,,,,,,,,,,,,,,,,,,,,,,,,,,
213,Jack Quinn,1,1993,23,0,58.6,1514,3920.1,R,,,,,,,,,,,,,,,,,,,,,,,,,,,,,,,,,,,,,,,,,,,,,,,,,,,,,,,,,,,,,,,,,,,,,,,,,,,,,,,,,,,,,,,
47,Bob Gibson,1,1981,17,0,89.2,1489,3884.1,R,1981,17,1959,1975,9,7.5,596,1489,1328,132,274,44,5,24,144,13,10,63,415,0,13,18,72,0.206,0.243,0.301,0.545,1,1,1,0,0,1981,17,1959,1975,9,81.66,251,174,0.591,2.91,528,482,21,255,56,6,3884.1,3279,1420,1258,257,1336,118,3117,102,13,108,16068,0,1,1,0,0,1981,1935-2020,BBWAA,1,0,0,0,0,0,0,0,0,0,0,0,0,0,0,0,Player,337,84.00%
157,Bob Feller,1,1962,18,0,63.4,1486,3827,R,1962,18,1936,1956,8,-1.8,570,1486,1282,99,193,28,13,8,99,1,2,100,505,0,15,0,100,0.151,0.214,0.211,0.425,0,1,1,0,0,1962,18,1936,1956,8,65.2,266,162,0.621,3.25,570,484,52,279,44,22,3827,3271,1557,1384,224,1764,89,2581,60,13,69,16180,0,1,1,0,0,1962,1918-2010,BBWAA,1,0,0,0,0,0,0,0,0,0,0,0,0,0,0,0,Player,150,93.80%
315,Silver King,1,1969,10,0,50.4,1477,3180.2,R,,,,,,,,,,,,,,,,,,,,,,,,,,,,,,,,,,,,,,,,,,,,,,,,,,,,,,,,,,,,,,,,,,,,,,,,,,,,,,,,,,,,,,,
422,Herb Pennock,1,1948,22,0,45,1427,3571.2,B,1948,22,1912,1934,0,0.8,620,1427,1214,108,232,33,4,4,103,1,0,94,178,0,,,111,0.191,0.253,0.235,0.488,0,1,1,0,0,1948,22,1912,1934,0,44.18,241,162,0.598,3.6,617,419,135,249,35,37,3571.2,3900,1699,1428,128,916,18,1227,36,6,65,15093,0,1,1,0,0,1948,1894-1948,BBWAA,1,0,0,0,0,0,0,0,0,0,0,0,0,0,0,0,Player,94,77.70%
204,Joe McGinnity,1,1946,10,0,59,1424,3441.1,R,1946,10,1899,1908,0,-2.9,477,1424,1297,109,251,21,10,0,90,26,,34,158,,,,81,0.194,0.221,0.225,0.446,1,1,1,0,0,1946,10,1899,1908,0,61.91,246,142,0.634,2.66,465,381,73,314,32,24,3441.1,3276,1436,1016,52,812,,1068,179,4,30,14143,0,1,1,0,0,1946,1871-1929,Old Timers,0,0,0,0,0,0,0,0,0,0,0,0,1,0,0,0,Player,,
288,Waite Hoyt,1,1969,21,0,52.4,1423,3762.1,R,1969,21,1918,1938,0,-1.8,674,1423,1287,96,255,26,11,0,100,0,1,40,161,0,10,,91,0.198,0.223,0.235,0.458,1,1,1,0,0,1969,21,1918,1938,0,54.14,237,182,0.566,3.59,674,425,172,226,26,53,3762.1,4037,1780,1500,154,1003,24,1206,49,5,39,16031,0,1,1,0,0,1969,1899-1984,Veterans,0,0,0,0,0,1,0,0,0,0,0,0,0,0,0,0,Player,,
610,Ray Brown,1,2006,14,0,38.2,1407,1480.2,B,2006,14,1931,1945,2,6.5,429,1407,1260,193,335,74,21,25,197,10,,123,,2,0,0,23,0.266,0.332,0.417,0.749,0,1,0,1,0,2006,14,1931,1945,2,31.69,119,46,0.721,3.12,216,157,35,140,18,16,1480.2,1400,648,514,33,415,0,719,24,2,5,5391,0,1,0,1,0,2006,1908-1965,Negro League,0,0,0,0,0,0,0,0,0,0,0,1,0,0,0,0,Player,,
202,Jim Bunning,1,1996,17,0,59.4,1401,3760.1,R,1996,17,1955,1971,9,-0.9,601,1401,1275,82,213,21,4,7,75,0,2,34,362,0,36,6,85,0.167,0.188,0.206,0.395,1,1,1,0,0,1996,17,1955,1971,9,60.33,224,184,0.549,3.27,591,519,39,151,40,16,3760.1,3433,1527,1366,372,1000,98,2855,160,8,47,15618,0,1,1,0,0,1996,1931-2017,Veterans,0,0,0,0,0,1,0,0,0,0,0,0,0,0,0,0,Player,,
118,Carl Hubbell,1,1947,16,0,68.5,1397,3590.1,R,1947,16,1928,1943,9,-0.4,535,1397,1288,95,246,30,2,4,101,1,2,33,172,0,12,,75,0.191,0.212,0.227,0.439,1,1,1,0,0,1947,16,1928,1943,9,68.83,253,154,0.622,2.98,535,433,82,260,36,33,3590.1,3461,1380,1188,227,725,68,1677,53,1,53,14805,0,1,1,0,0,1947,1903-1988,BBWAA,1,0,0,0,0,0,0,0,0,0,0,0,0,0,0,0,Player,140,87.00%
309,Jim Kaat,1,2022,25,0,50.5,1363,4530.1,L,2022,25,1959,1983,3,5.3,840,1363,1251,117,232,44,5,16,106,5,1,63,367,1,14,7,34,0.185,0.227,0.267,0.494,1,1,1,0,0,2022,25,1959,1983,3,45.24,283,237,0.544,3.45,898,625,102,180,31,17,4530.1,4620,2038,1738,395,1083,116,2461,122,6,128,19023,0,1,1,0,0,2022,1938-Living,Golden Days Era,0,0,1,0,0,0,0,0,0,0,0,0,0,0,0,0,Player,12,75.00%
162,Juan Marichal,1,1983,16,0,62.8,1343,3507,R,1983,16,1960,1975,10,1,464,1343,1221,73,202,29,2,4,75,2,5,38,269,0,20,7,71,0.165,0.191,0.202,0.393,1,1,1,0,0,1983,16,1960,1975,10,61.78,243,142,0.631,2.89,471,457,11,244,52,2,3507,3153,1329,1126,320,709,82,2303,40,20,51,14236,0,1,1,0,0,1983,1937-Living,BBWAA,1,0,0,0,0,0,0,0,0,0,0,0,0,0,0,0,Player,313,83.70%
349,Bob Lemon,1,1976,15,0,48.2,1330,2850,L,1976,15,1941,1958,7,10.7,615,1330,1183,148,274,54,9,37,147,2,1,93,241,0,9,3,49,0.232,0.288,0.386,0.674,1,1,1,0,0,1976,15,1941,1958,7,37.54,207,128,0.618,3.23,460,350,73,188,31,22,2850,2559,1185,1024,180,1251,55,1277,57,2,63,12099,0,1,1,0,0,1976,1920-2000,BBWAA,1,0,0,0,0,0,0,0,0,0,0,0,0,0,0,0,Player,305,78.60%
272,Wilbur Cooper,1,1973,15,0,53.4,1317,3480,R,,,,,,,,,,,,,,,,,,,,,,,,,,,,,,,,,,,,,,,,,,,,,,,,,,,,,,,,,,,,,,,,,,,,,,,,,,,,,,,,,,,,,,,
130,Don Drysdale,1,1984,14,0,67.1,1309,3432,R,1984,14,1956,1969,9,5.8,547,1309,1169,96,218,26,7,29,113,0,2,60,370,0,34,6,69,0.186,0.228,0.295,0.523,1,1,1,0,0,1984,14,1956,1969,9,61.35,209,166,0.557,2.95,518,465,34,167,49,6,3432,3084,1292,1124,280,855,123,2486,154,10,82,14097,0,1,1,0,0,1984,1936-1993,BBWAA,1,0,0,0,0,0,0,0,0,0,0,0,0,0,0,0,Player,316,78.40%
361,Charles Bender,1,1953,16,0,47.8,1286,3017,R,1953,16,1903,1925,0,5.2,507,1286,1147,102,243,40,10,6,116,20,2,75,160,0,,,42,0.212,0.266,0.28,0.546,0,1,1,0,0,1953,16,1903,1925,0,42.62,212,127,0.625,2.46,459,334,112,255,40,34,3017,2645,1108,823,40,712,,1711,102,10,79,11901,0,1,1,0,0,1953,1884-1954,Veterans,0,0,0,0,0,1,0,0,0,0,0,0,0,0,0,0,Player,,
273,Billy Pierce,1,1974,18,0,53.4,1255,3306.2,L,,,,,,,,,,,,,,,,,,,,,,,,,,,,,,,,,,,,,,,,,,,,,,,,,,,,,,,,,,,,,,,,,,,,,,,,,,,,,,,,,,,,,,,
217,Mordecai Brown,1,1949,14,0,58,1244,3172.1,B,1949,14,1903,1916,0,1.1,493,1244,1143,93,235,20,11,2,73,8,0,44,199,,,,49,0.206,0.236,0.248,0.483,1,1,1,0,0,1949,14,1903,1916,0,56.92,239,130,0.648,2.06,481,332,138,271,55,49,3172.1,2708,1044,725,43,673,,1375,61,4,61,12450,0,1,1,0,0,1949,1876-1948,Old Timers,0,0,0,0,0,0,0,0,0,0,0,0,1,0,0,0,Player,,
46,Gaylord Perry,1,1991,22,0,90,1220,5350,R,1991,22,1962,1983,5,-3,512,1220,1076,48,141,17,0,6,47,0,0,22,369,0,20,3,113,0.131,0.153,0.164,0.316,1,1,1,0,0,1991,22,1962,1983,5,93.02,314,265,0.542,3.11,777,690,33,303,53,10,5350,4938,2128,1846,399,1379,164,3534,108,6,160,21953,0,1,1,0,0,1991,1938-2022,BBWAA,1,0,0,0,0,0,0,0,0,0,0,0,0,0,0,0,Player,342,77.20%
782,Jesse Haines,1,1970,19,0,32.8,1215,3208.2,R,1970,19,1918,1937,0,-3,560,1215,1124,76,209,23,2,3,79,2,1,30,246,0,1,,59,0.186,0.208,0.218,0.426,0,1,1,0,0,1970,19,1918,1937,0,35.74,210,158,0.571,3.64,555,387,96,209,23,11,3208.2,3460,1556,1298,165,871,39,981,57,6,55,13644,0,1,1,0,0,1970,1893-1978,Veterans,0,0,0,0,0,1,0,0,0,0,0,0,0,0,0,0,Player,,
230,Whitey Ford,1,1974,16,0,57,1208,3170.1,L,1974,16,1950,1967,10,3.5,500,1208,1023,91,177,19,0,3,69,3,2,113,224,0,10,4,65,0.173,0.256,0.2,0.457,1,1,1,0,0,1974,16,1950,1967,10,53.5,236,106,0.69,2.75,498,438,35,156,45,11,3170.1,2766,1107,967,228,1086,49,1956,28,5,75,13036,0,1,1,0,0,1974,1928-2020,BBWAA,1,0,0,0,0,0,0,0,0,0,0,0,0,0,0,0,Player,284,77.80%
301,Carl Mays,1,1951,15,0,51.3,1202,3021.1,L,,,,,,,,,,,,,,,,,,,,,,,,,,,,,,,,,,,,,,,,,,,,,,,,,,,,,,,,,,,,,,,,,,,,,,,,,,,,,,,,,,,,,,,
411,Larry French,1,1976,14,0,45.4,1198,3152,R,,,,,,,,,,,,,,,,,,,,,,,,,,,,,,,,,,,,,,,,,,,,,,,,,,,,,,,,,,,,,,,,,,,,,,,,,,,,,,,,,,,,,,,
798,Rube Marquard,1,1971,18,0,32.4,1197,3306.2,B,1971,18,1908,1925,0,-2.3,536,1197,1107,63,198,17,3,1,66,6,2,33,208,0,,,48,0.179,0.207,0.202,0.41,1,1,1,0,0,1971,18,1908,1925,0,34.72,201,177,0.532,3.08,536,408,82,197,30,20,3306.2,3233,1443,1130,107,858,,1593,39,5,81,13641,0,1,1,0,0,1971,1886-1980,Veterans,0,0,0,0,0,1,0,0,0,0,0,0,0,0,0,0,Player,,
174,Stan Coveleski,1,1969,14,0,61.9,1196,3082,R,1969,14,1912,1928,0,-5,451,1196,1058,70,168,26,10,1,81,0,1,53,309,0,,,72,0.159,0.202,0.205,0.407,1,1,1,0,0,1969,14,1912,1928,0,66.91,215,142,0.602,2.89,450,385,52,223,38,21,3082,3055,1227,990,66,802,0,981,30,1,35,12729,0,1,1,0,0,1969,1889-1984,Veterans,0,0,0,0,0,1,0,0,0,0,0,0,0,0,0,0,Player,,
350,Dolf Luque,1,1998,20,0,48.2,1192,3220.1,R,,,,,,,,,,,,,,,,,,,,,,,,,,,,,,,,,,,,,,,,,,,,,,,,,,,,,,,,,,,,,,,,,,,,,,,,,,,,,,,,,,,,,,,
134,Ed Walsh,1,1946,14,0,66.5,1173,2964.1,R,1946,14,1904,1917,0,2.1,459,1173,1085,92,210,38,10,3,68,14,1,46,282,,,,30,0.194,0.231,0.255,0.486,0,1,1,0,0,1946,14,1904,1917,0,64.42,195,126,0.607,1.82,430,315,105,250,57,35,2964.1,2346,873,598,23,617,,1736,52,9,76,11411,0,1,1,0,0,1946,1881-1959,Old Timers,0,0,0,0,0,0,0,0,0,0,0,0,1,0,0,0,Player,,
111,John Smoltz,1,2015,21,0,69,1167,3473,R,2015,21,1988,2009,8,2.6,709,1167,948,77,151,26,2,5,61,3,2,79,365,0,15,1,136,0.159,0.226,0.207,0.433,1,1,1,0,0,2015,21,1988,2009,8,66.4,213,155,0.579,3.33,723,481,204,53,16,154,3473,3074,1391,1284,288,1010,84,3084,57,16,145,14271,0,1,1,0,0,2015,1967-Living,BBWAA,1,0,0,0,0,0,0,0,0,0,0,0,0,0,0,0,Player,455,82.90%
337,Dutch Leonard,1,1985,20,0,49,1161,3218.1,R,,,,,,,,,,,,,,,,,,,,,,,,,,,,,,,,,,,,,,,,,,,,,,,,,,,,,,,,,,,,,,,,,,,,,,,,,,,,,,,,,,,,,,,
163,Hal Newhouser,1,1992,17,0,62.8,1160,2993,L,1992,17,1939,1955,6,2.7,492,1160,999,70,201,22,2,2,81,3,3,89,150,0,24,0,72,0.201,0.267,0.233,0.5,1,1,1,0,0,1992,17,1939,1955,6,60.07,207,150,0.58,3.06,488,374,79,212,33,26,2993,2674,1197,1016,136,1249,47,1796,19,7,65,12648,0,1,1,0,0,1992,1921-1998,Veterans,0,0,0,0,0,1,0,0,0,0,0,0,0,0,0,0,Player,,
477,Jack Chesbro,1,1946,11,0,42.7,1155,2896.2,R,1946,11,1899,1909,0,0.2,393,1155,1103,85,217,37,13,5,82,5,,25,269,,,,21,0.197,0.216,0.267,0.483,0,1,1,0,0,1946,11,1899,1909,0,42.47,198,132,0.6,2.68,392,332,52,260,35,5,2896.2,2647,1206,864,39,690,,1265,113,2,62,11632,0,1,1,0,0,1946,1874-1931,Old Timers,0,0,0,0,0,0,0,0,0,0,0,0,1,0,0,0,Player,,
316,Tommy Bridges,1,1967,16,0,50.4,1144,2826.1,R,,,,,,,,,,,,,,,,,,,,,,,,,,,,,,,,,,,,,,,,,,,,,,,,,,,,,,,,,,,,,,,,,,,,,,,,,,,,,,,,,,,,,,,
215,Rube Waddell,1,1946,13,0,58.4,1139,2961.1,R,1946,13,1897,1910,0,-2.5,410,1139,1066,61,172,29,10,4,83,6,,42,300,,,,23,0.161,0.197,0.219,0.416,0,1,1,0,0,1946,13,1897,1910,0,60.86,193,143,0.574,2.16,407,340,54,261,50,5,2961.1,2460,1063,711,37,803,,2316,115,3,74,11717,0,1,1,0,0,1946,1876-1914,Old Timers,0,0,0,0,0,0,0,0,0,0,0,0,1,0,0,0,Player,,
189,Dazzy Vance,1,1955,16,0,60.4,1114,2966.2,R,1955,16,1915,1935,0,-2.6,442,1114,971,68,146,23,1,7,75,1,0,79,287,0,4,,55,0.15,0.219,0.198,0.417,0,1,1,0,0,1955,16,1915,1935,0,62.94,197,140,0.585,3.24,442,349,52,217,29,12,2966.2,2809,1246,1068,132,840,29,2045,77,2,37,12366,0,1,1,0,0,1955,1891-1961,BBWAA,1,0,0,0,0,0,0,0,0,0,0,0,0,0,0,0,Player,205,81.70%
655,Candy Cummings,1,1939,6,0,36.5,1084,2149.2,R,1939,6,1872,1877,0,-2.1,247,1084,1068,149,227,29,9,0,107,3,2,16,51,,4,,,0.213,0.224,0.257,0.481,1,1,1,0,0,1939,6,1872,1877,0,38.59,145,94,0.607,2.42,242,241,2,233,19,0,2149.2,2526,1450,579,12,113,,259,,0,67,9583,0,1,1,0,0,1939,1848-1924,Old Timers,0,0,0,0,0,0,0,0,0,0,0,0,1,0,0,0,Pioneer/Executive,,
590,Lefty Gomez,1,1972,14,0,38.7,1024,2503,L,1972,14,1930,1943,7,-4.5,368,1024,904,59,133,11,0,0,58,1,1,50,252,0,5,,68,0.147,0.194,0.159,0.353,1,1,1,0,0,1972,14,1930,1943,7,43.21,189,102,0.649,3.34,368,320,31,173,28,10,2503,2290,1091,930,138,1095,34,1468,19,0,39,10729,0,1,1,0,0,1972,1908-1989,Veterans,0,0,0,0,0,1,0,0,0,0,0,0,0,0,0,0,Player,,
56,Fergie Jenkins,1,1991,19,0,84.1,1010,4500.2,R,1991,19,1965,1983,3,2,413,1010,896,54,148,27,6,13,85,0,1,41,326,0,9,7,66,0.165,0.2,0.252,0.452,1,1,1,0,0,1991,19,1965,1983,3,82.16,284,226,0.557,3.34,664,594,37,267,49,7,4500.2,4142,1853,1669,484,997,116,3192,84,18,62,18400,0,1,1,0,0,1991,1942-Living,BBWAA,1,0,0,0,0,0,0,0,0,0,0,0,0,0,0,0,Player,334,75.40%
62,Nolan Ryan,1,1999,27,0,81.3,957,5386,R,1999,27,1966,1993,8,-2.3,427,957,852,40,94,10,2,2,36,3,3,38,371,0,11,2,65,0.11,0.148,0.134,0.282,0,1,1,0,0,1999,27,1966,1993,8,83.6,324,292,0.526,3.19,807,773,13,222,61,3,5386,3923,2178,1911,321,2795,78,5714,158,33,277,22575,0,1,1,0,0,1999,1947-Living,BBWAA,1,0,0,0,0,0,0,0,0,0,0,0,0,0,0,0,Player,491,98.80%
413,Addie Joss,1,1978,9,0,45.3,919,2327,R,1978,9,1902,1910,0,-2.3,296,919,817,46,118,21,6,1,51,10,,54,297,,,,39,0.144,0.198,0.188,0.387,1,1,1,0,0,1978,9,1902,1910,0,47.67,160,97,0.623,1.89,286,260,22,234,45,5,2327,1888,730,488,19,364,,920,58,1,28,8891,0,1,1,0,0,1978,1880-1911,Veterans,0,0,0,0,0,1,0,0,0,0,0,0,0,0,0,0,Player,,
339,Sandy Koufax,1,1972,12,0,48.9,858,2324.1,R,1972,12,1955,1966,7,-4.2,397,858,776,26,75,9,0,2,28,0,1,43,386,0,10,3,35,0.097,0.145,0.116,0.261,1,1,1,0,0,1972,12,1955,1966,7,53.08,165,87,0.655,2.76,397,314,44,137,40,9,2324.1,1754,806,713,204,817,48,2396,18,7,87,9497,0,1,1,0,0,1972,1935-Living,BBWAA,1,0,0,0,0,0,0,0,0,0,0,0,0,0,0,0,Player,344,86.90%
394,Dizzy Dean,1,1953,12,0,46.2,766,1967.1,R,1953,12,1930,1947,4,2.3,325,766,717,76,161,23,4,8,76,5,3,9,104,0,12,,39,0.225,0.235,0.301,0.536,1,1,1,0,0,1953,12,1930,1947,4,43.91,150,83,0.644,3.02,317,230,77,154,26,31,1967.1,1919,774,661,95,453,47,1163,27,5,12,8171,0,1,1,0,0,1953,1910-1974,BBWAA,1,0,0,0,0,0,0,0,0,0,0,0,0,0,0,0,Player,209,79.20%
527,Catfish Hunter,1,1987,15,0,40.9,710,3449.1,R,1987,15,1965,1979,8,4.6,304,710,658,60,149,16,3,6,51,2,0,8,160,0,10,5,39,0.226,0.234,0.287,0.521,0,1,1,0,0,1987,15,1965,1979,8,36.31,224,166,0.574,3.26,500,476,6,181,42,1,3449.1,2958,1380,1248,374,954,57,2012,49,7,49,14032,0,1,1,0,0,1987,1946-1999,BBWAA,1,0,0,0,0,0,0,0,0,0,0,0,0,0,0,0,Player,315,76.30%
380,Satchel Paige,1,1971,22,0,46.9,708,1751.2,R,1971,22,1927,1965,8,0,422,708,672,51,137,6,8,1,49,7,0,14,32,0,5,0,21,0.204,0.221,0.241,0.462,1,1,0,0,1,1971,22,1927,1965,8,46.91,124,82,0.602,2.73,403,198,114,96,22,44,1751.2,1466,661,531,44,463,33,1501,27,5,24,5353,0,1,0,0,1,1971,1906-1982,Negro League,0,0,0,0,0,0,0,0,0,0,0,1,0,0,0,0,Player,,
30,Randy Johnson,1,2015,22,0,101.1,691,4135.1,R,2015,22,1988,2009,10,-2.5,273,691,625,20,78,14,0,1,40,0,0,19,296,0,10,1,44,0.125,0.153,0.152,0.305,0,1,1,0,0,2015,22,1988,2009,10,103.53,303,166,0.646,3.29,618,603,7,100,37,2,4135.1,3346,1703,1513,411,1497,37,4875,190,33,109,17067,0,1,1,0,0,2015,1963-Living,BBWAA,1,0,0,0,0,0,0,0,0,0,0,0,0,0,0,0,Player,534,97.30%
378,Bill Foster,1,1996,14,0,47,623,1499.2,B,1996,14,1923,1937,2,1.4,264,623,577,68,126,11,6,4,49,1,,35,,0,,,11,0.218,0.263,0.279,0.542,1,1,0,1,0,1996,14,1923,1937,2,45.58,110,56,0.663,2.63,238,165,13,127,31,12,1499.2,1281,574,438,25,477,1,922,38,0,11,3582,0,1,0,1,0,1996,1904-1978,Veterans,0,0,0,0,0,1,0,0,0,0,0,0,0,0,0,0,Player,,
119,Jim Palmer,1,1990,19,0,68.5,537,3948,R,1990,19,1965,1984,6,0.9,222,537,489,52,85,9,1,3,41,1,0,16,207,0,1,1,31,0.174,0.2,0.215,0.414,0,1,1,0,0,1990,19,1965,1984,6,67.55,268,152,0.638,2.86,558,521,15,211,53,4,3948,3349,1395,1253,303,1311,37,2212,38,11,85,16114,0,1,1,0,0,1990,1945-Living,BBWAA,1,0,0,0,0,0,0,0,0,0,0,0,0,0,0,0,Player,411,92.60%
57,Pedro Martínez,1,2015,18,0,83.9,518,2827.1,R,2015,18,1992,2009,8,-2.2,277,518,434,22,43,6,2,0,18,0,0,15,190,0,5,3,63,0.099,0.134,0.122,0.256,1,1,1,0,0,2015,18,1992,2009,8,86.08,219,100,0.687,2.93,476,409,23,46,17,3,2827.1,2221,1006,919,239,760,30,3154,141,6,62,11394,0,1,1,0,0,2015,1971-Living,BBWAA,1,0,0,0,0,0,0,0,0,0,0,0,0,0,0,0,Player,500,91.10%
38,Bert Blyleven,1,2011,22,0,94.5,514,4970,R,2011,22,1970,1992,2,-1.6,218,514,451,19,59,7,0,0,25,0,0,5,193,0,4,0,56,0.131,0.144,0.146,0.29,1,1,1,0,0,2011,22,1970,1992,2,96.09,287,250,0.534,3.31,692,685,3,242,60,0,4970,4632,2029,1830,430,1322,71,3701,155,19,114,20491,0,1,1,0,0,2011,1951-Living,BBWAA,1,0,0,0,0,0,0,0,0,0,0,0,0,0,0,0,Player,463,79.70%
382,Hoyt Wilhelm,1,1985,21,0,46.8,493,2254.1,R,1985,21,1952,1972,8,-2.9,1070,493,432,24,38,3,1,1,21,0,1,26,166,0,8,1,34,0.088,0.139,0.106,0.246,1,1,1,0,0,1985,21,1952,1972,8,49.73,143,122,0.54,2.52,1070,52,651,20,5,228,2254.1,1757,773,632,150,778,79,1610,62,4,90,9164,0,1,1,0,0,1985,1922-2002,BBWAA,1,0,0,0,0,0,0,0,0,0,0,0,0,0,0,0,Player,331,83.80%
149,Roy Halladay,1,2019,16,0,64.2,305,2749.1,R,2019,16,1998,2013,8,-1.1,115,305,275,15,34,2,0,0,12,0,0,4,137,0,2,0,26,0.124,0.136,0.131,0.267,1,1,1,0,0,2019,16,1998,2013,8,65.38,203,105,0.659,3.38,416,390,6,67,20,1,2749.1,2646,1135,1034,236,592,28,2117,81,9,56,11287,0,1,1,0,0,2019,1977-2017,BBWAA,1,0,0,0,0,0,0,0,0,0,0,0,0,0,0,0,Player,363,85.40%
209,Bret Saberhagen,1,2006,16,0,58.9,227,2562.2,R,,,,,,,,,,,,,,,,,,,,,,,,,,,,,,,,,,,,,,,,,,,,,,,,,,,,,,,,,,,,,,,,,,,,,,,,,,,,,,,,,,,,,,,
173,Dennis Eckersley,1,2004,24,0,62.1,196,3285.2,R,2004,24,1975,1998,6,-0.2,218,196,181,9,24,3,0,3,12,0,0,9,84,0,1,1,5,0.133,0.173,0.199,0.372,1,1,1,0,0,2004,24,1975,1998,6,62.23,197,171,0.535,3.5,1071,361,577,100,20,390,3285.2,3076,1382,1278,347,738,91,2401,75,16,28,13534,0,1,1,0,0,2004,1954-Living,BBWAA,1,0,0,0,0,0,0,0,0,0,0,0,0,0,0,0,Player,421,83.20%
521,Rich Gossage,1,2008,22,0,41.2,93,1809.1,R,2008,22,1972,1994,9,-0.5,388,93,85,1,9,1,0,0,2,0,0,4,37,0,2,0,4,0.106,0.146,0.118,0.264,0,1,1,0,0,2008,22,1972,1994,9,41.64,124,107,0.537,3.01,1002,37,681,16,0,310,1809.1,1497,670,605,119,732,90,1502,47,5,63,7507,0,1,1,0,0,2008,1951-Living,BBWAA,1,0,0,0,0,0,0,0,0,0,0,0,0,0,0,0,Player,466,85.80%
935,Lee Smith,1,2019,18,0,28.9,71,1289.1,R,2019,18,1980,1997,7,-0.5,770,71,64,2,3,0,0,1,2,0,0,3,42,0,0,0,4,0.047,0.09,0.094,0.183,0,1,1,0,0,2019,18,1980,1997,7,29.33,71,92,0.436,3.03,1022,6,802,0,0,478,1289.1,1133,475,434,89,486,100,1251,10,4,47,5388,0,1,1,0,0,2019,1957-Living,Today's Game Era,0,0,0,1,0,0,0,0,0,0,0,0,0,0,0,0,Player,16,100.00%
60,Mike Mussina,1,2019,18,0,82.8,54,3562.2,L,2019,18,1991,2008,5,0,22,54,52,3,9,1,0,0,5,0,0,1,9,0,0,0,1,0.173,0.189,0.192,0.381,0,1,1,0,0,2019,18,1991,2008,5,82.78,270,153,0.638,3.68,537,536,0,57,23,0,3562.2,3460,1559,1458,376,785,29,2813,60,1,71,14593,0,1,1,0,0,2019,1968-Living,BBWAA,1,0,0,0,0,0,0,0,0,0,0,0,0,0,0,0,Player,326,76.70%
984,Trevor Hoffman,1,2018,18,0,28,36,1089.1,R,2018,18,1993,2010,7,-0.2,1007,36,34,1,4,2,0,0,5,0,0,0,11,0,0,0,2,0.118,0.118,0.176,0.294,1,1,1,0,0,2018,18,1993,2010,7,28.12,61,75,0.449,2.87,1035,0,856,0,0,601,1089.1,846,378,347,100,307,58,1133,9,0,49,4388,0,1,1,0,0,2018,1967-Living,BBWAA,1,0,0,0,0,0,0,0,0,0,0,0,0,0,0,0,Player,337,79.90%
236,Mariano Rivera,1,2019,19,0,56.3,4,1283.2,R,2019,19,1995,2013,13,0,73,4,3,0,0,0,0,0,1,0,0,1,1,0,0,0,0,0,0.25,0,0.25,1,1,1,0,0,2019,19,1995,2013,13,56.27,82,60,0.577,2.21,1115,10,952,0,0,652,1283.2,998,340,315,71,286,41,1173,46,3,13,5103,0,1,1,0,0,2019,1969-Living,BBWAA,1,0,0,0,0,0,0,0,0,0,0,0,0,0,0,0,Player,425,100.00%
462,Jack Morris,1,2018,18,0,43.5,1,3824,R,2018,18,1977,1994,5,-0.1,23,1,1,4,0,0,0,0,0,0,0,0,0,0,0,0,0,0,0,0,0,0,1,1,0,0,2018,18,1977,1994,5,43.61,254,186,0.577,3.9,549,527,10,175,28,0,3824,3567,1815,1657,389,1390,99,2478,58,27,206,16120,0,1,1,0,0,2018,1955-Living,Modern Baseball Era,0,1,0,0,0,0,0,0,0,0,0,0,0,0,0,0,Player,14,87.50%
67,Pete Ros,0,0,24,0,79.6,15890,,B,,,,,,,,,,,,,,,,,,,,,,,,,,,,,,,,,,,,,,,,,,,,,,,,,,,,,,,,,,,,,,,,,,,,,,,,,,,,,,,,,,,,,,,
29,Albert Pujol,0,0,22,0,101.2,13041,1,R,,,,,,,,,,,,,,,,,,,,,,,,,,,,,,,,,,,,,,,,,,,,,,,,,,,,,,,,,,,,,,,,,,,,,,,,,,,,,,,,,,,,,,,
4,Barry Bonds,0,0,22,0,162.8,12606,,L,,,,,,,,,,,,,,,,,,,,,,,,,,,,,,,,,,,,,,,,,,,,,,,,,,,,,,,,,,,,,,,,,,,,,,,,,,,,,,,,,,,,,,,
16,Alex Rodrigue,0,0,22,0,117.4,12207,,R,,,,,,,,,,,,,,,,,,,,,,,,,,,,,,,,,,,,,,,,,,,,,,,,,,,,,,,,,,,,,,,,,,,,,,,,,,,,,,,,,,,,,,,
95,Rafael Palmeir,0,0,20,0,71.9,12046,,L,,,,,,,,,,,,,,,,,,,,,,,,,,,,,,,,,,,,,,,,,,,,,,,,,,,,,,,,,,,,,,,,,,,,,,,,,,,,,,,,,,,,,,,
406,Omar Vizquel,0,0,24,0,45.6,12013,,B,,,,,,,,,,,,,,,,,,,,,,,,,,,,,,,,,,,,,,,,,,,,,,,,,,,,,,,,,,,,,,,,,,,,,,,,,,,,,,,,,,,,,,,
128,Miguel Cabrera,0,0,21,0,67.2,11796,,R,,,,,,,,,,,,,,,,,,,,,,,,,,,,,,,,,,,,,,,,,,,,,,,,,,,,,,,,,,,,,,,,,,,,,,,,,,,,,,,,,,,,,,,
401,Rusty Staub,0,0,23,0,45.8,11229,,L,,,,,,,,,,,,,,,,,,,,,,,,,,,,,,,,,,,,,,,,,,,,,,,,,,,,,,,,,,,,,,,,,,,,,,,,,,,,,,,,,,,,,,,
186,Gary Sheffield,0,0,22,0,60.5,10947,,R,,,,,,,,,,,,,,,,,,,,,,,,,,,,,,,,,,,,,,,,,,,,,,,,,,,,,,,,,,,,,,,,,,,,,,,,,,,,,,,,,,,,,,,
237,Johnny Damon,0,0,18,0,56.3,10917,,L,,,,,,,,,,,,,,,,,,,,,,,,,,,,,,,,,,,,,,,,,,,,,,,,,,,,,,,,,,,,,,,,,,,,,,,,,,,,,,,,,,,,,,,
212,Darrell Evans,0,0,21,0,58.7,10737,,L,,,,,,,,,,,,,,,,,,,,,,,,,,,,,,,,,,,,,,,,,,,,,,,,,,,,,,,,,,,,,,,,,,,,,,,,,,,,,,,,,,,,,,,
129,Dwight Evans,0,0,20,0,67.2,10569,,R,,,,,,,,,,,,,,,,,,,,,,,,,,,,,,,,,,,,,,,,,,,,,,,,,,,,,,,,,,,,,,,,,,,,,,,,,,,,,,,,,,,,,,,
294,Luis Gonzalez,0,0,19,0,51.7,10531,,L,,,,,,,,,,,,,,,,,,,,,,,,,,,,,,,,,,,,,,,,,,,,,,,,,,,,,,,,,,,,,,,,,,,,,,,,,,,,,,,,,,,,,,,
448,Steve Finley,0,0,19,0,44.2,10460,1,L,,,,,,,,,,,,,,,,,,,,,,,,,,,,,,,,,,,,,,,,,,,,,,,,,,,,,,,,,,,,,,,,,,,,,,,,,,,,,,,,,,,,,,,
83,Bill Dahle,0,0,21,0,75.2,10440,,R,,,,,,,,,,,,,,,,,,,,,,,,,,,,,,,,,,,,,,,,,,,,,,,,,,,,,,,,,,,,,,,,,,,,,,,,,,,,,,,,,,,,,,,
264,Vada Pinson,0,0,18,0,54.1,10405,,L,,,,,,,,,,,,,,,,,,,,,,,,,,,,,,,,,,,,,,,,,,,,,,,,,,,,,,,,,,,,,,,,,,,,,,,,,,,,,,,,,,,,,,,
358,Jimmy Rollins,0,0,17,0,47.9,10240,,B,,,,,,,,,,,,,,,,,,,,,,,,,,,,,,,,,,,,,,,,,,,,,,,,,,,,,,,,,,,,,,,,,,,,,,,,,,,,,,,,,,,,,,,
125,Graig Nettles,0,0,22,0,68,10228,,L,,,,,,,,,,,,,,,,,,,,,,,,,,,,,,,,,,,,,,,,,,,,,,,,,,,,,,,,,,,,,,,,,,,,,,,,,,,,,,,,,,,,,,,
193,Bobby Abreu,0,0,18,0,60.2,10081,,L,,,,,,,,,,,,,,,,,,,,,,,,,,,,,,,,,,,,,,,,,,,,,,,,,,,,,,,,,,,,,,,,,,,,,,,,,,,,,,,,,,,,,,,
135,Buddy Bell,0,0,18,0,66.3,10009,,R,,,,,,,,,,,,,,,,,,,,,,,,,,,,,,,,,,,,,,,,,,,,,,,,,,,,,,,,,,,,,,,,,,,,,,,,,,,,,,,,,,,,,,,
602,Chili Davis,0,0,19,0,38.4,9997,2,B,,,,,,,,,,,,,,,,,,,,,,,,,,,,,,,,,,,,,,,,,,,,,,,,,,,,,,,,,,,,,,,,,,,,,,,,,,,,,,,,,,,,,,,
86,Lou Whitake,0,0,19,0,75.1,9967,,L,,,,,,,,,,,,,,,,,,,,,,,,,,,,,,,,,,,,,,,,,,,,,,,,,,,,,,,,,,,,,,,,,,,,,,,,,,,,,,,,,,,,,,,
214,Sammy Sosa,0,0,18,0,58.6,9896,,R,,,,,,,,,,,,,,,,,,,,,,,,,,,,,,,,,,,,,,,,,,,,,,,,,,,,,,,,,,,,,,,,,,,,,,,,,,,,,,,,,,,,,,,
689,Mickey Vernon,0,0,20,0,35.3,9839,,L,,,,,,,,,,,,,,,,,,,,,,,,,,,,,,,,,,,,,,,,,,,,,,,,,,,,,,,,,,,,,,,,,,,,,,,,,,,,,,,,,,,,,,,
184,Willie Davis,0,0,18,0,60.8,9822,,L,,,,,,,,,,,,,,,,,,,,,,,,,,,,,,,,,,,,,,,,,,,,,,,,,,,,,,,,,,,,,,,,,,,,,,,,,,,,,,,,,,,,,,,
496,Gary Gaetti,0,0,20,0,42.1,9817,2.1,R,,,,,,,,,,,,,,,,,,,,,,,,,,,,,,,,,,,,,,,,,,,,,,,,,,,,,,,,,,,,,,,,,,,,,,,,,,,,,,,,,,,,,,,
457,Al Oliver,0,0,18,0,43.7,9778,,L,,,,,,,,,,,,,,,,,,,,,,,,,,,,,,,,,,,,,,,,,,,,,,,,,,,,,,,,,,,,,,,,,,,,,,,,,,,,,,,,,,,,,,,
109,Manny Ramirez,0,0,19,0,69.3,9774,,R,,,,,,,,,,,,,,,,,,,,,,,,,,,,,,,,,,,,,,,,,,,,,,,,,,,,,,,,,,,,,,,,,,,,,,,,,,,,,,,,,,,,,,,
459,Julio Franco,0,0,23,0,43.6,9731,,R,,,,,,,,,,,,,,,,,,,,,,,,,,,,,,,,,,,,,,,,,,,,,,,,,,,,,,,,,,,,,,,,,,,,,,,,,,,,,,,,,,,,,,,
338,Andrew McCutchen,0,0,17,1,49,9707,,R,,,,,,,,,,,,,,,,,,,,,,,,,,,,,,,,,,,,,,,,,,,,,,,,,,,,,,,,,,,,,,,,,,,,,,,,,,,,,,,,,,,,,,,
308,Torii Hunter,0,0,19,0,50.6,9692,,R,,,,,,,,,,,,,,,,,,,,,,,,,,,,,,,,,,,,,,,,,,,,,,,,,,,,,,,,,,,,,,,,,,,,,,,,,,,,,,,,,,,,,,,
551,Dave Concepción,0,0,19,0,40.1,9641,1.1,R,,,,,,,,,,,,,,,,,,,,,,,,,,,,,,,,,,,,,,,,,,,,,,,,,,,,,,,,,,,,,,,,,,,,,,,,,,,,,,,,,,,,,,,
279,Bert Campaneris,0,0,19,0,53.1,9625,1,R,,,,,,,,,,,,,,,,,,,,,,,,,,,,,,,,,,,,,,,,,,,,,,,,,,,,,,,,,,,,,,,,,,,,,,,,,,,,,,,,,,,,,,,
114,Robinson Canó,0,0,17,0,68.7,9550,,L,,,,,,,,,,,,,,,,,,,,,,,,,,,,,,,,,,,,,,,,,,,,,,,,,,,,,,,,,,,,,,,,,,,,,,,,,,,,,,,,,,,,,,,
329,Brett Butler,0,0,17,0,49.7,9545,,L,,,,,,,,,,,,,,,,,,,,,,,,,,,,,,,,,,,,,,,,,,,,,,,,,,,,,,,,,,,,,,,,,,,,,,,,,,,,,,,,,,,,,,,
985,Paul Konerko,0,0,18,0,28,9505,,R,,,,,,,,,,,,,,,,,,,,,,,,,,,,,,,,,,,,,,,,,,,,,,,,,,,,,,,,,,,,,,,,,,,,,,,,,,,,,,,,,,,,,,,
617,Steve Garvey,0,0,19,0,38.1,9466,,R,,,,,,,,,,,,,,,,,,,,,,,,,,,,,,,,,,,,,,,,,,,,,,,,,,,,,,,,,,,,,,,,,,,,,,,,,,,,,,,,,,,,,,,
139,Willie Randolph,0,0,18,0,65.9,9462,,R,,,,,,,,,,,,,,,,,,,,,,,,,,,,,,,,,,,,,,,,,,,,,,,,,,,,,,,,,,,,,,,,,,,,,,,,,,,,,,,,,,,,,,,
959,Don Baylor,0,0,19,0,28.5,9401,,R,,,,,,,,,,,,,,,,,,,,,,,,,,,,,,,,,,,,,,,,,,,,,,,,,,,,,,,,,,,,,,,,,,,,,,,,,,,,,,,,,,,,,,,
150,Freddie Freeman,0,0,16,1,64.2,9363,,L,,,,,,,,,,,,,,,,,,,,,,,,,,,,,,,,,,,,,,,,,,,,,,,,,,,,,,,,,,,,,,,,,,,,,,,,,,,,,,,,,,,,,,,
704,Jimmy Dykes,0,0,22,0,34.9,9353,2,R,,,,,,,,,,,,,,,,,,,,,,,,,,,,,,,,,,,,,,,,,,,,,,,,,,,,,,,,,,,,,,,,,,,,,,,,,,,,,,,,,,,,,,,
755,Nick Markakis,0,0,15,0,33.7,9321,,L,,,,,,,,,,,,,,,,,,,,,,,,,,,,,,,,,,,,,,,,,,,,,,,,,,,,,,,,,,,,,,,,,,,,,,,,,,,,,,,,,,,,,,,
297,Brian Downing,0,0,20,0,51.5,9309,,R,,,,,,,,,,,,,,,,,,,,,,,,,,,,,,,,,,,,,,,,,,,,,,,,,,,,,,,,,,,,,,,,,,,,,,,,,,,,,,,,,,,,,,,
391,Mark Grace,0,0,16,0,46.4,9290,1,L,,,,,,,,,,,,,,,,,,,,,,,,,,,,,,,,,,,,,,,,,,,,,,,,,,,,,,,,,,,,,,,,,,,,,,,,,,,,,,,,,,,,,,,
576,Carlos Santana,0,0,16,1,39.3,9254,,B,,,,,,,,,,,,,,,,,,,,,,,,,,,,,,,,,,,,,,,,,,,,,,,,,,,,,,,,,,,,,,,,,,,,,,,,,,,,,,,,,,,,,,,
122,Kenny Lofton,0,0,17,0,68.4,9235,,L,,,,,,,,,,,,,,,,,,,,,,,,,,,,,,,,,,,,,,,,,,,,,,,,,,,,,,,,,,,,,,,,,,,,,,,,,,,,,,,,,,,,,,,
374,Miguel Tejada,0,0,16,0,47.1,9205,,R,,,,,,,,,,,,,,,,,,,,,,,,,,,,,,,,,,,,,,,,,,,,,,,,,,,,,,,,,,,,,,,,,,,,,,,,,,,,,,,,,,,,,,,
359,Joe Judge,0,0,20,0,47.9,9188,,L,,,,,,,,,,,,,,,,,,,,,,,,,,,,,,,,,,,,,,,,,,,,,,,,,,,,,,,,,,,,,,,,,,,,,,,,,,,,,,,,,,,,,,,
693,Eddie Yost,0,0,18,0,35.1,9177,,R,,,,,,,,,,,,,,,,,,,,,,,,,,,,,,,,,,,,,,,,,,,,,,,,,,,,,,,,,,,,,,,,,,,,,,,,,,,,,,,,,,,,,,,
333,Jimmy Sheckard,0,0,17,0,49.5,9147,,L,,,,,,,,,,,,,,,,,,,,,,,,,,,,,,,,,,,,,,,,,,,,,,,,,,,,,,,,,,,,,,,,,,,,,,,,,,,,,,,,,,,,,,,
454,Jimmy Ryan,0,0,18,0,43.8,9127,117,R,,,,,,,,,,,,,,,,,,,,,,,,,,,,,,,,,,,,,,,,,,,,,,,,,,,,,,,,,,,,,,,,,,,,,,,,,,,,,,,,,,,,,,,
305,Tony Phillips,0,0,18,0,50.9,9110,,B,,,,,,,,,,,,,,,,,,,,,,,,,,,,,,,,,,,,,,,,,,,,,,,,,,,,,,,,,,,,,,,,,,,,,,,,,,,,,,,,,,,,,,,
724,B.J. Surhoff,0,0,19,0,34.4,9106,,L,,,,,,,,,,,,,,,,,,,,,,,,,,,,,,,,,,,,,,,,,,,,,,,,,,,,,,,,,,,,,,,,,,,,,,,,,,,,,,,,,,,,,,,
859,Joe Kuhel,0,0,18,0,30.5,9097,,L,,,,,,,,,,,,,,,,,,,,,,,,,,,,,,,,,,,,,,,,,,,,,,,,,,,,,,,,,,,,,,,,,,,,,,,,,,,,,,,,,,,,,,,
375,Tommy Leach,0,0,19,0,47.1,9075,,R,,,,,,,,,,,,,,,,,,,,,,,,,,,,,,,,,,,,,,,,,,,,,,,,,,,,,,,,,,,,,,,,,,,,,,,,,,,,,,,,,,,,,,,
799,Édgar Rentería,0,0,16,0,32.4,9066,,R,,,,,,,,,,,,,,,,,,,,,,,,,,,,,,,,,,,,,,,,,,,,,,,,,,,,,,,,,,,,,,,,,,,,,,,,,,,,,,,,,,,,,,,
216,John Olerud,0,0,17,0,58.1,9063,,L,,,,,,,,,,,,,,,,,,,,,,,,,,,,,,,,,,,,,,,,,,,,,,,,,,,,,,,,,,,,,,,,,,,,,,,,,,,,,,,,,,,,,,,
330,Bernie Williams,0,0,16,0,49.6,9053,,B,,,,,,,,,,,,,,,,,,,,,,,,,,,,,,,,,,,,,,,,,,,,,,,,,,,,,,,,,,,,,,,,,,,,,,,,,,,,,,,,,,,,,,,
389,Dale Murphy,0,0,18,0,46.5,9041,,R,,,,,,,,,,,,,,,,,,,,,,,,,,,,,,,,,,,,,,,,,,,,,,,,,,,,,,,,,,,,,,,,,,,,,,,,,,,,,,,,,,,,,,,
519,George Van Haltren,0,0,17,0,41.3,9020,689.1,L,,,,,,,,,,,,,,,,,,,,,,,,,,,,,,,,,,,,,,,,,,,,,,,,,,,,,,,,,,,,,,,,,,,,,,,,,,,,,,,,,,,,,,,
802,Aramis Ramírez,0,0,18,0,32.3,8986,,R,,,,,,,,,,,,,,,,,,,,,,,,,,,,,,,,,,,,,,,,,,,,,,,,,,,,,,,,,,,,,,,,,,,,,,,,,,,,,,,,,,,,,,,
904,Marquis Grissom,0,0,17,0,29.6,8959,,R,,,,,,,,,,,,,,,,,,,,,,,,,,,,,,,,,,,,,,,,,,,,,,,,,,,,,,,,,,,,,,,,,,,,,,,,,,,,,,,,,,,,,,,
262,José Cruz,0,0,19,0,54.4,8931,,L,,,,,,,,,,,,,,,,,,,,,,,,,,,,,,,,,,,,,,,,,,,,,,,,,,,,,,,,,,,,,,,,,,,,,,,,,,,,,,,,,,,,,,,
822,Andrés Galarraga,0,0,19,0,31.7,8916,,R,,,,,,,,,,,,,,,,,,,,,,,,,,,,,,,,,,,,,,,,,,,,,,,,,,,,,,,,,,,,,,,,,,,,,,,,,,,,,,,,,,,,,,,
310,Jason Giambi,0,0,20,0,50.5,8908,,L,,,,,,,,,,,,,,,,,,,,,,,,,,,,,,,,,,,,,,,,,,,,,,,,,,,,,,,,,,,,,,,,,,,,,,,,,,,,,,,,,,,,,,,
600,Tim Wallach,0,0,17,0,38.5,8908,2,R,,,,,,,,,,,,,,,,,,,,,,,,,,,,,,,,,,,,,,,,,,,,,,,,,,,,,,,,,,,,,,,,,,,,,,,,,,,,,,,,,,,,,,,
429,Jim Gilliam,0,0,17,0,44.8,8887,,B,,,,,,,,,,,,,,,,,,,,,,,,,,,,,,,,,,,,,,,,,,,,,,,,,,,,,,,,,,,,,,,,,,,,,,,,,,,,,,,,,,,,,,,
455,Fred Tenney,0,0,17,0,43.8,8834,2,L,,,,,,,,,,,,,,,,,,,,,,,,,,,,,,,,,,,,,,,,,,,,,,,,,,,,,,,,,,,,,,,,,,,,,,,,,,,,,,,,,,,,,,,
154,Paul Goldschmidt,0,0,15,1,63.8,8826,,R,,,,,,,,,,,,,,,,,,,,,,,,,,,,,,,,,,,,,,,,,,,,,,,,,,,,,,,,,,,,,,,,,,,,,,,,,,,,,,,,,,,,,,,
414,Tony Fernández,0,0,17,0,45.3,8793,,B,,,,,,,,,,,,,,,,,,,,,,,,,,,,,,,,,,,,,,,,,,,,,,,,,,,,,,,,,,,,,,,,,,,,,,,,,,,,,,,,,,,,,,,
967,Carlos Lee,0,0,14,0,28.3,8787,,R,,,,,,,,,,,,,,,,,,,,,,,,,,,,,,,,,,,,,,,,,,,,,,,,,,,,,,,,,,,,,,,,,,,,,,,,,,,,,,,,,,,,,,,
569,Donie Bush,0,0,16,0,39.4,8775,,B,,,,,,,,,,,,,,,,,,,,,,,,,,,,,,,,,,,,,,,,,,,,,,,,,,,,,,,,,,,,,,,,,,,,,,,,,,,,,,,,,,,,,,,
300,Toby Harrah,0,0,17,0,51.4,8767,,R,,,,,,,,,,,,,,,,,,,,,,,,,,,,,,,,,,,,,,,,,,,,,,,,,,,,,,,,,,,,,,,,,,,,,,,,,,,,,,,,,,,,,,,
570,Jake Daubert,0,0,15,0,39.4,8749,,L,,,,,,,,,,,,,,,,,,,,,,,,,,,,,,,,,,,,,,,,,,,,,,,,,,,,,,,,,,,,,,,,,,,,,,,,,,,,,,,,,,,,,,,
156,Joey Votto,0,0,17,0,63.6,8746,,L,,,,,,,,,,,,,,,,,,,,,,,,,,,,,,,,,,,,,,,,,,,,,,,,,,,,,,,,,,,,,,,,,,,,,,,,,,,,,,,,,,,,,,,
512,Dick Bartell,0,0,18,0,41.6,8745,,R,,,,,,,,,,,,,,,,,,,,,,,,,,,,,,,,,,,,,,,,,,,,,,,,,,,,,,,,,,,,,,,,,,,,,,,,,,,,,,,,,,,,,,,
510,Jason Kendall,0,0,15,0,41.7,8702,,R,,,,,,,,,,,,,,,,,,,,,,,,,,,,,,,,,,,,,,,,,,,,,,,,,,,,,,,,,,,,,,,,,,,,,,,,,,,,,,,,,,,,,,,
274,Jose Altuve,0,0,15,1,53.4,8696,,R,,,,,,,,,,,,,,,,,,,,,,,,,,,,,,,,,,,,,,,,,,,,,,,,,,,,,,,,,,,,,,,,,,,,,,,,,,,,,,,,,,,,,,,
366,Ed Konetchy,0,0,15,0,47.7,8675,16.2,R,,,,,,,,,,,,,,,,,,,,,,,,,,,,,,,,,,,,,,,,,,,,,,,,,,,,,,,,,,,,,,,,,,,,,,,,,,,,,,,,,,,,,,,
441,Carlos Delgado,0,0,17,0,44.4,8657,,L,,,,,,,,,,,,,,,,,,,,,,,,,,,,,,,,,,,,,,,,,,,,,,,,,,,,,,,,,,,,,,,,,,,,,,,,,,,,,,,,,,,,,,,
711,Stuffy McInnis,0,0,19,0,34.7,8642,,R,,,,,,,,,,,,,,,,,,,,,,,,,,,,,,,,,,,,,,,,,,,,,,,,,,,,,,,,,,,,,,,,,,,,,,,,,,,,,,,,,,,,,,,
721,Elvis Andrus,0,0,15,0,34.5,8603,,R,,,,,,,,,,,,,,,,,,,,,,,,,,,,,,,,,,,,,,,,,,,,,,,,,,,,,,,,,,,,,,,,,,,,,,,,,,,,,,,,,,,,,,,
203,Sherry Magee,0,0,16,0,59.4,8560,,R,,,,,,,,,,,,,,,,,,,,,,,,,,,,,,,,,,,,,,,,,,,,,,,,,,,,,,,,,,,,,,,,,,,,,,,,,,,,,,,,,,,,,,,
505,Ken Singleton,0,0,15,0,41.8,8559,,B,,,,,,,,,,,,,,,,,,,,,,,,,,,,,,,,,,,,,,,,,,,,,,,,,,,,,,,,,,,,,,,,,,,,,,,,,,,,,,,,,,,,,,,
513,Yadier Molina,0,0,19,0,41.6,8554,2,R,,,,,,,,,,,,,,,,,,,,,,,,,,,,,,,,,,,,,,,,,,,,,,,,,,,,,,,,,,,,,,,,,,,,,,,,,,,,,,,,,,,,,,,
190,Keith Hernandez,0,0,17,0,60.4,8553,,L,,,,,,,,,,,,,,,,,,,,,,,,,,,,,,,,,,,,,,,,,,,,,,,,,,,,,,,,,,,,,,,,,,,,,,,,,,,,,,,,,,,,,,,
635,Jay Bell,0,0,18,0,37.2,8525,,R,,,,,,,,,,,,,,,,,,,,,,,,,,,,,,,,,,,,,,,,,,,,,,,,,,,,,,,,,,,,,,,,,,,,,,,,,,,,,,,,,,,,,,,
639,Herman Long,0,0,16,0,37,8512,,L,,,,,,,,,,,,,,,,,,,,,,,,,,,,,,,,,,,,,,,,,,,,,,,,,,,,,,,,,,,,,,,,,,,,,,,,,,,,,,,,,,,,,,,
256,Stan Hack,0,0,16,0,55.2,8509,,L,,,,,,,,,,,,,,,,,,,,,,,,,,,,,,,,,,,,,,,,,,,,,,,,,,,,,,,,,,,,,,,,,,,,,,,,,,,,,,,,,,,,,,,
707,Frank White,0,0,18,0,34.8,8468,,R,,,,,,,,,,,,,,,,,,,,,,,,,,,,,,,,,,,,,,,,,,,,,,,,,,,,,,,,,,,,,,,,,,,,,,,,,,,,,,,,,,,,,,,
694,Ron Fairly,0,0,21,0,35.1,8437,,L,,,,,,,,,,,,,,,,,,,,,,,,,,,,,,,,,,,,,,,,,,,,,,,,,,,,,,,,,,,,,,,,,,,,,,,,,,,,,,,,,,,,,,,
752,Ray Durham,0,0,14,0,33.8,8423,,B,,,,,,,,,,,,,,,,,,,,,,,,,,,,,,,,,,,,,,,,,,,,,,,,,,,,,,,,,,,,,,,,,,,,,,,,,,,,,,,,,,,,,,,
410,Roger Peckinpaugh,0,0,17,0,45.5,8397,,R,,,,,,,,,,,,,,,,,,,,,,,,,,,,,,,,,,,,,,,,,,,,,,,,,,,,,,,,,,,,,,,,,,,,,,,,,,,,,,,,,,,,,,,
498,Nelson Cruz,0,0,19,0,42,8396,,R,,,,,,,,,,,,,,,,,,,,,,,,,,,,,,,,,,,,,,,,,,,,,,,,,,,,,,,,,,,,,,,,,,,,,,,,,,,,,,,,,,,,,,,
954,Alfonso Soriano,0,0,16,0,28.6,8395,,R,,,,,,,,,,,,,,,,,,,,,,,,,,,,,,,,,,,,,,,,,,,,,,,,,,,,,,,,,,,,,,,,,,,,,,,,,,,,,,,,,,,,,,,
792,Billy Hoeft,0,0,14,0,32.5,8386,,L,,,,,,,,,,,,,,,,,,,,,,,,,,,,,,,,,,,,,,,,,,,,,,,,,,,,,,,,,,,,,,,,,,,,,,,,,,,,,,,,,,,,,,,
268,Ron Cey,0,0,17,0,53.7,8344,,R,,,,,,,,,,,,,,,,,,,,,,,,,,,,,,,,,,,,,,,,,,,,,,,,,,,,,,,,,,,,,,,,,,,,,,,,,,,,,,,,,,,,,,,
552,Clyde Milan,0,0,16,0,40.1,8338,,L,,,,,,,,,,,,,,,,,,,,,,,,,,,,,,,,,,,,,,,,,,,,,,,,,,,,,,,,,,,,,,,,,,,,,,,,,,,,,,,,,,,,,,,
585,Paul O'Neill,0,0,17,0,38.8,8329,2,L,,,,,,,,,,,,,,,,,,,,,,,,,,,,,,,,,,,,,,,,,,,,,,,,,,,,,,,,,,,,,,,,,,,,,,,,,,,,,,,,,,,,,,,
396,Willie Wilson,0,0,19,0,46.1,8317,,B,,,,,,,,,,,,,,,,,,,,,,,,,,,,,,,,,,,,,,,,,,,,,,,,,,,,,,,,,,,,,,,,,,,,,,,,,,,,,,,,,,,,,,,
369,Curtis Granderson,0,0,16,0,47.5,8306,,L,,,,,,,,,,,,,,,,,,,,,,,,,,,,,,,,,,,,,,,,,,,,,,,,,,,,,,,,,,,,,,,,,,,,,,,,,,,,,,,,,,,,,,,
563,Maury Wills,0,0,14,0,39.7,8306,,B,,,,,,,,,,,,,,,,,,,,,,,,,,,,,,,,,,,,,,,,,,,,,,,,,,,,,,,,,,,,,,,,,,,,,,,,,,,,,,,,,,,,,,,
267,Ian Kinsler,0,0,14,0,53.8,8299,1,R,,,,,,,,,,,,,,,,,,,,,,,,,,,,,,,,,,,,,,,,,,,,,,,,,,,,,,,,,,,,,,,,,,,,,,,,,,,,,,,,,,,,,,,
179,Sal Bando,0,0,16,0,61.5,8289,3,R,,,,,,,,,,,,,,,,,,,,,,,,,,,,,,,,,,,,,,,,,,,,,,,,,,,,,,,,,,,,,,,,,,,,,,,,,,,,,,,,,,,,,,,
233,Will Clark,0,0,15,0,56.5,8283,,L,,,,,,,,,,,,,,,,,,,,,,,,,,,,,,,,,,,,,,,,,,,,,,,,,,,,,,,,,,,,,,,,,,,,,,,,,,,,,,,,,,,,,,,
164,Ken Boyer,0,0,15,0,62.8,8274,,R,,,,,,,,,,,,,,,,,,,,,,,,,,,,,,,,,,,,,,,,,,,,,,,,,,,,,,,,,,,,,,,,,,,,,,,,,,,,,,,,,,,,,,,
238,Robin Ventura,0,0,16,0,56.1,8271,1,L,,,,,,,,,,,,,,,,,,,,,,,,,,,,,,,,,,,,,,,,,,,,,,,,,,,,,,,,,,,,,,,,,,,,,,,,,,,,,,,,,,,,,,,
656,George Scott,0,0,14,0,36.5,8269,,R,,,,,,,,,,,,,,,,,,,,,,,,,,,,,,,,,,,,,,,,,,,,,,,,,,,,,,,,,,,,,,,,,,,,,,,,,,,,,,,,,,,,,,,
878,Bobby Bonilla,0,0,16,0,30.2,8257,1,B,,,,,,,,,,,,,,,,,,,,,,,,,,,,,,,,,,,,,,,,,,,,,,,,,,,,,,,,,,,,,,,,,,,,,,,,,,,,,,,,,,,,,,,
651,Wally Moses,0,0,17,0,36.7,8256,,L,,,,,,,,,,,,,,,,,,,,,,,,,,,,,,,,,,,,,,,,,,,,,,,,,,,,,,,,,,,,,,,,,,,,,,,,,,,,,,,,,,,,,,,
557,George Burns,0,0,15,0,39.9,8254,,R,,,,,,,,,,,,,,,,,,,,,,,,,,,,,,,,,,,,,,,,,,,,,,,,,,,,,,,,,,,,,,,,,,,,,,,,,,,,,,,,,,,,,,,
476,Amos Otis,0,0,17,0,42.8,8247,,R,,,,,,,,,,,,,,,,,,,,,,,,,,,,,,,,,,,,,,,,,,,,,,,,,,,,,,,,,,,,,,,,,,,,,,,,,,,,,,,,,,,,,,,
640,José Reyes,0,0,16,0,37,8240,1,B,,,,,,,,,,,,,,,,,,,,,,,,,,,,,,,,,,,,,,,,,,,,,,,,,,,,,,,,,,,,,,,,,,,,,,,,,,,,,,,,,,,,,,,
280,Jack Clark,0,0,18,0,53.1,8230,,R,,,,,,,,,,,,,,,,,,,,,,,,,,,,,,,,,,,,,,,,,,,,,,,,,,,,,,,,,,,,,,,,,,,,,,,,,,,,,,,,,,,,,,,
97,Bobby Gric,0,0,17,0,71.1,8220,,R,,,,,,,,,,,,,,,,,,,,,,,,,,,,,,,,,,,,,,,,,,,,,,,,,,,,,,,,,,,,,,,,,,,,,,,,,,,,,,,,,,,,,,,
506,Kid Gleason,0,0,22,0,41.8,8211,2389.1,B,,,,,,,,,,,,,,,,,,,,,,,,,,,,,,,,,,,,,,,,,,,,,,,,,,,,,,,,,,,,,,,,,,,,,,,,,,,,,,,,,,,,,,,
990,Garry Templeton,0,0,16,0,27.9,8208,,B,,,,,,,,,,,,,,,,,,,,,,,,,,,,,,,,,,,,,,,,,,,,,,,,,,,,,,,,,,,,,,,,,,,,,,,,,,,,,,,,,,,,,,,
306,Bob Elliott,0,0,15,0,50.9,8207,,R,,,,,,,,,,,,,,,,,,,,,,,,,,,,,,,,,,,,,,,,,,,,,,,,,,,,,,,,,,,,,,,,,,,,,,,,,,,,,,,,,,,,,,,
210,Evan Longoria,0,0,16,0,58.9,8206,,R,,,,,,,,,,,,,,,,,,,,,,,,,,,,,,,,,,,,,,,,,,,,,,,,,,,,,,,,,,,,,,,,,,,,,,,,,,,,,,,,,,,,,,,
176,Manny Machado,0,0,14,1,61.7,8195,,R,,,,,,,,,,,,,,,,,,,,,,,,,,,,,,,,,,,,,,,,,,,,,,,,,,,,,,,,,,,,,,,,,,,,,,,,,,,,,,,,,,,,,,,
345,Buddy Myer,0,0,17,0,48.4,8194,,L,,,,,,,,,,,,,,,,,,,,,,,,,,,,,,,,,,,,,,,,,,,,,,,,,,,,,,,,,,,,,,,,,,,,,,,,,,,,,,,,,,,,,,,
869,Gary Matthews,0,0,16,0,30.4,8189,,R,,,,,,,,,,,,,,,,,,,,,,,,,,,,,,,,,,,,,,,,,,,,,,,,,,,,,,,,,,,,,,,,,,,,,,,,,,,,,,,,,,,,,,,
731,Willie McGee,0,0,18,0,34.3,8188,,B,,,,,,,,,,,,,,,,,,,,,,,,,,,,,,,,,,,,,,,,,,,,,,,,,,,,,,,,,,,,,,,,,,,,,,,,,,,,,,,,,,,,,,,
646,Dick Groat,0,0,14,0,36.8,8180,,R,,,,,,,,,,,,,,,,,,,,,,,,,,,,,,,,,,,,,,,,,,,,,,,,,,,,,,,,,,,,,,,,,,,,,,,,,,,,,,,,,,,,,,,
325,Ellis Burks,0,0,18,0,49.8,8177,,R,,,,,,,,,,,,,,,,,,,,,,,,,,,,,,,,,,,,,,,,,,,,,,,,,,,,,,,,,,,,,,,,,,,,,,,,,,,,,,,,,,,,,,,
819,Víctor Martínez,0,0,16,0,31.8,8166,,B,,,,,,,,,,,,,,,,,,,,,,,,,,,,,,,,,,,,,,,,,,,,,,,,,,,,,,,,,,,,,,,,,,,,,,,,,,,,,,,,,,,,,,,
857,Chris Speier,0,0,19,0,30.6,8155,,R,,,,,,,,,,,,,,,,,,,,,,,,,,,,,,,,,,,,,,,,,,,,,,,,,,,,,,,,,,,,,,,,,,,,,,,,,,,,,,,,,,,,,,,
281,César Cedeño,0,0,17,0,53,8133,,R,,,,,,,,,,,,,,,,,,,,,,,,,,,,,,,,,,,,,,,,,,,,,,,,,,,,,,,,,,,,,,,,,,,,,,,,,,,,,,,,,,,,,,,
486,José Canseco,0,0,17,0,42.4,8129,1,R,,,,,,,,,,,,,,,,,,,,,,,,,,,,,,,,,,,,,,,,,,,,,,,,,,,,,,,,,,,,,,,,,,,,,,,,,,,,,,,,,,,,,,,
690,Edwin Encarnación,0,0,16,0,35.3,8126,,R,,,,,,,,,,,,,,,,,,,,,,,,,,,,,,,,,,,,,,,,,,,,,,,,,,,,,,,,,,,,,,,,,,,,,,,,,,,,,,,,,,,,,,,
675,Wally Joyner,0,0,16,0,35.8,8115,,L,,,,,,,,,,,,,,,,,,,,,,,,,,,,,,,,,,,,,,,,,,,,,,,,,,,,,,,,,,,,,,,,,,,,,,,,,,,,,,,,,,,,,,,
218,Bobby Bonds,0,0,14,0,57.9,8090,,R,,,,,,,,,,,,,,,,,,,,,,,,,,,,,,,,,,,,,,,,,,,,,,,,,,,,,,,,,,,,,,,,,,,,,,,,,,,,,,,,,,,,,,,
370,Devon White,0,0,17,0,47.3,8080,,B,,,,,,,,,,,,,,,,,,,,,,,,,,,,,,,,,,,,,,,,,,,,,,,,,,,,,,,,,,,,,,,,,,,,,,,,,,,,,,,,,,,,,,,
991,Hal McRae,0,0,19,0,27.9,8059,,R,,,,,,,,,,,,,,,,,,,,,,,,,,,,,,,,,,,,,,,,,,,,,,,,,,,,,,,,,,,,,,,,,,,,,,,,,,,,,,,,,,,,,,,
144,Reggie Smith,0,0,17,0,64.6,8051,,B,,,,,,,,,,,,,,,,,,,,,,,,,,,,,,,,,,,,,,,,,,,,,,,,,,,,,,,,,,,,,,,,,,,,,,,,,,,,,,,,,,,,,,,
244,Bob Johnson,0,0,13,0,55.7,8051,,R,,,,,,,,,,,,,,,,,,,,,,,,,,,,,,,,,,,,,,,,,,,,,,,,,,,,,,,,,,,,,,,,,,,,,,,,,,,,,,,,,,,,,,,
716,Ken Griffey,0,0,19,0,34.6,8049,,L,,,,,,,,,,,,,,,,,,,,,,,,,,,,,,,,,,,,,,,,,,,,,,,,,,,,,,,,,,,,,,,,,,,,,,,,,,,,,,,,,,,,,,,
460,Adrián González,0,0,15,0,43.6,8046,,L,,,,,,,,,,,,,,,,,,,,,,,,,,,,,,,,,,,,,,,,,,,,,,,,,,,,,,,,,,,,,,,,,,,,,,,,,,,,,,,,,,,,,,,
931,Tino Martinez,0,0,16,0,29,8044,,L,,,,,,,,,,,,,,,,,,,,,,,,,,,,,,,,,,,,,,,,,,,,,,,,,,,,,,,,,,,,,,,,,,,,,,,,,,,,,,,,,,,,,,,
311,Mark Teixeira,0,0,14,0,50.5,8029,,B,,,,,,,,,,,,,,,,,,,,,,,,,,,,,,,,,,,,,,,,,,,,,,,,,,,,,,,,,,,,,,,,,,,,,,,,,,,,,,,,,,,,,,,
641,Dusty Baker,0,0,19,0,37,8022,,R,,,,,,,,,,,,,,,,,,,,,,,,,,,,,,,,,,,,,,,,,,,,,,,,,,,,,,,,,,,,,,,,,,,,,,,,,,,,,,,,,,,,,,,
836,Bill Russell,0,0,18,0,31.3,8021,,R,,,,,,,,,,,,,,,,,,,,,,,,,,,,,,,,,,,,,,,,,,,,,,,,,,,,,,,,,,,,,,,,,,,,,,,,,,,,,,,,,,,,,,,
243,Jim Wynn,0,0,15,0,55.9,8011,,R,,,,,,,,,,,,,,,,,,,,,,,,,,,,,,,,,,,,,,,,,,,,,,,,,,,,,,,,,,,,,,,,,,,,,,,,,,,,,,,,,,,,,,,
936,Brandon Phillips,0,0,17,0,28.9,7992,,R,,,,,,,,,,,,,,,,,,,,,,,,,,,,,,,,,,,,,,,,,,,,,,,,,,,,,,,,,,,,,,,,,,,,,,,,,,,,,,,,,,,,,,,
442,Matt Holliday,0,0,15,0,44.4,7981,,R,,,,,,,,,,,,,,,,,,,,,,,,,,,,,,,,,,,,,,,,,,,,,,,,,,,,,,,,,,,,,,,,,,,,,,,,,,,,,,,,,,,,,,,
191,Jim Edmonds,0,0,17,0,60.4,7980,,L,,,,,,,,,,,,,,,,,,,,,,,,,,,,,,,,,,,,,,,,,,,,,,,,,,,,,,,,,,,,,,,,,,,,,,,,,,,,,,,,,,,,,,,
712,Shawn Green,0,0,15,0,34.7,7963,,L,,,,,,,,,,,,,,,,,,,,,,,,,,,,,,,,,,,,,,,,,,,,,,,,,,,,,,,,,,,,,,,,,,,,,,,,,,,,,,,,,,,,,,,
717,Derrek Lee,0,0,15,0,34.6,7963,,R,,,,,,,,,,,,,,,,,,,,,,,,,,,,,,,,,,,,,,,,,,,,,,,,,,,,,,,,,,,,,,,,,,,,,,,,,,,,,,,,,,,,,,,
896,Del Ennis,0,0,14,0,29.8,7944,,R,,,,,,,,,,,,,,,,,,,,,,,,,,,,,,,,,,,,,,,,,,,,,,,,,,,,,,,,,,,,,,,,,,,,,,,,,,,,,,,,,,,,,,,
670,Cecil Cooper,0,0,17,0,36,7939,,L,,,,,,,,,,,,,,,,,,,,,,,,,,,,,,,,,,,,,,,,,,,,,,,,,,,,,,,,,,,,,,,,,,,,,,,,,,,,,,,,,,,,,,,
463,Fielder Jones,0,0,15,0,43.4,7924,,L,,,,,,,,,,,,,,,,,,,,,,,,,,,,,,,,,,,,,,,,,,,,,,,,,,,,,,,,,,,,,,,,,,,,,,,,,,,,,,,,,,,,,,,
318,Fred Lynn,0,0,17,0,50.2,7923,,L,,,,,,,,,,,,,,,,,,,,,,,,,,,,,,,,,,,,,,,,,,,,,,,,,,,,,,,,,,,,,,,,,,,,,,,,,,,,,,,,,,,,,,,
290,Norm Cash,0,0,17,0,52,7914,,L,,,,,,,,,,,,,,,,,,,,,,,,,,,,,,,,,,,,,,,,,,,,,,,,,,,,,,,,,,,,,,,,,,,,,,,,,,,,,,,,,,,,,,,
558,Moisés Alou,0,0,17,0,39.9,7913,,R,,,,,,,,,,,,,,,,,,,,,,,,,,,,,,,,,,,,,,,,,,,,,,,,,,,,,,,,,,,,,,,,,,,,,,,,,,,,,,,,,,,,,,,
491,Felipe Alou,0,0,17,0,42.3,7908,,R,,,,,,,,,,,,,,,,,,,,,,,,,,,,,,,,,,,,,,,,,,,,,,,,,,,,,,,,,,,,,,,,,,,,,,,,,,,,,,,,,,,,,,,
543,Carney Lansford,0,0,15,0,40.4,7905,,R,,,,,,,,,,,,,,,,,,,,,,,,,,,,,,,,,,,,,,,,,,,,,,,,,,,,,,,,,,,,,,,,,,,,,,,,,,,,,,,,,,,,,,,
500,Plácido Polanco,0,0,16,0,41.9,7887,,R,,,,,,,,,,,,,,,,,,,,,,,,,,,,,,,,,,,,,,,,,,,,,,,,,,,,,,,,,,,,,,,,,,,,,,,,,,,,,,,,,,,,,,,
387,Mike Cameron,0,0,17,0,46.7,7884,,R,,,,,,,,,,,,,,,,,,,,,,,,,,,,,,,,,,,,,,,,,,,,,,,,,,,,,,,,,,,,,,,,,,,,,,,,,,,,,,,,,,,,,,,
250,Chet Lemon,0,0,16,0,55.6,7874,,R,,,,,,,,,,,,,,,,,,,,,,,,,,,,,,,,,,,,,,,,,,,,,,,,,,,,,,,,,,,,,,,,,,,,,,,,,,,,,,,,,,,,,,,
145,Chase Utley,0,0,16,0,64.6,7863,,L,,,,,,,,,,,,,,,,,,,,,,,,,,,,,,,,,,,,,,,,,,,,,,,,,,,,,,,,,,,,,,,,,,,,,,,,,,,,,,,,,,,,,,,
820,Wally Pipp,0,0,15,0,31.8,7837,,L,,,,,,,,,,,,,,,,,,,,,,,,,,,,,,,,,,,,,,,,,,,,,,,,,,,,,,,,,,,,,,,,,,,,,,,,,,,,,,,,,,,,,,,
304,Brian Giles,0,0,15,0,51.1,7836,,L,,,,,,,,,,,,,,,,,,,,,,,,,,,,,,,,,,,,,,,,,,,,,,,,,,,,,,,,,,,,,,,,,,,,,,,,,,,,,,,,,,,,,,,
927,George Hendrick,0,0,18,0,29.1,7834,,R,,,,,,,,,,,,,,,,,,,,,,,,,,,,,,,,,,,,,,,,,,,,,,,,,,,,,,,,,,,,,,,,,,,,,,,,,,,,,,,,,,,,,,,
451,Al Dark,0,0,14,0,43.9,7833,1,R,,,,,,,,,,,,,,,,,,,,,,,,,,,,,,,,,,,,,,,,,,,,,,,,,,,,,,,,,,,,,,,,,,,,,,,,,,,,,,,,,,,,,,,
291,Lance Berkman,0,0,15,0,52,7814,,B,,,,,,,,,,,,,,,,,,,,,,,,,,,,,,,,,,,,,,,,,,,,,,,,,,,,,,,,,,,,,,,,,,,,,,,,,,,,,,,,,,,,,,,
449,George Foster,0,0,18,0,44.2,7812,,R,,,,,,,,,,,,,,,,,,,,,,,,,,,,,,,,,,,,,,,,,,,,,,,,,,,,,,,,,,,,,,,,,,,,,,,,,,,,,,,,,,,,,,,
581,Boog Powell,0,0,17,0,39.1,7810,,L,,,,,,,,,,,,,,,,,,,,,,,,,,,,,,,,,,,,,,,,,,,,,,,,,,,,,,,,,,,,,,,,,,,,,,,,,,,,,,,,,,,,,,,
566,Lance Parrish,0,0,19,0,39.5,7797,,R,,,,,,,,,,,,,,,,,,,,,,,,,,,,,,,,,,,,,,,,,,,,,,,,,,,,,,,,,,,,,,,,,,,,,,,,,,,,,,,,,,,,,,,
586,Magglio Ordóñez,0,0,15,0,38.8,7745,,R,,,,,,,,,,,,,,,,,,,,,,,,,,,,,,,,,,,,,,,,,,,,,,,,,,,,,,,,,,,,,,,,,,,,,,,,,,,,,,,,,,,,,,,
696,Brady Anderson,0,0,15,0,35,7737,,L,,,,,,,,,,,,,,,,,,,,,,,,,,,,,,,,,,,,,,,,,,,,,,,,,,,,,,,,,,,,,,,,,,,,,,,,,,,,,,,,,,,,,,,
383,Roy White,0,0,15,0,46.8,7736,,B,,,,,,,,,,,,,,,,,,,,,,,,,,,,,,,,,,,,,,,,,,,,,,,,,,,,,,,,,,,,,,,,,,,,,,,,,,,,,,,,,,,,,,,
631,Cy Williams,0,0,19,0,37.4,7727,,L,,,,,,,,,,,,,,,,,,,,,,,,,,,,,,,,,,,,,,,,,,,,,,,,,,,,,,,,,,,,,,,,,,,,,,,,,,,,,,,,,,,,,,,
487,Don Mattingly,0,0,14,0,42.4,7722,,L,,,,,,,,,,,,,,,,,,,,,,,,,,,,,,,,,,,,,,,,,,,,,,,,,,,,,,,,,,,,,,,,,,,,,,,,,,,,,,,,,,,,,,,
810,Bobby Murcer,0,0,17,0,32.1,7718,,L,,,,,,,,,,,,,,,,,,,,,,,,,,,,,,,,,,,,,,,,,,,,,,,,,,,,,,,,,,,,,,,,,,,,,,,,,,,,,,,,,,,,,,,
347,Larry Gardner,0,0,17,0,48.3,7715,,L,,,,,,,,,,,,,,,,,,,,,,,,,,,,,,,,,,,,,,,,,,,,,,,,,,,,,,,,,,,,,,,,,,,,,,,,,,,,,,,,,,,,,,,
636,Phil Cavarretta,0,0,22,0,37.2,7703,,L,,,,,,,,,,,,,,,,,,,,,,,,,,,,,,,,,,,,,,,,,,,,,,,,,,,,,,,,,,,,,,,,,,,,,,,,,,,,,,,,,,,,,,,
423,Dixie Walker,0,0,18,0,45,7669,,L,,,,,,,,,,,,,,,,,,,,,,,,,,,,,,,,,,,,,,,,,,,,,,,,,,,,,,,,,,,,,,,,,,,,,,,,,,,,,,,,,,,,,,,
265,Bryce Harper,0,0,14,1,54,7665,,L,,,,,,,,,,,,,,,,,,,,,,,,,,,,,,,,,,,,,,,,,,,,,,,,,,,,,,,,,,,,,,,,,,,,,,,,,,,,,,,,,,,,,,,
171,Mark McGwire,0,0,16,0,62.2,7660,,R,,,,,,,,,,,,,,,,,,,,,,,,,,,,,,,,,,,,,,,,,,,,,,,,,,,,,,,,,,,,,,,,,,,,,,,,,,,,,,,,,,,,,,,
807,Justin Upton,0,0,16,0,32.2,7649,,R,,,,,,,,,,,,,,,,,,,,,,,,,,,,,,,,,,,,,,,,,,,,,,,,,,,,,,,,,,,,,,,,,,,,,,,,,,,,,,,,,,,,,,,
962,Terry Pendleton,0,0,15,0,28.4,7637,,B,,,,,,,,,,,,,,,,,,,,,,,,,,,,,,,,,,,,,,,,,,,,,,,,,,,,,,,,,,,,,,,,,,,,,,,,,,,,,,,,,,,,,,,
402,Del Pratt,0,0,13,0,45.8,7632,,R,,,,,,,,,,,,,,,,,,,,,,,,,,,,,,,,,,,,,,,,,,,,,,,,,,,,,,,,,,,,,,,,,,,,,,,,,,,,,,,,,,,,,,,
591,Ed McKean,0,0,13,0,38.7,7626,,R,,,,,,,,,,,,,,,,,,,,,,,,,,,,,,,,,,,,,,,,,,,,,,,,,,,,,,,,,,,,,,,,,,,,,,,,,,,,,,,,,,,,,,,
388,Matt Williams,0,0,17,0,46.6,7595,,R,,,,,,,,,,,,,,,,,,,,,,,,,,,,,,,,,,,,,,,,,,,,,,,,,,,,,,,,,,,,,,,,,,,,,,,,,,,,,,,,,,,,,,,
353,Bobby Veach,0,0,14,0,48.1,7579,2,L,,,,,,,,,,,,,,,,,,,,,,,,,,,,,,,,,,,,,,,,,,,,,,,,,,,,,,,,,,,,,,,,,,,,,,,,,,,,,,,,,,,,,,,
734,Marty McManus,0,0,15,0,34.2,7568,,R,,,,,,,,,,,,,,,,,,,,,,,,,,,,,,,,,,,,,,,,,,,,,,,,,,,,,,,,,,,,,,,,,,,,,,,,,,,,,,,,,,,,,,,
430,Rocky Colavito,0,0,14,0,44.8,7559,5.2,R,,,,,,,,,,,,,,,,,,,,,,,,,,,,,,,,,,,,,,,,,,,,,,,,,,,,,,,,,,,,,,,,,,,,,,,,,,,,,,,,,,,,,,,
177,Jack Glasscock,0,0,17,0,61.6,7552,7,R,,,,,,,,,,,,,,,,,,,,,,,,,,,,,,,,,,,,,,,,,,,,,,,,,,,,,,,,,,,,,,,,,,,,,,,,,,,,,,,,,,,,,,,
860,Arlie Latham,0,0,17,0,30.5,7524,,R,,,,,,,,,,,,,,,,,,,,,,,,,,,,,,,,,,,,,,,,,,,,,,,,,,,,,,,,,,,,,,,,,,,,,,,,,,,,,,,,,,,,,,,
793,Adam Jones,0,0,14,0,32.5,7516,,R,,,,,,,,,,,,,,,,,,,,,,,,,,,,,,,,,,,,,,,,,,,,,,,,,,,,,,,,,,,,,,,,,,,,,,,,,,,,,,,,,,,,,,,
221,Nolan Arenado,0,0,13,1,57.8,7514,,R,,,,,,,,,,,,,,,,,,,,,,,,,,,,,,,,,,,,,,,,,,,,,,,,,,,,,,,,,,,,,,,,,,,,,,,,,,,,,,,,,,,,,,,
928,Luis Castillo,0,0,15,0,29.1,7471,,B,,,,,,,,,,,,,,,,,,,,,,,,,,,,,,,,,,,,,,,,,,,,,,,,,,,,,,,,,,,,,,,,,,,,,,,,,,,,,,,,,,,,,,,
424,Paul Hines,0,0,20,0,45,7470,1,R,,,,,,,,,,,,,,,,,,,,,,,,,,,,,,,,,,,,,,,,,,,,,,,,,,,,,,,,,,,,,,,,,,,,,,,,,,,,,,,,,,,,,,,
947,Ossie Bluege,0,0,18,0,28.7,7458,,R,,,,,,,,,,,,,,,,,,,,,,,,,,,,,,,,,,,,,,,,,,,,,,,,,,,,,,,,,,,,,,,,,,,,,,,,,,,,,,,,,,,,,,,
603,Johnny Callison,0,0,16,0,38.4,7437,,L,,,,,,,,,,,,,,,,,,,,,,,,,,,,,,,,,,,,,,,,,,,,,,,,,,,,,,,,,,,,,,,,,,,,,,,,,,,,,,,,,,,,,,,
478,Ben Chapman,0,0,15,0,42.7,7427,141.1,R,,,,,,,,,,,,,,,,,,,,,,,,,,,,,,,,,,,,,,,,,,,,,,,,,,,,,,,,,,,,,,,,,,,,,,,,,,,,,,,,,,,,,,,
341,Jim Fregosi,0,0,18,0,48.7,7404,,R,,,,,,,,,,,,,,,,,,,,,,,,,,,,,,,,,,,,,,,,,,,,,,,,,,,,,,,,,,,,,,,,,,,,,,,,,,,,,,,,,,,,,,,
553,Ryan Zimmerman,0,0,16,0,40.1,7402,,R,,,,,,,,,,,,,,,,,,,,,,,,,,,,,,,,,,,,,,,,,,,,,,,,,,,,,,,,,,,,,,,,,,,,,,,,,,,,,,,,,,,,,,,
882,Asdrúbal Cabrera,0,0,15,0,30.1,7401,1.1,B,,,,,,,,,,,,,,,,,,,,,,,,,,,,,,,,,,,,,,,,,,,,,,,,,,,,,,,,,,,,,,,,,,,,,,,,,,,,,,,,,,,,,,,
417,Larry Doyle,0,0,14,0,45.1,7400,,L,,,,,,,,,,,,,,,,,,,,,,,,,,,,,,,,,,,,,,,,,,,,,,,,,,,,,,,,,,,,,,,,,,,,,,,,,,,,,,,,,,,,,,,
604,Harry Davis,0,0,22,0,38.4,7391,,R,,,,,,,,,,,,,,,,,,,,,,,,,,,,,,,,,,,,,,,,,,,,,,,,,,,,,,,,,,,,,,,,,,,,,,,,,,,,,,,,,,,,,,,
437,Chuck Knoblauch,0,0,12,0,44.6,7387,,R,,,,,,,,,,,,,,,,,,,,,,,,,,,,,,,,,,,,,,,,,,,,,,,,,,,,,,,,,,,,,,,,,,,,,,,,,,,,,,,,,,,,,,,
611,Bill Madlock,0,0,15,0,38.2,7372,,R,,,,,,,,,,,,,,,,,,,,,,,,,,,,,,,,,,,,,,,,,,,,,,,,,,,,,,,,,,,,,,,,,,,,,,,,,,,,,,,,,,,,,,,
626,Frank Howard,0,0,16,0,37.6,7353,,R,,,,,,,,,,,,,,,,,,,,,,,,,,,,,,,,,,,,,,,,,,,,,,,,,,,,,,,,,,,,,,,,,,,,,,,,,,,,,,,,,,,,,,,
371,Ryan Braun,0,0,14,0,47.2,7340,,R,,,,,,,,,,,,,,,,,,,,,,,,,,,,,,,,,,,,,,,,,,,,,,,,,,,,,,,,,,,,,,,,,,,,,,,,,,,,,,,,,,,,,,,
488,Davey Lopes,0,0,16,0,42.4,7340,,R,,,,,,,,,,,,,,,,,,,,,,,,,,,,,,,,,,,,,,,,,,,,,,,,,,,,,,,,,,,,,,,,,,,,,,,,,,,,,,,,,,,,,,,
544,Anthony Rizzo,0,0,14,0,40.4,7336,1,L,,,,,,,,,,,,,,,,,,,,,,,,,,,,,,,,,,,,,,,,,,,,,,,,,,,,,,,,,,,,,,,,,,,,,,,,,,,,,,,,,,,,,,,
890,Pete Runnels,0,0,14,0,29.9,7329,,L,,,,,,,,,,,,,,,,,,,,,,,,,,,,,,,,,,,,,,,,,,,,,,,,,,,,,,,,,,,,,,,,,,,,,,,,,,,,,,,,,,,,,,,
739,Ron Gant,0,0,16,0,34.1,7320,,R,,,,,,,,,,,,,,,,,,,,,,,,,,,,,,,,,,,,,,,,,,,,,,,,,,,,,,,,,,,,,,,,,,,,,,,,,,,,,,,,,,,,,,,
874,Jhonny Peralta,0,0,15,0,30.3,7319,,R,,,,,,,,,,,,,,,,,,,,,,,,,,,,,,,,,,,,,,,,,,,,,,,,,,,,,,,,,,,,,,,,,,,,,,,,,,,,,,,,,,,,,,,
759,Joe Adcock,0,0,17,0,33.5,7305,,R,,,,,,,,,,,,,,,,,,,,,,,,,,,,,,,,,,,,,,,,,,,,,,,,,,,,,,,,,,,,,,,,,,,,,,,,,,,,,,,,,,,,,,,
708,Alex Gordon,0,0,14,0,34.8,7250,2.1,L,,,,,,,,,,,,,,,,,,,,,,,,,,,,,,,,,,,,,,,,,,,,,,,,,,,,,,,,,,,,,,,,,,,,,,,,,,,,,,,,,,,,,,,
713,George Burns,0,0,16,0,34.7,7249,,R,,,,,,,,,,,,,,,,,,,,,,,,,,,,,,,,,,,,,,,,,,,,,,,,,,,,,,,,,,,,,,,,,,,,,,,,,,,,,,,,,,,,,,,
647,José Bautista,0,0,15,0,36.8,7244,,R,,,,,,,,,,,,,,,,,,,,,,,,,,,,,,,,,,,,,,,,,,,,,,,,,,,,,,,,,,,,,,,,,,,,,,,,,,,,,,,,,,,,,,,
392,Vern Stephens,0,0,15,0,46.4,7243,,R,,,,,,,,,,,,,,,,,,,,,,,,,,,,,,,,,,,,,,,,,,,,,,,,,,,,,,,,,,,,,,,,,,,,,,,,,,,,,,,,,,,,,,,
567,Rafael Furcal,0,0,14,0,39.5,7237,,B,,,,,,,,,,,,,,,,,,,,,,,,,,,,,,,,,,,,,,,,,,,,,,,,,,,,,,,,,,,,,,,,,,,,,,,,,,,,,,,,,,,,,,,
627,Lu Blue,0,0,13,0,37.6,7223,,B,,,,,,,,,,,,,,,,,,,,,,,,,,,,,,,,,,,,,,,,,,,,,,,,,,,,,,,,,,,,,,,,,,,,,,,,,,,,,,,,,,,,,,,
725,Travis Fryman,0,0,13,0,34.4,7217,,R,,,,,,,,,,,,,,,,,,,,,,,,,,,,,,,,,,,,,,,,,,,,,,,,,,,,,,,,,,,,,,,,,,,,,,,,,,,,,,,,,,,,,,,
955,Vernon Wells,0,0,15,0,28.6,7212,,R,,,,,,,,,,,,,,,,,,,,,,,,,,,,,,,,,,,,,,,,,,,,,,,,,,,,,,,,,,,,,,,,,,,,,,,,,,,,,,,,,,,,,,,
49,Mike Trout,0,0,15,1,87.5,7203,,R,,,,,,,,,,,,,,,,,,,,,,,,,,,,,,,,,,,,,,,,,,,,,,,,,,,,,,,,,,,,,,,,,,,,,,,,,,,,,,,,,,,,,,,
578,Carl Crawford,0,0,15,0,39.2,7178,,L,,,,,,,,,,,,,,,,,,,,,,,,,,,,,,,,,,,,,,,,,,,,,,,,,,,,,,,,,,,,,,,,,,,,,,,,,,,,,,,,,,,,,,,
384,Giancarlo Stanton,0,0,16,1,46.8,7177,,R,,,,,,,,,,,,,,,,,,,,,,,,,,,,,,,,,,,,,,,,,,,,,,,,,,,,,,,,,,,,,,,,,,,,,,,,,,,,,,,,,,,,,,,
629,Dick McAuliffe,0,0,16,0,37.5,7162,,L,,,,,,,,,,,,,,,,,,,,,,,,,,,,,,,,,,,,,,,,,,,,,,,,,,,,,,,,,,,,,,,,,,,,,,,,,,,,,,,,,,,,,,,
774,Rick Monday,0,0,19,0,33.1,7162,,L,,,,,,,,,,,,,,,,,,,,,,,,,,,,,,,,,,,,,,,,,,,,,,,,,,,,,,,,,,,,,,,,,,,,,,,,,,,,,,,,,,,,,,,
714,Shin-Soo Choo,0,0,16,0,34.7,7157,,L,,,,,,,,,,,,,,,,,,,,,,,,,,,,,,,,,,,,,,,,,,,,,,,,,,,,,,,,,,,,,,,,,,,,,,,,,,,,,,,,,,,,,,,
592,Juan González,0,0,17,0,38.7,7155,,R,,,,,,,,,,,,,,,,,,,,,,,,,,,,,,,,,,,,,,,,,,,,,,,,,,,,,,,,,,,,,,,,,,,,,,,,,,,,,,,,,,,,,,,
479,Jorge Posada,0,0,17,0,42.7,7150,,B,,,,,,,,,,,,,,,,,,,,,,,,,,,,,,,,,,,,,,,,,,,,,,,,,,,,,,,,,,,,,,,,,,,,,,,,,,,,,,,,,,,,,,,
597,Kent Hrbek,0,0,14,0,38.6,7137,,L,,,,,,,,,,,,,,,,,,,,,,,,,,,,,,,,,,,,,,,,,,,,,,,,,,,,,,,,,,,,,,,,,,,,,,,,,,,,,,,,,,,,,,,
608,Hanley Ramírez,0,0,15,0,38.3,7127,,R,,,,,,,,,,,,,,,,,,,,,,,,,,,,,,,,,,,,,,,,,,,,,,,,,,,,,,,,,,,,,,,,,,,,,,,,,,,,,,,,,,,,,,,
760,Ken Caminiti,0,0,15,0,33.5,7127,,B,,,,,,,,,,,,,,,,,,,,,,,,,,,,,,,,,,,,,,,,,,,,,,,,,,,,,,,,,,,,,,,,,,,,,,,,,,,,,,,,,,,,,,,
642,Kip Selbach,0,0,13,0,37,7122,,R,,,,,,,,,,,,,,,,,,,,,,,,,,,,,,,,,,,,,,,,,,,,,,,,,,,,,,,,,,,,,,,,,,,,,,,,,,,,,,,,,,,,,,,
335,Marcus Semien,0,0,13,1,49.2,7073,,R,,,,,,,,,,,,,,,,,,,,,,,,,,,,,,,,,,,,,,,,,,,,,,,,,,,,,,,,,,,,,,,,,,,,,,,,,,,,,,,,,,,,,,,
848,Greg Vaughn,0,0,15,0,30.8,7070,,R,,,,,,,,,,,,,,,,,,,,,,,,,,,,,,,,,,,,,,,,,,,,,,,,,,,,,,,,,,,,,,,,,,,,,,,,,,,,,,,,,,,,,,,
499,Xander Bogaerts,0,0,13,1,42,7069,,R,,,,,,,,,,,,,,,,,,,,,,,,,,,,,,,,,,,,,,,,,,,,,,,,,,,,,,,,,,,,,,,,,,,,,,,,,,,,,,,,,,,,,,,
560,Reggie Sanders,0,0,17,0,39.8,7043,,R,,,,,,,,,,,,,,,,,,,,,,,,,,,,,,,,,,,,,,,,,,,,,,,,,,,,,,,,,,,,,,,,,,,,,,,,,,,,,,,,,,,,,,,
941,Bob Bailey,0,0,17,0,28.8,7043,,R,,,,,,,,,,,,,,,,,,,,,,,,,,,,,,,,,,,,,,,,,,,,,,,,,,,,,,,,,,,,,,,,,,,,,,,,,,,,,,,,,,,,,,,
348,Heinie Groh,0,0,16,0,48.3,7040,,R,,,,,,,,,,,,,,,,,,,,,,,,,,,,,,,,,,,,,,,,,,,,,,,,,,,,,,,,,,,,,,,,,,,,,,,,,,,,,,,,,,,,,,,
537,Tim Salmon,0,0,14,0,40.6,7039,,R,,,,,,,,,,,,,,,,,,,,,,,,,,,,,,,,,,,,,,,,,,,,,,,,,,,,,,,,,,,,,,,,,,,,,,,,,,,,,,,,,,,,,,,
653,Andy Pafko,0,0,17,0,36.6,7028,,R,,,,,,,,,,,,,,,,,,,,,,,,,,,,,,,,,,,,,,,,,,,,,,,,,,,,,,,,,,,,,,,,,,,,,,,,,,,,,,,,,,,,,,,
418,Christian Yelich,0,0,13,1,45.1,7027,,L,,,,,,,,,,,,,,,,,,,,,,,,,,,,,,,,,,,,,,,,,,,,,,,,,,,,,,,,,,,,,,,,,,,,,,,,,,,,,,,,,,,,,,,
776,Richie Hebner,0,0,18,0,33,7027,,L,,,,,,,,,,,,,,,,,,,,,,,,,,,,,,,,,,,,,,,,,,,,,,,,,,,,,,,,,,,,,,,,,,,,,,,,,,,,,,,,,,,,,,,
718,Carl Furillo,0,0,15,0,34.6,7022,,R,,,,,,,,,,,,,,,,,,,,,,,,,,,,,,,,,,,,,,,,,,,,,,,,,,,,,,,,,,,,,,,,,,,,,,,,,,,,,,,,,,,,,,,
948,Billy Jurges,0,0,17,0,28.7,7018,,R,,,,,,,,,,,,,,,,,,,,,,,,,,,,,,,,,,,,,,,,,,,,,,,,,,,,,,,,,,,,,,,,,,,,,,,,,,,,,,,,,,,,,,,
407,Augie Galan,0,0,16,0,45.6,7008,,B,,,,,,,,,,,,,,,,,,,,,,,,,,,,,,,,,,,,,,,,,,,,,,,,,,,,,,,,,,,,,,,,,,,,,,,,,,,,,,,,,,,,,,,
846,Hunter Pence,0,0,14,0,30.9,7006,,R,,,,,,,,,,,,,,,,,,,,,,,,,,,,,,,,,,,,,,,,,,,,,,,,,,,,,,,,,,,,,,,,,,,,,,,,,,,,,,,,,,,,,,,
657,Don Money,0,0,16,0,36.5,6998,,R,,,,,,,,,,,,,,,,,,,,,,,,,,,,,,,,,,,,,,,,,,,,,,,,,,,,,,,,,,,,,,,,,,,,,,,,,,,,,,,,,,,,,,,
516,Jason Heyward,0,0,16,1,41.5,6995,,L,,,,,,,,,,,,,,,,,,,,,,,,,,,,,,,,,,,,,,,,,,,,,,,,,,,,,,,,,,,,,,,,,,,,,,,,,,,,,,,,,,,,,,,
784,Sam West,0,0,16,0,32.7,6974,,L,,,,,,,,,,,,,,,,,,,,,,,,,,,,,,,,,,,,,,,,,,,,,,,,,,,,,,,,,,,,,,,,,,,,,,,,,,,,,,,,,,,,,,,
968,Bob Watson,0,0,19,0,28.3,6962,,R,,,,,,,,,,,,,,,,,,,,,,,,,,,,,,,,,,,,,,,,,,,,,,,,,,,,,,,,,,,,,,,,,,,,,,,,,,,,,,,,,,,,,,,
753,Bobby Thomson,0,0,15,0,33.8,6961,,R,,,,,,,,,,,,,,,,,,,,,,,,,,,,,,,,,,,,,,,,,,,,,,,,,,,,,,,,,,,,,,,,,,,,,,,,,,,,,,,,,,,,,,,
501,Curt Flood,0,0,15,0,41.9,6958,,R,,,,,,,,,,,,,,,,,,,,,,,,,,,,,,,,,,,,,,,,,,,,,,,,,,,,,,,,,,,,,,,,,,,,,,,,,,,,,,,,,,,,,,,
679,Willie Kamm,0,0,13,0,35.6,6946,,R,,,,,,,,,,,,,,,,,,,,,,,,,,,,,,,,,,,,,,,,,,,,,,,,,,,,,,,,,,,,,,,,,,,,,,,,,,,,,,,,,,,,,,,
84,Mookie Betts,0,0,12,1,75.2,6936,,R,,,,,,,,,,,,,,,,,,,,,,,,,,,,,,,,,,,,,,,,,,,,,,,,,,,,,,,,,,,,,,,,,,,,,,,,,,,,,,,,,,,,,,,
683,Salvador Perez,0,0,14,1,35.5,6904,,R,,,,,,,,,,,,,,,,,,,,,,,,,,,,,,,,,,,,,,,,,,,,,,,,,,,,,,,,,,,,,,,,,,,,,,,,,,,,,,,,,,,,,,,
433,Bill Freehan,0,0,15,0,44.7,6900,,R,,,,,,,,,,,,,,,,,,,,,,,,,,,,,,,,,,,,,,,,,,,,,,,,,,,,,,,,,,,,,,,,,,,,,,,,,,,,,,,,,,,,,,,
539,Jim Sundberg,0,0,16,0,40.5,6899,,R,,,,,,,,,,,,,,,,,,,,,,,,,,,,,,,,,,,,,,,,,,,,,,,,,,,,,,,,,,,,,,,,,,,,,,,,,,,,,,,,,,,,,,,
905,Bing Miller,0,0,16,0,29.6,6896,,R,,,,,,,,,,,,,,,,,,,,,,,,,,,,,,,,,,,,,,,,,,,,,,,,,,,,,,,,,,,,,,,,,,,,,,,,,,,,,,,,,,,,,,,
511,Harlond Clift,0,0,12,0,41.7,6895,,R,,,,,,,,,,,,,,,,,,,,,,,,,,,,,,,,,,,,,,,,,,,,,,,,,,,,,,,,,,,,,,,,,,,,,,,,,,,,,,,,,,,,,,,
745,Tony Cuccinello,0,0,15,0,34,6880,,R,,,,,,,,,,,,,,,,,,,,,,,,,,,,,,,,,,,,,,,,,,,,,,,,,,,,,,,,,,,,,,,,,,,,,,,,,,,,,,,,,,,,,,,
336,David Wright,0,0,14,0,49.1,6872,,R,,,,,,,,,,,,,,,,,,,,,,,,,,,,,,,,,,,,,,,,,,,,,,,,,,,,,,,,,,,,,,,,,,,,,,,,,,,,,,,,,,,,,,,
849,J.D. Martinez,0,0,14,0,30.8,6865,,R,,,,,,,,,,,,,,,,,,,,,,,,,,,,,,,,,,,,,,,,,,,,,,,,,,,,,,,,,,,,,,,,,,,,,,,,,,,,,,,,,,,,,,,
900,Phil Garner,0,0,16,0,29.7,6861,,R,,,,,,,,,,,,,,,,,,,,,,,,,,,,,,,,,,,,,,,,,,,,,,,,,,,,,,,,,,,,,,,,,,,,,,,,,,,,,,,,,,,,,,,
715,Claude Ritchie,0,0,13,0,34.7,6858,,B,,,,,,,,,,,,,,,,,,,,,,,,,,,,,,,,,,,,,,,,,,,,,,,,,,,,,,,,,,,,,,,,,,,,,,,,,,,,,,,,,,,,,,,
826,Brian McCann,0,0,15,0,31.6,6850,,L,,,,,,,,,,,,,,,,,,,,,,,,,,,,,,,,,,,,,,,,,,,,,,,,,,,,,,,,,,,,,,,,,,,,,,,,,,,,,,,,,,,,,,,
245,Francisco Lindor,0,0,11,1,55.7,6848,,B,,,,,,,,,,,,,,,,,,,,,,,,,,,,,,,,,,,,,,,,,,,,,,,,,,,,,,,,,,,,,,,,,,,,,,,,,,,,,,,,,,,,,,,
425,Harry Stovey,0,0,14,0,45,6848,9.1,R,,,,,,,,,,,,,,,,,,,,,,,,,,,,,,,,,,,,,,,,,,,,,,,,,,,,,,,,,,,,,,,,,,,,,,,,,,,,,,,,,,,,,,,
533,Mike Griffin,0,0,12,0,40.8,6848,,R,,,,,,,,,,,,,,,,,,,,,,,,,,,,,,,,,,,,,,,,,,,,,,,,,,,,,,,,,,,,,,,,,,,,,,,,,,,,,,,,,,,,,,,
434,Ben Zobrist,0,0,14,0,44.7,6836,1,B,,,,,,,,,,,,,,,,,,,,,,,,,,,,,,,,,,,,,,,,,,,,,,,,,,,,,,,,,,,,,,,,,,,,,,,,,,,,,,,,,,,,,,,
861,DJ LeMahieu,0,0,15,1,30.5,6822,,R,,,,,,,,,,,,,,,,,,,,,,,,,,,,,,,,,,,,,,,,,,,,,,,,,,,,,,,,,,,,,,,,,,,,,,,,,,,,,,,,,,,,,,,
821,Eddie Joost,0,0,17,0,31.8,6791,,R,,,,,,,,,,,,,,,,,,,,,,,,,,,,,,,,,,,,,,,,,,,,,,,,,,,,,,,,,,,,,,,,,,,,,,,,,,,,,,,,,,,,,,,
942,John Anderson,0,0,14,0,28.8,6785,,B,,,,,,,,,,,,,,,,,,,,,,,,,,,,,,,,,,,,,,,,,,,,,,,,,,,,,,,,,,,,,,,,,,,,,,,,,,,,,,,,,,,,,,,
293,Dustin Pedroia,0,0,14,0,51.8,6777,,R,,,,,,,,,,,,,,,,,,,,,,,,,,,,,,,,,,,,,,,,,,,,,,,,,,,,,,,,,,,,,,,,,,,,,,,,,,,,,,,,,,,,,,,
648,Garry Maddox,0,0,15,0,36.8,6777,,R,,,,,,,,,,,,,,,,,,,,,,,,,,,,,,,,,,,,,,,,,,,,,,,,,,,,,,,,,,,,,,,,,,,,,,,,,,,,,,,,,,,,,,,
443,Cupid Childs,0,0,13,0,44.4,6770,,L,,,,,,,,,,,,,,,,,,,,,,,,,,,,,,,,,,,,,,,,,,,,,,,,,,,,,,,,,,,,,,,,,,,,,,,,,,,,,,,,,,,,,,,
225,José Ramírez,0,0,13,1,57.6,6759,,B,,,,,,,,,,,,,,,,,,,,,,,,,,,,,,,,,,,,,,,,,,,,,,,,,,,,,,,,,,,,,,,,,,,,,,,,,,,,,,,,,,,,,,,
754,Billy Nash,0,0,15,0,33.8,6742,1.1,R,,,,,,,,,,,,,,,,,,,,,,,,,,,,,,,,,,,,,,,,,,,,,,,,,,,,,,,,,,,,,,,,,,,,,,,,,,,,,,,,,,,,,,,
517,Mike Tiernan,0,0,13,0,41.5,6732,19.2,L,,,,,,,,,,,,,,,,,,,,,,,,,,,,,,,,,,,,,,,,,,,,,,,,,,,,,,,,,,,,,,,,,,,,,,,,,,,,,,,,,,,,,,,
823,Rudy York,0,0,13,0,31.7,6723,,R,,,,,,,,,,,,,,,,,,,,,,,,,,,,,,,,,,,,,,,,,,,,,,,,,,,,,,,,,,,,,,,,,,,,,,,,,,,,,,,,,,,,,,,
908,Marcell Ozuna,0,0,13,1,29.5,6715,,R,,,,,,,,,,,,,,,,,,,,,,,,,,,,,,,,,,,,,,,,,,,,,,,,,,,,,,,,,,,,,,,,,,,,,,,,,,,,,,,,,,,,,,,
870,Harry Steinfeldt,0,0,14,0,30.4,6712,,R,,,,,,,,,,,,,,,,,,,,,,,,,,,,,,,,,,,,,,,,,,,,,,,,,,,,,,,,,,,,,,,,,,,,,,,,,,,,,,,,,,,,,,,
871,Mike Hargrove,0,0,12,0,30.4,6694,,L,,,,,,,,,,,,,,,,,,,,,,,,,,,,,,,,,,,,,,,,,,,,,,,,,,,,,,,,,,,,,,,,,,,,,,,,,,,,,,,,,,,,,,,
598,Bill White,0,0,13,0,38.6,6680,,L,,,,,,,,,,,,,,,,,,,,,,,,,,,,,,,,,,,,,,,,,,,,,,,,,,,,,,,,,,,,,,,,,,,,,,,,,,,,,,,,,,,,,,,
554,Albert Belle,0,0,12,0,40.1,6676,,R,,,,,,,,,,,,,,,,,,,,,,,,,,,,,,,,,,,,,,,,,,,,,,,,,,,,,,,,,,,,,,,,,,,,,,,,,,,,,,,,,,,,,,,
612,Ray Lankford,0,0,14,0,38.2,6675,,L,,,,,,,,,,,,,,,,,,,,,,,,,,,,,,,,,,,,,,,,,,,,,,,,,,,,,,,,,,,,,,,,,,,,,,,,,,,,,,,,,,,,,,,
622,Paul Blair,0,0,17,0,37.7,6673,,R,,,,,,,,,,,,,,,,,,,,,,,,,,,,,,,,,,,,,,,,,,,,,,,,,,,,,,,,,,,,,,,,,,,,,,,,,,,,,,,,,,,,,,,
623,Terry Turner,0,0,17,0,37.7,6666,,R,,,,,,,,,,,,,,,,,,,,,,,,,,,,,,,,,,,,,,,,,,,,,,,,,,,,,,,,,,,,,,,,,,,,,,,,,,,,,,,,,,,,,,,
605,Kirk Gibson,0,0,17,0,38.4,6656,,L,,,,,,,,,,,,,,,,,,,,,,,,,,,,,,,,,,,,,,,,,,,,,,,,,,,,,,,,,,,,,,,,,,,,,,,,,,,,,,,,,,,,,,,
593,Russell Martin,0,0,14,0,38.7,6648,4,R,,,,,,,,,,,,,,,,,,,,,,,,,,,,,,,,,,,,,,,,,,,,,,,,,,,,,,,,,,,,,,,,,,,,,,,,,,,,,,,,,,,,,,,
803,Darin Erstad,0,0,14,0,32.3,6628,,L,,,,,,,,,,,,,,,,,,,,,,,,,,,,,,,,,,,,,,,,,,,,,,,,,,,,,,,,,,,,,,,,,,,,,,,,,,,,,,,,,,,,,,,
937,Coco Crisp,0,0,15,0,28.9,6627,,B,,,,,,,,,,,,,,,,,,,,,,,,,,,,,,,,,,,,,,,,,,,,,,,,,,,,,,,,,,,,,,,,,,,,,,,,,,,,,,,,,,,,,,,
765,Gene Woodling,0,0,17,0,33.3,6618,,L,,,,,,,,,,,,,,,,,,,,,,,,,,,,,,,,,,,,,,,,,,,,,,,,,,,,,,,,,,,,,,,,,,,,,,,,,,,,,,,,,,,,,,,
444,Brett Gardner,0,0,14,0,44.3,6614,,L,,,,,,,,,,,,,,,,,,,,,,,,,,,,,,,,,,,,,,,,,,,,,,,,,,,,,,,,,,,,,,,,,,,,,,,,,,,,,,,,,,,,,,,
528,Mark Belanger,0,0,18,0,40.9,6602,,R,,,,,,,,,,,,,,,,,,,,,,,,,,,,,,,,,,,,,,,,,,,,,,,,,,,,,,,,,,,,,,,,,,,,,,,,,,,,,,,,,,,,,,,
536,Roy Thomas,0,0,13,0,40.7,6602,2.2,L,,,,,,,,,,,,,,,,,,,,,,,,,,,,,,,,,,,,,,,,,,,,,,,,,,,,,,,,,,,,,,,,,,,,,,,,,,,,,,,,,,,,,,,
538,David Justice,0,0,14,0,40.6,6602,,L,,,,,,,,,,,,,,,,,,,,,,,,,,,,,,,,,,,,,,,,,,,,,,,,,,,,,,,,,,,,,,,,,,,,,,,,,,,,,,,,,,,,,,,
992,Roy Smalley,0,0,13,0,27.9,6596,,B,,,,,,,,,,,,,,,,,,,,,,,,,,,,,,,,,,,,,,,,,,,,,,,,,,,,,,,,,,,,,,,,,,,,,,,,,,,,,,,,,,,,,,,
918,Jim Piersall,0,0,17,0,29.3,6593,,R,,,,,,,,,,,,,,,,,,,,,,,,,,,,,,,,,,,,,,,,,,,,,,,,,,,,,,,,,,,,,,,,,,,,,,,,,,,,,,,,,,,,,,,
529,Darrell Porter,0,0,17,0,40.9,6570,,L,,,,,,,,,,,,,,,,,,,,,,,,,,,,,,,,,,,,,,,,,,,,,,,,,,,,,,,,,,,,,,,,,,,,,,,,,,,,,,,,,,,,,,,
507,Doug DeCinces,0,0,15,0,41.8,6534,,R,,,,,,,,,,,,,,,,,,,,,,,,,,,,,,,,,,,,,,,,,,,,,,,,,,,,,,,,,,,,,,,,,,,,,,,,,,,,,,,,,,,,,,,
594,Justin Turner,0,0,17,1,38.7,6502,1,R,,,,,,,,,,,,,,,,,,,,,,,,,,,,,,,,,,,,,,,,,,,,,,,,,,,,,,,,,,,,,,,,,,,,,,,,,,,,,,,,,,,,,,,
520,Andy Van Slyke,0,0,13,0,41.3,6495,,L,,,,,,,,,,,,,,,,,,,,,,,,,,,,,,,,,,,,,,,,,,,,,,,,,,,,,,,,,,,,,,,,,,,,,,,,,,,,,,,,,,,,,,,
756,Dom DiMaggio,0,0,11,0,33.6,6478,,R,,,,,,,,,,,,,,,,,,,,,,,,,,,,,,,,,,,,,,,,,,,,,,,,,,,,,,,,,,,,,,,,,,,,,,,,,,,,,,,,,,,,,,,
832,Ted Kluszewski,0,0,15,0,31.4,6470,,L,,,,,,,,,,,,,,,,,,,,,,,,,,,,,,,,,,,,,,,,,,,,,,,,,,,,,,,,,,,,,,,,,,,,,,,,,,,,,,,,,,,,,,,
355,Wally Schang,0,0,19,0,48,6440,,B,,,,,,,,,,,,,,,,,,,,,,,,,,,,,,,,,,,,,,,,,,,,,,,,,,,,,,,,,,,,,,,,,,,,,,,,,,,,,,,,,,,,,,,
697,Howie Kendrick,0,0,15,0,35,6421,,R,,,,,,,,,,,,,,,,,,,,,,,,,,,,,,,,,,,,,,,,,,,,,,,,,,,,,,,,,,,,,,,,,,,,,,,,,,,,,,,,,,,,,,,
497,Bill Nicholson,0,0,16,0,42.1,6420,,L,,,,,,,,,,,,,,,,,,,,,,,,,,,,,,,,,,,,,,,,,,,,,,,,,,,,,,,,,,,,,,,,,,,,,,,,,,,,,,,,,,,,,,,
438,Lonny Frey,0,0,14,0,44.6,6402,,L,,,,,,,,,,,,,,,,,,,,,,,,,,,,,,,,,,,,,,,,,,,,,,,,,,,,,,,,,,,,,,,,,,,,,,,,,,,,,,,,,,,,,,,
492,George Springer,0,0,12,1,42.3,6375,,R,,,,,,,,,,,,,,,,,,,,,,,,,,,,,,,,,,,,,,,,,,,,,,,,,,,,,,,,,,,,,,,,,,,,,,,,,,,,,,,,,,,,,,,
909,Raúl Mondesí,0,0,13,0,29.5,6369,,R,,,,,,,,,,,,,,,,,,,,,,,,,,,,,,,,,,,,,,,,,,,,,,,,,,,,,,,,,,,,,,,,,,,,,,,,,,,,,,,,,,,,,,,
921,Jayson Werth,0,0,15,0,29.2,6366,,R,,,,,,,,,,,,,,,,,,,,,,,,,,,,,,,,,,,,,,,,,,,,,,,,,,,,,,,,,,,,,,,,,,,,,,,,,,,,,,,,,,,,,,,
618,Troy Glaus,0,0,13,0,38.1,6355,,R,,,,,,,,,,,,,,,,,,,,,,,,,,,,,,,,,,,,,,,,,,,,,,,,,,,,,,,,,,,,,,,,,,,,,,,,,,,,,,,,,,,,,,,
466,Dolph Camilli,0,0,12,0,43.2,6354,,L,,,,,,,,,,,,,,,,,,,,,,,,,,,,,,,,,,,,,,,,,,,,,,,,,,,,,,,,,,,,,,,,,,,,,,,,,,,,,,,,,,,,,,,
494,Darryl Strawberry,0,0,17,0,42.2,6326,,L,,,,,,,,,,,,,,,,,,,,,,,,,,,,,,,,,,,,,,,,,,,,,,,,,,,,,,,,,,,,,,,,,,,,,,,,,,,,,,,,,,,,,,,
790,Rico Carty,0,0,15,0,32.6,6318,,R,,,,,,,,,,,,,,,,,,,,,,,,,,,,,,,,,,,,,,,,,,,,,,,,,,,,,,,,,,,,,,,,,,,,,,,,,,,,,,,,,,,,,,,
913,Brandon Crawford,0,0,14,0,29.4,6318,2.1,L,,,,,,,,,,,,,,,,,,,,,,,,,,,,,,,,,,,,,,,,,,,,,,,,,,,,,,,,,,,,,,,,,,,,,,,,,,,,,,,,,,,,,,,
827,José Valentín,0,0,16,0,31.6,6317,,B,,,,,,,,,,,,,,,,,,,,,,,,,,,,,,,,,,,,,,,,,,,,,,,,,,,,,,,,,,,,,,,,,,,,,,,,,,,,,,,,,,,,,,,
770,Ken Keltner,0,0,13,0,33.2,6316,,R,,,,,,,,,,,,,,,,,,,,,,,,,,,,,,,,,,,,,,,,,,,,,,,,,,,,,,,,,,,,,,,,,,,,,,,,,,,,,,,,,,,,,,,
862,Ginger Beaumont,0,0,12,0,30.5,6313,,L,,,,,,,,,,,,,,,,,,,,,,,,,,,,,,,,,,,,,,,,,,,,,,,,,,,,,,,,,,,,,,,,,,,,,,,,,,,,,,,,,,,,,,,
976,J.J. Hardy,0,0,13,0,28.2,6309,,R,,,,,,,,,,,,,,,,,,,,,,,,,,,,,,,,,,,,,,,,,,,,,,,,,,,,,,,,,,,,,,,,,,,,,,,,,,,,,,,,,,,,,,,
577,Starling Marte,0,0,14,1,39.3,6307,,R,,,,,,,,,,,,,,,,,,,,,,,,,,,,,,,,,,,,,,,,,,,,,,,,,,,,,,,,,,,,,,,,,,,,,,,,,,,,,,,,,,,,,,,
840,Duke Farrell,0,0,18,0,31.1,6269,,B,,,,,,,,,,,,,,,,,,,,,,,,,,,,,,,,,,,,,,,,,,,,,,,,,,,,,,,,,,,,,,,,,,,,,,,,,,,,,,,,,,,,,,,
910,Brian Roberts,0,0,14,0,29.5,6253,,B,,,,,,,,,,,,,,,,,,,,,,,,,,,,,,,,,,,,,,,,,,,,,,,,,,,,,,,,,,,,,,,,,,,,,,,,,,,,,,,,,,,,,,,
565,Babe Herman,0,0,13,0,39.6,6230,,L,,,,,,,,,,,,,,,,,,,,,,,,,,,,,,,,,,,,,,,,,,,,,,,,,,,,,,,,,,,,,,,,,,,,,,,,,,,,,,,,,,,,,,,
609,Eric Chavez,0,0,17,0,38.3,6228,,L,,,,,,,,,,,,,,,,,,,,,,,,,,,,,,,,,,,,,,,,,,,,,,,,,,,,,,,,,,,,,,,,,,,,,,,,,,,,,,,,,,,,,,,
540,Cy Seymour,0,0,16,0,40.5,6227,1038,L,,,,,,,,,,,,,,,,,,,,,,,,,,,,,,,,,,,,,,,,,,,,,,,,,,,,,,,,,,,,,,,,,,,,,,,,,,,,,,,,,,,,,,,
883,Sherm Lollar,0,0,18,0,30.1,6221,,R,,,,,,,,,,,,,,,,,,,,,,,,,,,,,,,,,,,,,,,,,,,,,,,,,,,,,,,,,,,,,,,,,,,,,,,,,,,,,,,,,,,,,,,
911,José Abreu,0,0,11,1,29.5,6220,,R,,,,,,,,,,,,,,,,,,,,,,,,,,,,,,,,,,,,,,,,,,,,,,,,,,,,,,,,,,,,,,,,,,,,,,,,,,,,,,,,,,,,,,,
813,Frank McCormick,0,0,13,0,31.9,6207,,R,,,,,,,,,,,,,,,,,,,,,,,,,,,,,,,,,,,,,,,,,,,,,,,,,,,,,,,,,,,,,,,,,,,,,,,,,,,,,,,,,,,,,,,
969,Tim McCarver,0,0,21,0,28.3,6206,,L,,,,,,,,,,,,,,,,,,,,,,,,,,,,,,,,,,,,,,,,,,,,,,,,,,,,,,,,,,,,,,,,,,,,,,,,,,,,,,,,,,,,,,,
643,Kyle Seager,0,0,11,0,37,6204,,L,,,,,,,,,,,,,,,,,,,,,,,,,,,,,,,,,,,,,,,,,,,,,,,,,,,,,,,,,,,,,,,,,,,,,,,,,,,,,,,,,,,,,,,
970,César Tovar,0,0,12,0,28.3,6177,1,R,,,,,,,,,,,,,,,,,,,,,,,,,,,,,,,,,,,,,,,,,,,,,,,,,,,,,,,,,,,,,,,,,,,,,,,,,,,,,,,,,,,,,,,
582,Rico Petrocelli,0,0,13,0,39.1,6171,,R,,,,,,,,,,,,,,,,,,,,,,,,,,,,,,,,,,,,,,,,,,,,,,,,,,,,,,,,,,,,,,,,,,,,,,,,,,,,,,,,,,,,,,,
785,Ron Hunt,0,0,12,0,32.7,6158,,R,,,,,,,,,,,,,,,,,,,,,,,,,,,,,,,,,,,,,,,,,,,,,,,,,,,,,,,,,,,,,,,,,,,,,,,,,,,,,,,,,,,,,,,
971,Melvin Mora,0,0,13,0,28.3,6158,,R,,,,,,,,,,,,,,,,,,,,,,,,,,,,,,,,,,,,,,,,,,,,,,,,,,,,,,,,,,,,,,,,,,,,,,,,,,,,,,,,,,,,,,,
427,J.D. Drew,0,0,14,0,44.9,6153,,L,,,,,,,,,,,,,,,,,,,,,,,,,,,,,,,,,,,,,,,,,,,,,,,,,,,,,,,,,,,,,,,,,,,,,,,,,,,,,,,,,,,,,,,
740,Michael Brantley,0,0,15,0,34.1,6149,,L,,,,,,,,,,,,,,,,,,,,,,,,,,,,,,,,,,,,,,,,,,,,,,,,,,,,,,,,,,,,,,,,,,,,,,,,,,,,,,,,,,,,,,,
666,Eric Davis,0,0,17,0,36.1,6147,,R,,,,,,,,,,,,,,,,,,,,,,,,,,,,,,,,,,,,,,,,,,,,,,,,,,,,,,,,,,,,,,,,,,,,,,,,,,,,,,,,,,,,,,,
794,Jimmy Williams,0,0,11,0,32.5,6138,,R,,,,,,,,,,,,,,,,,,,,,,,,,,,,,,,,,,,,,,,,,,,,,,,,,,,,,,,,,,,,,,,,,,,,,,,,,,,,,,,,,,,,,,,
722,Jeff Cirillo,0,0,14,0,34.5,6136,1,R,,,,,,,,,,,,,,,,,,,,,,,,,,,,,,,,,,,,,,,,,,,,,,,,,,,,,,,,,,,,,,,,,,,,,,,,,,,,,,,,,,,,,,,
445,Nomar Garciaparra,0,0,14,0,44.3,6116,,R,,,,,,,,,,,,,,,,,,,,,,,,,,,,,,,,,,,,,,,,,,,,,,,,,,,,,,,,,,,,,,,,,,,,,,,,,,,,,,,,,,,,,,,
723,Pedro Guerrero,0,0,15,0,34.5,6115,,R,,,,,,,,,,,,,,,,,,,,,,,,,,,,,,,,,,,,,,,,,,,,,,,,,,,,,,,,,,,,,,,,,,,,,,,,,,,,,,,,,,,,,,,
943,Edgardo Alfonzo,0,0,12,0,28.8,6108,,R,,,,,,,,,,,,,,,,,,,,,,,,,,,,,,,,,,,,,,,,,,,,,,,,,,,,,,,,,,,,,,,,,,,,,,,,,,,,,,,,,,,,,,,
559,George Gore,0,0,14,0,39.9,6104,,L,,,,,,,,,,,,,,,,,,,,,,,,,,,,,,,,,,,,,,,,,,,,,,,,,,,,,,,,,,,,,,,,,,,,,,,,,,,,,,,,,,,,,,,
949,Elmer Valo,0,0,20,0,28.7,6092,,L,,,,,,,,,,,,,,,,,,,,,,,,,,,,,,,,,,,,,,,,,,,,,,,,,,,,,,,,,,,,,,,,,,,,,,,,,,,,,,,,,,,,,,,
997,Jackie Jensen,0,0,11,0,27.8,6080,,R,,,,,,,,,,,,,,,,,,,,,,,,,,,,,,,,,,,,,,,,,,,,,,,,,,,,,,,,,,,,,,,,,,,,,,,,,,,,,,,,,,,,,,,
938,Baby Doll Jacobson,0,0,11,0,28.9,6078,,R,,,,,,,,,,,,,,,,,,,,,,,,,,,,,,,,,,,,,,,,,,,,,,,,,,,,,,,,,,,,,,,,,,,,,,,,,,,,,,,,,,,,,,,
939,Kevin Seitzer,0,0,12,0,28.9,6062,0.1,R,,,,,,,,,,,,,,,,,,,,,,,,,,,,,,,,,,,,,,,,,,,,,,,,,,,,,,,,,,,,,,,,,,,,,,,,,,,,,,,,,,,,,,,
746,Dan McGann,0,0,12,0,34,6057,,B,,,,,,,,,,,,,,,,,,,,,,,,,,,,,,,,,,,,,,,,,,,,,,,,,,,,,,,,,,,,,,,,,,,,,,,,,,,,,,,,,,,,,,,
658,Bill Bradley,0,0,14,0,36.5,6052,1,R,,,,,,,,,,,,,,,,,,,,,,,,,,,,,,,,,,,,,,,,,,,,,,,,,,,,,,,,,,,,,,,,,,,,,,,,,,,,,,,,,,,,,,,
891,Von Hayes,0,0,12,0,29.9,6052,,L,,,,,,,,,,,,,,,,,,,,,,,,,,,,,,,,,,,,,,,,,,,,,,,,,,,,,,,,,,,,,,,,,,,,,,,,,,,,,,,,,,,,,,,
775,Earl Torgeson,0,0,15,0,33.1,6046,,L,,,,,,,,,,,,,,,,,,,,,,,,,,,,,,,,,,,,,,,,,,,,,,,,,,,,,,,,,,,,,,,,,,,,,,,,,,,,,,,,,,,,,,,
526,Hardy Richardson,0,0,14,0,41,6044,16,R,,,,,,,,,,,,,,,,,,,,,,,,,,,,,,,,,,,,,,,,,,,,,,,,,,,,,,,,,,,,,,,,,,,,,,,,,,,,,,,,,,,,,,,
884,Kevin McReynolds,0,0,12,0,30.1,6039,,R,,,,,,,,,,,,,,,,,,,,,,,,,,,,,,,,,,,,,,,,,,,,,,,,,,,,,,,,,,,,,,,,,,,,,,,,,,,,,,,,,,,,,,,
522,Jack Fournier,0,0,15,0,41.2,6034,1,L,,,,,,,,,,,,,,,,,,,,,,,,,,,,,,,,,,,,,,,,,,,,,,,,,,,,,,,,,,,,,,,,,,,,,,,,,,,,,,,,,,,,,,,
963,Bob Meusel,0,0,11,0,28.4,6031,,R,,,,,,,,,,,,,,,,,,,,,,,,,,,,,,,,,,,,,,,,,,,,,,,,,,,,,,,,,,,,,,,,,,,,,,,,,,,,,,,,,,,,,,,
786,Mickey Rivers,0,0,15,0,32.7,6027,,L,,,,,,,,,,,,,,,,,,,,,,,,,,,,,,,,,,,,,,,,,,,,,,,,,,,,,,,,,,,,,,,,,,,,,,,,,,,,,,,,,,,,,,,
677,Danny Murphy,0,0,16,0,35.7,5996,,R,,,,,,,,,,,,,,,,,,,,,,,,,,,,,,,,,,,,,,,,,,,,,,,,,,,,,,,,,,,,,,,,,,,,,,,,,,,,,,,,,,,,,,,
814,Scott Fletcher,0,0,15,0,31.9,5976,,R,,,,,,,,,,,,,,,,,,,,,,,,,,,,,,,,,,,,,,,,,,,,,,,,,,,,,,,,,,,,,,,,,,,,,,,,,,,,,,,,,,,,,,,
986,Denard Span,0,0,11,0,28,5956,,L,,,,,,,,,,,,,,,,,,,,,,,,,,,,,,,,,,,,,,,,,,,,,,,,,,,,,,,,,,,,,,,,,,,,,,,,,,,,,,,,,,,,,,,
601,Lonnie Smith,0,0,17,0,38.5,5952,,R,,,,,,,,,,,,,,,,,,,,,,,,,,,,,,,,,,,,,,,,,,,,,,,,,,,,,,,,,,,,,,,,,,,,,,,,,,,,,,,,,,,,,,,
914,Buddy Lewis,0,0,11,0,29.4,5940,,L,,,,,,,,,,,,,,,,,,,,,,,,,,,,,,,,,,,,,,,,,,,,,,,,,,,,,,,,,,,,,,,,,,,,,,,,,,,,,,,,,,,,,,,
981,Denis Menke,0,0,13,0,28.1,5936,,R,,,,,,,,,,,,,,,,,,,,,,,,,,,,,,,,,,,,,,,,,,,,,,,,,,,,,,,,,,,,,,,,,,,,,,,,,,,,,,,,,,,,,,,
741,Bob Allison,0,0,13,0,34.1,5924,,R,,,,,,,,,,,,,,,,,,,,,,,,,,,,,,,,,,,,,,,,,,,,,,,,,,,,,,,,,,,,,,,,,,,,,,,,,,,,,,,,,,,,,,,
783,Bill Doran,0,0,12,0,32.8,5922,,B,,,,,,,,,,,,,,,,,,,,,,,,,,,,,,,,,,,,,,,,,,,,,,,,,,,,,,,,,,,,,,,,,,,,,,,,,,,,,,,,,,,,,,,
987,Terry Steinbach,0,0,14,0,28,5905,,R,,,,,,,,,,,,,,,,,,,,,,,,,,,,,,,,,,,,,,,,,,,,,,,,,,,,,,,,,,,,,,,,,,,,,,,,,,,,,,,,,,,,,,,
749,George Grantham,0,0,13,0,33.9,5900,,L,,,,,,,,,,,,,,,,,,,,,,,,,,,,,,,,,,,,,,,,,,,,,,,,,,,,,,,,,,,,,,,,,,,,,,,,,,,,,,,,,,,,,,,
766,Johnny Logan,0,0,13,0,33.3,5893,,R,,,,,,,,,,,,,,,,,,,,,,,,,,,,,,,,,,,,,,,,,,,,,,,,,,,,,,,,,,,,,,,,,,,,,,,,,,,,,,,,,,,,,,,
385,Josh Donaldson,0,0,13,0,46.8,5856,1,R,,,,,,,,,,,,,,,,,,,,,,,,,,,,,,,,,,,,,,,,,,,,,,,,,,,,,,,,,,,,,,,,,,,,,,,,,,,,,,,,,,,,,,,
977,Rondell White,0,0,15,0,28.2,5852,,R,,,,,,,,,,,,,,,,,,,,,,,,,,,,,,,,,,,,,,,,,,,,,,,,,,,,,,,,,,,,,,,,,,,,,,,,,,,,,,,,,,,,,,,
613,Roger Maris,0,0,12,0,38.2,5847,,L,,,,,,,,,,,,,,,,,,,,,,,,,,,,,,,,,,,,,,,,,,,,,,,,,,,,,,,,,,,,,,,,,,,,,,,,,,,,,,,,,,,,,,,
833,Topsy Hartsel,0,0,14,0,31.4,5842,,L,,,,,,,,,,,,,,,,,,,,,,,,,,,,,,,,,,,,,,,,,,,,,,,,,,,,,,,,,,,,,,,,,,,,,,,,,,,,,,,,,,,,,,,
886,John Titus,0,0,11,0,30,5842,,L,,,,,,,,,,,,,,,,,,,,,,,,,,,,,,,,,,,,,,,,,,,,,,,,,,,,,,,,,,,,,,,,,,,,,,,,,,,,,,,,,,,,,,,
761,Elbie Fletcher,0,0,12,0,33.5,5828,,L,,,,,,,,,,,,,,,,,,,,,,,,,,,,,,,,,,,,,,,,,,,,,,,,,,,,,,,,,,,,,,,,,,,,,,,,,,,,,,,,,,,,,,,
993,Amos Strunk,0,0,17,0,27.9,5828,,L,,,,,,,,,,,,,,,,,,,,,,,,,,,,,,,,,,,,,,,,,,,,,,,,,,,,,,,,,,,,,,,,,,,,,,,,,,,,,,,,,,,,,,,
614,Sid Gordon,0,0,13,0,38.2,5814,,R,,,,,,,,,,,,,,,,,,,,,,,,,,,,,,,,,,,,,,,,,,,,,,,,,,,,,,,,,,,,,,,,,,,,,,,,,,,,,,,,,,,,,,,
879,Lance Johnson,0,0,14,0,30.2,5800,,L,,,,,,,,,,,,,,,,,,,,,,,,,,,,,,,,,,,,,,,,,,,,,,,,,,,,,,,,,,,,,,,,,,,,,,,,,,,,,,,,,,,,,,,
619,Max Bishop,0,0,12,0,38.1,5793,,L,,,,,,,,,,,,,,,,,,,,,,,,,,,,,,,,,,,,,,,,,,,,,,,,,,,,,,,,,,,,,,,,,,,,,,,,,,,,,,,,,,,,,,,
901,Javy López,0,0,15,0,29.7,5793,,R,,,,,,,,,,,,,,,,,,,,,,,,,,,,,,,,,,,,,,,,,,,,,,,,,,,,,,,,,,,,,,,,,,,,,,,,,,,,,,,,,,,,,,,
950,Matt Carpenter,0,0,14,0,28.7,5773,1.1,L,,,,,,,,,,,,,,,,,,,,,,,,,,,,,,,,,,,,,,,,,,,,,,,,,,,,,,,,,,,,,,,,,,,,,,,,,,,,,,,,,,,,,,,
892,Hal Trosky,0,0,11,0,29.9,5750,,L,,,,,,,,,,,,,,,,,,,,,,,,,,,,,,,,,,,,,,,,,,,,,,,,,,,,,,,,,,,,,,,,,,,,,,,,,,,,,,,,,,,,,,,
915,Mickey Tettleton,0,0,14,0,29.4,5745,,B,,,,,,,,,,,,,,,,,,,,,,,,,,,,,,,,,,,,,,,,,,,,,,,,,,,,,,,,,,,,,,,,,,,,,,,,,,,,,,,,,,,,,,,
757,Heinie Zimmerman,0,0,13,0,33.6,5744,,R,,,,,,,,,,,,,,,,,,,,,,,,,,,,,,,,,,,,,,,,,,,,,,,,,,,,,,,,,,,,,,,,,,,,,,,,,,,,,,,,,,,,,,,
747,Ken McMullen,0,0,16,0,34,5731,,R,,,,,,,,,,,,,,,,,,,,,,,,,,,,,,,,,,,,,,,,,,,,,,,,,,,,,,,,,,,,,,,,,,,,,,,,,,,,,,,,,,,,,,,
762,Mark Ellis,0,0,12,0,33.5,5728,,R,,,,,,,,,,,,,,,,,,,,,,,,,,,,,,,,,,,,,,,,,,,,,,,,,,,,,,,,,,,,,,,,,,,,,,,,,,,,,,,,,,,,,,,
828,Chick Stahl,0,0,10,0,31.6,5718,2,L,,,,,,,,,,,,,,,,,,,,,,,,,,,,,,,,,,,,,,,,,,,,,,,,,,,,,,,,,,,,,,,,,,,,,,,,,,,,,,,,,,,,,,,
172,Joe Jackson,0,0,13,0,62.2,5697,,L,,,,,,,,,,,,,,,,,,,,,,,,,,,,,,,,,,,,,,,,,,,,,,,,,,,,,,,,,,,,,,,,,,,,,,,,,,,,,,,,,,,,,,,
484,Wally Berger,0,0,11,0,42.5,5666,,R,,,,,,,,,,,,,,,,,,,,,,,,,,,,,,,,,,,,,,,,,,,,,,,,,,,,,,,,,,,,,,,,,,,,,,,,,,,,,,,,,,,,,,,
777,Brian Jordan,0,0,15,0,32.9,5646,,R,,,,,,,,,,,,,,,,,,,,,,,,,,,,,,,,,,,,,,,,,,,,,,,,,,,,,,,,,,,,,,,,,,,,,,,,,,,,,,,,,,,,,,,
480,Ken Williams,0,0,14,0,42.7,5625,,L,,,,,,,,,,,,,,,,,,,,,,,,,,,,,,,,,,,,,,,,,,,,,,,,,,,,,,,,,,,,,,,,,,,,,,,,,,,,,,,,,,,,,,,
426,Buster Posey,0,0,12,0,45,5607,,R,,,,,,,,,,,,,,,,,,,,,,,,,,,,,,,,,,,,,,,,,,,,,,,,,,,,,,,,,,,,,,,,,,,,,,,,,,,,,,,,,,,,,,,
502,Trea Turner,0,0,11,1,41.9,5606,,R,,,,,,,,,,,,,,,,,,,,,,,,,,,,,,,,,,,,,,,,,,,,,,,,,,,,,,,,,,,,,,,,,,,,,,,,,,,,,,,,,,,,,,,
673,Freddy Parent,0,0,12,0,35.9,5592,,R,,,,,,,,,,,,,,,,,,,,,,,,,,,,,,,,,,,,,,,,,,,,,,,,,,,,,,,,,,,,,,,,,,,,,,,,,,,,,,,,,,,,,,,
988,Del Crandall,0,0,16,0,28,5584,,R,,,,,,,,,,,,,,,,,,,,,,,,,,,,,,,,,,,,,,,,,,,,,,,,,,,,,,,,,,,,,,,,,,,,,,,,,,,,,,,,,,,,,,,
684,Tommy Holmes,0,0,11,0,35.5,5566,,L,,,,,,,,,,,,,,,,,,,,,,,,,,,,,,,,,,,,,,,,,,,,,,,,,,,,,,,,,,,,,,,,,,,,,,,,,,,,,,,,,,,,,,,
624,Jeff Heath,0,0,14,0,37.7,5561,,L,,,,,,,,,,,,,,,,,,,,,,,,,,,,,,,,,,,,,,,,,,,,,,,,,,,,,,,,,,,,,,,,,,,,,,,,,,,,,,,,,,,,,,,
595,J.T. Realmuto,0,0,12,1,38.7,5542,,R,,,,,,,,,,,,,,,,,,,,,,,,,,,,,,,,,,,,,,,,,,,,,,,,,,,,,,,,,,,,,,,,,,,,,,,,,,,,,,,,,,,,,,,
386,Gene Tenace,0,0,15,0,46.8,5527,,R,,,,,,,,,,,,,,,,,,,,,,,,,,,,,,,,,,,,,,,,,,,,,,,,,,,,,,,,,,,,,,,,,,,,,,,,,,,,,,,,,,,,,,,
742,Johnny Pesky,0,0,10,0,34.1,5516,,L,,,,,,,,,,,,,,,,,,,,,,,,,,,,,,,,,,,,,,,,,,,,,,,,,,,,,,,,,,,,,,,,,,,,,,,,,,,,,,,,,,,,,,,
893,Brandon Belt,0,0,13,0,29.9,5483,,L,,,,,,,,,,,,,,,,,,,,,,,,,,,,,,,,,,,,,,,,,,,,,,,,,,,,,,,,,,,,,,,,,,,,,,,,,,,,,,,,,,,,,,,
972,Terry Puhl,0,0,15,0,28.3,5480,,L,,,,,,,,,,,,,,,,,,,,,,,,,,,,,,,,,,,,,,,,,,,,,,,,,,,,,,,,,,,,,,,,,,,,,,,,,,,,,,,,,,,,,,,
514,Eddie Stanky,0,0,11,0,41.6,5439,,R,,,,,,,,,,,,,,,,,,,,,,,,,,,,,,,,,,,,,,,,,,,,,,,,,,,,,,,,,,,,,,,,,,,,,,,,,,,,,,,,,,,,,,,
481,Elmer Smith,0,0,14,0,42.6,5422,1210.1,L,,,,,,,,,,,,,,,,,,,,,,,,,,,,,,,,,,,,,,,,,,,,,,,,,,,,,,,,,,,,,,,,,,,,,,,,,,,,,,,,,,,,,,,
863,Cecil Travis,0,0,12,0,30.5,5417,,L,,,,,,,,,,,,,,,,,,,,,,,,,,,,,,,,,,,,,,,,,,,,,,,,,,,,,,,,,,,,,,,,,,,,,,,,,,,,,,,,,,,,,,,
431,Troy Tulowitzki,0,0,13,0,44.8,5415,,R,,,,,,,,,,,,,,,,,,,,,,,,,,,,,,,,,,,,,,,,,,,,,,,,,,,,,,,,,,,,,,,,,,,,,,,,,,,,,,,,,,,,,,,
847,Orlando Hudson,0,0,11,0,30.9,5413,,B,,,,,,,,,,,,,,,,,,,,,,,,,,,,,,,,,,,,,,,,,,,,,,,,,,,,,,,,,,,,,,,,,,,,,,,,,,,,,,,,,,,,,,,
568,Tommy Henrich,0,0,11,0,39.5,5411,,L,,,,,,,,,,,,,,,,,,,,,,,,,,,,,,,,,,,,,,,,,,,,,,,,,,,,,,,,,,,,,,,,,,,,,,,,,,,,,,,,,,,,,,,
929,Red Rolfe,0,0,10,0,29.1,5407,,L,,,,,,,,,,,,,,,,,,,,,,,,,,,,,,,,,,,,,,,,,,,,,,,,,,,,,,,,,,,,,,,,,,,,,,,,,,,,,,,,,,,,,,,
530,Gil McDougald,0,0,10,0,40.9,5398,,R,,,,,,,,,,,,,,,,,,,,,,,,,,,,,,,,,,,,,,,,,,,,,,,,,,,,,,,,,,,,,,,,,,,,,,,,,,,,,,,,,,,,,,,
571,Jesse Barfield,0,0,12,0,39.4,5394,,R,,,,,,,,,,,,,,,,,,,,,,,,,,,,,,,,,,,,,,,,,,,,,,,,,,,,,,,,,,,,,,,,,,,,,,,,,,,,,,,,,,,,,,,
843,Jacoby Ellsbury,0,0,11,0,31,5375,,L,,,,,,,,,,,,,,,,,,,,,,,,,,,,,,,,,,,,,,,,,,,,,,,,,,,,,,,,,,,,,,,,,,,,,,,,,,,,,,,,,,,,,,,
665,Don Buford,0,0,10,0,36.2,5347,,B,,,,,,,,,,,,,,,,,,,,,,,,,,,,,,,,,,,,,,,,,,,,,,,,,,,,,,,,,,,,,,,,,,,,,,,,,,,,,,,,,,,,,,,
405,Carlos Correa,0,0,11,1,45.7,5344,,R,,,,,,,,,,,,,,,,,,,,,,,,,,,,,,,,,,,,,,,,,,,,,,,,,,,,,,,,,,,,,,,,,,,,,,,,,,,,,,,,,,,,,,,
960,Bobby Ávila,0,0,11,0,28.5,5344,,R,,,,,,,,,,,,,,,,,,,,,,,,,,,,,,,,,,,,,,,,,,,,,,,,,,,,,,,,,,,,,,,,,,,,,,,,,,,,,,,,,,,,,,,
470,Alex Bregman,0,0,10,1,43.1,5327,,R,,,,,,,,,,,,,,,,,,,,,,,,,,,,,,,,,,,,,,,,,,,,,,,,,,,,,,,,,,,,,,,,,,,,,,,,,,,,,,,,,,,,,,,
545,Pete Browning,0,0,13,0,40.4,5315,0.1,R,,,,,,,,,,,,,,,,,,,,,,,,,,,,,,,,,,,,,,,,,,,,,,,,,,,,,,,,,,,,,,,,,,,,,,,,,,,,,,,,,,,,,,,
951,Henry Larkin,0,0,10,0,28.7,5303,,R,,,,,,,,,,,,,,,,,,,,,,,,,,,,,,,,,,,,,,,,,,,,,,,,,,,,,,,,,,,,,,,,,,,,,,,,,,,,,,,,,,,,,,,
767,Kid Elberfeld,0,0,14,0,33.3,5295,,R,,,,,,,,,,,,,,,,,,,,,,,,,,,,,,,,,,,,,,,,,,,,,,,,,,,,,,,,,,,,,,,,,,,,,,,,,,,,,,,,,,,,,,,
489,Lenny Dykstra,0,0,12,0,42.4,5282,,L,,,,,,,,,,,,,,,,,,,,,,,,,,,,,,,,,,,,,,,,,,,,,,,,,,,,,,,,,,,,,,,,,,,,,,,,,,,,,,,,,,,,,,,
964,Dansby Swanson,0,0,10,1,28.4,5263,,R,,,,,,,,,,,,,,,,,,,,,,,,,,,,,,,,,,,,,,,,,,,,,,,,,,,,,,,,,,,,,,,,,,,,,,,,,,,,,,,,,,,,,,,
667,Art Devlin,0,0,10,0,36.1,5253,,R,,,,,,,,,,,,,,,,,,,,,,,,,,,,,,,,,,,,,,,,,,,,,,,,,,,,,,,,,,,,,,,,,,,,,,,,,,,,,,,,,,,,,,,
771,Dwayne Murphy,0,0,12,0,33.2,5242,,L,,,,,,,,,,,,,,,,,,,,,,,,,,,,,,,,,,,,,,,,,,,,,,,,,,,,,,,,,,,,,,,,,,,,,,,,,,,,,,,,,,,,,,,
750,Robbie Thompson,0,0,11,0,33.9,5235,,R,,,,,,,,,,,,,,,,,,,,,,,,,,,,,,,,,,,,,,,,,,,,,,,,,,,,,,,,,,,,,,,,,,,,,,,,,,,,,,,,,,,,,,,
564,Matt Olson,0,0,10,1,39.7,5197,,L,,,,,,,,,,,,,,,,,,,,,,,,,,,,,,,,,,,,,,,,,,,,,,,,,,,,,,,,,,,,,,,,,,,,,,,,,,,,,,,,,,,,,,,
834,Shane Victorino,0,0,12,0,31.4,5164,,R,,,,,,,,,,,,,,,,,,,,,,,,,,,,,,,,,,,,,,,,,,,,,,,,,,,,,,,,,,,,,,,,,,,,,,,,,,,,,,,,,,,,,,,
787,Riggs Stephenson,0,0,14,0,32.7,5136,,R,,,,,,,,,,,,,,,,,,,,,,,,,,,,,,,,,,,,,,,,,,,,,,,,,,,,,,,,,,,,,,,,,,,,,,,,,,,,,,,,,,,,,,,
680,Ketel Marte,0,0,11,1,35.6,5092,,B,,,,,,,,,,,,,,,,,,,,,,,,,,,,,,,,,,,,,,,,,,,,,,,,,,,,,,,,,,,,,,,,,,,,,,,,,,,,,,,,,,,,,,,
916,Charlie Zimmer,0,0,19,0,29.4,5078,,R,,,,,,,,,,,,,,,,,,,,,,,,,,,,,,,,,,,,,,,,,,,,,,,,,,,,,,,,,,,,,,,,,,,,,,,,,,,,,,,,,,,,,,,
685,Denny Lyons,0,0,13,0,35.5,5029,,R,,,,,,,,,,,,,,,,,,,,,,,,,,,,,,,,,,,,,,,,,,,,,,,,,,,,,,,,,,,,,,,,,,,,,,,,,,,,,,,,,,,,,,,
735,Anthony Rendon,0,0,12,1,34.2,5022,,R,,,,,,,,,,,,,,,,,,,,,,,,,,,,,,,,,,,,,,,,,,,,,,,,,,,,,,,,,,,,,,,,,,,,,,,,,,,,,,,,,,,,,,,
768,Smoky Burgess,0,0,18,0,33.3,5014,,L,,,,,,,,,,,,,,,,,,,,,,,,,,,,,,,,,,,,,,,,,,,,,,,,,,,,,,,,,,,,,,,,,,,,,,,,,,,,,,,,,,,,,,,
168,Aaron Judge,0,0,10,1,62.3,5002,,R,,,,,,,,,,,,,,,,,,,,,,,,,,,,,,,,,,,,,,,,,,,,,,,,,,,,,,,,,,,,,,,,,,,,,,,,,,,,,,,,,,,,,,,
474,Corey Seager,0,0,11,1,43,4887,,L,,,,,,,,,,,,,,,,,,,,,,,,,,,,,,,,,,,,,,,,,,,,,,,,,,,,,,,,,,,,,,,,,,,,,,,,,,,,,,,,,,,,,,,
688,Dave Fouts,0,0,13,0,35.4,4859,1997.1,R,,,,,,,,,,,,,,,,,,,,,,,,,,,,,,,,,,,,,,,,,,,,,,,,,,,,,,,,,,,,,,,,,,,,,,,,,,,,,,,,,,,,,,,
659,Andrelton Simmons,0,0,11,0,36.5,4816,1,R,,,,,,,,,,,,,,,,,,,,,,,,,,,,,,,,,,,,,,,,,,,,,,,,,,,,,,,,,,,,,,,,,,,,,,,,,,,,,,,,,,,,,,,
973,Sixto Lezcano,0,0,12,0,28.3,4814,,R,,,,,,,,,,,,,,,,,,,,,,,,,,,,,,,,,,,,,,,,,,,,,,,,,,,,,,,,,,,,,,,,,,,,,,,,,,,,,,,,,,,,,,,
482,Juan Soto,0,0,8,1,42.6,4803,,L,,,,,,,,,,,,,,,,,,,,,,,,,,,,,,,,,,,,,,,,,,,,,,,,,,,,,,,,,,,,,,,,,,,,,,,,,,,,,,,,,,,,,,,
804,Roy Cullenbine,0,0,10,0,32.3,4787,,B,,,,,,,,,,,,,,,,,,,,,,,,,,,,,,,,,,,,,,,,,,,,,,,,,,,,,,,,,,,,,,,,,,,,,,,,,,,,,,,,,,,,,,,
508,Matt Chapman,0,0,9,1,41.8,4770,,R,,,,,,,,,,,,,,,,,,,,,,,,,,,,,,,,,,,,,,,,,,,,,,,,,,,,,,,,,,,,,,,,,,,,,,,,,,,,,,,,,,,,,,,
864,Cody Bellinger,0,0,9,1,30.5,4765,,L,,,,,,,,,,,,,,,,,,,,,,,,,,,,,,,,,,,,,,,,,,,,,,,,,,,,,,,,,,,,,,,,,,,,,,,,,,,,,,,,,,,,,,,
615,Lorenzo Cain,0,0,13,0,38.2,4758,,R,,,,,,,,,,,,,,,,,,,,,,,,,,,,,,,,,,,,,,,,,,,,,,,,,,,,,,,,,,,,,,,,,,,,,,,,,,,,,,,,,,,,,,,
922,Kevin Mitchell,0,0,13,0,29.2,4696,,R,,,,,,,,,,,,,,,,,,,,,,,,,,,,,,,,,,,,,,,,,,,,,,,,,,,,,,,,,,,,,,,,,,,,,,,,,,,,,,,,,,,,,,,
778,Gavy Cravath,0,0,11,0,32.9,4663,,R,,,,,,,,,,,,,,,,,,,,,,,,,,,,,,,,,,,,,,,,,,,,,,,,,,,,,,,,,,,,,,,,,,,,,,,,,,,,,,,,,,,,,,,
930,Johnny Kling,0,0,13,0,29.1,4655,,R,,,,,,,,,,,,,,,,,,,,,,,,,,,,,,,,,,,,,,,,,,,,,,,,,,,,,,,,,,,,,,,,,,,,,,,,,,,,,,,,,,,,,,,
965,Jack Rowe,0,0,12,0,28.4,4626,,L,,,,,,,,,,,,,,,,,,,,,,,,,,,,,,,,,,,,,,,,,,,,,,,,,,,,,,,,,,,,,,,,,,,,,,,,,,,,,,,,,,,,,,,
919,Ray Chapman,0,0,9,0,29.3,4608,,R,,,,,,,,,,,,,,,,,,,,,,,,,,,,,,,,,,,,,,,,,,,,,,,,,,,,,,,,,,,,,,,,,,,,,,,,,,,,,,,,,,,,,,,
461,Charlie Keller,0,0,13,0,43.6,4604,,L,,,,,,,,,,,,,,,,,,,,,,,,,,,,,,,,,,,,,,,,,,,,,,,,,,,,,,,,,,,,,,,,,,,,,,,,,,,,,,,,,,,,,,,
920,Tom Haller,0,0,12,0,29.3,4520,,L,,,,,,,,,,,,,,,,,,,,,,,,,,,,,,,,,,,,,,,,,,,,,,,,,,,,,,,,,,,,,,,,,,,,,,,,,,,,,,,,,,,,,,,
795,John Valentin,0,0,11,0,32.5,4511,,R,,,,,,,,,,,,,,,,,,,,,,,,,,,,,,,,,,,,,,,,,,,,,,,,,,,,,,,,,,,,,,,,,,,,,,,,,,,,,,,,,,,,,,,
705,Trevor Story,0,0,10,1,34.9,4460,,R,,,,,,,,,,,,,,,,,,,,,,,,,,,,,,,,,,,,,,,,,,,,,,,,,,,,,,,,,,,,,,,,,,,,,,,,,,,,,,,,,,,,,,,
800,Kevin Youkilis,0,0,10,0,32.4,4436,,R,,,,,,,,,,,,,,,,,,,,,,,,,,,,,,,,,,,,,,,,,,,,,,,,,,,,,,,,,,,,,,,,,,,,,,,,,,,,,,,,,,,,,,,
805,Al Rosen,0,0,10,0,32.3,4374,,R,,,,,,,,,,,,,,,,,,,,,,,,,,,,,,,,,,,,,,,,,,,,,,,,,,,,,,,,,,,,,,,,,,,,,,,,,,,,,,,,,,,,,,,
982,Josh Hamilton,0,0,9,0,28.1,4350,,L,,,,,,,,,,,,,,,,,,,,,,,,,,,,,,,,,,,,,,,,,,,,,,,,,,,,,,,,,,,,,,,,,,,,,,,,,,,,,,,,,,,,,,,
298,Shohei Ohtani,0,0,8,1,51.5,4329,528.2,L,,,,,,,,,,,,,,,,,,,,,,,,,,,,,,,,,,,,,,,,,,,,,,,,,,,,,,,,,,,,,,,,,,,,,,,,,,,,,,,,,,,,,,,
587,Charlie Bennett,0,0,15,0,38.8,4310,,R,,,,,,,,,,,,,,,,,,,,,,,,,,,,,,,,,,,,,,,,,,,,,,,,,,,,,,,,,,,,,,,,,,,,,,,,,,,,,,,,,,,,,,,
944,Mike Donlin,0,0,12,0,28.8,4294,16.1,L,,,,,,,,,,,,,,,,,,,,,,,,,,,,,,,,,,,,,,,,,,,,,,,,,,,,,,,,,,,,,,,,,,,,,,,,,,,,,,,,,,,,,,,
923,Willson Contreras,0,0,10,1,29.2,4275,,R,,,,,,,,,,,,,,,,,,,,,,,,,,,,,,,,,,,,,,,,,,,,,,,,,,,,,,,,,,,,,,,,,,,,,,,,,,,,,,,,,,,,,,,
644,Fred Dunlap,0,0,12,0,37,4264,2.2,R,,,,,,,,,,,,,,,,,,,,,,,,,,,,,,,,,,,,,,,,,,,,,,,,,,,,,,,,,,,,,,,,,,,,,,,,,,,,,,,,,,,,,,,
852,Hank Thompson,0,0,12,0,30.7,4217,,L,,,,,,,,,,,,,,,,,,,,,,,,,,,,,,,,,,,,,,,,,,,,,,,,,,,,,,,,,,,,,,,,,,,,,,,,,,,,,,,,,,,,,,,
844,Bill Joyce,0,0,8,0,31,4163,,L,,,,,,,,,,,,,,,,,,,,,,,,,,,,,,,,,,,,,,,,,,,,,,,,,,,,,,,,,,,,,,,,,,,,,,,,,,,,,,,,,,,,,,,
662,Kevin Kiermaier,0,0,12,0,36.3,4040,,L,,,,,,,,,,,,,,,,,,,,,,,,,,,,,,,,,,,,,,,,,,,,,,,,,,,,,,,,,,,,,,,,,,,,,,,,,,,,,,,,,,,,,,,
956,Ronald Acuña Jr.,0,0,8,1,28.6,3666,,R,,,,,,,,,,,,,,,,,,,,,,,,,,,,,,,,,,,,,,,,,,,,,,,,,,,,,,,,,,,,,,,,,,,,,,,,,,,,,,,,,,,,,,,
932,Benny Kauff,0,0,8,0,29,3568,,L,,,,,,,,,,,,,,,,,,,,,,,,,,,,,,,,,,,,,,,,,,,,,,,,,,,,,,,,,,,,,,,,,,,,,,,,,,,,,,,,,,,,,,,
897,Byron Buxton,0,0,11,1,29.8,3417,,R,,,,,,,,,,,,,,,,,,,,,,,,,,,,,,,,,,,,,,,,,,,,,,,,,,,,,,,,,,,,,,,,,,,,,,,,,,,,,,,,,,,,,,,
634,Guy Hecker,0,0,9,0,37.3,3052,2924,R,,,,,,,,,,,,,,,,,,,,,,,,,,,,,,,,,,,,,,,,,,,,,,,,,,,,,,,,,,,,,,,,,,,,,,,,,,,,,,,,,,,,,,,
254,Bobby Matthews,0,0,15,0,55.4,2559,4956,R,,,,,,,,,,,,,,,,,,,,,,,,,,,,,,,,,,,,,,,,,,,,,,,,,,,,,,,,,,,,,,,,,,,,,,,,,,,,,,,,,,,,,,,
839,Adonis Terry,0,0,14,0,31.2,2555,3514.1,R,,,,,,,,,,,,,,,,,,,,,,,,,,,,,,,,,,,,,,,,,,,,,,,,,,,,,,,,,,,,,,,,,,,,,,,,,,,,,,,,,,,,,,,
239,Jim Whitney,0,0,10,0,56,2306,3496.1,R,,,,,,,,,,,,,,,,,,,,,,,,,,,,,,,,,,,,,,,,,,,,,,,,,,,,,,,,,,,,,,,,,,,,,,,,,,,,,,,,,,,,,,,
546,Smoky Joe Wood,0,0,14,0,40.4,2282,1434.1,R,,,,,,,,,,,,,,,,,,,,,,,,,,,,,,,,,,,,,,,,,,,,,,,,,,,,,,,,,,,,,,,,,,,,,,,,,,,,,,,,,,,,,,,
621,Gus Weyhing,0,0,14,0,37.8,1980,4337,R,,,,,,,,,,,,,,,,,,,,,,,,,,,,,,,,,,,,,,,,,,,,,,,,,,,,,,,,,,,,,,,,,,,,,,,,,,,,,,,,,,,,,,,
302,Al Ortiz,0,0,15,0,51.3,1792,3354.2,L,,,,,,,,,,,,,,,,,,,,,,,,,,,,,,,,,,,,,,,,,,,,,,,,,,,,,,,,,,,,,,,,,,,,,,,,,,,,,,,,,,,,,,,
435,Red Lucas,0,0,16,0,44.7,1608,2542,L,,,,,,,,,,,,,,,,,,,,,,,,,,,,,,,,,,,,,,,,,,,,,,,,,,,,,,,,,,,,,,,,,,,,,,,,,,,,,,,,,,,,,,,
743,Harry Howell,0,0,13,0,34.1,1519,2567.2,R,,,,,,,,,,,,,,,,,,,,,,,,,,,,,,,,,,,,,,,,,,,,,,,,,,,,,,,,,,,,,,,,,,,,,,,,,,,,,,,,,,,,,,,
246,George Uhle,0,0,17,0,55.7,1514,3119.2,R,,,,,,,,,,,,,,,,,,,,,,,,,,,,,,,,,,,,,,,,,,,,,,,,,,,,,,,,,,,,,,,,,,,,,,,,,,,,,,,,,,,,,,,
483,Sad Sam Jones,0,0,22,0,42.6,1495,3883,R,,,,,,,,,,,,,,,,,,,,,,,,,,,,,,,,,,,,,,,,,,,,,,,,,,,,,,,,,,,,,,,,,,,,,,,,,,,,,,,,,,,,,,,
645,Earl Whitehill,0,0,17,0,36.9,1451,3564.2,L,,,,,,,,,,,,,,,,,,,,,,,,,,,,,,,,,,,,,,,,,,,,,,,,,,,,,,,,,,,,,,,,,,,,,,,,,,,,,,,,,,,,,,,
432,Bill Donovan,0,0,18,0,44.8,1449,2964.2,B,,,,,,,,,,,,,,,,,,,,,,,,,,,,,,,,,,,,,,,,,,,,,,,,,,,,,,,,,,,,,,,,,,,,,,,,,,,,,,,,,,,,,,,
362,Bobo Newsom,0,0,20,0,47.8,1442,3759.1,R,,,,,,,,,,,,,,,,,,,,,,,,,,,,,,,,,,,,,,,,,,,,,,,,,,,,,,,,,,,,,,,,,,,,,,,,,,,,,,,,,,,,,,,
583,Bill Hutchison,0,0,9,0,38.9,1425,3079.1,R,,,,,,,,,,,,,,,,,,,,,,,,,,,,,,,,,,,,,,,,,,,,,,,,,,,,,,,,,,,,,,,,,,,,,,,,,,,,,,,,,,,,,,,
668,Paul Derringer,0,0,15,0,36.1,1357,3645,R,,,,,,,,,,,,,,,,,,,,,,,,,,,,,,,,,,,,,,,,,,,,,,,,,,,,,,,,,,,,,,,,,,,,,,,,,,,,,,,,,,,,,,,
195,Wes Ferrell,0,0,15,0,60.1,1345,2623,R,,,,,,,,,,,,,,,,,,,,,,,,,,,,,,,,,,,,,,,,,,,,,,,,,,,,,,,,,,,,,,,,,,,,,,,,,,,,,,,,,,,,,,,
698,Brickyard Kennedy,0,0,12,0,35,1342,3030,R,,,,,,,,,,,,,,,,,,,,,,,,,,,,,,,,,,,,,,,,,,,,,,,,,,,,,,,,,,,,,,,,,,,,,,,,,,,,,,,,,,,,,,,
524,Frank Dwyer,0,0,12,0,41.1,1339,2819,R,,,,,,,,,,,,,,,,,,,,,,,,,,,,,,,,,,,,,,,,,,,,,,,,,,,,,,,,,,,,,,,,,,,,,,,,,,,,,,,,,,,,,,,
534,Hooks Dauss,0,0,15,0,40.8,1324,3390.2,R,,,,,,,,,,,,,,,,,,,,,,,,,,,,,,,,,,,,,,,,,,,,,,,,,,,,,,,,,,,,,,,,,,,,,,,,,,,,,,,,,,,,,,,
649,Bullet Joe Bush,0,0,17,0,36.8,1324,3085.1,R,,,,,,,,,,,,,,,,,,,,,,,,,,,,,,,,,,,,,,,,,,,,,,,,,,,,,,,,,,,,,,,,,,,,,,,,,,,,,,,,,,,,,,,
446,Mel Harder,0,0,20,0,44.3,1315,3426.1,R,,,,,,,,,,,,,,,,,,,,,,,,,,,,,,,,,,,,,,,,,,,,,,,,,,,,,,,,,,,,,,,,,,,,,,,,,,,,,,,,,,,,,,,
561,Pink Hawley,0,0,10,0,39.8,1307,3012.2,L,,,,,,,,,,,,,,,,,,,,,,,,,,,,,,,,,,,,,,,,,,,,,,,,,,,,,,,,,,,,,,,,,,,,,,,,,,,,,,,,,,,,,,,
108,Rick Reuschel,0,0,19,0,69.5,1304,3548.1,R,,,,,,,,,,,,,,,,,,,,,,,,,,,,,,,,,,,,,,,,,,,,,,,,,,,,,,,,,,,,,,,,,,,,,,,,,,,,,,,,,,,,,,,
531,Bob Friend,0,0,16,0,40.9,1299,3611,R,,,,,,,,,,,,,,,,,,,,,,,,,,,,,,,,,,,,,,,,,,,,,,,,,,,,,,,,,,,,,,,,,,,,,,,,,,,,,,,,,,,,,,,
572,Bill Dinneen,0,0,12,0,39.4,1281,3074.2,L,,,,,,,,,,,,,,,,,,,,,,,,,,,,,,,,,,,,,,,,,,,,,,,,,,,,,,,,,,,,,,,,,,,,,,,,,,,,,,,,,,,,,,,
660,Ray Caldwell,0,0,12,0,36.5,1270,2242,L,,,,,,,,,,,,,,,,,,,,,,,,,,,,,,,,,,,,,,,,,,,,,,,,,,,,,,,,,,,,,,,,,,,,,,,,,,,,,,,,,,,,,,,
674,Freddie Fitzsimmons,0,0,19,0,35.9,1264,3223.2,R,,,,,,,,,,,,,,,,,,,,,,,,,,,,,,,,,,,,,,,,,,,,,,,,,,,,,,,,,,,,,,,,,,,,,,,,,,,,,,,,,,,,,,,
465,Curt Simmons,0,0,20,0,43.3,1257,3348.1,L,,,,,,,,,,,,,,,,,,,,,,,,,,,,,,,,,,,,,,,,,,,,,,,,,,,,,,,,,,,,,,,,,,,,,,,,,,,,,,,,,,,,,,,
555,Tom Zachary,0,0,19,0,40,1236,3126.1,L,,,,,,,,,,,,,,,,,,,,,,,,,,,,,,,,,,,,,,,,,,,,,,,,,,,,,,,,,,,,,,,,,,,,,,,,,,,,,,,,,,,,,,,
205,Eddie Cicotte,0,0,14,0,59,1232,3226,B,,,,,,,,,,,,,,,,,,,,,,,,,,,,,,,,,,,,,,,,,,,,,,,,,,,,,,,,,,,,,,,,,,,,,,,,,,,,,,,,,,,,,,,
523,Claude Osteen,0,0,18,0,41.2,1220,3460.2,L,,,,,,,,,,,,,,,,,,,,,,,,,,,,,,,,,,,,,,,,,,,,,,,,,,,,,,,,,,,,,,,,,,,,,,,,,,,,,,,,,,,,,,,
906,Dick McBride,0,0,6,0,29.6,1209,2082,,,,,,,,,,,,,,,,,,,,,,,,,,,,,,,,,,,,,,,,,,,,,,,,,,,,,,,,,,,,,,,,,,,,,,,,,,,,,,,,,,,,,,,,
779,Jim Devlin,0,0,5,0,32.9,1202,1405,R,,,,,,,,,,,,,,,,,,,,,,,,,,,,,,,,,,,,,,,,,,,,,,,,,,,,,,,,,,,,,,,,,,,,,,,,,,,,,,,,,,,,,,,
974,Lee Meadows,0,0,15,0,28.3,1201,3160.2,L,,,,,,,,,,,,,,,,,,,,,,,,,,,,,,,,,,,,,,,,,,,,,,,,,,,,,,,,,,,,,,,,,,,,,,,,,,,,,,,,,,,,,,,
695,Jerry Reuss,0,0,22,0,35.1,1195,3669.2,L,,,,,,,,,,,,,,,,,,,,,,,,,,,,,,,,,,,,,,,,,,,,,,,,,,,,,,,,,,,,,,,,,,,,,,,,,,,,,,,,,,,,,,,
292,Larry Jackson,0,0,14,0,52,1192,3262.2,R,,,,,,,,,,,,,,,,,,,,,,,,,,,,,,,,,,,,,,,,,,,,,,,,,,,,,,,,,,,,,,,,,,,,,,,,,,,,,,,,,,,,,,,
628,Charlie Root,0,0,17,0,37.6,1192,3197.1,R,,,,,,,,,,,,,,,,,,,,,,,,,,,,,,,,,,,,,,,,,,,,,,,,,,,,,,,,,,,,,,,,,,,,,,,,,,,,,,,,,,,,,,,
535,Sadie McMahon,0,0,9,0,40.8,1191,2634,R,,,,,,,,,,,,,,,,,,,,,,,,,,,,,,,,,,,,,,,,,,,,,,,,,,,,,,,,,,,,,,,,,,,,,,,,,,,,,,,,,,,,,,,
456,Milt Pappas,0,0,17,0,43.8,1176,3186,R,,,,,,,,,,,,,,,,,,,,,,,,,,,,,,,,,,,,,,,,,,,,,,,,,,,,,,,,,,,,,,,,,,,,,,,,,,,,,,,,,,,,,,,
691,Jack Taylor,0,0,10,0,35.3,1165,2626,R,,,,,,,,,,,,,,,,,,,,,,,,,,,,,,,,,,,,,,,,,,,,,,,,,,,,,,,,,,,,,,,,,,,,,,,,,,,,,,,,,,,,,,,
902,Joe Niekro,0,0,22,0,29.7,1165,3584.1,R,,,,,,,,,,,,,,,,,,,,,,,,,,,,,,,,,,,,,,,,,,,,,,,,,,,,,,,,,,,,,,,,,,,,,,,,,,,,,,,,,,,,,,,
606,Ed Morris,0,0,7,0,38.4,1157,2678,B,,,,,,,,,,,,,,,,,,,,,,,,,,,,,,,,,,,,,,,,,,,,,,,,,,,,,,,,,,,,,,,,,,,,,,,,,,,,,,,,,,,,,,,
726,Frank Killen,0,0,10,0,34.4,1148,2511.1,L,,,,,,,,,,,,,,,,,,,,,,,,,,,,,,,,,,,,,,,,,,,,,,,,,,,,,,,,,,,,,,,,,,,,,,,,,,,,,,,,,,,,,,,
699,Bump Hadley,0,0,16,0,35,1147,2945.2,R,,,,,,,,,,,,,,,,,,,,,,,,,,,,,,,,,,,,,,,,,,,,,,,,,,,,,,,,,,,,,,,,,,,,,,,,,,,,,,,,,,,,,,,
853,Ice Box Chamberlain,0,0,10,0,30.7,1146,2521.2,R,,,,,,,,,,,,,,,,,,,,,,,,,,,,,,,,,,,,,,,,,,,,,,,,,,,,,,,,,,,,,,,,,,,,,,,,,,,,,,,,,,,,,,,
395,Murry Dickson,0,0,18,0,46.2,1143,3052.1,R,,,,,,,,,,,,,,,,,,,,,,,,,,,,,,,,,,,,,,,,,,,,,,,,,,,,,,,,,,,,,,,,,,,,,,,,,,,,,,,,,,,,,,,
376,Bob Shawkey,0,0,15,0,47.1,1136,2937,R,,,,,,,,,,,,,,,,,,,,,,,,,,,,,,,,,,,,,,,,,,,,,,,,,,,,,,,,,,,,,,,,,,,,,,,,,,,,,,,,,,,,,,,
957,Lew Burdette,0,0,18,0,28.6,1124,3067.1,R,,,,,,,,,,,,,,,,,,,,,,,,,,,,,,,,,,,,,,,,,,,,,,,,,,,,,,,,,,,,,,,,,,,,,,,,,,,,,,,,,,,,,,,
887,Liván Hernández,0,0,17,0,30,1113,3189,R,,,,,,,,,,,,,,,,,,,,,,,,,,,,,,,,,,,,,,,,,,,,,,,,,,,,,,,,,,,,,,,,,,,,,,,,,,,,,,,,,,,,,,,
286,Babe Adams,0,0,19,0,52.6,1111,2995.1,L,,,,,,,,,,,,,,,,,,,,,,,,,,,,,,,,,,,,,,,,,,,,,,,,,,,,,,,,,,,,,,,,,,,,,,,,,,,,,,,,,,,,,,,
835,Bill Lee,0,0,14,0,31.4,1099,2864,R,,,,,,,,,,,,,,,,,,,,,,,,,,,,,,,,,,,,,,,,,,,,,,,,,,,,,,,,,,,,,,,,,,,,,,,,,,,,,,,,,,,,,,,
573,Howard Ehmke,0,0,15,0,39.4,1089,2820.2,R,,,,,,,,,,,,,,,,,,,,,,,,,,,,,,,,,,,,,,,,,,,,,,,,,,,,,,,,,,,,,,,,,,,,,,,,,,,,,,,,,,,,,,,
403,Lon Warneke,0,0,15,0,45.8,1080,2782.1,R,,,,,,,,,,,,,,,,,,,,,,,,,,,,,,,,,,,,,,,,,,,,,,,,,,,,,,,,,,,,,,,,,,,,,,,,,,,,,,,,,,,,,,,
541,Sam Leever,0,0,13,0,40.5,1078,2660.2,R,,,,,,,,,,,,,,,,,,,,,,,,,,,,,,,,,,,,,,,,,,,,,,,,,,,,,,,,,,,,,,,,,,,,,,,,,,,,,,,,,,,,,,,
824,Charlie Ferguson,0,0,4,0,31.7,1078,1514.2,B,,,,,,,,,,,,,,,,,,,,,,,,,,,,,,,,,,,,,,,,,,,,,,,,,,,,,,,,,,,,,,,,,,,,,,,,,,,,,,,,,,,,,,,
924,Dutch Ruether,0,0,11,0,29.2,1074,2124.2,L,,,,,,,,,,,,,,,,,,,,,,,,,,,,,,,,,,,,,,,,,,,,,,,,,,,,,,,,,,,,,,,,,,,,,,,,,,,,,,,,,,,,,,,
532,Camilo Pascual,0,0,18,0,40.9,1073,2930.2,R,,,,,,,,,,,,,,,,,,,,,,,,,,,,,,,,,,,,,,,,,,,,,,,,,,,,,,,,,,,,,,,,,,,,,,,,,,,,,,,,,,,,,,,
841,Bill Sherdel,0,0,15,0,31.1,1071,2709.1,L,,,,,,,,,,,,,,,,,,,,,,,,,,,,,,,,,,,,,,,,,,,,,,,,,,,,,,,,,,,,,,,,,,,,,,,,,,,,,,,,,,,,,,,
681,Deacon Phillippe,0,0,13,0,35.6,1070,2607,R,,,,,,,,,,,,,,,,,,,,,,,,,,,,,,,,,,,,,,,,,,,,,,,,,,,,,,,,,,,,,,,,,,,,,,,,,,,,,,,,,,,,,,,
574,George Cuppy,0,0,10,0,39.4,1066,2283,R,,,,,,,,,,,,,,,,,,,,,,,,,,,,,,,,,,,,,,,,,,,,,,,,,,,,,,,,,,,,,,,,,,,,,,,,,,,,,,,,,,,,,,,
989,Reb Russell,0,0,9,0,28,1063,1291.2,L,,,,,,,,,,,,,,,,,,,,,,,,,,,,,,,,,,,,,,,,,,,,,,,,,,,,,,,,,,,,,,,,,,,,,,,,,,,,,,,,,,,,,,,
269,Jerry Koosman,0,0,19,0,53.7,1052,3839.1,R,,,,,,,,,,,,,,,,,,,,,,,,,,,,,,,,,,,,,,,,,,,,,,,,,,,,,,,,,,,,,,,,,,,,,,,,,,,,,,,,,,,,,,,
419,Claude Passeau,0,0,13,0,45.1,1051,2719.2,R,,,,,,,,,,,,,,,,,,,,,,,,,,,,,,,,,,,,,,,,,,,,,,,,,,,,,,,,,,,,,,,,,,,,,,,,,,,,,,,,,,,,,,,
206,Urban Shocker,0,0,13,0,59,1050,2681.2,R,,,,,,,,,,,,,,,,,,,,,,,,,,,,,,,,,,,,,,,,,,,,,,,,,,,,,,,,,,,,,,,,,,,,,,,,,,,,,,,,,,,,,,,
323,Dizzy Trout,0,0,15,0,49.9,1048,2725.2,R,,,,,,,,,,,,,,,,,,,,,,,,,,,,,,,,,,,,,,,,,,,,,,,,,,,,,,,,,,,,,,,,,,,,,,,,,,,,,,,,,,,,,,,
945,Art Nehf,0,0,15,0,28.8,1047,2707.2,L,,,,,,,,,,,,,,,,,,,,,,,,,,,,,,,,,,,,,,,,,,,,,,,,,,,,,,,,,,,,,,,,,,,,,,,,,,,,,,,,,,,,,,,
436,Steve Rogers,0,0,13,0,44.7,1045,2837.2,R,,,,,,,,,,,,,,,,,,,,,,,,,,,,,,,,,,,,,,,,,,,,,,,,,,,,,,,,,,,,,,,,,,,,,,,,,,,,,,,,,,,,,,,
518,Fernando Valenzuela,0,0,17,0,41.4,1044,2930,L,,,,,,,,,,,,,,,,,,,,,,,,,,,,,,,,,,,,,,,,,,,,,,,,,,,,,,,,,,,,,,,,,,,,,,,,,,,,,,,,,,,,,,,
596,Don Newcombe,0,0,12,0,38.7,1033,2251.2,L,,,,,,,,,,,,,,,,,,,,,,,,,,,,,,,,,,,,,,,,,,,,,,,,,,,,,,,,,,,,,,,,,,,,,,,,,,,,,,,,,,,,,,,
727,Slim Sallee,0,0,14,0,34.4,1033,2821.2,R,,,,,,,,,,,,,,,,,,,,,,,,,,,,,,,,,,,,,,,,,,,,,,,,,,,,,,,,,,,,,,,,,,,,,,,,,,,,,,,,,,,,,,,
178,Tommy John,0,0,26,0,61.6,1030,4710.1,R,,,,,,,,,,,,,,,,,,,,,,,,,,,,,,,,,,,,,,,,,,,,,,,,,,,,,,,,,,,,,,,,,,,,,,,,,,,,,,,,,,,,,,,
485,Schoolboy Rowe,0,0,15,0,42.5,1023,2219.1,R,,,,,,,,,,,,,,,,,,,,,,,,,,,,,,,,,,,,,,,,,,,,,,,,,,,,,,,,,,,,,,,,,,,,,,,,,,,,,,,,,,,,,,,
356,Mickey Lolich,0,0,16,0,48,1017,3638.1,B,,,,,,,,,,,,,,,,,,,,,,,,,,,,,,,,,,,,,,,,,,,,,,,,,,,,,,,,,,,,,,,,,,,,,,,,,,,,,,,,,,,,,,,
381,Hippo Vaughn,0,0,13,0,46.9,1017,2730,B,,,,,,,,,,,,,,,,,,,,,,,,,,,,,,,,,,,,,,,,,,,,,,,,,,,,,,,,,,,,,,,,,,,,,,,,,,,,,,,,,,,,,,,
542,Virgil Trucks,0,0,17,0,40.5,1012,2682.1,R,,,,,,,,,,,,,,,,,,,,,,,,,,,,,,,,,,,,,,,,,,,,,,,,,,,,,,,,,,,,,,,,,,,,,,,,,,,,,,,,,,,,,,,
858,Willis Hudlin,0,0,16,0,30.6,1006,2613.1,R,,,,,,,,,,,,,,,,,,,,,,,,,,,,,,,,,,,,,,,,,,,,,,,,,,,,,,,,,,,,,,,,,,,,,,,,,,,,,,,,,,,,,,,
650,Rube Walberg,0,0,15,0,36.8,1005,2644,L,,,,,,,,,,,,,,,,,,,,,,,,,,,,,,,,,,,,,,,,,,,,,,,,,,,,,,,,,,,,,,,,,,,,,,,,,,,,,,,,,,,,,,,
801,Vern Law,0,0,16,0,32.4,1003,2672,R,,,,,,,,,,,,,,,,,,,,,,,,,,,,,,,,,,,,,,,,,,,,,,,,,,,,,,,,,,,,,,,,,,,,,,,,,,,,,,,,,,,,,,,
811,Eddie Lopat,0,0,12,0,32.1,999,2439.1,L,,,,,,,,,,,,,,,,,,,,,,,,,,,,,,,,,,,,,,,,,,,,,,,,,,,,,,,,,,,,,,,,,,,,,,,,,,,,,,,,,,,,,,,
829,Claude Hendrix,0,0,10,0,31.6,991,2371.1,R,,,,,,,,,,,,,,,,,,,,,,,,,,,,,,,,,,,,,,,,,,,,,,,,,,,,,,,,,,,,,,,,,,,,,,,,,,,,,,,,,,,,,,,
686,Ed Reulbach,0,0,13,0,35.5,985,2632.1,R,,,,,,,,,,,,,,,,,,,,,,,,,,,,,,,,,,,,,,,,,,,,,,,,,,,,,,,,,,,,,,,,,,,,,,,,,,,,,,,,,,,,,,,
515,Jim Perry,0,0,17,0,41.6,980,3285.2,B,,,,,,,,,,,,,,,,,,,,,,,,,,,,,,,,,,,,,,,,,,,,,,,,,,,,,,,,,,,,,,,,,,,,,,,,,,,,,,,,,,,,,,,
471,Ned Garver,0,0,14,0,43.1,962,2477.1,R,,,,,,,,,,,,,,,,,,,,,,,,,,,,,,,,,,,,,,,,,,,,,,,,,,,,,,,,,,,,,,,,,,,,,,,,,,,,,,,,,,,,,,,
907,Hal Schumacher,0,0,13,0,29.6,961,2482.1,R,,,,,,,,,,,,,,,,,,,,,,,,,,,,,,,,,,,,,,,,,,,,,,,,,,,,,,,,,,,,,,,,,,,,,,,,,,,,,,,,,,,,,,,
326,Eddie Rommel,0,0,13,0,49.8,960,2557,R,,,,,,,,,,,,,,,,,,,,,,,,,,,,,,,,,,,,,,,,,,,,,,,,,,,,,,,,,,,,,,,,,,,,,,,,,,,,,,,,,,,,,,,
894,Bob Ewing,0,0,11,0,29.9,955,2301,R,,,,,,,,,,,,,,,,,,,,,,,,,,,,,,,,,,,,,,,,,,,,,,,,,,,,,,,,,,,,,,,,,,,,,,,,,,,,,,,,,,,,,,,
240,Orel Hershiser,0,0,18,0,56,949,3130.1,R,,,,,,,,,,,,,,,,,,,,,,,,,,,,,,,,,,,,,,,,,,,,,,,,,,,,,,,,,,,,,,,,,,,,,,,,,,,,,,,,,,,,,,,
599,Jeff Pfeffer,0,0,13,0,38.6,932,2407.1,R,,,,,,,,,,,,,,,,,,,,,,,,,,,,,,,,,,,,,,,,,,,,,,,,,,,,,,,,,,,,,,,,,,,,,,,,,,,,,,,,,,,,,,,
994,General Crowder,0,0,11,0,27.9,929,2344.1,L,,,,,,,,,,,,,,,,,,,,,,,,,,,,,,,,,,,,,,,,,,,,,,,,,,,,,,,,,,,,,,,,,,,,,,,,,,,,,,,,,,,,,,,
682,Burt Hooton,0,0,15,0,35.6,913,2652,R,,,,,,,,,,,,,,,,,,,,,,,,,,,,,,,,,,,,,,,,,,,,,,,,,,,,,,,,,,,,,,,,,,,,,,,,,,,,,,,,,,,,,,,
579,Curt Davis,0,0,13,0,39.2,904,2325,R,,,,,,,,,,,,,,,,,,,,,,,,,,,,,,,,,,,,,,,,,,,,,,,,,,,,,,,,,,,,,,,,,,,,,,,,,,,,,,,,,,,,,,,
68,Curt Schillin,0,0,20,0,79.5,901,3261,R,,,,,,,,,,,,,,,,,,,,,,,,,,,,,,,,,,,,,,,,,,,,,,,,,,,,,,,,,,,,,,,,,,,,,,,,,,,,,,,,,,,,,,,
732,Thornton Lee,0,0,16,0,34.3,886,2331.1,L,,,,,,,,,,,,,,,,,,,,,,,,,,,,,,,,,,,,,,,,,,,,,,,,,,,,,,,,,,,,,,,,,,,,,,,,,,,,,,,,,,,,,,,
831,Andy Benes,0,0,14,0,31.5,880,2505.1,R,,,,,,,,,,,,,,,,,,,,,,,,,,,,,,,,,,,,,,,,,,,,,,,,,,,,,,,,,,,,,,,,,,,,,,,,,,,,,,,,,,,,,,,
865,Bill Byrd,0,0,15,0,30.5,880,1366.1,B,,,,,,,,,,,,,,,,,,,,,,,,,,,,,,,,,,,,,,,,,,,,,,,,,,,,,,,,,,,,,,,,,,,,,,,,,,,,,,,,,,,,,,,
830,Ed Brandt,0,0,11,0,31.6,878,2268.1,L,,,,,,,,,,,,,,,,,,,,,,,,,,,,,,,,,,,,,,,,,,,,,,,,,,,,,,,,,,,,,,,,,,,,,,,,,,,,,,,,,,,,,,,
815,Larry Dierker,0,0,14,0,31.9,876,2333.2,R,,,,,,,,,,,,,,,,,,,,,,,,,,,,,,,,,,,,,,,,,,,,,,,,,,,,,,,,,,,,,,,,,,,,,,,,,,,,,,,,,,,,,,,
952,Gary Peters,0,0,14,0,28.7,875,2081,L,,,,,,,,,,,,,,,,,,,,,,,,,,,,,,,,,,,,,,,,,,,,,,,,,,,,,,,,,,,,,,,,,,,,,,,,,,,,,,,,,,,,,,,
671,Bob Rush,0,0,13,0,36,872,2410.2,R,,,,,,,,,,,,,,,,,,,,,,,,,,,,,,,,,,,,,,,,,,,,,,,,,,,,,,,,,,,,,,,,,,,,,,,,,,,,,,,,,,,,,,,
769,Harvey Haddix,0,0,14,0,33.3,871,2235,L,,,,,,,,,,,,,,,,,,,,,,,,,,,,,,,,,,,,,,,,,,,,,,,,,,,,,,,,,,,,,,,,,,,,,,,,,,,,,,,,,,,,,,,
872,Joe Nuxhall,0,0,16,0,30.4,861,2302.2,L,,,,,,,,,,,,,,,,,,,,,,,,,,,,,,,,,,,,,,,,,,,,,,,,,,,,,,,,,,,,,,,,,,,,,,,,,,,,,,,,,,,,,,,
368,Nap Rucker,0,0,10,0,47.6,859,2375.1,R,,,,,,,,,,,,,,,,,,,,,,,,,,,,,,,,,,,,,,,,,,,,,,,,,,,,,,,,,,,,,,,,,,,,,,,,,,,,,,,,,,,,,,,
917,Johnny Sain,0,0,11,0,29.4,857,2125.2,R,,,,,,,,,,,,,,,,,,,,,,,,,,,,,,,,,,,,,,,,,,,,,,,,,,,,,,,,,,,,,,,,,,,,,,,,,,,,,,,,,,,,,,,
898,Johnny Podres,0,0,15,0,29.8,852,2265,L,,,,,,,,,,,,,,,,,,,,,,,,,,,,,,,,,,,,,,,,,,,,,,,,,,,,,,,,,,,,,,,,,,,,,,,,,,,,,,,,,,,,,,,
509,Sam McDowell,0,0,15,0,41.8,851,2492.1,L,,,,,,,,,,,,,,,,,,,,,,,,,,,,,,,,,,,,,,,,,,,,,,,,,,,,,,,,,,,,,,,,,,,,,,,,,,,,,,,,,,,,,,,
282,Dwight Gooden,0,0,16,0,53,849,2800.2,R,,,,,,,,,,,,,,,,,,,,,,,,,,,,,,,,,,,,,,,,,,,,,,,,,,,,,,,,,,,,,,,,,,,,,,,,,,,,,,,,,,,,,,,
415,Adam Wainwright,0,0,18,0,45.3,848,2668.1,R,,,,,,,,,,,,,,,,,,,,,,,,,,,,,,,,,,,,,,,,,,,,,,,,,,,,,,,,,,,,,,,,,,,,,,,,,,,,,,,,,,,,,,,
64,Clayton Kershaw,0,0,18,1,80.9,847,2855.1,L,,,,,,,,,,,,,,,,,,,,,,,,,,,,,,,,,,,,,,,,,,,,,,,,,,,,,,,,,,,,,,,,,,,,,,,,,,,,,,,,,,,,,,,
472,Mel Stottlemyre,0,0,11,0,43.1,846,2661.1,R,,,,,,,,,,,,,,,,,,,,,,,,,,,,,,,,,,,,,,,,,,,,,,,,,,,,,,,,,,,,,,,,,,,,,,,,,,,,,,,,,,,,,,,
978,Mike Hampton,0,0,16,0,28.2,845,2268.1,R,,,,,,,,,,,,,,,,,,,,,,,,,,,,,,,,,,,,,,,,,,,,,,,,,,,,,,,,,,,,,,,,,,,,,,,,,,,,,,,,,,,,,,,
995,George Mogridge,0,0,15,0,27.9,843,2265.2,L,,,,,,,,,,,,,,,,,,,,,,,,,,,,,,,,,,,,,,,,,,,,,,,,,,,,,,,,,,,,,,,,,,,,,,,,,,,,,,,,,,,,,,,
780,Van Mungo,0,0,14,0,32.9,838,2113,R,,,,,,,,,,,,,,,,,,,,,,,,,,,,,,,,,,,,,,,,,,,,,,,,,,,,,,,,,,,,,,,,,,,,,,,,,,,,,,,,,,,,,,,
873,Hooks Wiltse,0,0,12,0,30.4,838,2112.1,R,,,,,,,,,,,,,,,,,,,,,,,,,,,,,,,,,,,,,,,,,,,,,,,,,,,,,,,,,,,,,,,,,,,,,,,,,,,,,,,,,,,,,,,
692,Rick Rhoden,0,0,16,0,35.3,830,2593.2,R,,,,,,,,,,,,,,,,,,,,,,,,,,,,,,,,,,,,,,,,,,,,,,,,,,,,,,,,,,,,,,,,,,,,,,,,,,,,,,,,,,,,,,,
875,Frank Lary,0,0,12,0,30.3,830,2162.1,R,,,,,,,,,,,,,,,,,,,,,,,,,,,,,,,,,,,,,,,,,,,,,,,,,,,,,,,,,,,,,,,,,,,,,,,,,,,,,,,,,,,,,,,
547,Andy Messersmith,0,0,12,0,40.2,826,2230.1,R,,,,,,,,,,,,,,,,,,,,,,,,,,,,,,,,,,,,,,,,,,,,,,,,,,,,,,,,,,,,,,,,,,,,,,,,,,,,,,,,,,,,,,,
672,Fritz Ostermueller,0,0,15,0,36,824,2066.2,L,,,,,,,,,,,,,,,,,,,,,,,,,,,,,,,,,,,,,,,,,,,,,,,,,,,,,,,,,,,,,,,,,,,,,,,,,,,,,,,,,,,,,,,
632,Dutch Leonard,0,0,11,0,37.4,817,2192,L,,,,,,,,,,,,,,,,,,,,,,,,,,,,,,,,,,,,,,,,,,,,,,,,,,,,,,,,,,,,,,,,,,,,,,,,,,,,,,,,,,,,,,,
439,Noodles Hahn,0,0,8,0,44.6,813,2029.1,L,,,,,,,,,,,,,,,,,,,,,,,,,,,,,,,,,,,,,,,,,,,,,,,,,,,,,,,,,,,,,,,,,,,,,,,,,,,,,,,,,,,,,,,
925,Doug Drabek,0,0,13,0,29.2,808,2535,R,,,,,,,,,,,,,,,,,,,,,,,,,,,,,,,,,,,,,,,,,,,,,,,,,,,,,,,,,,,,,,,,,,,,,,,,,,,,,,,,,,,,,,,
320,Roy Oswalt,0,0,13,0,50,796,2245.1,R,,,,,,,,,,,,,,,,,,,,,,,,,,,,,,,,,,,,,,,,,,,,,,,,,,,,,,,,,,,,,,,,,,,,,,,,,,,,,,,,,,,,,,,
876,Mike Garcia,0,0,14,0,30.3,792,2174.2,R,,,,,,,,,,,,,,,,,,,,,,,,,,,,,,,,,,,,,,,,,,,,,,,,,,,,,,,,,,,,,,,,,,,,,,,,,,,,,,,,,,,,,,,
728,Howie Pollet,0,0,14,0,34.4,790,2107.1,L,,,,,,,,,,,,,,,,,,,,,,,,,,,,,,,,,,,,,,,,,,,,,,,,,,,,,,,,,,,,,,,,,,,,,,,,,,,,,,,,,,,,,,,
953,Chris Short,0,0,15,0,28.7,786,2325,R,,,,,,,,,,,,,,,,,,,,,,,,,,,,,,,,,,,,,,,,,,,,,,,,,,,,,,,,,,,,,,,,,,,,,,,,,,,,,,,,,,,,,,,
845,Ken Raffensberger,0,0,15,0,31,779,2151.2,R,,,,,,,,,,,,,,,,,,,,,,,,,,,,,,,,,,,,,,,,,,,,,,,,,,,,,,,,,,,,,,,,,,,,,,,,,,,,,,,,,,,,,,,
207,Cole Hamels,0,0,15,0,59,778,2698,L,,,,,,,,,,,,,,,,,,,,,,,,,,,,,,,,,,,,,,,,,,,,,,,,,,,,,,,,,,,,,,,,,,,,,,,,,,,,,,,,,,,,,,,
895,Dean Chance,0,0,11,0,29.9,759,2147.1,R,,,,,,,,,,,,,,,,,,,,,,,,,,,,,,,,,,,,,,,,,,,,,,,,,,,,,,,,,,,,,,,,,,,,,,,,,,,,,,,,,,,,,,,
493,Harry Brecheen,0,0,12,0,42.3,746,1907.2,L,,,,,,,,,,,,,,,,,,,,,,,,,,,,,,,,,,,,,,,,,,,,,,,,,,,,,,,,,,,,,,,,,,,,,,,,,,,,,,,,,,,,,,,
816,Johnny Antonelli,0,0,12,0,31.9,745,1992.1,L,,,,,,,,,,,,,,,,,,,,,,,,,,,,,,,,,,,,,,,,,,,,,,,,,,,,,,,,,,,,,,,,,,,,,,,,,,,,,,,,,,,,,,,
452,Carlos Zambrano,0,0,12,0,43.9,744,1959,B,,,,,,,,,,,,,,,,,,,,,,,,,,,,,,,,,,,,,,,,,,,,,,,,,,,,,,,,,,,,,,,,,,,,,,,,,,,,,,,,,,,,,,,
663,Rick Wise,0,0,18,0,36.3,741,3127.1,R,,,,,,,,,,,,,,,,,,,,,,,,,,,,,,,,,,,,,,,,,,,,,,,,,,,,,,,,,,,,,,,,,,,,,,,,,,,,,,,,,,,,,,,
637,Madison Bumgarner,0,0,15,0,37.2,731,2209.1,R,,,,,,,,,,,,,,,,,,,,,,,,,,,,,,,,,,,,,,,,,,,,,,,,,,,,,,,,,,,,,,,,,,,,,,,,,,,,,,,,,,,,,,,
709,William Bell,0,0,14,0,34.8,731,1438.2,R,,,,,,,,,,,,,,,,,,,,,,,,,,,,,,,,,,,,,,,,,,,,,,,,,,,,,,,,,,,,,,,,,,,,,,,,,,,,,,,,,,,,,,,
854,Firpo Marberry,0,0,14,0,30.7,731,2067.1,R,,,,,,,,,,,,,,,,,,,,,,,,,,,,,,,,,,,,,,,,,,,,,,,,,,,,,,,,,,,,,,,,,,,,,,,,,,,,,,,,,,,,,,,
850,Jim Bagby,0,0,9,0,30.8,727,1821.2,B,,,,,,,,,,,,,,,,,,,,,,,,,,,,,,,,,,,,,,,,,,,,,,,,,,,,,,,,,,,,,,,,,,,,,,,,,,,,,,,,,,,,,,,
788,Mort Cooper,0,0,11,0,32.7,725,1840.2,R,,,,,,,,,,,,,,,,,,,,,,,,,,,,,,,,,,,,,,,,,,,,,,,,,,,,,,,,,,,,,,,,,,,,,,,,,,,,,,,,,,,,,,,
812,Sonny Siebert,0,0,12,0,32.1,725,2152,R,,,,,,,,,,,,,,,,,,,,,,,,,,,,,,,,,,,,,,,,,,,,,,,,,,,,,,,,,,,,,,,,,,,,,,,,,,,,,,,,,,,,,,,
903,Preacher Roe,0,0,12,0,29.7,722,1914.1,R,,,,,,,,,,,,,,,,,,,,,,,,,,,,,,,,,,,,,,,,,,,,,,,,,,,,,,,,,,,,,,,,,,,,,,,,,,,,,,,,,,,,,,,
912,Jason Schmidt,0,0,14,0,29.5,712,1996.1,R,,,,,,,,,,,,,,,,,,,,,,,,,,,,,,,,,,,,,,,,,,,,,,,,,,,,,,,,,,,,,,,,,,,,,,,,,,,,,,,,,,,,,,,
219,Tim Hudson,0,0,17,0,57.9,710,3126.2,R,,,,,,,,,,,,,,,,,,,,,,,,,,,,,,,,,,,,,,,,,,,,,,,,,,,,,,,,,,,,,,,,,,,,,,,,,,,,,,,,,,,,,,,
933,Matt Cain,0,0,13,0,29,708,2085.2,R,,,,,,,,,,,,,,,,,,,,,,,,,,,,,,,,,,,,,,,,,,,,,,,,,,,,,,,,,,,,,,,,,,,,,,,,,,,,,,,,,,,,,,,
630,Jim Maloney,0,0,12,0,37.5,696,1849,L,,,,,,,,,,,,,,,,,,,,,,,,,,,,,,,,,,,,,,,,,,,,,,,,,,,,,,,,,,,,,,,,,,,,,,,,,,,,,,,,,,,,,,,
408,Javier Vázquez,0,0,14,0,45.6,692,2840,R,,,,,,,,,,,,,,,,,,,,,,,,,,,,,,,,,,,,,,,,,,,,,,,,,,,,,,,,,,,,,,,,,,,,,,,,,,,,,,,,,,,,,,,
934,Nip Winters,0,0,8,0,29,690,1114.2,L,,,,,,,,,,,,,,,,,,,,,,,,,,,,,,,,,,,,,,,,,,,,,,,,,,,,,,,,,,,,,,,,,,,,,,,,,,,,,,,,,,,,,,,
503,John Candelaria,0,0,19,0,41.9,688,2525.2,L,,,,,,,,,,,,,,,,,,,,,,,,,,,,,,,,,,,,,,,,,,,,,,,,,,,,,,,,,,,,,,,,,,,,,,,,,,,,,,,,,,,,,,,
458,Bob Welch,0,0,17,0,43.7,668,3092,R,,,,,,,,,,,,,,,,,,,,,,,,,,,,,,,,,,,,,,,,,,,,,,,,,,,,,,,,,,,,,,,,,,,,,,,,,,,,,,,,,,,,,,,
751,Rick Sutcliffe,0,0,18,0,33.9,657,2697.2,L,,,,,,,,,,,,,,,,,,,,,,,,,,,,,,,,,,,,,,,,,,,,,,,,,,,,,,,,,,,,,,,,,,,,,,,,,,,,,,,,,,,,,,,
808,John Denny,0,0,13,0,32.2,656,2148.2,R,,,,,,,,,,,,,,,,,,,,,,,,,,,,,,,,,,,,,,,,,,,,,,,,,,,,,,,,,,,,,,,,,,,,,,,,,,,,,,,,,,,,,,,
664,Johnny Cueto,0,0,17,0,36.3,655,2256.1,R,,,,,,,,,,,,,,,,,,,,,,,,,,,,,,,,,,,,,,,,,,,,,,,,,,,,,,,,,,,,,,,,,,,,,,,,,,,,,,,,,,,,,,,
719,Bobby Shantz,0,0,16,0,34.6,646,1935.2,R,,,,,,,,,,,,,,,,,,,,,,,,,,,,,,,,,,,,,,,,,,,,,,,,,,,,,,,,,,,,,,,,,,,,,,,,,,,,,,,,,,,,,,,
866,Sal Maglie,0,0,10,0,30.5,645,1723,R,,,,,,,,,,,,,,,,,,,,,,,,,,,,,,,,,,,,,,,,,,,,,,,,,,,,,,,,,,,,,,,,,,,,,,,,,,,,,,,,,,,,,,,
789,Sid Fernandez,0,0,15,0,32.7,629,1866.2,L,,,,,,,,,,,,,,,,,,,,,,,,,,,,,,,,,,,,,,,,,,,,,,,,,,,,,,,,,,,,,,,,,,,,,,,,,,,,,,,,,,,,,,,
420,Vida Blue,0,0,17,0,45.1,618,3343.1,B,,,,,,,,,,,,,,,,,,,,,,,,,,,,,,,,,,,,,,,,,,,,,,,,,,,,,,,,,,,,,,,,,,,,,,,,,,,,,,,,,,,,,,,
880,Woody Williams,0,0,15,0,30.2,617,2216.1,R,,,,,,,,,,,,,,,,,,,,,,,,,,,,,,,,,,,,,,,,,,,,,,,,,,,,,,,,,,,,,,,,,,,,,,,,,,,,,,,,,,,,,,,
556,Al Leiter,0,0,19,0,40,613,2391,L,,,,,,,,,,,,,,,,,,,,,,,,,,,,,,,,,,,,,,,,,,,,,,,,,,,,,,,,,,,,,,,,,,,,,,,,,,,,,,,,,,,,,,,
342,Dennis Martínez,0,0,23,0,48.7,604,3999.2,R,,,,,,,,,,,,,,,,,,,,,,,,,,,,,,,,,,,,,,,,,,,,,,,,,,,,,,,,,,,,,,,,,,,,,,,,,,,,,,,,,,,,,,,
855,Jim Barr,0,0,12,0,30.7,601,2065.1,R,,,,,,,,,,,,,,,,,,,,,,,,,,,,,,,,,,,,,,,,,,,,,,,,,,,,,,,,,,,,,,,,,,,,,,,,,,,,,,,,,,,,,,,
74,Zack Greink,0,0,20,0,77.4,600,3389.1,R,,,,,,,,,,,,,,,,,,,,,,,,,,,,,,,,,,,,,,,,,,,,,,,,,,,,,,,,,,,,,,,,,,,,,,,,,,,,,,,,,,,,,,,
881,Max Lanier,0,0,14,0,30.2,599,1619.1,R,,,,,,,,,,,,,,,,,,,,,,,,,,,,,,,,,,,,,,,,,,,,,,,,,,,,,,,,,,,,,,,,,,,,,,,,,,,,,,,,,,,,,,,
580,Jake Peavy,0,0,15,0,39.2,598,2377,R,,,,,,,,,,,,,,,,,,,,,,,,,,,,,,,,,,,,,,,,,,,,,,,,,,,,,,,,,,,,,,,,,,,,,,,,,,,,,,,,,,,,,,,
127,Kevin Brown,0,0,19,0,67.8,575,3256.1,R,,,,,,,,,,,,,,,,,,,,,,,,,,,,,,,,,,,,,,,,,,,,,,,,,,,,,,,,,,,,,,,,,,,,,,,,,,,,,,,,,,,,,,,
946,A.J. Burnett,0,0,17,0,28.8,575,2731.1,R,,,,,,,,,,,,,,,,,,,,,,,,,,,,,,,,,,,,,,,,,,,,,,,,,,,,,,,,,,,,,,,,,,,,,,,,,,,,,,,,,,,,,,,
729,Russ Ford,0,0,7,0,34.4,571,1487.1,R,,,,,,,,,,,,,,,,,,,,,,,,,,,,,,,,,,,,,,,,,,,,,,,,,,,,,,,,,,,,,,,,,,,,,,,,,,,,,,,,,,,,,,,
136,Luis Tiant,0,0,19,0,66.1,570,3486.1,R,,,,,,,,,,,,,,,,,,,,,,,,,,,,,,,,,,,,,,,,,,,,,,,,,,,,,,,,,,,,,,,,,,,,,,,,,,,,,,,,,,,,,,,
899,Kevin Millwood,0,0,16,0,29.8,550,2720.1,R,,,,,,,,,,,,,,,,,,,,,,,,,,,,,,,,,,,,,,,,,,,,,,,,,,,,,,,,,,,,,,,,,,,,,,,,,,,,,,,,,,,,,,,
575,Jon Matlack,0,0,13,0,39.4,541,2363,L,,,,,,,,,,,,,,,,,,,,,,,,,,,,,,,,,,,,,,,,,,,,,,,,,,,,,,,,,,,,,,,,,,,,,,,,,,,,,,,,,,,,,,,
733,Derek Lowe,0,0,17,0,34.3,534,2671.1,R,,,,,,,,,,,,,,,,,,,,,,,,,,,,,,,,,,,,,,,,,,,,,,,,,,,,,,,,,,,,,,,,,,,,,,,,,,,,,,,,,,,,,,,
80,Max Scherzer,0,0,18,1,75.6,529,2963,R,,,,,,,,,,,,,,,,,,,,,,,,,,,,,,,,,,,,,,,,,,,,,,,,,,,,,,,,,,,,,,,,,,,,,,,,,,,,,,,,,,,,,,,
806,Stephen Strasburg,0,0,13,0,32.3,521,1470,R,,,,,,,,,,,,,,,,,,,,,,,,,,,,,,,,,,,,,,,,,,,,,,,,,,,,,,,,,,,,,,,,,,,,,,,,,,,,,,,,,,,,,,,
661,José Rijo,0,0,14,0,36.5,511,1880,R,,,,,,,,,,,,,,,,,,,,,,,,,,,,,,,,,,,,,,,,,,,,,,,,,,,,,,,,,,,,,,,,,,,,,,,,,,,,,,,,,,,,,,,
327,Jamie Moyer,0,0,25,0,49.8,502,4074,L,,,,,,,,,,,,,,,,,,,,,,,,,,,,,,,,,,,,,,,,,,,,,,,,,,,,,,,,,,,,,,,,,,,,,,,,,,,,,,,,,,,,,,,
736,Chris Carpenter,0,0,15,0,34.2,501,2219.1,R,,,,,,,,,,,,,,,,,,,,,,,,,,,,,,,,,,,,,,,,,,,,,,,,,,,,,,,,,,,,,,,,,,,,,,,,,,,,,,,,,,,,,,,
940,Ellis Kinder,0,0,12,0,28.9,499,1479.2,R,,,,,,,,,,,,,,,,,,,,,,,,,,,,,,,,,,,,,,,,,,,,,,,,,,,,,,,,,,,,,,,,,,,,,,,,,,,,,,,,,,,,,,,
700,Dan Haren,0,0,13,0,35,478,2419.2,R,,,,,,,,,,,,,,,,,,,,,,,,,,,,,,,,,,,,,,,,,,,,,,,,,,,,,,,,,,,,,,,,,,,,,,,,,,,,,,,,,,,,,,,
975,Gio Gonzalez,0,0,13,0,28.3,475,1933,R,,,,,,,,,,,,,,,,,,,,,,,,,,,,,,,,,,,,,,,,,,,,,,,,,,,,,,,,,,,,,,,,,,,,,,,,,,,,,,,,,,,,,,,
169,David Cone,0,0,17,0,62.3,470,2898.2,L,,,,,,,,,,,,,,,,,,,,,,,,,,,,,,,,,,,,,,,,,,,,,,,,,,,,,,,,,,,,,,,,,,,,,,,,,,,,,,,,,,,,,,,
842,Brandon Webb,0,0,7,0,31.1,457,1319.2,R,,,,,,,,,,,,,,,,,,,,,,,,,,,,,,,,,,,,,,,,,,,,,,,,,,,,,,,,,,,,,,,,,,,,,,,,,,,,,,,,,,,,,,,
737,John Tudor,0,0,12,0,34.2,443,1797,L,,,,,,,,,,,,,,,,,,,,,,,,,,,,,,,,,,,,,,,,,,,,,,,,,,,,,,,,,,,,,,,,,,,,,,,,,,,,,,,,,,,,,,,
360,Jacob deGrom,0,0,12,1,47.9,423,1539.2,L,,,,,,,,,,,,,,,,,,,,,,,,,,,,,,,,,,,,,,,,,,,,,,,,,,,,,,,,,,,,,,,,,,,,,,,,,,,,,,,,,,,,,,,
464,Jon Lester,0,0,16,0,43.4,423,2740,L,,,,,,,,,,,,,,,,,,,,,,,,,,,,,,,,,,,,,,,,,,,,,,,,,,,,,,,,,,,,,,,,,,,,,,,,,,,,,,,,,,,,,,,
817,Barry Zito,0,0,15,0,31.9,418,2576.2,L,,,,,,,,,,,,,,,,,,,,,,,,,,,,,,,,,,,,,,,,,,,,,,,,,,,,,,,,,,,,,,,,,,,,,,,,,,,,,,,,,,,,,,,
979,Lindy McDaniel,0,0,21,0,28.2,412,2139.1,R,,,,,,,,,,,,,,,,,,,,,,,,,,,,,,,,,,,,,,,,,,,,,,,,,,,,,,,,,,,,,,,,,,,,,,,,,,,,,,,,,,,,,,,
983,Aníbal Sánchez,0,0,16,0,28.1,400,2017.2,R,,,,,,,,,,,,,,,,,,,,,,,,,,,,,,,,,,,,,,,,,,,,,,,,,,,,,,,,,,,,,,,,,,,,,,,,,,,,,,,,,,,,,,,
321,Wilbur Wood,0,0,17,0,50,381,2684,R,,,,,,,,,,,,,,,,,,,,,,,,,,,,,,,,,,,,,,,,,,,,,,,,,,,,,,,,,,,,,,,,,,,,,,,,,,,,,,,,,,,,,,,
525,Tom Candiotti,0,0,16,0,41.1,360,2725,R,,,,,,,,,,,,,,,,,,,,,,,,,,,,,,,,,,,,,,,,,,,,,,,,,,,,,,,,,,,,,,,,,,,,,,,,,,,,,,,,,,,,,,,
678,Josh Beckett,0,0,14,0,35.7,335,2051,R,,,,,,,,,,,,,,,,,,,,,,,,,,,,,,,,,,,,,,,,,,,,,,,,,,,,,,,,,,,,,,,,,,,,,,,,,,,,,,,,,,,,,,,
562,Danny Darwin,0,0,21,0,39.8,334,3016.2,R,,,,,,,,,,,,,,,,,,,,,,,,,,,,,,,,,,,,,,,,,,,,,,,,,,,,,,,,,,,,,,,,,,,,,,,,,,,,,,,,,,,,,,,
888,Lance Lynn,0,0,13,0,30,333,2006.1,B,,,,,,,,,,,,,,,,,,,,,,,,,,,,,,,,,,,,,,,,,,,,,,,,,,,,,,,,,,,,,,,,,,,,,,,,,,,,,,,,,,,,,,,
744,Bruce Hurst,0,0,15,0,34.1,331,2417.1,L,,,,,,,,,,,,,,,,,,,,,,,,,,,,,,,,,,,,,,,,,,,,,,,,,,,,,,,,,,,,,,,,,,,,,,,,,,,,,,,,,,,,,,,
393,Bartolo Colón,0,0,21,0,46.3,326,3461.2,R,,,,,,,,,,,,,,,,,,,,,,,,,,,,,,,,,,,,,,,,,,,,,,,,,,,,,,,,,,,,,,,,,,,,,,,,,,,,,,,,,,,,,,,
548,Zack Wheeler,0,0,11,1,40.2,323,1728.1,L,,,,,,,,,,,,,,,,,,,,,,,,,,,,,,,,,,,,,,,,,,,,,,,,,,,,,,,,,,,,,,,,,,,,,,,,,,,,,,,,,,,,,,,
467,Cliff Lee,0,0,13,0,43.2,321,2156.2,L,,,,,,,,,,,,,,,,,,,,,,,,,,,,,,,,,,,,,,,,,,,,,,,,,,,,,,,,,,,,,,,,,,,,,,,,,,,,,,,,,,,,,,,
706,Aaron Nola,0,0,11,1,34.9,318,1715.2,R,,,,,,,,,,,,,,,,,,,,,,,,,,,,,,,,,,,,,,,,,,,,,,,,,,,,,,,,,,,,,,,,,,,,,,,,,,,,,,,,,,,,,,,
763,Charlie Leibrandt,0,0,14,0,33.4,315,2308,R,,,,,,,,,,,,,,,,,,,,,,,,,,,,,,,,,,,,,,,,,,,,,,,,,,,,,,,,,,,,,,,,,,,,,,,,,,,,,,,,,,,,,,,
926,Kevin Tapani,0,0,13,0,29.2,311,2265,R,,,,,,,,,,,,,,,,,,,,,,,,,,,,,,,,,,,,,,,,,,,,,,,,,,,,,,,,,,,,,,,,,,,,,,,,,,,,,,,,,,,,,,,
701,Doyle Alexander,0,0,19,0,35,300,3367.2,R,,,,,,,,,,,,,,,,,,,,,,,,,,,,,,,,,,,,,,,,,,,,,,,,,,,,,,,,,,,,,,,,,,,,,,,,,,,,,,,,,,,,,,,
468,Gerrit Cole,0,0,12,1,43.2,286,1954,R,,,,,,,,,,,,,,,,,,,,,,,,,,,,,,,,,,,,,,,,,,,,,,,,,,,,,,,,,,,,,,,,,,,,,,,,,,,,,,,,,,,,,,,
867,Greg Swindell,0,0,17,0,30.5,286,2233.1,R,,,,,,,,,,,,,,,,,,,,,,,,,,,,,,,,,,,,,,,,,,,,,,,,,,,,,,,,,,,,,,,,,,,,,,,,,,,,,,,,,,,,,,,
295,Johan Santana,0,0,12,0,51.7,279,2025.2,L,,,,,,,,,,,,,,,,,,,,,,,,,,,,,,,,,,,,,,,,,,,,,,,,,,,,,,,,,,,,,,,,,,,,,,,,,,,,,,,,,,,,,,,
638,John Lackey,0,0,15,0,37.2,265,2840.1,R,,,,,,,,,,,,,,,,,,,,,,,,,,,,,,,,,,,,,,,,,,,,,,,,,,,,,,,,,,,,,,,,,,,,,,,,,,,,,,,,,,,,,,,
607,Charlie Hough,0,0,25,0,38.4,250,3801.1,R,,,,,,,,,,,,,,,,,,,,,,,,,,,,,,,,,,,,,,,,,,,,,,,,,,,,,,,,,,,,,,,,,,,,,,,,,,,,,,,,,,,,,,,
194,Andy Pettitte,0,0,18,0,60.2,237,3316,L,,,,,,,,,,,,,,,,,,,,,,,,,,,,,,,,,,,,,,,,,,,,,,,,,,,,,,,,,,,,,,,,,,,,,,,,,,,,,,,,,,,,,,,
8,Roger Clemen,0,0,24,0,139.2,213,4916.2,R,,,,,,,,,,,,,,,,,,,,,,,,,,,,,,,,,,,,,,,,,,,,,,,,,,,,,,,,,,,,,,,,,,,,,,,,,,,,,,,,,,,,,,,
379,Frank Viola,0,0,15,0,47,210,2836.1,L,,,,,,,,,,,,,,,,,,,,,,,,,,,,,,,,,,,,,,,,,,,,,,,,,,,,,,,,,,,,,,,,,,,,,,,,,,,,,,,,,,,,,,,
275,David Wells,0,0,21,0,53.4,200,3439,L,,,,,,,,,,,,,,,,,,,,,,,,,,,,,,,,,,,,,,,,,,,,,,,,,,,,,,,,,,,,,,,,,,,,,,,,,,,,,,,,,,,,,,,
825,Jose Quintana,0,0,14,1,31.7,184,2101.1,R,,,,,,,,,,,,,,,,,,,,,,,,,,,,,,,,,,,,,,,,,,,,,,,,,,,,,,,,,,,,,,,,,,,,,,,,,,,,,,,,,,,,,,,
772,Yu Darvish,0,0,13,1,33.2,165,1778,R,,,,,,,,,,,,,,,,,,,,,,,,,,,,,,,,,,,,,,,,,,,,,,,,,,,,,,,,,,,,,,,,,,,,,,,,,,,,,,,,,,,,,,,
856,James Shields,0,0,13,0,30.7,154,2616,R,,,,,,,,,,,,,,,,,,,,,,,,,,,,,,,,,,,,,,,,,,,,,,,,,,,,,,,,,,,,,,,,,,,,,,,,,,,,,,,,,,,,,,,
966,Max Fried,0,0,9,1,28.4,149,1079.2,L,,,,,,,,,,,,,,,,,,,,,,,,,,,,,,,,,,,,,,,,,,,,,,,,,,,,,,,,,,,,,,,,,,,,,,,,,,,,,,,,,,,,,,,
961,Alex Fernandez,0,0,10,0,28.5,146,1760.1,R,,,,,,,,,,,,,,,,,,,,,,,,,,,,,,,,,,,,,,,,,,,,,,,,,,,,,,,,,,,,,,,,,,,,,,,,,,,,,,,,,,,,,,,
208,Mark Buehrle,0,0,16,0,59,140,3283.1,L,,,,,,,,,,,,,,,,,,,,,,,,,,,,,,,,,,,,,,,,,,,,,,,,,,,,,,,,,,,,,,,,,,,,,,,,,,,,,,,,,,,,,,,
730,Tim Wakefield,0,0,19,0,34.4,130,3226.1,R,,,,,,,,,,,,,,,,,,,,,,,,,,,,,,,,,,,,,,,,,,,,,,,,,,,,,,,,,,,,,,,,,,,,,,,,,,,,,,,,,,,,,,,
170,CC Sabathia,0,0,19,0,62.3,127,3577.1,L,2025,19,2001,2019,6,0.5,48,127,121,7,25,3,0,3,15,0,0,2,36,0,7,0,4,0.207,0.22,0.306,0.525,1,1,1,0,0,2025,19,2001,2019,6,61.76,251,161,0.609,3.74,561,560,0,38,12,0,3577.1,3404,1623,1485,382,1099,44,3093,123,17,74,14989,0,1,1,0,0,2025,1980-Living,BBWAA,1,0,0,0,0,0,0,0,0,0,0,0,0,0,0,0,Player,342,86.80%
758,Sonny Gray,0,0,13,1,33.6,118,1918,R,,,,,,,,,,,,,,,,,,,,,,,,,,,,,,,,,,,,,,,,,,,,,,,,,,,,,,,,,,,,,,,,,,,,,,,,,,,,,,,,,,,,,,,
868,John Hiller,0,0,15,0,30.5,108,1242,R,,,,,,,,,,,,,,,,,,,,,,,,,,,,,,,,,,,,,,,,,,,,,,,,,,,,,,,,,,,,,,,,,,,,,,,,,,,,,,,,,,,,,,,
319,Mark Langston,0,0,16,0,50.1,100,2962.2,R,,,,,,,,,,,,,,,,,,,,,,,,,,,,,,,,,,,,,,,,,,,,,,,,,,,,,,,,,,,,,,,,,,,,,,,,,,,,,,,,,,,,,,,
738,Freddy García,0,0,15,0,34.2,99,2264,R,,,,,,,,,,,,,,,,,,,,,,,,,,,,,,,,,,,,,,,,,,,,,,,,,,,,,,,,,,,,,,,,,,,,,,,,,,,,,,,,,,,,,,,
791,Pat Hentgen,0,0,14,0,32.6,97,2075.1,R,,,,,,,,,,,,,,,,,,,,,,,,,,,,,,,,,,,,,,,,,,,,,,,,,,,,,,,,,,,,,,,,,,,,,,,,,,,,,,,,,,,,,,,
259,Kevin Appier,0,0,16,0,54.5,90,2595.1,R,,,,,,,,,,,,,,,,,,,,,,,,,,,,,,,,,,,,,,,,,,,,,,,,,,,,,,,,,,,,,,,,,,,,,,,,,,,,,,,,,,,,,,,
312,Kenny Rogers,0,0,20,0,50.5,75,3302.2,L,,,,,,,,,,,,,,,,,,,,,,,,,,,,,,,,,,,,,,,,,,,,,,,,,,,,,,,,,,,,,,,,,,,,,,,,,,,,,,,,,,,,,,,
549,David Price,0,0,14,0,40.2,71,2143.2,L,,,,,,,,,,,,,,,,,,,,,,,,,,,,,,,,,,,,,,,,,,,,,,,,,,,,,,,,,,,,,,,,,,,,,,,,,,,,,,,,,,,,,,,
229,Frank Tanana,0,0,21,0,57.1,64,4188.1,L,,,,,,,,,,,,,,,,,,,,,,,,,,,,,,,,,,,,,,,,,,,,,,,,,,,,,,,,,,,,,,,,,,,,,,,,,,,,,,,,,,,,,,,
61,Justin Verlander,0,0,20,1,81.7,60,3567.2,R,,,,,,,,,,,,,,,,,,,,,,,,,,,,,,,,,,,,,,,,,,,,,,,,,,,,,,,,,,,,,,,,,,,,,,,,,,,,,,,,,,,,,,,
220,Chuck Finley,0,0,17,0,57.9,59,3197.1,L,,,,,,,,,,,,,,,,,,,,,,,,,,,,,,,,,,,,,,,,,,,,,,,,,,,,,,,,,,,,,,,,,,,,,,,,,,,,,,,,,,,,,,,
328,Félix Hernández,0,0,15,0,49.8,59,2729.2,R,,,,,,,,,,,,,,,,,,,,,,,,,,,,,,,,,,,,,,,,,,,,,,,,,,,,,,,,,,,,,,,,,,,,,,,,,,,,,,,,,,,,,,,
720,Jered Weaver,0,0,12,0,34.6,57,2067.1,R,,,,,,,,,,,,,,,,,,,,,,,,,,,,,,,,,,,,,,,,,,,,,,,,,,,,,,,,,,,,,,,,,,,,,,,,,,,,,,,,,,,,,,,
980,Jarrod Washburn,0,0,12,0,28.2,53,1863.2,L,,,,,,,,,,,,,,,,,,,,,,,,,,,,,,,,,,,,,,,,,,,,,,,,,,,,,,,,,,,,,,,,,,,,,,,,,,,,,,,,,,,,,,,
416,Brad Radke,0,0,12,0,45.3,34,2451,R,,,,,,,,,,,,,,,,,,,,,,,,,,,,,,,,,,,,,,,,,,,,,,,,,,,,,,,,,,,,,,,,,,,,,,,,,,,,,,,,,,,,,,,
748,Corey Kluber,0,0,13,0,34,32,1641.2,R,,,,,,,,,,,,,,,,,,,,,,,,,,,,,,,,,,,,,,,,,,,,,,,,,,,,,,,,,,,,,,,,,,,,,,,,,,,,,,,,,,,,,,,
227,Chris Sale,0,0,15,1,57.3,27,2084,L,,,,,,,,,,,,,,,,,,,,,,,,,,,,,,,,,,,,,,,,,,,,,,,,,,,,,,,,,,,,,,,,,,,,,,,,,,,,,,,,,,,,,,,
340,Jimmy Keppinger,0,0,15,0,48.9,3,2591.2,R,,,,,,,,,,,,,,,,,,,,,,,,,,,,,,,,,,,,,,,,,,,,,,,,,,,,,,,,,,,,,,,,,,,,,,,,,,,,,,,,,,,,,,,
235,Dave Steeves,0,0,16,0,56.4,2,2895.1,R,,,,,,,,,,,,,,,,,,,,,,,,,,,,,,,,,,,,,,,,,,,,,,,,,,,,,,,,,,,,,,,,,,,,,,,,,,,,,,,,,,,,,,,
702,Tom Gordon,0,0,21,0,35,2,2108,R,,,,,,,,,,,,,,,,,,,,,,,,,,,,,,,,,,,,,,,,,,,,,,,,,,,,,,,,,,,,,,,,,,,,,,,,,,,,,,,,,,,,,,,
996,Mike Moore,0,0,14,0,27.9,1,2831.2,R,,,,,,,,,,,,,,,,,,,,,,,,,,,,,,,,,,,,,,,,,,,,,,,,,,,,,,,,,,,,,,,,,,,,,,,,,,,,,,,,,,,,,,,
363,Ron Guidry,0,0,14,0,47.8,0,2392,L,,,,,,,,,,,,,,,,,,,,,,,,,,,,,,,,,,,,,,,,,,,,,,,,,,,,,,,,,,,,,,,,,,,,,,,,,,,,,,,,,,,,,,,
633,Mark Gubicza,0,0,14,0,37.4,0,2223.1,R,,,,,,,,,,,,,,,,,,,,,,,,,,,,,,,,,,,,,,,,,,,,,,,,,,,,,,,,,,,,,,,,,,,,,,,,,,,,,,,,,,,,,,,
837,Mike Boddicker,0,0,14,0,31.3,0,2123.2,R,,,,,,,,,,,,,,,,,,,,,,,,,,,,,,,,,,,,,,,,,,,,,,,,,,,,,,,,,,,,,,,,,,,,,,,,,,,,,,,,,,,,,,,
877,Teddy Higuera,0,0,9,0,30.3,0,1380,B,,,,,,,,,,,,,,,,,,,,,,,,,,,,,,,,,,,,,,,,,,,,,,,,,,,,,,,,,,,,,,,,,,,,,,,,,,,,,,,,,,,,,,,
998,Jack McDowell,0,0,12,0,27.8,0,1889,R,,,,,,,,,,,,,,,,,,,,,,,,,,,,,,,,,,,,,,,,,,,,,,,,,,,,,,,,,,,,,,,,,,,,,,,,,,,,,,,,,,,,,,,
